Log: Log file open, 31/03/2026 18:52:36
Log: GPsyonixBuildID 260316.80791.512269
Log: Command line: -AUTH_LOGIN=unused -AUTH_PASSWORD=dc598a26c04c427fbdcf53214044cfa9 -AUTH_TYPE=exchangecode -epicapp=Sugar -epicenv=Prod -EpicPortal -epicusername=""  ‹ ^ Ç"  ‹ ^" -epicuserid=8818b4dba79a43d18b986f46e4d00392 -epiclocale=en -epicsandboxid=9773aa1aa54f4f7b80e44bef04986cea
Init: WinSock: version 1.1 (2.2), MaxSocks=32767, MaxUdp=65467
Log:  ... running in INSTALLED mode
Init: Language extension: INT
Init: Language extension: INT
DevConfig: GConfig::LoadFile associated file:  ..\..\TAGame\Config\TAUI.ini
Init: Version: 260316.80791.512269
Init: Compiled (64-bit): Mar 16 2026 23:04:23
Init: Command line: -AUTH_LOGIN=unused -AUTH_PASSWORD=dc598a26c04c427fbdcf53214044cfa9 -AUTH_TYPE=exchangecode -epicapp=Sugar -epicenv=Prod -EpicPortal -epicusername=""  ‹ ^ Ç"  ‹ ^" -epicuserid=8818b4dba79a43d18b986f46e4d00392 -epiclocale=en -epicsandboxid=9773aa1aa54f4f7b80e44bef04986cea
Init: Base directory: C:\Program Files\Epic Games\rocketleague\Binaries\Win64\
[0001.01] Log: Purging 30-day cache '..\..\TAGame\Cache\WebCache\*.*'...
[0001.02] Log: Purging 3-day cache 'C:\Program Files\Epic Games\rocketleague\Binaries\Win64\..\..\TAGame\Logs\*.log'...
[0001.03] Init: Computer: lewis
[0001.03] Init: User: User
[0001.03] Init: CPU Page size=4096, Processors=12
[0001.03] Init: High frequency timer resolution =10.000000 MHz
[0001.03] Init: Memory total: Physical=15.8GB (16GB approx) Pagefile=27.8GB Virtual=131072.0GB
[0001.03] Init: Presizing for 159000 objects not considered by GC, pre-allocating 0 bytes.
[0001.04] Init: Object subsystem initialized
[0002.17] Log: Using feature set PrimeUpdate58
[0002.27] Log: FOnlineSubsystemEOS: EOS version = 1.18.0.0-45084530
[0002.28] DevOnline: EOS Platform CacheDirectory=C:\Users\User\AppData\Local\Rocket League\
[0002.65] DevOnline: EOSSDK-LogEOSUI: Hot key event ignored because there are no known users.
[0002.68] Log: FEOSManager::UpdateNetworkStatus OnlineSubsystem is null.
[0002.90] Log: Found D3D11 adapter 0: NVIDIA GeForce RTX 3050
[0002.90] Log: Adapter has 8041MB of dedicated video memory, 0MB of dedicated system memory, and 8087MB of shared system memory
[0002.93] Log: Found D3D11 adapter 1: Microsoft Basic Render Driver
[0002.93] Log: Adapter has 0MB of dedicated video memory, 0MB of dedicated system memory, and 8087MB of shared system memory
[0002.94] Log: Shader platform (RHI): PC-D3D-SM5
[0003.06] Breadcrumbs: Startup_PreInit: 3.056
[0003.10] Breadcrumbs: Startup_LoadGlobalShaders: 0.040
[0009.19] Log: ProductDatabase_TA::InitProductLabels  0.01 sec total.
[0009.26] Log: ProductDatabase_TA::UpdateAvailableProducts  0.08 sec total.
[0009.29] Breadcrumbs: Startup_LoadScriptPackages: 6.191
[0009.89] Breadcrumbs: Startup_LoadNonNativePackages: 0.603
[0009.90] Log: 158611 objects as part of root set at end of initial load.
[0009.90] Log: 0 out of 0 bytes used by permanent object pool.
[0009.90] Log: ShaderCache load stats: AccumLoadSeconds=(3.709) ShadersLoaded=(466466) Duplicates=(35155)
[0009.90] Log: Initializing Engine...
[0009.90] Log: BuildID: 1210528741 from GPsyonixBuildID
[0010.03] SystemSettings: Loading PC Settings
[0010.04] Breadcrumbs: Startup_BuildGuidCache: 0.153
[0010.08] Log: Running hardware survey...
[0010.08] Log: Wwise(R) SDK Version 2023.1.11 Build 8682. Copyright (c) 2006-2012 Audiokinetic Inc. / All Rights Reserved.
[0010.15] Log: OS: Microsoft Windows 11 Home  (26200)
[0010.15] Breadcrumbs: Startup_ClientInit: 0.109
[0011.10] Log: WinSAT: 8.8 [9.2 CPU, 9.0 2D, 9.9 3D, 9.2 Mem, 8.8 Disk]
[0011.10] Log: Processor: AMD Ryzen 5 5500                                (AMD64 Family 25 Model 80 Stepping 0) 6 Cores, 12 Threads
[0011.10] Log: Memory: 8.00GB
[0011.10] Log: Memory: 8.00GB
[0011.10] Log: VideoController: NVIDIA GeForce RTX 3050 (32.0.15.9174)
[0011.10] Log: Network Adapter: Intel(R) Wi-Fi 6E AX210 160MHz
[0011.10] Log: Disk C: 233.98GB free of 929.95GB
[0011.10] Log: Sound Device: NVIDIA High Definition Audio
[0011.10] Log: Sound Device: AMD High Definition Audio Device
[0011.10] Log: Sound Device: USB Audio Device
[0011.10] Log: Sound Device: NVIDIA Virtual Audio Device (Wave Extensible) (WDM)
[0011.10] Log: Sound Device: USB Audio Device
[0011.10] Log: Sound Device: High Definition Audio Device
[0011.10] Log: Hardware survey complete in 0.63 seconds.
[0011.10] Log: Detected 1 GPUs for rendering
[0011.63] Breadcrumbs: Startup_CreateViewport: 1.476
[0011.63] DevOnline: Created named interface (RecentPlayersList) of type (Engine.OnlineRecentPlayersList)
[0011.63] EOSGameClips: EOSGameClips: Activate called successfully.
[0011.63] EOSGameClips: EOSGameClips: Audio initialized successfully.
[0011.63] EOSGameClips: EOSGameClips: Subscribed to game clips status events successfully.
[0011.63] EOSGameClips: EOSGameClips: Subscribed to user status events successfully.
[0011.63] EOSGameClips: EOSGameClips: Successfully initialized!
[0011.63] ScriptLog: PsyNet using environment DBE_Production Prod
[0011.64] ScriptLog: [SonyPricingInfoConfig_TA] Pricing info  RL_PS_50_1000_Credits  has no data
[0011.64] ScriptLog: [SonyPricingInfoConfig_TA] Pricing info  RL_PS_1050_2000_Credits  has no data
[0011.64] ScriptLog: [SonyPricingInfoConfig_TA] Pricing info  RL_PS_2050_3000_Credits  has no data
[0011.64] ScriptLog: [SonyPricingInfoConfig_TA] Pricing info  RL_PS_3050_4000_Credits  has no data
[0011.64] ScriptLog: [SonyPricingInfoConfig_TA] Pricing info  RL_PS_4050_5000_Credits  has no data
[0011.64] PsyNet: PsyNetConnection_X_0 disabled OSCS_ServiceUnavailable
[0011.64] PsyNetStaticData: HandleCacheExpired
[0011.64] PsyNetStaticData: HandleGetURL URL=(https://config.psynet.gg/v2/Config/BattleCars/1210528741/Prod/Epic/INT/)
[0011.64] PsyNetStaticData: Blocking sync start
[0011.65] DevOnline: WebRequest_X_0 SEND: https://config.psynet.gg/v2/Config/BattleCars/1210528741/Prod/Epic/INT/
[0011.81] DevOnline: WebRequest_X_0 RECV: 304 
[0011.81] PsyNetStaticData: Blocking sync complete. Elapsed=0.1701
[0011.81] PsyNetStaticData: HandleDataChanged
[0011.91] Log: ProductDatabase_TA::UpdateAvailableProducts  0.08 sec total.
[0013.15] Log: ProductDatabase_TA::InitProductLabels  0.01 sec total.
[0013.15] PsyNet: PsyNetConnection_X_0 enabled
[0013.17] PsyNetStaticData: UpdateCacheTimerEnabled CacheTimer.bEnabled=(True)
[0013.18] EOSGameClips: Construct Constructed EOSGameClipsManager_TA. Self=(EOSGameClipsManager_TA_0)
[0013.18] AuthPsyNetVerbose: New auth error. Error 'OSCS_NotConnected'
[0013.18] AuthPsyNetVerbose: OnlinePlayerAuthentication_TA_0 None Unknown|0|0 Logout
[0013.18] PsyNet: PsyNetConnection_X_1 disabled OSCS_NotConnected
[0013.18] AuthPsyNetVerbose: PsyNet connection status changed. Error 'OSCS_NotConnected'
[0013.18] AuthPsyNetVerbose: New auth error. Error 'OSCS_NotConnected'
[0013.18] AuthPsyNetVerbose: OnlinePlayerAuthentication_TA_0 LoggedOut Unknown|0|0 Logout
[0013.18] AuthPlatformCritical: Initiating auth. Player num '0', Name '', Password length '0'
[0013.18] ScriptLog: HandleBlockListStatusCreated Status=(PlatformBlockListStatus_0) ControllerId=(0)
[0013.18] AuthEpicCritical: Sending Eos login request with Credentials '{Version '4', Id Length '0', Token Length '32', Type 'EOS_LCT_ExchangeCode', SystemAuthCredentialsOptions null? 'Null', ExternalType 'EOS_ECT_EPIC'}'
[0013.18] SaveGame: Load Player.ControllerId=(0) SaveFileName=(..\..\TAGame\SaveDataEpic\DBE_Production\8818b4dba79a43d18b986f46e4d00392.save)
[0013.19] Breadcrumbs: Startup_InitOnlineSubsystem: 1.562
[0013.19] DevNet: Browse: MENU_Main_p
[0013.19] Log: LoadMap: MENU_Main_p
[0013.20] Exit: XAudio2 Device shut down.
[0013.22] Log: Fully load package: ..\..\TAGame\CookedPCConsole\GameInfo_GFxMenu_SF.upk
[0013.25] Log: Fully load package: ..\..\TAGame\CookedPCConsole\GFxSounds_MainMenu_SF.upk
[0013.26] Log: Fully load package: ..\..\TAGame\CookedPCConsole\GFX_StartMenu_SF.upk
[0013.30] Log: Fully load package: ..\..\TAGame\CookedPCConsole\GFX_MainMenu_SF.upk
[0013.34] Log: Game class is 'GameInfo_GFxMenu_TA'
[0013.38] Log: Bringing World menu_main_p.TheWorld up for play (0) at 2026.03.31-18.52.49
[0013.38] Log: Flushing async loaders.
[0013.53] Log: Flushed async loaders.
[0013.55] Log: Bringing up level for play took: 0.197281
[0013.55] PartyChallenge: UpdateChallengeProgressForCompetitive bChallengesComplete=(True) ChallengeState=(Challenge_Sync) bChallengeSync=(False) bChallengesAreValid=(False) bLegacyPlayer=(False) bGuestAccount=(False) Online_X.UniqueNetIDToString(Manager.Outer.PlayerID)=(Unknown|0|0) Syncing
[0013.55] PartyChallenge: InitializeCompetitiveChallenges bGuestAccount=(False) bCompletedChallengesForCompetitive=(True) bLegacyPlayer=(False) Online_X.UniqueNetIDToString(OnlinePlayer.PlayerID)=(Unknown|0|0)
[0013.87] RootMenu: [GFx] UIShellInstance - setting the shell instance
[0013.88] Log: ########### Finished loading level: 0.685472 seconds
[0013.89] Breadcrumbs: Startup_Browse: 0.702
[0013.89] Log: Initializing Engine Completed
[0013.90] Breadcrumbs: Startup_Total: 13.895
[0013.92] MTXGarage: GFxData_MTXGarage::HandleSonyPricingInfoConfigChanged PricingArray Num :  0
[0013.92] DevOnline: WebRequest_X_1 SEND: https://rl-cdn.psyonix.com/SpecialEvent/Images/BuiltDifferent/RL_U58_LTE_BuiltDifferent_EventLogo_9a8fj.png
[0013.92] DevOnline: WebRequest_X_2 SEND: https://rl-cdn.psyonix.com/SpecialEvent/Images/BuiltDifferent/RL_U58_LTE_BuiltDifferent_Event_sadio.jpg
[0013.92] DevOnline: WebRequest_X_3 SEND: https://rl-cdn.psyonix.com/SpecialEvent/Images/KnowBall/RL_U58.00_YouKnowBall_EventInGame_EventScreenLogo_asd89.png
[0013.94] DevOnline: WebRequest_X_4 SEND: https://rl-cdn.psyonix.com/SpecialEvent/Images/KnowBall/RL_U58.00_YouKnowBall_EventInGame_EventScreen_oiwefu.jpg
[0013.94] DevOnline: WebRequest_X_5 SEND: https://rl-cdn.psyonix.com/SpecialEvent/Images/Jordan/RL_JordanLTE_Logo_7fwh.png
[0013.95] DevOnline: WebRequest_X_6 SEND: https://rl-cdn.psyonix.com/SpecialEvent/Images/Jordan/RL_JordanLTE_EventScreen_ifwj.jpg
[0013.95] DevOnline: WebRequest_X_7 SEND: https://rl-cdn.psyonix.com/LogoImages/S22/rl_season-logo_22_EN.png
[0013.96] SaveGame: HandleDataLoaded Result.Code=(BasicLoadResult_Success)
[0013.97] ScriptLog: NetworkSave_TA_0 ApplySettings ReplicationRate=60 NetSpeed=15000 InputRate=60
[0014.14] SaveData: Profile_TA_0 OnLoaded LocalID=(0)
[0014.14] ScriptLog: GetDLCProducts, UnlockedDLCList=
[0014.19] ScriptLog: GetDLCProducts, UnlockedDLCList=
[0014.19] SaveGame: LocalPlayer_TA_0 HandleSaveDataLoaded 
[0014.21] FTECritical: [GFx] Changed active tutorial from 'null' to 'NONE'. Tutorial active? 'false', New checkpoint active? 'false'
[0014.21] FTEVerbose: Checkpoint 'None' attempted completion while the FTE isn't active!
[0014.22] Log: Flushing async loaders.
[0014.32] Log: Flushed async loaders.
[0014.36] Log: Found controller by Product Guid
[0014.37] XPGatedPlaylists: Not currently in a party.
[0014.37] DevOnline: EOSSDK-LogEOSGameClips: Recording supported and available.
[0014.37] EOSGameClips: EOSGameClips: Availability changed from Pending to Available.
[0014.37] Log: RPC Error (failure): Service=Filters/FilterContent, Type=OSCS_NotConnected, Code=-1, Message=
[0014.37] MusicPlayer: SetPlaylistSelectedByName PlaylistName=(MonsterCatRadSum) bSelected=(True)
[0014.43] MusicPlayer: PlayMusicTrack CurrentTrackPlayingID=(0) Track.Cue=(FOOL_Drifeater_RLedit)
[0014.43] MusicPlayer: PlayMusicTrack CurrentTrackPlayingID=(5)
[0014.45] MusicPlayer: HandleTrackStart CurrentTrackPlayingID=(5) PlayingID=(5)
[0014.45] MusicPlayer: HandleTrackStart CurrentTrackPlayingID=(5) PlayingID=(5)
[0014.92] DevOnline: WebRequest_X_1 RECV: 304 
[0014.92] DevOnline: WebRequest_X_2 RECV: 304 
[0014.92] DevOnline: WebRequest_X_3 RECV: 304 
[0014.92] DevOnline: WebRequest_X_4 RECV: 304 
[0014.92] DevOnline: WebRequest_X_5 RECV: 304 
[0014.92] DevOnline: WebRequest_X_6 RECV: 304 
[0014.92] DevOnline: WebRequest_X_7 RECV: 304 
[0015.85] AuthEpicCritical: Eos login result 'EOS_Success' for player '0'
[0015.97] Log: Flushing async loaders.
[0016.02] Log: Flushed async loaders.
[0016.16] AuthEpicCritical: Connect login result 'EOS_Success' for player '8818b4dba79a43d18b986f46e4d00392', local num '0'
[0016.16] AuthPlatformCritical: Login status changed for player '0' to 'LS_LoggedIn'
[0016.16] AuthPlatformVerbose: Login attempt concluded
[0016.16] FTEVerbose: [GFx] EULA sync started, waiting for response.
[0016.16] DevOnline: WebRequest_X_8 SEND: https://api.epicgames.dev/epic/id/v2/clientEula
[0016.16] AuthEpicVerbose: Requesting cabined status for player '0'
[0016.16] DevOnline: WebRequest_X_9 SEND: https://api.epicgames.dev/epic/id/v1/accounts?accountId=8818b4dba79a43d18b986f46e4d00392
[0016.16] PsyNet: PsyNetConnection_X_1 enabled
[0016.16] AuthPsyNetVerbose: PsyNet connection status changed. Error 'None'
[0016.16] AuthPsyNetVerbose: Transitioning to state 'RequestAuthCode'
[0016.16] AuthPsyNetCritical: Requesting auth ticket from platform for 'Epic|8818b4dba79a43d18b986f46e4d00392|0'
[0016.16] AuthPsyNetCritical: Platform auth ticket completed with success 'True'
[0016.16] AuthPsyNetVerbose: Transitioning to state 'SendLoginRequest'
[0016.16] AuthPsyNetCritical: Sending login RPC for player '8818b4dba79a43d18b986f46e4d00392' Auth ticket required? 'True'
[0016.16] AuthPsyNetCritical: Primary player ID? 'Epic|8818b4dba79a43d18b986f46e4d00392|0' Logging In PlayerID '8818b4dba79a43d18b986f46e4d00392'
[0016.16] Party: HandleLocalPlayerLoginStatusChanged PlayerName="  ‹ ^ Ç"  ‹ ^ PlayerID=Epic|8818b4dba79a43d18b986f46e4d00392|0 LoginStatus=LS_LoggedIn IsPrimary=True IsInParty=False
[0016.16] PsyNet: HTTP send ID=PsyNetMessage_X_0 Message=PsyNetMessage_X_0
[0016.16] DevOnline: WebRequest_X_10 SEND: https://api.rlpp.psynet.gg/rpc/Auth/AuthPlayer/v2
[0016.26] XPGatedPlaylists: Not currently in a party.
[0016.52] DevOnline: WebRequest_X_8 RECV: 200 
[0016.52] DevOnline: WebRequest_X_11 SEND: https://eulatracking-public-service-prod06.ol.epicgames.com/eulatracking/api/eos/v1/agreements/epicgames_tos/identities/8818b4dba79a43d18b986f46e4d00392?locale=en
[0016.52] DevOnline: WebRequest_X_9 RECV: 200 
[0016.52] AuthEpicVerbose: Cabined request completed for user '0' with result 'False', Error 'None'
[0016.52] ScriptLog: ChatFilterManager HandleSaveLoaded: [Error: Type:None] 
[0016.52] ScriptLog: ChatFilterManager: Updating Permissions for player LocalPlayer_TA_0
[0016.52] ScriptLog: ChatFilterManager: Updating MostRestrictiveVoiceFilter [Save: ChatFilter_All] [Current: ChatFilter_All
[0016.52] ScriptLog: ChatFilterManager: Updating Permissions for player LocalPlayer_TA_0
[0016.52] ScriptLog: ChatFilterManager: Updating MostRestrictiveVoiceFilter [Save: ChatFilter_All] [Current: ChatFilter_All
[0016.61] XPGatedPlaylists: Not currently in a party.
[0016.69] Log: [HandleVoiceModerationAgreementCallback] EpicAccountId=8818b4dba79a43d18b986f46e4d00392 bIsAccepted=1 bHasResponse=1 bNewAgreement=0
[0016.73] DevOnline: WebRequest_X_10 RECV: 200 
[0016.73] PsyNet: HTTP recv ID=PsyNetMessage_X_0 Message=PsyNetMessage_X_1
[0016.74] AuthPsyNetCritical: PsyNet auth RPC succeeded for player '8818b4dba79a43d18b986f46e4d00392'
[0016.74] AuthPsyNetVerbose: Transitioning to state 'LoggedIn'
[0016.74] AuthPsyNetCritical: Login successful for player '8818b4dba79a43d18b986f46e4d00392'
[0016.74] Auth: OnlinePlayer_TA_0 OnlinePlayerAuthentication_TA_0 HandleAuthLoginChange Auth.bLoggedIn=(True)
[0016.74] PsyNet: Enabling PerCon
[0016.74] PsyNet: PsyNetConnection_X_1 SetAuthorized bAuthorized=True
[0016.74] SettingsExport: CreateSnapshot Metadata {"userId":"Epic|8818b4dba79a43d18b986f46e4d00392|0","platformKey":"Epic","schemaVersion":0,"clientVersion":1532151,"timestampUtc":1774979356,"settingsVersion":7935,"checksum":-1207213182 Payload Size  97006
[0016.74] SettingsExport: Save Data Loaded, Snapshot Generated Checksum: -1207213182
[0016.74] RankedReconnect: LocalPlayer_TA_0.CheckForRankedReconnect() bOpenedStartMenu=(False) IsMenuLevel=(True) bLoggedIn=(True) IsPrimaryPlayer=(True) RankedReconnectAvailable=(False) EpochTime=(0) EpochNow=(1774979570) TimeSince=(1774979570) ReconnectTimeoutSeconds=(900) Reservation=()
[0016.84] XPGatedPlaylists: Not currently in a party.
[0016.96] PsyNet: PsyNetMessengerWebSocket_X_0 Connected
[0016.96] PsyNet: PsyNetConnection_X_1 UpdateConnectionState bConnected=(True) bFreshConnection=(True)
[0016.96] DevOnline: WebRequest_X_12 SEND: https://api.kws.ol.epicgames.com/v1/epic-settings/public/users/8818b4dba79a43d18b986f46e4d00392/values?game=rl
[0016.96] DevOnline: EOSSDK-LogEOSRTC: EOS_RTCAudio_SetAudioInputSettings is deprecated. Use EOS_RTCAudio_SetInputDeviceSettings instead.
[0016.96] DevOnline: EOSSDK-LogEOSRTC: EOS_RTCAudio_SetAudioOutputSettings is deprecated. Use EOS_RTCAudio_SetOutputDeviceSettings instead.
[0016.96] DevOnline: WebRequest_X_13 SEND: https://api.epicgames.dev/epic/friends/v1/8818b4dba79a43d18b986f46e4d00392/blocklist
[0016.96] DevOnline: PlayerDataStorage_QueryFileList: Beginning to query files. User=(8818b4dba79a43d18b986f46e4d00392)
[0016.96] PsyNetBeaconDetail_X: PsyNetBeacon_X_0 SetPsyNetConnection InPsyNetConnection=(PsyNetConnection_X_1)
[0016.96] PsyNet: PsyNetConnection_X_1 UpdateConnectionState bPerConConnected=(True)
[0016.97] DevOnline: WebRequest_X_14 SEND: https://publickey-service-live.ecosec.on.epicgames.com/publickey/v2/eas/
[0017.02] DevOnline: WebRequest_X_11 RECV: 204 
[0017.02] Log: Failed to parse JSON: offset:'0' 'The document is empty.'
[0017.02] Log: UJSONSerializer_X::DecodeObject() Failed: Object=EulaTextResponse Transient.EulaTextResponse_0
Json:

[0017.02] DevOnline: WebRequest_X_15 SEND: https://eulatracking-public-service-prod06.ol.epicgames.com/eulatracking/api/eos/v1/agreements/epicgames_tos?locale=en
[0017.02] FTEVerbose: [GFx] EULA sync response received.
[0017.27] DevOnline: WebRequest_X_12 RECV: 200 
[0017.27] ScriptLog: Setting.Namespace: chat, Setting.SettingName: enhanced-text-reporting, Setting.EffectiveValue: prefer-not-recording
[0017.27] EOSPermissions: NS=chat SN=enhanced-text-reporting PL=null EL=null DV=prefer-not-recording IV=0
[0017.27] ScriptLog: Setting.Namespace: chat, Setting.SettingName: enhanced-voice-reporting, Setting.EffectiveValue: prefer-not-recording
[0017.27] EOSPermissions: NS=chat SN=enhanced-voice-reporting PL=null EL=null DV=prefer-not-recording IV=0
[0017.27] ScriptLog: Setting.Namespace: chat, Setting.SettingName: filter-out-mature-language, Setting.EffectiveValue: False
[0017.27] EOSPermissions: NS=chat SN=filter-out-mature-language PL=False EL=null DV=False IV=False
[0017.27] ScriptLog: Setting.Namespace: chat, Setting.SettingName: text, Setting.EffectiveValue: everybody
[0017.27] EOSPermissions: NS=chat SN=text PL=0 EL=null DV=0 IV=0
[0017.27] ScriptLog: Setting.Namespace: chat, Setting.SettingName: voice, Setting.EffectiveValue: everybody
[0017.27] EOSPermissions: NS=chat SN=voice PL=0 EL=null DV=0 IV=0
[0017.27] ScriptLog: Setting.Namespace: prm, Setting.SettingName: experience, Setting.EffectiveValue: True
[0017.27] EOSPermissions: NS=prm SN=experience PL=null EL=True DV=True IV=True
[0017.27] ScriptLog: Setting.Namespace: prm, Setting.SettingName: marketing, Setting.EffectiveValue: True
[0017.27] EOSPermissions: NS=prm SN=marketing PL=null EL=True DV=True IV=True
[0017.27] EOSPermissions: NS=prm SN=marketing PL=null EL=True DV=True IV=True
[0017.27] ScriptLog: Setting.Namespace: profile, Setting.SettingName: p2p-trading, Setting.EffectiveValue: everybody
[0017.27] ScriptLog: Setting.Namespace: profile, Setting.SettingName: require-pin-to-add-friend, Setting.EffectiveValue: False
[0017.27] EOSPermissions: NS=profile SN=require-pin-to-add-friend PL=False EL=null DV=False IV=False
[0017.27] ScriptLog: Setting.Namespace: profile, Setting.SettingName: show-price-in-currency, Setting.EffectiveValue: False
[0017.27] EOSPermissions: NS=profile SN=show-price-in-currency PL=null EL=null DV=False IV=False
[0017.27] ScriptLog: Setting.Namespace: profile, Setting.SettingName: show-row-modal, Setting.EffectiveValue: False
[0017.27] EOSPermissions: NS=profile SN=show-row-modal PL=null EL=null DV=False IV=False
[0017.27] ScriptLog: Setting.Namespace: stats, Setting.SettingName: show-in-leaderboard, Setting.EffectiveValue: True
[0017.27] MTXGarage: GFxData_MTXGarage_TA::HandlePlayerPermissionsSet
[0017.27] MTXGarage: [GetVCPacks]
[0017.27] MTXGarage: Requesting catalog 'MTX_RocketBucks'
[0017.27] MTXGarage: [SendOnlineRequest] Category:MTX_RocketBucks EPE:True RP:False RoW:False JD:False
[0017.27] MTXGarage: [SendOnlineRequest] Additional Category:MTX_ExactAmountVCPack
[0017.27] DevOnline: WebRequest_X_13 RECV: 200 
[0017.27] DevOnline: PlayerDataStorage_QueryFileList: Finished querying files. User=(8818b4dba79a43d18b986f46e4d00392) Success=(1)
[0017.27] DevOnline: PlayerDataStorage_ReadFile: Beginning to download file. User=(8818b4dba79a43d18b986f46e4d00392) FileName=(RLSaveData)
[0017.29] ScriptLog: HandleStatusChanged PrimaryStatus.DownloadStatus=(EB_Success) ControllerId=(0)
[0017.30] DevOnline: WebRequest_X_14 RECV: 200 
[0017.30] TextMod: Registered key for 8818b4dba79a43d18b986f46e4d00392
[0017.34] ScriptLog: ListenForBlockListDownloaded PrimaryStatus=(PlatformBlockListStatus_0) PrimaryStatus.DownloadStatus=(EB_Success)
[0017.35] DevOnline: WebRequest_X_15 RECV: 200 
[0017.35] DevOnline: EOSSDK-LogEOSUI: Social Overlay: HandleFriendsStateUpdateRequest - Sanitized display name is not set!
[0017.35] DevOnline: EOSSDK-LogEOSUI: Social Overlay: HandleFriendsStateUpdateRequest - Sanitized display name is not set!
[0017.35] DevOnline: EOSSDK-LogEOSUI: Social Overlay: HandleFriendsStateUpdateRequest - Sanitized display name is not set!
[0017.35] DevOnline: EOSSDK-LogEOSUI: Social Overlay: HandleFriendsStateUpdateRequest - Sanitized display name is not set!
[0017.35] DevOnline: EOSSDK-LogEOSUI: Social Overlay: HandleFriendsStateUpdateRequest - Sanitized display name is not set!
[0017.35] DevOnline: EOSSDK-LogEOSUI: Social Overlay: HandleFriendsStateUpdateRequest - Sanitized display name is not set!
[0017.35] DevOnline: EOSSDK-LogEOSUI: Social Overlay: HandleFriendsStateUpdateRequest - Sanitized display name is not set!
[0017.40] ScriptLog: Uncached PlatformId for Epic|8818b4dba79a43d18b986f46e4d00392|0
[0017.41] DevOnline: EOSSDK-LogEOSUI: Social Overlay: HandleFriendsStateUpdateRequest - Sanitized display name is not set!
[0017.41] DevOnline: EOSSDK-LogEOSUI: Social Overlay: HandleFriendsStateUpdateRequest - Sanitized display name is not set!
[0017.41] DevOnline: EOSSDK-LogEOSUI: Social Overlay: HandleFriendsStateUpdateRequest - Sanitized display name is not set!
[0017.41] DevOnline: EOSSDK-LogEOSUI: Social Overlay: HandleFriendsStateUpdateRequest - Sanitized display name is not set!
[0017.41] DevOnline: EOSSDK-LogEOSUI: Social Overlay: HandleFriendsStateUpdateRequest - Sanitized display name is not set!
[0017.41] DevOnline: EOSSDK-LogEOSUI: Social Overlay: HandleFriendsStateUpdateRequest - Sanitized display name is not set!
[0017.41] DevOnline: EOSSDK-LogEOSUI: Social Overlay: HandleFriendsStateUpdateRequest - Sanitized display name is not set!
[0017.41] DevOnline: EOSSDK-LogEOSUI: Social Overlay: HandleFriendsStateUpdateRequest - Sanitized display name is not set!
[0017.42] DevOnline: WebRequest_X_16 SEND: https://rl-cdn.psyonix.com/Playlists/Images/rl_event_mode_bg_heatseeker.jpg
[0017.42] DevOnline: WebRequest_X_17 SEND: https://rl-cdn.psyonix.com/Playlists/Images/Finals/playlist_ltm_heatseekerricochet_sfjko.png
[0017.43] DevOnline: WebRequest_X_18 SEND: https://rl-cdn.psyonix.com/Playlists/Images/rl_supercube_ltm_bg.jpg
[0017.43] DevOnline: WebRequest_X_19 SEND: https://rl-cdn.psyonix.com/Playlists/Images/Finals/playlist_ltm_supercube-cdn_as890df.png
[0017.44] DevOnline: WebRequest_X_20 SEND: https://rl-cdn.psyonix.com/Playlists/Images/Rl_event_speeddemon.jpg
[0017.45] DevOnline: WebRequest_X_21 SEND: https://rl-cdn.psyonix.com/ChallengeIcons/Challenge_Play.jpg
[0017.46] DevOnline: WebRequest_X_22 SEND: https://rl-cdn.psyonix.com/SpecialEvent/Images/Jordan/RL_JordanLTE_WIDGET_ART_9wyhow.png
[0017.47] DevOnline: WebRequest_X_23 SEND: https://rl-cdn.psyonix.com/SpecialEvent/Images/Jordan/RL_JordanLTE_EXPORT_hfweh.png
[0017.47] DevOnline: WebRequest_X_24 SEND: https://rl-cdn.psyonix.com/ChallengeBanners/Season_imagery_Reward.png
[0017.48] DevOnline: WebRequest_X_25 SEND: https://rl-cdn.psyonix.com/ChallengeBanners/Rl_S22_ChallengeDashboard_auih.png
[0017.48] DevOnline: WebRequest_X_26 SEND: https://rl-cdn.psyonix.com/SpecialEvent/Images/BuiltDifferent/RL_U58_LTE_BuiltDifferent_Widget_fsajiu.png
[0017.49] DevOnline: WebRequest_X_27 SEND: https://rl-cdn.psyonix.com/SpecialEvent/Images/BuiltDifferent/RL_U58_LTE_BuiltDifferent_DashBoard_afuioh.png
[0017.49] DevOnline: WebRequest_X_28 SEND: https://rl-cdn.psyonix.com/ChallengeIcons/Challenges_DropReward_Comp_9284754.png
[0017.50] DevOnline: WebRequest_X_16 RECV: 304 
[0017.50] DevOnline: WebRequest_X_17 RECV: 304 
[0017.50] DevOnline: WebRequest_X_19 RECV: 304 
[0017.50] DevOnline: WebRequest_X_20 RECV: 304 
[0017.52] DevOnline: WebRequest_X_29 SEND: https://rl-cdn.psyonix.com/ChallengeBanners/NUX_Popup_Octane.png
[0017.52] DevOnline: WebRequest_X_18 RECV: 304 
[0017.55] DevOnline: WebRequest_X_21 RECV: 304 
[0017.55] DevOnline: WebRequest_X_22 RECV: 304 
[0017.55] DevOnline: WebRequest_X_23 RECV: 304 
[0017.55] DevOnline: WebRequest_X_24 RECV: 304 
[0017.55] DevOnline: WebRequest_X_29 RECV: 304 
[0017.66] MTXGarage: [HandleAllGetCatalogResponseComplete] CatalogInfoItems.Length=4 CatalogInfoExactPacks.Length=97 CombinedInfoItems.Length=101 PriceRequests.Length=101
[0017.66] MTXGarage: [UpdatePriceInfo]: Timer set for  GetPriceTimeoutTime=(10.0000)
[0017.67] DevOnline: WebRequest_X_25 RECV: 304 
[0017.67] DevOnline: WebRequest_X_26 RECV: 304 
[0017.67] DevOnline: WebRequest_X_27 RECV: 304 
[0017.67] DevOnline: WebRequest_X_28 RECV: 304 
[0017.73] ScriptLog: RegionPinger_X_0 PingRegions ("13.244.193.77:7797","18.163.127.191:7709","35.76.136.13:8175","13.201.2.23:8033","18.142.228.101:8183","3.26.119.19:7743","18.157.14.24:7761","13.49.163.74:8121","54.217.52.228:7829","18.133.100.240:7957","13.38.191.147:7865","51.118.34.197:7791","15.228.30.64:8079","3.237.159.100:7987","3.143.34.223:7759","18.88.17.103:7859","3.101.94.31:8015","44.234.75.27:8015")
[0017.75] PartyChallenge: UpdateChallengeProgressForCompetitive bChallengesComplete=(True) ChallengeState=(Challenge_Sync) bChallengeSync=(False) bChallengesAreValid=(False) bLegacyPlayer=(False) bGuestAccount=(False) Online_X.UniqueNetIDToString(Manager.Outer.PlayerID)=(Epic|8818b4dba79a43d18b986f46e4d00392|0) Syncing
[0017.75] PartyChallenge: UpdateChallengeProgressForCompetitive bChallengesComplete=(True) ChallengeState=(Challenge_Success) bChallengeSync=(True) bChallengesAreValid=(True) bLegacyPlayer=(False) bGuestAccount=(False) Online_X.UniqueNetIDToString(Manager.Outer.PlayerID)=(Epic|8818b4dba79a43d18b986f46e4d00392|0) Complete
[0018.21] MTXGarage: [ProcessQueriedCatalog] CatalogCacheEntry.Category=MTX_RocketBucks CatalogCategory=MTX_None
[0018.21] MTXGarage: [ValidatePricingTable] PASS
 Context: VCFactor=50 VCMaxExactPack=5000 Category=RocketBucks Length=101 EPE=True
[0018.21] MTXGarage: [ProcessQueriedCatalog] First condition | PriceInfoItems.Length: 101
[0018.21] MTXGarage: [TriggerCatalogReadyEvents] bTriggerUICallback: False bCatalogQuerySuccess True
[0018.66] DevOnline: PlayerDataStorage_ReadFile: File download complete. User=(8818b4dba79a43d18b986f46e4d00392) FileName=(RLSaveData) Success=(1)
[0018.67] EOSSync: HandleFileReadComplete LocalSaveTick: 7935
[0018.67] EOSSync: HandleFileReadComplete OnlineSaveTick: 7934
[0018.67] EOSSync: HandleFileReadComplete Local Save is up to date, keeping this file
[0018.67] Log: Resetting full product sync timestamp because these productIDs were not found: 9370 9370 9370 9370 9370 9370 9370 9370 9370 9370 9370 9370 9370 9370 5377 5377 5377 5377 5377 5377 7959 5377 5377 5377 5377 5377 5377 5377 7959 5377 7959 7959 7959 7959 10997 7959 7959 7959 10997 7959 7959 7959 7959 10997 10997 7959 10997 10997 10997 10997 10997 10997 10997 7616 7616 10997 10997 10997 7616 7616 7616 7616 7616 7616 7616 7616 7616 7616 7616 7616 6222 6232 6215 6219 
[0018.67] ScriptLog: NewProductIDs128: 
[0018.68] ScriptLog: GetDLCProducts, UnlockedDLCList=
[0018.78] SettingsExport: Downloading online settings to check sync status
[0018.78] DevOnline: PlayerDataStorage_ReadFile: Beginning to download file. User=(8818b4dba79a43d18b986f46e4d00392) FileName=(RLSettingsData)
[0018.78] AuthEpicVerbose: Epic save data loaded
[0018.78] AuthEpicVerbose: [GFx] Epic login changed. m_uiState:StartMenu bPromptParentalConsent:false bPromptToChoosePrimaryAccount:false bEpicSaveDataLoaded:true bPlatformLinked:true
[0018.78] ScriptLog: GetDLCProducts, UnlockedDLCList=
[0019.02] DevOnline: PlayerDataStorage_ReadFile: File download complete. User=(8818b4dba79a43d18b986f46e4d00392) FileName=(RLSettingsData) Success=(1)
[0019.03] SettingsExport: Local settings checksum: -1207213182 - Online settings checksum: -1207213182
[0019.03] SettingsExport: Online settings synced
[0019.35] EOSVoice: HandleFriendsListChanged
[0019.46] Matchmaking: All Regions Pinged: USE (1.0000),USC (1.0000),USW (1.0000),EU (1.0000),ASC (1.0000),ASM (1.0000),JPN (1.0000),ME (1.0000),OCE (1.0000),SAF (1.0000),SAM (1.0000),IND (1.0000),SAF1 (0.1708),ASC1 (1.0000),JPN1 (1.0000),IND1 (0.1915),ASM1 (0.1753),OCE1 (0.2801),EU5 (0.0275),EU1 (0.0448),EU3 (0.0267),EU7 (0.0167),EU9 (0.0253),ME3 (0.0511),ME1 (1.0000),ME2 (1.0000),SAM1 (0.2302),USE1 (0.0922),USE3 (0.0832),USC1 (0.0749),USW1 (0.0644),USW3 (0.1689)
[0019.46] Matchmaking: Failed to ping 'ASC1'. Using cached ping '0.6632'
[0019.46] Matchmaking: Failed to ping 'JPN1'. Using cached ping '0.6631'
[0019.46] Matchmaking: Failed to ping 'ME1'. Using cached ping '0.1010'
[0019.46] Log: FCacheExportTask(..\..\TAGame\Cache\RegionCache.cache) wrote 1803 bytes to memory
[0023.93] DevOnline: EOSSDK-LogEOSRTC: TickTracker Tick is delayed. TimePeriod=[10.006778s]  TickIntervalThreshold=[0.100000s] MaxTickInterval=[0.128285s] MaxExecutionTime=[0.001251s] TicksCount=[997] ExpectedTicksCount=[1000]
[0043.94] DevOnline: EOSSDK-LogEOSRTC: TickTracker Tick is delayed. TimePeriod=[10.007066s]  TickIntervalThreshold=[0.100000s] MaxTickInterval=[0.121595s] MaxExecutionTime=[0.000231s] TicksCount=[1180] ExpectedTicksCount=[1000]
[0045.76] FTEVerbose: [GFx] Checking FTE progress: Shown login flow 'false', Legal modal valid? 'true', Online? 'true', Cabined state '0', Legacy state '1'
[0045.76] FTEDev: Trying to start FTE Group Prime_InitialStartup which is already completed and cannot be restarted CurrentActiveGroup.bCanBeDoneAgain=(False) bIgnoreCompletion=(False)
[0045.76] AuthEpicVerbose: [GFx] Showing login flow. Platform linked? 'true' Prompt for epic link? 'false' Prompt for primary? 'false' Prompt for parental consent? 'false' Epic data loaded? 'true' Showing epic flow? 'false'
[0045.76] AuthEpicVerbose: [GFx] Epic flow completed 'false'
[0045.76] FTEVerbose: [GFx] Checking FTE progress: Shown login flow 'true', Legal modal valid? 'true', Online? 'true', Cabined state '0', Legacy state '1'
[0045.76] FTEDev: Trying to start FTE Group Prime_InitialStartup which is already completed and cannot be restarted CurrentActiveGroup.bCanBeDoneAgain=(False) bIgnoreCompletion=(False)
[0045.76] FTEVerbose: [GFx] Checking FTE progress: Shown login flow 'true', Legal modal valid? 'true', Online? 'true', Cabined state '0', Legacy state '1'
[0045.76] FTEDev: Trying to start FTE Group Prime_InitialStartup which is already completed and cannot be restarted CurrentActiveGroup.bCanBeDoneAgain=(False) bIgnoreCompletion=(False)
[0045.76] FTEVerbose: [GFx] Checking FTE progress: Shown login flow 'true', Legal modal valid? 'true', Online? 'true', Cabined state '0', Legacy state '1'
[0045.76] FTEDev: Trying to start FTE Group Prime_InitialStartup which is already completed and cannot be restarted CurrentActiveGroup.bCanBeDoneAgain=(False) bIgnoreCompletion=(False)
[0045.76] FTEVerbose: [GFx] Checking FTE progress: Shown login flow 'true', Legal modal valid? 'true', Online? 'true', Cabined state '0', Legacy state '1'
[0045.76] FTEDev: Trying to start FTE Group Prime_InitialStartup which is already completed and cannot be restarted CurrentActiveGroup.bCanBeDoneAgain=(False) bIgnoreCompletion=(False)
[0045.77] FTEVerbose: [GFx] Checking FTE progress: Shown login flow 'true', Legal modal valid? 'true', Online? 'true', Cabined state '0', Legacy state '1'
[0045.77] FTEDev: Trying to start FTE Group Prime_InitialStartup which is already completed and cannot be restarted CurrentActiveGroup.bCanBeDoneAgain=(False) bIgnoreCompletion=(False)
[0045.91] Legacy: State Set
[0045.91] FTEVerbose: [GFx] Checking FTE progress: Shown login flow 'true', Legal modal valid? 'true', Online? 'true', Cabined state '0', Legacy state '3'
[0045.91] FTEDev: Trying to start FTE Group Prime_InitialStartup which is already completed and cannot be restarted CurrentActiveGroup.bCanBeDoneAgain=(False) bIgnoreCompletion=(False)
[0045.91] FTE: Starting Group:Prime_LegalText at Checkpoint:FTE_PrimaryPlayerIsXboxGuest
[0045.91] FTE: CompleteCheckpoint GroupName=(Prime_LegalText) CheckpointName=(FTE_PrimaryPlayerIsXboxGuest)
[0045.91] FTE: Moving to Checkpoint:FTE_PrivacyPolicy
[0045.92] DevOnline: WebRequest_X_30 SEND: https://rl-cdn.psyonix.com/Legal/PC/PrivacyPolicy/INT.txt
[0045.92] DevOnline: WebRequest_X_31 SEND: https://rl-cdn.psyonix.com/Legal/PC/ToS/INT.txt
[0045.92] DevOnline: WebRequest_X_32 SEND: https://rl-cdn.psyonix.com/Legal/PC/SCT/INT.txt
[0045.92] DevOnline: WebRequest_X_33 SEND: https://rl-cdn.psyonix.com/Legal/PC/PaymentServices/INT.txt
[0045.92] FTECritical: [GFx] Changed active tutorial from 'null' to 'FTE_PRIVACYPOLICY'. Tutorial active? 'false', New checkpoint active? 'true'
[0045.92] FTEVerbose: [GFx] Checking FTE progress: Shown login flow 'true', Legal modal valid? 'true', Online? 'true', Cabined state '0', Legacy state '3'
[0045.92] FTEDev: Trying to start FTE Group Prime_InitialStartup while another Group Prime_LegalText is active
[0045.92] FTE: CompleteCheckpoint GroupName=(Prime_LegalText) CheckpointName=(FTE_PrivacyPolicy)
[0045.92] FTE: Moving to Checkpoint:FTE_EulaText
[0045.92] FTEVerbose: [GFx] Checking FTE progress: Shown login flow 'true', Legal modal valid? 'true', Online? 'true', Cabined state '0', Legacy state '3'
[0045.92] FTEDev: Trying to start FTE Group Prime_InitialStartup while another Group Prime_LegalText is active
[0045.92] Eula: RequiresAcceptance? EulaConfig?.bRequiresAcceptance=(True) GetUISave()?.Contains('bAcceptedOfflineEULA')=(True) Eula.SyncState=(LSS_Accepted)
[0045.92] FTE: CompleteCheckpoint GroupName=(Prime_LegalText) CheckpointName=(FTE_EulaText)
[0045.92] FTE: CompleteActiveGroup GroupName:Prime_LegalText
[0045.93] FTECritical: [GFx] Changed active tutorial from 'FTE_PRIVACYPOLICY' to 'NONE'. Tutorial active? 'false', New checkpoint active? 'false'
[0045.93] FTEVerbose: Checkpoint 'None' attempted completion while the FTE isn't active!
[0045.93] FTEVerbose: [GFx] Checking FTE progress: Shown login flow 'true', Legal modal valid? 'true', Online? 'true', Cabined state '0', Legacy state '3'
[0045.93] FTEDev: Trying to start FTE Group Prime_InitialStartup which is already completed and cannot be restarted CurrentActiveGroup.bCanBeDoneAgain=(False) bIgnoreCompletion=(False)
[0045.93] FTEDev: Trying to start FTE Group Prime_FreeToPlayTutorial_1 which is already completed and cannot be restarted CurrentActiveGroup.bCanBeDoneAgain=(False) bIgnoreCompletion=(False)
[0045.93] FTEVerbose: [GFx] Checking FTE progress: Shown login flow 'true', Legal modal valid? 'true', Online? 'true', Cabined state '0', Legacy state '3'
[0045.93] FTEDev: Trying to start FTE Group Prime_InitialStartup which is already completed and cannot be restarted CurrentActiveGroup.bCanBeDoneAgain=(False) bIgnoreCompletion=(False)
[0045.93] FTEDev: Trying to start FTE Group Prime_FreeToPlayTutorial_1 which is already completed and cannot be restarted CurrentActiveGroup.bCanBeDoneAgain=(False) bIgnoreCompletion=(False)
[0045.93] Eula: RequiresAcceptance? EulaConfig?.bRequiresAcceptance=(True) GetUISave()?.Contains('bAcceptedOfflineEULA')=(True) Eula.SyncState=(LSS_Accepted)
[0045.93] AuthEpicVerbose: [GFx] Epic login changed. m_uiState:MainMenu bPromptParentalConsent:false bPromptToChoosePrimaryAccount:false bEpicSaveDataLoaded:false bPlatformLinked:false
[0045.93] FTEDev: Trying to start FTE Group Prime_MatchComplete which is already completed and cannot be restarted CurrentActiveGroup.bCanBeDoneAgain=(False) bIgnoreCompletion=(False)
[0045.93] FTEDev: Group Prime_LegacyUpdate Is not meant for users of type FTESave.LegacyGroupType=(LGT_NewUser)
[0045.95] DevOnline: WebRequest_X_30 RECV: 304 
[0045.96] RankedReconnect: LocalPlayer_TA_0.CheckForRankedReconnect() bOpenedStartMenu=(True) IsMenuLevel=(True) bLoggedIn=(True) IsPrimaryPlayer=(True) RankedReconnectAvailable=(False) EpochTime=(0) EpochNow=(1774979600) TimeSince=(1774979600) ReconnectTimeoutSeconds=(900) Reservation=()
[0045.96] MTX: ConditionalClaimEntitlements bAllowEntitlements=(True) bClaimingEntitlements=(False) bEntitlementsDirty=(True) PsyNetConnected=(True) SplitscreenID=(0) bMtxCodeExpired=(False)
[0045.96] MTX: HandleMtxCode bSuccess=True
[0045.97] Online: TryToPlayOnline ControllerID=(-1)
[0046.02] Online: HandlePrivilegeCheckFinished PrivilegeCheck.bHasRestriction=(False)
[0046.02] Online: HandlePrivilegeCheck PrivilegeCheck.bHasRestriction=(False)
[0046.02] DevOnline: WebRequest_X_31 RECV: 304 
[0046.02] DevOnline: WebRequest_X_32 RECV: 304 
[0046.02] DevOnline: WebRequest_X_33 RECV: 304 
[0046.02] Legacy: State Set
[0046.03] DevOnline: PlayerDataStorage_WriteFile: Beginning to upload file. User=(8818b4dba79a43d18b986f46e4d00392) FileName=(RLSaveData)
[0046.03] Log: FSaveDataExportTask(0) wrote 1056462 bytes to memory
[0046.03] Log: SaveGameDataAsync game thread time: 9 ms
[0046.04] DevOnline: WebRequest_X_34 SEND: https://rl-cdn.psyonix.com/EsportsIcons/RL_U57_S22_BracketRivalry_LTE_PlaylistButton_oicece.jpg
[0046.07] Log: Deleting old save file ..\..\TAGame\SaveDataEpic\DBE_Production\8818b4dba79a43d18b986f46e4d00392_1.save
[0046.07] Log: SaveDataExport(0): Finished - File:[..\..\TAGame\SaveDataEpic\DBE_Production\8818b4dba79a43d18b986f46e4d00392.save] Result:[1]
[0046.07] SettingsExport: Settings content not changed. Will not update the Settings Online
[0046.10] DevOnline: WebRequest_X_34 RECV: 304 
[0046.34] MTX: HandleClaimSuccess Products=0
[0046.78] DevOnline: WebRequest_X_35 SEND: https://cdn-live.prm.ol.epicgames.com/prod/a68b3cd92e1d4e24a18e1962f773aa45.png?width=1920&height=1200&aspect=fill
[0046.79] DevOnline: WebRequest_X_36 SEND: https://cdn-live.prm.ol.epicgames.com/prod/10efdc527c7a4855b3ecaa376c876d5e.png?width=320&height=180&aspect=fill
[0046.79] DevOnline: WebRequest_X_37 SEND: https://cdn-live.prm.ol.epicgames.com/prod/4d93be47edbd45c19d3773022f539017.jpeg?width=1920&height=1200&aspect=fill
[0046.80] DevOnline: WebRequest_X_38 SEND: https://cdn-live.prm.ol.epicgames.com/prod/315eb884a703400dbc9d994fb3139374.jpeg?width=320&height=180&aspect=fill
[0046.88] DevOnline: WebRequest_X_36 RECV: 304 
[0046.88] DevOnline: WebRequest_X_37 RECV: 304 
[0046.88] DevOnline: WebRequest_X_38 RECV: 304 
[0046.90] DevOnline: WebRequest_X_35 RECV: 304 
[0047.10] Log: Assigning DI controller to 0
[0047.53] DevOnline: PlayerDataStorage_WriteFile: File upload complete. User=(8818b4dba79a43d18b986f46e4d00392) FileName=(RLSaveData) Success=(1)
[0053.04] Online: TryToPlayOnline ControllerID=(-1)
[0053.05] Online: HandlePrivilegeCheckFinished PrivilegeCheck.bHasRestriction=(False)
[0053.05] Online: HandlePrivilegeCheck PrivilegeCheck.bHasRestriction=(False)
[0055.30] PsyNet: PsyNetServiceProvider_X_1 ExecuteService Complete, Service=Reward/RewardResult 
[0055.30] PartyChallenge: UpdateChallengeProgressForCompetitive bChallengesComplete=(True) ChallengeState=(Challenge_Success) bChallengeSync=(True) bChallengesAreValid=(True) bLegacyPlayer=(False) bGuestAccount=(False) Online_X.UniqueNetIDToString(Manager.Outer.PlayerID)=(Epic|8818b4dba79a43d18b986f46e4d00392|0) Complete
[0055.31] PsyNet: PsyNetServiceProvider_X_1 ExecuteService Complete, Service=Challenges/PlayerProgress 
[0057.16] Log: FSaveDataExportTask(0) wrote 1056462 bytes to memory
[0057.16] Log: SaveGameDataAsync game thread time: 8 ms
[0057.18] Log: Deleting old save file ..\..\TAGame\SaveDataEpic\DBE_Production\8818b4dba79a43d18b986f46e4d00392_2.save
[0057.18] Log: SaveDataExport(0): Finished - File:[..\..\TAGame\SaveDataEpic\DBE_Production\8818b4dba79a43d18b986f46e4d00392_1.save] Result:[1]
[0057.18] SettingsExport: Settings content not changed. Will not update the Settings Online
[0058.21] PsyNet: PsyNetServiceProvider_X_1 ExecuteService Complete, Service=Reward/RewardResult 
[0058.21] PartyChallenge: UpdateChallengeProgressForCompetitive bChallengesComplete=(True) ChallengeState=(Challenge_Success) bChallengeSync=(True) bChallengesAreValid=(True) bLegacyPlayer=(False) bGuestAccount=(False) Online_X.UniqueNetIDToString(Manager.Outer.PlayerID)=(Epic|8818b4dba79a43d18b986f46e4d00392|0) Complete
[0058.23] PsyNet: PsyNetServiceProvider_X_1 ExecuteService Complete, Service=Challenges/PlayerProgress 
[0060.17] Log: FSaveDataExportTask(0) wrote 1056462 bytes to memory
[0060.17] Log: SaveGameDataAsync game thread time: 8 ms
[0060.19] Log: Deleting old save file ..\..\TAGame\SaveDataEpic\DBE_Production\8818b4dba79a43d18b986f46e4d00392.save
[0060.19] Log: SaveDataExport(0): Finished - File:[..\..\TAGame\SaveDataEpic\DBE_Production\8818b4dba79a43d18b986f46e4d00392_2.save] Result:[1]
[0060.19] SettingsExport: Settings content not changed. Will not update the Settings Online
[0060.39] PsyNet: PsyNetServiceProvider_X_1 ExecuteService Complete, Service=Reward/RewardResult 
[0060.39] PartyChallenge: UpdateChallengeProgressForCompetitive bChallengesComplete=(True) ChallengeState=(Challenge_Success) bChallengeSync=(True) bChallengesAreValid=(True) bLegacyPlayer=(False) bGuestAccount=(False) Online_X.UniqueNetIDToString(Manager.Outer.PlayerID)=(Epic|8818b4dba79a43d18b986f46e4d00392|0) Complete
[0060.40] PsyNet: PsyNetServiceProvider_X_1 ExecuteService Complete, Service=Challenges/PlayerProgress 
[0062.88] PsyNet: PsyNetServiceProvider_X_1 ExecuteService Complete, Service=Reward/RewardResult 
[0062.88] ScriptLog: GetDLCProducts, UnlockedDLCList=
[0062.92] PartyChallenge: UpdateChallengeProgressForCompetitive bChallengesComplete=(True) ChallengeState=(Challenge_Success) bChallengeSync=(True) bChallengesAreValid=(True) bLegacyPlayer=(False) bGuestAccount=(False) Online_X.UniqueNetIDToString(Manager.Outer.PlayerID)=(Epic|8818b4dba79a43d18b986f46e4d00392|0) Complete
[0062.93] PsyNet: PsyNetServiceProvider_X_1 ExecuteService Complete, Service=Challenges/PlayerProgress 
[0063.17] Log: FSaveDataExportTask(0) wrote 1056925 bytes to memory
[0063.17] Log: SaveGameDataAsync game thread time: 8 ms
[0063.19] Log: Deleting old save file ..\..\TAGame\SaveDataEpic\DBE_Production\8818b4dba79a43d18b986f46e4d00392_1.save
[0063.19] Log: SaveDataExport(0): Finished - File:[..\..\TAGame\SaveDataEpic\DBE_Production\8818b4dba79a43d18b986f46e4d00392.save] Result:[1]
[0063.19] SettingsExport: Settings content not changed. Will not update the Settings Online
[0067.22] Log: FSaveDataExportTask(0) wrote 1056925 bytes to memory
[0067.22] Log: SaveGameDataAsync game thread time: 8 ms
[0067.24] Log: Deleting old save file ..\..\TAGame\SaveDataEpic\DBE_Production\8818b4dba79a43d18b986f46e4d00392_2.save
[0067.24] Log: SaveDataExport(0): Finished - File:[..\..\TAGame\SaveDataEpic\DBE_Production\8818b4dba79a43d18b986f46e4d00392_1.save] Result:[1]
[0067.24] SettingsExport: Settings content not changed. Will not update the Settings Online
[0069.83] PsyNet: PsyNetServiceProvider_X_1 ExecuteService Complete, Service=Reward/RewardResult 
[0069.83] PartyChallenge: UpdateChallengeProgressForCompetitive bChallengesComplete=(True) ChallengeState=(Challenge_Success) bChallengeSync=(True) bChallengesAreValid=(True) bLegacyPlayer=(False) bGuestAccount=(False) Online_X.UniqueNetIDToString(Manager.Outer.PlayerID)=(Epic|8818b4dba79a43d18b986f46e4d00392|0) Complete
[0069.84] PsyNet: PsyNetServiceProvider_X_1 ExecuteService Complete, Service=Challenges/PlayerProgress 
[0070.66] Log: FSaveDataExportTask(0) wrote 1056925 bytes to memory
[0070.66] Log: SaveGameDataAsync game thread time: 8 ms
[0070.69] Log: Deleting old save file ..\..\TAGame\SaveDataEpic\DBE_Production\8818b4dba79a43d18b986f46e4d00392.save
[0070.69] Log: SaveDataExport(0): Finished - File:[..\..\TAGame\SaveDataEpic\DBE_Production\8818b4dba79a43d18b986f46e4d00392_2.save] Result:[1]
[0070.69] SettingsExport: Settings content not changed. Will not update the Settings Online
[0071.17] Loadout: Could not find package for asset title_generic_T_SF
[0073.96] DevOnline: WebRequest_X_39 SEND: https://datarouter.ol.epicgames.com/datarouter/api/v1/public/data?AppID=RocketLeague.Release&AppVersion=1210528741&AppEnvironment=Prod&UploadType=eteventstream&UserID=|8818b4dba79a43d18b986f46e4d00392|||Epic|8818b4dba79a43d18b986f46e4d00392|0&SessionID=CD3171EF43FDD762A72030B5E4D0FB6B
[0074.42] DevOnline: WebRequest_X_39 RECV: 204 
[0074.85] Online: TryToPlayOnline ControllerID=(-1)
[0074.86] Online: HandlePrivilegeCheckFinished PrivilegeCheck.bHasRestriction=(False)
[0074.86] Prime24121: StartSearch.PreferredRegions.Length 5
[0074.86] Matchmaking: OnlineGameMatchmaking_X_0 OnlineGameMatchmaking_X -> PingRegions
[0075.19] ScriptLog: RegionPinger_X_1 PingRegions ("18.168.42.86:7849","15.237.0.155:8177","3.253.72.187:8071","18.156.254.211:8061","13.50.40.149:7841","15.160.47.170:7811","3.101.94.31:7773","18.88.22.134:7989","3.142.61.123:7769","44.197.164.206:8065","44.234.102.153:7725","13.244.193.9:7769","18.142.228.101:7785","13.201.2.23:7947","15.228.134.116:7789","3.106.234.170:8163","35.76.42.117:7807","54.46.76.7:7761")
[0075.37] DevNet: Browse: cs_day_p?Game=TAGame.GameInfo_Soccar_TA?GameTags=Freeplay
[0075.44] Log: FSaveDataExportTask(0) wrote 1056928 bytes to memory
[0075.44] Log: SaveGameDataAsync game thread time: 7 ms
[0075.44] Log: Flushing async loaders.
[0075.45] Log: Flushed async loaders.
[0075.45] Log: LoadMap: cs_day_p?Game=TAGame.GameInfo_Soccar_TA?GameTags=Freeplay
[0075.46] Log: Deleting old save file ..\..\TAGame\SaveDataEpic\DBE_Production\8818b4dba79a43d18b986f46e4d00392_1.save
[0075.46] Log: SaveDataExport(0): Finished - File:[..\..\TAGame\SaveDataEpic\DBE_Production\8818b4dba79a43d18b986f46e4d00392.save] Result:[1]
[0075.46] DevOnline: PsyNet Flush Start TimeoutSeconds=0.250000
[0075.70] DevOnline: PsyNet Flush End
[0075.92] Log: Fully load package: ..\..\TAGame\CookedPCConsole\GameInfo_Soccar_SF.upk
[0076.01] Log: Fully load package: ..\..\TAGame\CookedPCConsole\GFxSounds_XP_SF.upk
[0076.01] Log: Fully load package: ..\..\TAGame\CookedPCConsole\GFx_XPProgressMenu_SF.upk
[0076.03] Log: Fully load package: ..\..\TAGame\CookedPCConsole\GFX_EndGameMenu_SF.upk
[0076.08] Log: Fully load package: ..\..\TAGame\CookedPCConsole\GFX_WinnerMenu_SF.upk
[0076.10] Log: Fully load package: ..\..\TAGame\CookedPCConsole\GFX_MidGameScoreboard_SF.upk
[0076.10] Log: Fully load package: ..\..\TAGame\CookedPCConsole\GFX_MidGameMenu_SF.upk
[0076.12] Log: Fully load package: ..\..\TAGame\CookedPCConsole\GFX_HudMatchInfo_SF.upk
[0076.13] Log: Fully load package: ..\..\TAGame\CookedPCConsole\GFX_Hud_SF.upk
[0076.16] Log: Fully load package: ..\..\TAGame\CookedPCConsole\Mutators_SF.upk
[0076.22] Log: Game class is 'GameInfo_Soccar_TA'
[0076.25] Log: Bringing World cs_day_p.TheWorld up for play (0) at 2026.03.31-18.53.51
[0076.25] Log: Flushing async loaders.
[0076.45] Log: Flushed async loaders.
[0076.46] ScriptLog: Destroying WebServer
[0076.46] MatchBroadcast: Init bBroadcastMatch=(False) MatchLog=(None)
[0076.46] ScriptLog: MatchTypeClass=(MatchType_Offline_TA)
[0076.58] RootMenu: [GFx] UIShellInstance - setting the shell instance
[0076.58] LTM: SettingsType=(CustomMatchSettingsType_PrivateMatch)
[0076.58] LTM: SettingsType=(CustomMatchSettingsType_PrivateMatch) InSettingsType=(CustomMatchSettingsType_LocalMatch)
[0076.59] LTM: SettingsType=(CustomMatchSettingsType_LocalMatch) InSettingsType=(CustomMatchSettingsType_LocalMatch)
[0076.59] Log: Bringing up level for play took: 0.369787
[0076.60] PartyChallenge: UpdateChallengeProgressForCompetitive bChallengesComplete=(True) ChallengeState=(Challenge_Success) bChallengeSync=(True) bChallengesAreValid=(True) bLegacyPlayer=(False) bGuestAccount=(False) Online_X.UniqueNetIDToString(Manager.Outer.PlayerID)=(Epic|8818b4dba79a43d18b986f46e4d00392|0) Complete
[0076.60] PartyChallenge: InitializeCompetitiveChallenges bGuestAccount=(False) bCompletedChallengesForCompetitive=(True) bLegacyPlayer=(False) Online_X.UniqueNetIDToString(OnlinePlayer.PlayerID)=(Epic|8818b4dba79a43d18b986f46e4d00392|0)
[0076.61] Spawn: TextChatActor_TA_0 OnOwnerChanged PlayerController_TA_0
[0076.61] EOSGameClips: Construct Constructed EOSGameClipsController_TA. Self=(EOSGameClipsController_TA_0)
[0076.61] ScriptLog: Uncached PlatformId for Epic|8818b4dba79a43d18b986f46e4d00392|0
[0076.66] RootMenu: [GFx] UIShellInstance - setting the shell instance
[0076.70] EOSVoice: Not requesting voice token, no MatchGUID
[0076.70] Log: ########### Finished loading level: 1.253252 seconds
[0076.71] SettingsExport: Settings content not changed. Will not update the Settings Online
[0077.02] Log: Flushing async loaders.
[0077.03] Log: Flushed async loaders.
[0077.30] EOSGameClips: EOSGameClips: Starting background recording: API Version 2, Clip Duration 30
[0077.30] DevOnline: EOSSDK-LogEOSGameClips: Starting recording up to 30 seconds.
[0077.31] EOSGameClips: EOSGameClips: Recording changed from Pending to Recording.
[0077.57] DevOnline: WebRequest_X_40 SEND: https://rl-cdn.psyonix.com/Ads/Prod/260.aC72R2Xg/201.jpg
[0077.80] DevOnline: WebRequest_X_40 RECV: 304 
[0077.93] DevOnline: WebRequest_X_41 SEND: https://rl-cdn.psyonix.com/Ads/Prod/258.4bdH9Zrn/201.jpg
[0077.99] DevOnline: WebRequest_X_41 RECV: 304 
[0078.51] Matchmaking: All Regions Pinged: EU7 (0.0417),EU9 (0.0417),EU3 (0.0667),EU5 (0.0583),EU1 (0.0833),ME3 (0.0667),USW1 (0.5352),USC1 (0.4768),USE3 (0.4352),USE1 (0.4352),ME1 (1.0000),USW3 (0.5018),SAF1 (0.4935),ASM1 (0.4852),IND1 (0.4935),SAM1 (0.5018),OCE1 (0.5102),JPN1 (0.2933),ASC1 (1.0000),JPN (1.0000),ASC (1.0000),ASM (1.0000),EU (1.0000),IND (1.0000),ME2 (1.0000),ME (1.0000),OCE (1.0000),SAF (1.0000),SAM (1.0000),USC (1.0000),USE (1.0000),USW (1.0000)
[0078.51] Matchmaking: Failed to ping 'ME1'. Using cached ping '0.1010'
[0078.51] Matchmaking: Failed to ping 'ASC1'. Using cached ping '0.6632'
[0078.51] Log: FCacheExportTask(..\..\TAGame\Cache\RegionCache.cache) wrote 1803 bytes to memory
[0078.51] Matchmaking: OnlineGameMatchmaking_X_0 PingRegions -> Searching
[0078.51] Prime24121: HandleRegionsPinged.PreferredRegions.Length 5
[0078.51] Matchmaking: OnlineGameMatchmaking_X::RecordStart
[0078.51] Matchmaking: Pre-divide PartyLeaderMMR: 24.1043
[0078.51] Matchmaking: Post-divide PartyLeaderMMR: 24.1043
[0078.51] Matchmaking: PartyLeaderTier=(10)
[0078.51] Matchmaking: StartMatchmaking at 2026-03-31 17:53:53 in EU7,EU9,EU3,EU5,EU1 for playlists 10 on game server 
[0078.51] Matchmaking: Creating RPC_StartMatchmaking_X
[0078.51] Matchmaking: PreferredRegions.Length=(5) PreferredPlaylists.Length=(1) Party.GetOrderedPartyMemberIDs().Length=(1)
[0078.51] Matchmaking: SecondsSearching=(3) CurrentServerID=() bDisableCrossplay=(False) bIgnoreSkill=(False)
[0078.70] Matchmaking: Matchmaking RPC succeeded.
[0078.70] Matchmaking: EstimatedQueueTime=(12.0000)
[0083.94] PsyNetBeaconDetail_X: PsyNetBeacon_X_0 ReserveConnection ReservationID=(B5A0BCE180434595AA4CC82C5C6DCB5F) ConnectionID=(eyJ0eXAiOiJKV1QiLCJhbGciOiJIUzUxMiJ9.eyJqdGkiOiJjMzYyOTM4OTc1YzU0YmQyOTJiMjM4OTM2NzYwZTA0NyIsImlzcyI6IlBzeU5ldCIsInBsYXllcl9pZCI6IkVwaWN8ODgxOGI0ZGJhNzlhNDNkMThiOTg2ZjQ2ZTRkMDAzOTJ8MCIsInNlcnZlcl9uYW1lIjoiRVU3LTBEOUU0OTlENjQ0QkQ3OURCLVBlcmlsdW5lMiIsImlhdCI6MTc3NDk3OTYzNywibmJmIjoxNzc0OTc5NjM3LCJleHAiOjE3NzQ5OTQwMzd9.HOjY5bdY8GJEuNXBEXEA4UxmKLpzFgOSbN5_oYXxauG5blkhsOpMOO2KTWJDzZf53VtdVfxiGj1FTH21sjwIGg)
[0083.94] PsyNetBeaconDetail_X: PsyNetBeacon_X_0 ClientHandleMessage Message.MessageType=(ClientReservationMessage_X) Message.ReservationID=(B5A0BCE180434595AA4CC82C5C6DCB5F)
[0083.94] CheckReservation: Received game server from notification (v3) Message.Reservation=((ServerName="EU7-0D9E499D644BD79DB-Perilune2",Playlist=10,Region="EU",ReservationID="B5A0BCE180434595AA4CC82C5C6DCB5F",DSRToken="eyJ0eXAiOiJKV1QiLCJhbGciOiJIUzUxMiJ9.eyJqdGkiOiJjMzYyOTM4OTc1YzU0YmQyOTJiMjM4OTM2NzYwZTA0NyIsImlzcyI6IlBzeU5ldCIsInBsYXllcl9pZCI6IkVwaWN8ODgxOGI0ZGJhNzlhNDNkMThiOTg2ZjQ2ZTRkMDAzOTJ8MCIsInNlcnZlcl9uYW1lIjoiRVU3LTBEOUU0OTlENjQ0QkQ3OURCLVBlcmlsdW5lMiIsImlhdCI6MTc3NDk3OTYzNywibmJmIjoxNzc0OTc5NjM3LCJleHAiOjE3NzQ5OTQwMzd9.HOjY5bdY8GJEuNXBEXEA4UxmKLpzFgOSbN5_oYXxauG5blkhsOpMOO2KTWJDzZf53VtdVfxiGj1FTH21sjwIGg",JoinName="0NR7N981D9N89MDF",JoinPassword="A0H12BR31Y184JUU"))
[0083.94] JoinGame: StartJoin Reservation=((ServerName="EU7-0D9E499D644BD79DB-Perilune2",Playlist=10,Region="EU",ReservationID="B5A0BCE180434595AA4CC82C5C6DCB5F",DSRToken="eyJ0eXAiOiJKV1QiLCJhbGciOiJIUzUxMiJ9.eyJqdGkiOiJjMzYyOTM4OTc1YzU0YmQyOTJiMjM4OTM2NzYwZTA0NyIsImlzcyI6IlBzeU5ldCIsInBsYXllcl9pZCI6IkVwaWN8ODgxOGI0ZGJhNzlhNDNkMThiOTg2ZjQ2ZTRkMDAzOTJ8MCIsInNlcnZlcl9uYW1lIjoiRVU3LTBEOUU0OTlENjQ0QkQ3OURCLVBlcmlsdW5lMiIsImlhdCI6MTc3NDk3OTYzNywibmJmIjoxNzc0OTc5NjM3LCJleHAiOjE3NzQ5OTQwMzd9.HOjY5bdY8GJEuNXBEXEA4UxmKLpzFgOSbN5_oYXxauG5blkhsOpMOO2KTWJDzZf53VtdVfxiGj1FTH21sjwIGg",JoinName="0NR7N981D9N89MDF",JoinPassword="A0H12BR31Y184JUU")) JoinSettings=((PlaylistId=10))
[0083.94] JoinGame: GotoJoinGameState OnlineGameJoinGame_TA -> VerifyPrivileges
[0083.94] Online: TryToPlayOnline ControllerID=(-1)
[0083.94] Matchmaking: OnlineGameMatchmaking_X_0 Searching -> Joining
[0083.94] Online: HandlePrivilegeCheckFinished PrivilegeCheck.bHasRestriction=(False)
[0083.94] JoinGame: GotoJoinGameState VerifyPrivileges -> ReservingServerForMatchmaking
[0083.94] PsyNetBeaconDetail_X: PsyNetBeacon_X_0 SendMessageToServer Message=(AddReservationMessagePublic_X_0)
[0083.94] PsyNet: PsyNetServiceProvider_X_1 ExecuteService Complete, Service=DSR/ClientMessage 
[0083.95] DevOnline: EOSSDK-LogEOSRTC: TickTracker Tick is delayed. TimePeriod=[10.004152s]  TickIntervalThreshold=[0.100000s] MaxTickInterval=[0.168694s] MaxExecutionTime=[0.000027s] TicksCount=[971] ExpectedTicksCount=[1000]
[0085.16] PsyNetBeaconDetail_X: PsyNetBeacon_X_0 ClientHandleMessage Message.MessageType=(ReservationsReadyMessage_X) Message.ReservationID=(B5A0BCE180434595AA4CC82C5C6DCB5F)
[0085.16] Party: HandleServerReserved (Reservation=(ServerName="EU7-0D9E499D644BD79DB-Perilune2",Playlist=10,Region="EU",ReservationID="B5A0BCE180434595AA4CC82C5C6DCB5F",DSRToken="eyJ0eXAiOiJKV1QiLCJhbGciOiJIUzUxMiJ9.eyJqdGkiOiJjMzYyOTM4OTc1YzU0YmQyOTJiMjM4OTM2NzYwZTA0NyIsImlzcyI6IlBzeU5ldCIsInBsYXllcl9pZCI6IkVwaWN8ODgxOGI0ZGJhNzlhNDNkMThiOTg2ZjQ2ZTRkMDAzOTJ8MCIsInNlcnZlcl9uYW1lIjoiRVU3LTBEOUU0OTlENjQ0QkQ3OURCLVBlcmlsdW5lMiIsImlhdCI6MTc3NDk3OTYzNywibmJmIjoxNzc0OTc5NjM3LCJleHAiOjE3NzQ5OTQwMzd9.HOjY5bdY8GJEuNXBEXEA4UxmKLpzFgOSbN5_oYXxauG5blkhsOpMOO2KTWJDzZf53VtdVfxiGj1FTH21sjwIGg",JoinName="0NR7N981D9N89MDF",JoinPassword="A0H12BR31Y184JUU"),PingURL="18.170.201.152:7881",GameURL="18.170.201.152:7880",JoinCredentials="0NR7N981D9N89MDF:A0H12BR31Y184JUU")
[0085.16] JoinGame: GotoJoinGameState ReservingServerForMatchmaking -> JoinCountdown
[0085.16] PsyNetBeaconDetail_X: PsyNetBeacon_X_0 SendMessageToServer Message=(PingMessage_X_0)
[0085.17] PsyNet: PsyNetServiceProvider_X_1 ExecuteService Complete, Service=DSR/ClientMessage 
[0085.53] PsyNetBeaconDetail_X: PsyNetBeacon_X_0 ClientHandleMessage Message.MessageType=(PingMessage_X) Message.ReservationID=(B5A0BCE180434595AA4CC82C5C6DCB5F)
[0085.54] PsyNet: PsyNetServiceProvider_X_1 ExecuteService Complete, Service=DSR/ClientMessage 
[0088.17] JoinGame: GotoJoinGameState JoinCountdown -> OpeningLoadingScreen
[0088.17] RankedReconnect: OnlineGameJoinGame_TA_0::OpeningLoadingScreen.BeginState()
[0088.17] RankedReconnect: LocalPlayer_TA_0.UpdateRankedReconnect() RankedSoloDuel True 2 False
[0088.17] RankedReconnect: RankedReconnectSave_TA_0.ClearRankedReconnect()
[0088.17] DevNet: Browse: JoinGameTransition?game=TAGame.GameInfo_Transition_TA?GameTags=Freeplay
[0088.23] Log: FSaveDataExportTask(0) wrote 1056874 bytes to memory
[0088.23] Log: SaveGameDataAsync game thread time: 8 ms
[0088.24] Log: Deleting old save file ..\..\TAGame\SaveDataEpic\DBE_Production\8818b4dba79a43d18b986f46e4d00392_2.save
[0088.24] Log: LoadMap: JoinGameTransition?game=TAGame.GameInfo_Transition_TA?GameTags=Freeplay
[0088.24] Log: SaveDataExport(0): Finished - File:[..\..\TAGame\SaveDataEpic\DBE_Production\8818b4dba79a43d18b986f46e4d00392_1.save] Result:[1]
[0088.24] EOSVoice: Not requesting voice token, no MatchGUID
[0088.24] EOSGameClips: ShutDown : Shutting down EOSGameClipsController_TA. Self=(EOSGameClipsController_TA_0) PlayerOwner?.GetUniqueNetId()=(Epic|8818b4dba79a43d18b986f46e4d00392|0)
[0088.24] Spawn: TextChatActor_TA_0 Destroyed
[0088.26] DevOnline: PsyNet Flush Start TimeoutSeconds=0.250000
[0088.46] DevOnline: PsyNet Flush End
[0088.48] Log: Fully load package: ..\..\TAGame\CookedPCConsole\GameInfo_Transition_SF.upk
[0088.48] Log: Fully load package: ..\..\TAGame\CookedPCConsole\Mutators_SF.upk
[0088.55] Log: Game class is 'GameInfo_Transition_TA'
[0088.56] Log: Bringing World JoinGameTransition.TheWorld up for play (0) at 2026.03.31-18.54.04
[0088.56] Log: Bringing up level for play took: 0.002872
[0088.56] PartyChallenge: UpdateChallengeProgressForCompetitive bChallengesComplete=(True) ChallengeState=(Challenge_Success) bChallengeSync=(True) bChallengesAreValid=(True) bLegacyPlayer=(False) bGuestAccount=(False) Online_X.UniqueNetIDToString(Manager.Outer.PlayerID)=(Epic|8818b4dba79a43d18b986f46e4d00392|0) Complete
[0088.56] PartyChallenge: InitializeCompetitiveChallenges bGuestAccount=(False) bCompletedChallengesForCompetitive=(True) bLegacyPlayer=(False) Online_X.UniqueNetIDToString(OnlinePlayer.PlayerID)=(Epic|8818b4dba79a43d18b986f46e4d00392|0)
[0088.56] JoinGame: GotoJoinGameState OpeningLoadingScreen -> JoiningNewServer
[0088.56] DevNet: SetProgress, MessageType=1, Title=, Message=Connecting...
[0088.56] Log: ########### Finished loading level: 0.316928 seconds
[0088.56] SettingsExport: CreateSnapshot Metadata {"userId":"Epic|8818b4dba79a43d18b986f46e4d00392|0","platformKey":"Epic","schemaVersion":0,"clientVersion":1532151,"timestampUtc":1774979642,"settingsVersion":7943,"checksum":217310712 Payload Size  97007
[0088.56] SettingsExport: Payload changed. Notifying new Checksum: 217310712
[0088.56] SettingsExport: Local settings updated, uploading data
[0088.56] DevNet: Browse: 18.170.201.152:7880/MENU_Main_p?Name=%e6%bc%a2+%e9%be%8d+%e7%8e%8b+%e7%a5%9e+%e9%97%87%e6%bc%a2+%e9%be%8d+%e7%8e%8b+%e7%a5%9e
[0088.56] DevNet: Game client on port 7880, rate 15000
[0088.56] NetComeGo: SEND first packet Length=80 CRC=395202308
[0088.57] EOSGameClips: EOSGameClips: Recording changed from Recording to NotRecording.
[0088.57] NetComeGo: TcpipConnection_0 RECV first packet IP=18.170.201.152:7880 Length=15 CRC=-1434438970 HandshakeStatus=0 bUseSessionUID=1 InSessionUID=(0 0 0) SessionUID=(0 0 0)
[0088.57] NetComeGo: Client set SessionUID to: 214 126 63
[0088.65] DevNet: Welcomed by server (Level: EuroStadium_Night_P, Game: TAGame.GameInfo_Soccar_TA, GameTags: )
[0088.66] Log: FSaveDataExportTask(0) wrote 1056874 bytes to memory
[0088.66] Log: SaveGameDataAsync game thread time: 8 ms
[0088.68] Log: Deleting old save file ..\..\TAGame\SaveDataEpic\DBE_Production\8818b4dba79a43d18b986f46e4d00392.save
[0088.68] Log: SaveDataExport(0): Finished - File:[..\..\TAGame\SaveDataEpic\DBE_Production\8818b4dba79a43d18b986f46e4d00392_2.save] Result:[1]
[0088.68] Log: Flushing async loaders.
[0088.68] Log: Flushed async loaders.
[0088.68] Log: LoadMap: 18.170.201.152:7880/EuroStadium_Night_P?Name=%e6%bc%a2+%e9%be%8d+%e7%8e%8b+%e7%a5%9e+%e9%97%87%e6%bc%a2+%e9%be%8d+%e7%8e%8b+%e7%a5%9e?game=TAGame.GameInfo_Soccar_TA
[0088.69] DevOnline: PsyNet Flush Start TimeoutSeconds=0.250000
[0088.91] DevOnline: PsyNet Flush End
[0088.91] Log: Fully load package: ..\..\TAGame\CookedPCConsole\GameInfo_Soccar_SF.upk
[0089.00] Log: Fully load package: ..\..\TAGame\CookedPCConsole\GFxSounds_XP_SF.upk
[0089.00] Log: Fully load package: ..\..\TAGame\CookedPCConsole\GFx_XPProgressMenu_SF.upk
[0089.03] Log: Fully load package: ..\..\TAGame\CookedPCConsole\GFX_EndGameMenu_SF.upk
[0089.07] Log: Fully load package: ..\..\TAGame\CookedPCConsole\GFX_WinnerMenu_SF.upk
[0089.09] Log: Fully load package: ..\..\TAGame\CookedPCConsole\GFX_MidGameScoreboard_SF.upk
[0089.10] Log: Fully load package: ..\..\TAGame\CookedPCConsole\GFX_MidGameMenu_SF.upk
[0089.11] Log: Fully load package: ..\..\TAGame\CookedPCConsole\GFX_HudMatchInfo_SF.upk
[0089.12] Log: Fully load package: ..\..\TAGame\CookedPCConsole\GFX_Hud_SF.upk
[0089.38] Log: Octree Warning (AddPrimitive): StaticMeshActor_SMC_18 (Owner: EuroStadium_Night_P.TheWorld:PersistentLevel.MeshCollector1) Outside World.
[0089.38] Log: Octree Warning (AddPrimitive): StaticMeshActor_SMC_722 (Owner: EuroStadium_Night_P.TheWorld:PersistentLevel.MeshCollector1) Outside World.
[0089.55] Log: Bringing World EuroStadium_Night_P.TheWorld up for play (0) at 2026.03.31-18.54.05
[0089.55] Log: Bringing up level for play took: 0.178183
[0089.67] RootMenu: [GFx] UIShellInstance - setting the shell instance
[0089.69] PartyChallenge: UpdateChallengeProgressForCompetitive bChallengesComplete=(True) ChallengeState=(Challenge_Success) bChallengeSync=(True) bChallengesAreValid=(True) bLegacyPlayer=(False) bGuestAccount=(False) Online_X.UniqueNetIDToString(Manager.Outer.PlayerID)=(Epic|8818b4dba79a43d18b986f46e4d00392|0) Complete
[0089.69] PartyChallenge: InitializeCompetitiveChallenges bGuestAccount=(False) bCompletedChallengesForCompetitive=(True) bLegacyPlayer=(False) Online_X.UniqueNetIDToString(OnlinePlayer.PlayerID)=(Epic|8818b4dba79a43d18b986f46e4d00392|0)
[0089.69] JoinGame: OnJoinGameComplete bSuccess=(True) FailReason=()
[0089.69] JoinGame: GotoJoinGameState JoiningNewServer -> None
[0089.69] PsyNetBeaconDetail_X: PsyNetBeacon_X_0 Close
[0089.69] PsyNetBeaconDetail_X: PsyNetBeacon_X_0 CloseConnection Connection.ConnectionID=(eyJ0eXAiOiJKV1QiLCJhbGciOiJIUzUxMiJ9.eyJqdGkiOiJjMzYyOTM4OTc1YzU0YmQyOTJiMjM4OTM2NzYwZTA0NyIsImlzcyI6IlBzeU5ldCIsInBsYXllcl9pZCI6IkVwaWN8ODgxOGI0ZGJhNzlhNDNkMThiOTg2ZjQ2ZTRkMDAzOTJ8MCIsInNlcnZlcl9uYW1lIjoiRVU3LTBEOUU0OTlENjQ0QkQ3OURCLVBlcmlsdW5lMiIsImlhdCI6MTc3NDk3OTYzNywibmJmIjoxNzc0OTc5NjM3LCJleHAiOjE3NzQ5OTQwMzd9.HOjY5bdY8GJEuNXBEXEA4UxmKLpzFgOSbN5_oYXxauG5blkhsOpMOO2KTWJDzZf53VtdVfxiGj1FTH21sjwIGg)
[0089.69] Matchmaking: OnlineGameMatchmaking_X_0 Joining -> None
[0089.69] Spawn: TextChatActor_TA_1 OnOwnerChanged PlayerController_TA_1
[0089.69] EOSGameClips: Construct Constructed EOSGameClipsController_TA. Self=(EOSGameClipsController_TA_1)
[0089.69] Log: ########### Finished loading level: 1.006623 seconds
[0089.69] DevOnline: EOSSDK-LogEOSGameClips: Missing encoder drain completed message.
[0089.69] SettingsExport: Settings content not changed. Will not update the Settings Online
[0089.83] EOSGameClips: ShutDown : Shutting down EOSGameClipsController_TA. Self=(EOSGameClipsController_TA_1) PlayerOwner?.GetUniqueNetId()=(Epic|8818b4dba79a43d18b986f46e4d00392|0)
[0089.84] PartyChallenge: UpdateChallengeProgressForCompetitive bChallengesComplete=(True) ChallengeState=(Challenge_Success) bChallengeSync=(True) bChallengesAreValid=(True) bLegacyPlayer=(False) bGuestAccount=(False) Online_X.UniqueNetIDToString(Manager.Outer.PlayerID)=(Epic|8818b4dba79a43d18b986f46e4d00392|0) Complete
[0089.84] PartyChallenge: InitializeCompetitiveChallenges bGuestAccount=(False) bCompletedChallengesForCompetitive=(True) bLegacyPlayer=(False) Online_X.UniqueNetIDToString(OnlinePlayer.PlayerID)=(Epic|8818b4dba79a43d18b986f46e4d00392|0)
[0089.84] EOSGameClips: Construct Constructed EOSGameClipsController_TA. Self=(EOSGameClipsController_TA_2)
[0089.84] ScriptLog: Client InputRate=60
[0089.84] DevNet: PlayerController_TA_2 setplayer LocalPlayer_TA_0
[0089.84] PsyNetStaticData: UpdateCacheTimerEnabled CacheTimer.bEnabled=(False)
[0089.84] MatchBroadcast: Init bBroadcastMatch=(False) MatchLog=(None)
[0089.86] ScriptLog: Uncached PlatformId for Epic|8818b4dba79a43d18b986f46e4d00392|0
[0089.87] ScriptLog: MatchGUID: 979A701811F12D2AE6398D87DD4705C1
[0089.87] Spawn: TextChatActor_TA_2 OnOwnerChanged PlayerController_TA_2
[0089.91] RootMenu: [GFx] UIShellInstance - setting the shell instance
[0089.96] LTM: SettingsType=(CustomMatchSettingsType_PrivateMatch)
[0089.99] MusicPlayer: HandleTrackEnd CurrentTrackPlayingID=(0) PlayingID=(5)
[0089.99] MusicPlayer: HandleTrackEnd CurrentTrackPlayingID=(0) PlayingID=(5)
[0090.01] EOSVoice: Voice not enabled for current playlist
[0090.15] DevOnline: WebRequest_X_42 SEND: https://rl-cdn.psyonix.com/Ads/Prod/260.aC72R2Xg/401.jpg
[0090.66] DevOnline: WebRequest_X_42 RECV: 304 
[0090.76] EOSGameClips: EOSGameClips: Currently recording: false
[0090.76] EOSGameClips: CaptureClipPressed Game clips is currently not recording.
[0090.79] DevOnline: WebRequest_X_43 SEND: https://rl-cdn.psyonix.com/Ads/Prod/258.4bdH9Zrn/401.jpg
[0091.26] DevOnline: WebRequest_X_43 RECV: 304 
[0091.38] DevOnline: WebRequest_X_44 SEND:  https://rl-cdn.psyonix.com/Ads/Prod/260.aC72R2Xg/402.jpg
[0091.38] DevOnline: WebRequest_X_44 RECV: 0 
[0091.38] Log: WebRequest_X_44 type: HTTPError, message: 
[0093.96] DevOnline: EOSSDK-LogEOSRTC: TickTracker Tick is delayed. TimePeriod=[10.002429s]  TickIntervalThreshold=[0.100000s] MaxTickInterval=[0.244897s] MaxExecutionTime=[0.000070s] TicksCount=[989] ExpectedTicksCount=[1000]
[0096.26] EOSGameClips: EOSGameClips: Starting background recording: API Version 2, Clip Duration 30
[0096.26] DevOnline: EOSSDK-LogEOSGameClips: Starting recording up to 30 seconds.
[0096.27] EOSGameClips: EOSGameClips: Recording changed from NotRecording to Recording.
[0100.26] EOSGameClips: EOSGameClips: Starting background recording: API Version 2, Clip Duration 30
[0117.43] EOSGameClips: EOSGameClips: Currently recording: true
[0126.04] NetworkInputBuffer: Hitch detected! 1000.6790ms
[0126.55] Log: Timed out while waiting for GPU to catch up. (500 ms)
[0127.06] NetworkInputBuffer: Hitch detected! 1015.3503ms
[0127.06] DevNet: Bad connection: IP=18.170.201.152:7880 Name="  ‹ ^ Ç"  ‹ ^ State=3 Ping=1.015358 ReceiveTime=0.000000 AckTime=0.000000
[0131.13] NetworkInputBuffer: Hitch detected! 4071.1135ms
[0131.13] DevNet: Bad connection: IP=18.170.201.152:7880 Name="  ‹ ^ Ç"  ‹ ^ State=3 Ping=4.071110 ReceiveTime=0.000000 AckTime=0.000000
[0133.96] DevOnline: EOSSDK-LogEOSRTC: TickTracker Tick is delayed. TimePeriod=[10.005427s]  TickIntervalThreshold=[0.100000s] MaxTickInterval=[4.071968s] MaxExecutionTime=[0.000036s] TicksCount=[473] ExpectedTicksCount=[1000]
[0138.11] EOSGameClips: EOSGameClips: Starting background recording: API Version 2, Clip Duration 30
[0140.46] DevOnline: WebRequest_X_45 SEND: https://datarouter.ol.epicgames.com/datarouter/api/v1/public/data?AppID=RocketLeague.Release&AppVersion=1210528741&AppEnvironment=Prod&UploadType=eteventstream&UserID=|8818b4dba79a43d18b986f46e4d00392|||Epic|8818b4dba79a43d18b986f46e4d00392|0&SessionID=CD3171EF43FDD762A72030B5E4D0FB6B
[0140.64] EOSGameClips: EOSGameClips: Currently recording: true
[0140.96] DevOnline: WebRequest_X_45 RECV: 204 
[0141.45] EOSGameClips: EOSGameClips: Currently recording: true
[0142.23] EOSGameClips: EOSGameClips: Starting background recording: API Version 2, Clip Duration 30
[0146.22] EOSGameClips: EOSGameClips: Starting background recording: API Version 2, Clip Duration 30
[0171.79] EOSGameClips: EOSGameClips: Starting background recording: API Version 2, Clip Duration 30
[0174.32] EOSGameClips: EOSGameClips: Currently recording: true
[0174.69] EOSGameClips: EOSGameClips: Currently recording: true
[0174.69] EOSGameClips: CaptureClipPressed Capture clip called for player:  GetEpicAccountId()=(8818b4dba79a43d18b986f46e4d00392) InGameClipInputType=(GoalReplay)
[0174.77] EOSGameClips: EOSGameClips: Currently recording: true
[0174.77] EOSGameClips: EOSGameClips: Take a clip! Account: 8818b4dba79a43d18b986f46e4d00392
[0174.77] EOSGameClips: CreateClip Attempting to clip for account:  ClipId=(1) AccountId=(8818b4dba79a43d18b986f46e4d00392) InGameClipInputType=(GoalReplay)
[0174.78] DevOnline: EOSSDK-LogEOSGameClips: Failed to create clip: 
[0174.78] DevOnline: EOSSDK-LogEOSGameClips: Clip '6D5AF6A54164E0EE5BC2AD93AE6967FF': Clip 1 failed: Not enough frames recorded
[0174.78] EOSGameClips: EOSGameClips: Clip progress callback. ClipId: 1, ERROR - Result Code: EOS_GameClips_CreateFailed
[0174.78] EOSGameClips: EOSGameClips: Setting clip upload finished for user: 8818b4dba79a43d18b986f46e4d00392, clip: 1
[0174.78] Warning: EOSGameClips: Could not find clip with id: 1. The clip may be corrupt.
[0174.78] EOSGameClips: EOSGameClipsMetrics_TA_0.RecordClipInfo()  - Errors[0] InClipInfoMetric.Errors[Index]=(GameClipsFailedToUpload)
[0175.75] EOSGameClips: EOSGameClips: Starting background recording: API Version 2, Clip Duration 30
[0179.69] EOSGameClips: EOSGameClips: Starting background recording: API Version 2, Clip Duration 30
[0200.46] DevOnline: WebRequest_X_46 SEND: https://datarouter.ol.epicgames.com/datarouter/api/v1/public/data?AppID=RocketLeague.Release&AppVersion=1210528741&AppEnvironment=Prod&UploadType=eteventstream&UserID=|8818b4dba79a43d18b986f46e4d00392|||Epic|8818b4dba79a43d18b986f46e4d00392|0&SessionID=CD3171EF43FDD762A72030B5E4D0FB6B
[0200.60] DevOnline: WebRequest_X_46 RECV: 204 
[0217.11] EOSGameClips: EOSGameClips: Starting background recording: API Version 2, Clip Duration 30
[0219.62] EOSGameClips: EOSGameClips: Currently recording: true
[0220.38] EOSGameClips: EOSGameClips: Currently recording: true
[0221.05] SplitScreen: Press Start ControllerId=0 Player=LocalPlayer_TA_0
[0221.10] Log: FSaveDataExportTask(0) wrote 1056928 bytes to memory
[0221.10] Log: SaveGameDataAsync game thread time: 8 ms
[0221.12] Log: Deleting old save file ..\..\TAGame\SaveDataEpic\DBE_Production\8818b4dba79a43d18b986f46e4d00392_1.save
[0221.12] Log: SaveDataExport(0): Finished - File:[..\..\TAGame\SaveDataEpic\DBE_Production\8818b4dba79a43d18b986f46e4d00392.save] Result:[1]
[0221.12] SettingsExport: CreateSnapshot Metadata {"userId":"Epic|8818b4dba79a43d18b986f46e4d00392|0","platformKey":"Epic","schemaVersion":0,"clientVersion":1532151,"timestampUtc":1774979774,"settingsVersion":7945,"checksum":-967369494 Payload Size  97006
[0221.12] SettingsExport: Payload changed. Notifying new Checksum: -967369494
[0221.12] SettingsExport: Local settings updated, uploading data
[0221.15] EOSGameClips: EOSGameClips: Starting background recording: API Version 2, Clip Duration 30
[0221.49] Online: TryToPlayOnline ControllerID=(-1)
[0221.50] Online: HandlePrivilegeCheckFinished PrivilegeCheck.bHasRestriction=(False)
[0221.50] Online: HandlePrivilegeCheck PrivilegeCheck.bHasRestriction=(False)
[0225.16] EOSGameClips: EOSGameClips: Starting background recording: API Version 2, Clip Duration 30
[0254.96] EOSGameClips: EOSGameClips: Currently recording: true
[0260.26] SplitScreen: Press Start ControllerId=0 Player=LocalPlayer_TA_0
[0260.45] DevOnline: WebRequest_X_47 SEND: https://datarouter.ol.epicgames.com/datarouter/api/v1/public/data?AppID=RocketLeague.Release&AppVersion=1210528741&AppEnvironment=Prod&UploadType=eteventstream&UserID=|8818b4dba79a43d18b986f46e4d00392|||Epic|8818b4dba79a43d18b986f46e4d00392|0&SessionID=CD3171EF43FDD762A72030B5E4D0FB6B
[0260.57] DevOnline: WebRequest_X_47 RECV: 204 
[0291.63] SplitScreen: Press Start ControllerId=0 Player=LocalPlayer_TA_0
[0292.13] EOSGameClips: EOSGameClips: Starting background recording: API Version 2, Clip Duration 30
[0293.47] Online: TryToPlayOnline ControllerID=(-1)
[0293.48] Online: HandlePrivilegeCheckFinished PrivilegeCheck.bHasRestriction=(False)
[0293.63] Party: OnPartyCreated bWasSuccessful=(True) InPartyId:'PsyNet-9OQa3jbi' 
[0293.63] Party: HandleJoinLobby bWasSuccessful=(True) LobbyUID:'PsyNet-9OQa3jbi' 
[0293.63] Party: HandleLobbyMemberStatusUpdate LobbyUID=PsyNet-9OQa3jbi Members=1 MemberIndex=0 MemberID=Epic|8818b4dba79a43d18b986f46e4d00392|0
[0293.63] PsyNet: PsyNetChannel_X_0 Init party:9OQa3jbi
[0293.63] PsyNet: PsyNetChannel_X_0 Open party:9OQa3jbi
[0293.63] PsyNet: PsyNetChannel_X_0 party:9OQa3jbi waiting for first channel message
[0293.73] PartyChallenge: UpdateLevelAndChallengesForPlayer InPlayerId=(Epic|8818b4dba79a43d18b986f46e4d00392|0) InXPLevel=(339) bInCompletedChallenges=(True) bInLegacyPlayer=(False) bInGuestAccount=(False)
[0293.73] Eula: RequiresAcceptance? EulaConfig?.bRequiresAcceptance=(True) GetUISave()?.Contains('bAcceptedOfflineEULA')=(True) Eula.SyncState=(LSS_Accepted)
[0293.73] Party: BroadcastMatchmakingAvailabilityDelayed PartyMemberID:'Epic|8818b4dba79a43d18b986f46e4d00392|0' MatchmakeRestrictions=(0)
[0293.73] Party: SetAvailableForMatchmakingForMember PartyMemberID:'Epic|8818b4dba79a43d18b986f46e4d00392|0' MatchmakeRestrictions=(0)
[0293.73] Party: BroadcastDisableCrossPlay PartyMemberID:'Epic|8818b4dba79a43d18b986f46e4d00392|0' PartyMembers[ PartyMemberIndex ].bDisableCrossPlay=(False)
[0293.73] Party: BroadcastCrossTextChatState PartyMemberID:'Epic|8818b4dba79a43d18b986f46e4d00392|0' PartyMembers[PartyMemberIndex].CrossChatState=(PCCS_Everybody)
[0293.83] PartyChallenge: UpdateLevelAndChallengesForPlayer InPlayerId=(Epic|8818b4dba79a43d18b986f46e4d00392|0) InXPLevel=(339) bInCompletedChallenges=(True) bInLegacyPlayer=(False) bInGuestAccount=(False)
[0293.94] EOSVoice: Joining room 9OQa3jbi
[0294.03] PsyNet: PsyNetChannel_X_0 party:9OQa3jbi first channel message MessageID=1
[0294.03] PsyNet: PsyNetChannel_X_0 party:9OQa3jbi executing MessageID=1
[0294.04] PsyNet: PsyNetServiceProvider_X_1 ExecuteService Complete, Service=Party/System 
[0294.09] PsyNet: PsyNetChannel_X_0 party:9OQa3jbi receive message MessageID=3
[0294.09] PsyNet: PsyNetChannel_X_0 party:9OQa3jbi waiting for 2
[0294.10] PsyNet: PsyNetChannel_X_0 party:9OQa3jbi receive message MessageID=2
[0294.10] PsyNet: PsyNetChannel_X_0 party:9OQa3jbi executing MessageID=2
[0294.10] PsyNet: PsyNetChannel_X_0 party:9OQa3jbi executing MessageID=3
[0294.11] PsyNet: PsyNetServiceProvider_X_1 ExecuteService Complete, Service=Party/System 
[0294.11] PsyNet: PsyNetServiceProvider_X_1 ExecuteService Complete, Service=Party/System 
[0294.11] PsyNet: PsyNetChannel_X_0 party:9OQa3jbi receive message MessageID=4
[0294.11] PsyNet: PsyNetChannel_X_0 party:9OQa3jbi executing MessageID=4
[0294.12] PsyNet: PsyNetServiceProvider_X_1 ExecuteService Complete, Service=Party/System 
[0294.12] PsyNet: PsyNetChannel_X_0 party:9OQa3jbi receive message MessageID=5
[0294.12] PsyNet: PsyNetChannel_X_0 party:9OQa3jbi executing MessageID=5
[0294.13] PsyNet: PsyNetServiceProvider_X_1 ExecuteService Complete, Service=Party/System 
[0294.13] PsyNet: PsyNetChannel_X_0 party:9OQa3jbi receive message MessageID=6
[0294.13] PsyNet: PsyNetChannel_X_0 party:9OQa3jbi executing MessageID=6
[0294.14] PsyNet: PsyNetServiceProvider_X_1 ExecuteService Complete, Service=Party/System 
[0294.14] PsyNet: PsyNetChannel_X_0 party:9OQa3jbi receive message MessageID=7
[0294.14] PsyNet: PsyNetChannel_X_0 party:9OQa3jbi executing MessageID=7
[0294.15] PsyNet: PsyNetServiceProvider_X_1 ExecuteService Complete, Service=Party/System 
[0294.17] PsyNet: PsyNetChannel_X_0 party:9OQa3jbi receive message MessageID=8
[0294.17] PsyNet: PsyNetChannel_X_0 party:9OQa3jbi executing MessageID=8
[0294.18] PsyNet: PsyNetServiceProvider_X_1 ExecuteService Complete, Service=Party/System 
[0294.19] PsyNet: PsyNetChannel_X_0 party:9OQa3jbi receive message MessageID=9
[0294.19] PsyNet: PsyNetChannel_X_0 party:9OQa3jbi executing MessageID=9
[0294.19] PsyNet: PsyNetServiceProvider_X_1 ExecuteService Complete, Service=Party/System 
[0294.19] PsyNet: PsyNetChannel_X_0 party:9OQa3jbi receive message MessageID=10
[0294.19] PsyNet: PsyNetChannel_X_0 party:9OQa3jbi executing MessageID=10
[0294.20] PsyNet: PsyNetServiceProvider_X_1 ExecuteService Complete, Service=Party/System 
[0294.56] PsyNet: PsyNetChannel_X_0 party:9OQa3jbi receive message MessageID=11
[0294.56] PsyNet: PsyNetChannel_X_0 party:9OQa3jbi executing MessageID=11
[0294.57] PsyNet: PsyNetServiceProvider_X_1 ExecuteService Complete, Service=Party/System 
[0294.59] EOSGameClips: EOSGameClips: Currently recording: true
[0294.63] EOSVoice: SetPlayerMuteStatus for player 8818b4dba79a43d18b986f46e4d00392 in room 9OQa3jbi to False
[0294.66] EOSGameClips: EOSGameClips: Currently recording: true
[0294.98] PsyNet: PsyNetChannel_X_0 party:9OQa3jbi receive message MessageID=12
[0294.98] PsyNet: PsyNetChannel_X_0 party:9OQa3jbi executing MessageID=12
[0294.99] PsyNet: PsyNetServiceProvider_X_1 ExecuteService Complete, Service=Party/System 
[0295.64] EOSGameClips: EOSGameClips: Starting background recording: API Version 2, Clip Duration 30
[0295.96] EOSGameClips: EOSGameClips: Currently recording: true
[0296.78] EOSGameClips: EOSGameClips: Starting background recording: API Version 2, Clip Duration 30
[0300.80] EOSGameClips: EOSGameClips: Starting background recording: API Version 2, Clip Duration 30
[0320.44] DevOnline: WebRequest_X_48 SEND: https://datarouter.ol.epicgames.com/datarouter/api/v1/public/data?AppID=RocketLeague.Release&AppVersion=1210528741&AppEnvironment=Prod&UploadType=eteventstream&UserID=|8818b4dba79a43d18b986f46e4d00392|||Epic|8818b4dba79a43d18b986f46e4d00392|0&SessionID=CD3171EF43FDD762A72030B5E4D0FB6B
[0320.56] DevOnline: WebRequest_X_48 RECV: 204 
[0341.43] SplitScreen: Press Start ControllerId=0 Player=LocalPlayer_TA_0
[0342.09] Log: FSaveDataExportTask(0) wrote 1034685 bytes to memory
[0342.09] Log: SaveGameDataAsync game thread time: 8 ms
[0342.11] Log: Deleting old save file ..\..\TAGame\SaveDataEpic\DBE_Production\8818b4dba79a43d18b986f46e4d00392_2.save
[0342.11] Log: SaveDataExport(0): Finished - File:[..\..\TAGame\SaveDataEpic\DBE_Production\8818b4dba79a43d18b986f46e4d00392_1.save] Result:[1]
[0342.11] SettingsExport: Settings content not changed. Will not update the Settings Online
[0342.68] EOSGameClips: EOSGameClips: Starting background recording: API Version 2, Clip Duration 30
[0345.08] EOSGameClips: EOSGameClips: Currently recording: true
[0345.24] EOSGameClips: EOSGameClips: Currently recording: true
[0346.01] EOSGameClips: EOSGameClips: Currently recording: true
[0346.80] SplitScreen: Press Start ControllerId=0 Player=LocalPlayer_TA_0
[0346.82] EOSGameClips: EOSGameClips: Starting background recording: API Version 2, Clip Duration 30
[0350.85] EOSGameClips: EOSGameClips: Starting background recording: API Version 2, Clip Duration 30
[0360.48] EOSGameClips: EOSGameClips: Starting background recording: API Version 2, Clip Duration 30
[0363.00] EOSGameClips: EOSGameClips: Currently recording: true
[0363.85] EOSGameClips: EOSGameClips: Currently recording: true
[0364.59] EOSGameClips: EOSGameClips: Starting background recording: API Version 2, Clip Duration 30
[0368.64] EOSGameClips: EOSGameClips: Starting background recording: API Version 2, Clip Duration 30
[0380.44] DevOnline: WebRequest_X_49 SEND: https://datarouter.ol.epicgames.com/datarouter/api/v1/public/data?AppID=RocketLeague.Release&AppVersion=1210528741&AppEnvironment=Prod&UploadType=eteventstream&UserID=|8818b4dba79a43d18b986f46e4d00392|||Epic|8818b4dba79a43d18b986f46e4d00392|0&SessionID=CD3171EF43FDD762A72030B5E4D0FB6B
[0380.54] DevOnline: WebRequest_X_49 RECV: 204 
[0414.49] SplitScreen: Press Start ControllerId=0 Player=LocalPlayer_TA_0
[0415.99] XPProgression: GFxHUD_TA.HandleGameStateChanged Current player match score = 428, UniqueId=(Epic|8818b4dba79a43d18b986f46e4d00392|0), with total match time = 251.6079 seconds, with total net time = 251.6079seconds
[0415.99] Party: Ranked Game Finished, Clear party member server
[0415.99] RankedReconnect: RankedReconnectSave_TA_0.ClearRankedReconnect()
[0416.01] Log: FSaveDataExportTask(0) wrote 1034631 bytes to memory
[0416.01] Log: SaveGameDataAsync game thread time: 8 ms
[0416.02] Log: Deleting old save file ..\..\TAGame\SaveDataEpic\DBE_Production\8818b4dba79a43d18b986f46e4d00392.save
[0416.02] Log: SaveDataExport(0): Finished - File:[..\..\TAGame\SaveDataEpic\DBE_Production\8818b4dba79a43d18b986f46e4d00392_2.save] Result:[1]
[0416.03] SettingsExport: CreateSnapshot Metadata {"userId":"Epic|8818b4dba79a43d18b986f46e4d00392|0","platformKey":"Epic","schemaVersion":0,"clientVersion":1532151,"timestampUtc":1774979970,"settingsVersion":7947,"checksum":217310712 Payload Size  97007
[0416.03] SettingsExport: Payload changed. Notifying new Checksum: 217310712
[0416.03] SettingsExport: Local settings updated, uploading data
[0416.24] PartyChallenge: UpdateChallengeProgressForCompetitive bChallengesComplete=(True) ChallengeState=(Challenge_Success) bChallengeSync=(True) bChallengesAreValid=(True) bLegacyPlayer=(False) bGuestAccount=(False) Online_X.UniqueNetIDToString(Manager.Outer.PlayerID)=(Epic|8818b4dba79a43d18b986f46e4d00392|0) Complete
[0416.25] PsyNet: PsyNetServiceProvider_X_1 ExecuteService Complete, Service=Challenges/PlayerProgress 
[0416.27] XPProgression: SaveData_TA.HandleRewardDropNotification PsyNetService_RewardDropReceived_TA returned Total XP Earned = 1549.0000, in match with ID = 979A701811F12D2AE6398D87DD4705C1 , Current player match score = 428, UniqueId=(Epic|8818b4dba79a43d18b986f46e4d00392|0), with total match time = 251.6079 seconds, with total net time = 251.6079seconds
[0416.27] PsyNet: PsyNetServiceProvider_X_1 ExecuteService Complete, Service=Reward/RewardResult 
[0416.45] Prime24121: StartSearch.PreferredRegions.Length 5
[0416.45] Matchmaking: OnlineGameMatchmaking_X_0 OnlineGameMatchmaking_X -> PingRegions
[0416.45] Party: UpdatePartyLock NewLockStatus=(True)
[0416.75] DevOnline: PlayerDataStorage_WriteFile: Beginning to upload file. User=(8818b4dba79a43d18b986f46e4d00392) FileName=(RLSettingsData)
[0416.75] ScriptLog: RegionPinger_X_2 PingRegions ("18.168.56.10:8087","15.237.0.132:8017","54.72.35.49:8151","18.157.22.32:7793","13.49.163.140:7709","15.160.121.97:7885","3.101.169.52:7785","18.88.26.202:7813","3.143.34.153:7745","3.237.117.241:8003","44.234.80.94:7905","13.244.194.235:7765","52.221.216.181:7825","65.1.168.177:8029","15.228.210.78:7973","3.26.119.19:8097","35.76.42.117:7917","54.46.76.7:7825")
[0416.89] PsyNet: PsyNetChannel_X_0 party:9OQa3jbi receive message MessageID=13
[0416.89] PsyNet: PsyNetChannel_X_0 party:9OQa3jbi executing MessageID=13
[0416.90] PsyNet: PsyNetServiceProvider_X_1 ExecuteService Complete, Service=Party/System 
[0416.98] EOSGameClips: EOSGameClips: Starting background recording: API Version 2, Clip Duration 30
[0417.05] DevOnline: PlayerDataStorage_WriteFile: Beginning to upload file. User=(8818b4dba79a43d18b986f46e4d00392) FileName=(RLSaveData)
[0418.03] DevOnline: PlayerDataStorage_WriteFile: File upload complete. User=(8818b4dba79a43d18b986f46e4d00392) FileName=(RLSettingsData) Success=(1)
[0418.03] SettingsExport: Settings data upload complete. Success: True
[0418.51] Matchmaking: All Regions Pinged: EU7 (0.0167),EU9 (0.0250),EU3 (0.0250),EU5 (0.0250),EU1 (0.0500),ME3 (0.0500),USW1 (0.1750),USC1 (0.1833),USE3 (0.1083),USE1 (0.1019),ME1 (1.0000),USW3 (0.1667),SAF1 (0.1667),ASM1 (0.1750),IND1 (0.2000),SAM1 (0.2250),OCE1 (0.2804),JPN1 (0.2554),ASC1 (1.0000),JPN (1.0000),ASC (1.0000),ASM (1.0000),EU (1.0000),IND (1.0000),ME2 (1.0000),ME (1.0000),OCE (1.0000),SAF (1.0000),SAM (1.0000),USC (1.0000),USE (1.0000),USW (1.0000)
[0418.51] Matchmaking: Failed to ping 'ME1'. Using cached ping '0.1010'
[0418.51] Matchmaking: Failed to ping 'ASC1'. Using cached ping '0.6632'
[0418.51] Log: FCacheExportTask(..\..\TAGame\Cache\RegionCache.cache) wrote 1803 bytes to memory
[0418.51] Matchmaking: OnlineGameMatchmaking_X_0 PingRegions -> Searching
[0418.51] Prime24121: HandleRegionsPinged.PreferredRegions.Length 5
[0418.51] Matchmaking: OnlineGameMatchmaking_X::RecordStart
[0418.51] Matchmaking: Pre-divide PartyLeaderMMR: 23.3750
[0418.51] Matchmaking: Post-divide PartyLeaderMMR: 23.3750
[0418.51] Matchmaking: PartyLeaderTier=(10)
[0418.51] Matchmaking: StartMatchmaking at 2026-03-31 17:59:33 in EU7,EU9,EU3,EU5,EU1 for playlists 10 on game server 130746482
[0418.51] Matchmaking: Creating RPC_StartMatchmaking_X
[0418.51] Matchmaking: PreferredRegions.Length=(5) PreferredPlaylists.Length=(1) Party.GetOrderedPartyMemberIDs().Length=(1)
[0418.51] Matchmaking: SecondsSearching=(2) CurrentServerID=(130746482) bDisableCrossplay=(False) bIgnoreSkill=(False)
[0418.51] Party: UpdatePartyLock NewLockStatus=(True)
[0418.77] Matchmaking: Matchmaking RPC succeeded.
[0418.77] Matchmaking: EstimatedQueueTime=(13.0000)
[0418.97] XPProgression: GFxHUD_TA.HandleGameStateChanged Current player match score = 428, UniqueId=(Epic|8818b4dba79a43d18b986f46e4d00392|0), with total match time = 251.6079 seconds, with total net time = 251.6079seconds
[0418.97] Party: Ranked Game Finished, Clear party member server
[0418.97] RankedReconnect: RankedReconnectSave_TA_0.ClearRankedReconnect()
[0419.10] PsyNet: PsyNetChannel_X_0 party:9OQa3jbi receive message MessageID=14
[0419.10] PsyNet: PsyNetChannel_X_0 party:9OQa3jbi executing MessageID=14
[0419.10] PsyNet: PsyNetServiceProvider_X_1 ExecuteService Complete, Service=Party/System 
[0419.25] DevOnline: PlayerDataStorage_WriteFile: File upload complete. User=(8818b4dba79a43d18b986f46e4d00392) FileName=(RLSaveData) Success=(1)
[0419.96] EOSGameClips: EOSGameClips: Starting background recording: API Version 2, Clip Duration 30
[0423.36] PsyNetBeaconDetail_X: PsyNetBeacon_X_0 ReserveConnection ReservationID=(B55873EBAC8140D189AB3538C932E4C5) ConnectionID=(eyJ0eXAiOiJKV1QiLCJhbGciOiJIUzUxMiJ9.eyJqdGkiOiIwMDQxN2EzZWFlMzQ0NTdkODIxOGNkNjkyNDc0NThkNyIsImlzcyI6IlBzeU5ldCIsInBsYXllcl9pZCI6IkVwaWN8ODgxOGI0ZGJhNzlhNDNkMThiOTg2ZjQ2ZTRkMDAzOTJ8MCIsInNlcnZlcl9uYW1lIjoiRVU3LTAzNzI4QkVDRDRCMjg4ODIwLUFwb2dlZTIiLCJpYXQiOjE3NzQ5Nzk5NzcsIm5iZiI6MTc3NDk3OTk3NywiZXhwIjoxNzc0OTk0Mzc3fQ.AmUqvQtQiG28a1q9AxN32e_luVVDBBjd7YR__Dr538OXlGSxmpIRsqD-c2K6oWwtUtz7MaMtNcDhLihKEzNYIg)
[0423.36] PsyNetBeaconDetail_X: PsyNetBeacon_X_0 ClientHandleMessage Message.MessageType=(ClientReservationMessage_X) Message.ReservationID=(B55873EBAC8140D189AB3538C932E4C5)
[0423.36] CheckReservation: Received game server from notification (v3) Message.Reservation=((ServerName="EU7-03728BECD4B288820-Apogee2",Playlist=10,Region="EU",ReservationID="B55873EBAC8140D189AB3538C932E4C5",DSRToken="eyJ0eXAiOiJKV1QiLCJhbGciOiJIUzUxMiJ9.eyJqdGkiOiIwMDQxN2EzZWFlMzQ0NTdkODIxOGNkNjkyNDc0NThkNyIsImlzcyI6IlBzeU5ldCIsInBsYXllcl9pZCI6IkVwaWN8ODgxOGI0ZGJhNzlhNDNkMThiOTg2ZjQ2ZTRkMDAzOTJ8MCIsInNlcnZlcl9uYW1lIjoiRVU3LTAzNzI4QkVDRDRCMjg4ODIwLUFwb2dlZTIiLCJpYXQiOjE3NzQ5Nzk5NzcsIm5iZiI6MTc3NDk3OTk3NywiZXhwIjoxNzc0OTk0Mzc3fQ.AmUqvQtQiG28a1q9AxN32e_luVVDBBjd7YR__Dr538OXlGSxmpIRsqD-c2K6oWwtUtz7MaMtNcDhLihKEzNYIg",JoinName="GVZ36VGYUBLNEYF9",JoinPassword="MNC3Z6DSGK2T0N27"))
[0423.36] JoinGame: StartJoin Reservation=((ServerName="EU7-03728BECD4B288820-Apogee2",Playlist=10,Region="EU",ReservationID="B55873EBAC8140D189AB3538C932E4C5",DSRToken="eyJ0eXAiOiJKV1QiLCJhbGciOiJIUzUxMiJ9.eyJqdGkiOiIwMDQxN2EzZWFlMzQ0NTdkODIxOGNkNjkyNDc0NThkNyIsImlzcyI6IlBzeU5ldCIsInBsYXllcl9pZCI6IkVwaWN8ODgxOGI0ZGJhNzlhNDNkMThiOTg2ZjQ2ZTRkMDAzOTJ8MCIsInNlcnZlcl9uYW1lIjoiRVU3LTAzNzI4QkVDRDRCMjg4ODIwLUFwb2dlZTIiLCJpYXQiOjE3NzQ5Nzk5NzcsIm5iZiI6MTc3NDk3OTk3NywiZXhwIjoxNzc0OTk0Mzc3fQ.AmUqvQtQiG28a1q9AxN32e_luVVDBBjd7YR__Dr538OXlGSxmpIRsqD-c2K6oWwtUtz7MaMtNcDhLihKEzNYIg",JoinName="GVZ36VGYUBLNEYF9",JoinPassword="MNC3Z6DSGK2T0N27")) JoinSettings=((PlaylistId=10))
[0423.36] JoinGame: GotoJoinGameState OnlineGameJoinGame_TA -> VerifyPrivileges
[0423.36] Online: TryToPlayOnline ControllerID=(-1)
[0423.36] Matchmaking: OnlineGameMatchmaking_X_0 Searching -> Joining
[0423.36] Party: UpdatePartyLock NewLockStatus=(True)
[0423.37] Online: HandlePrivilegeCheckFinished PrivilegeCheck.bHasRestriction=(False)
[0423.37] JoinGame: GotoJoinGameState VerifyPrivileges -> ReservingServerForMatchmaking
[0423.37] PsyNetBeaconDetail_X: PsyNetBeacon_X_0 SendMessageToServer Message=(AddReservationMessagePublic_X_1)
[0423.37] PsyNet: PsyNetServiceProvider_X_1 ExecuteService Complete, Service=DSR/ClientMessage 
[0423.81] PsyNetBeaconDetail_X: PsyNetBeacon_X_0 ClientHandleMessage Message.MessageType=(ReservationsWaitingMessage_X) Message.ReservationID=(B55873EBAC8140D189AB3538C932E4C5)
[0423.81] JoinGame: Waiting for more players to add reservations
[0423.81] Party: HandleServerReserved (Reservation=(ServerName="EU7-03728BECD4B288820-Apogee2",Playlist=10,Region="EU",ReservationID="B55873EBAC8140D189AB3538C932E4C5",DSRToken="eyJ0eXAiOiJKV1QiLCJhbGciOiJIUzUxMiJ9.eyJqdGkiOiIwMDQxN2EzZWFlMzQ0NTdkODIxOGNkNjkyNDc0NThkNyIsImlzcyI6IlBzeU5ldCIsInBsYXllcl9pZCI6IkVwaWN8ODgxOGI0ZGJhNzlhNDNkMThiOTg2ZjQ2ZTRkMDAzOTJ8MCIsInNlcnZlcl9uYW1lIjoiRVU3LTAzNzI4QkVDRDRCMjg4ODIwLUFwb2dlZTIiLCJpYXQiOjE3NzQ5Nzk5NzcsIm5iZiI6MTc3NDk3OTk3NywiZXhwIjoxNzc0OTk0Mzc3fQ.AmUqvQtQiG28a1q9AxN32e_luVVDBBjd7YR__Dr538OXlGSxmpIRsqD-c2K6oWwtUtz7MaMtNcDhLihKEzNYIg",JoinName="GVZ36VGYUBLNEYF9",JoinPassword="MNC3Z6DSGK2T0N27"),JoinCredentials="GVZ36VGYUBLNEYF9:MNC3Z6DSGK2T0N27")
[0423.81] PsyNet: PsyNetServiceProvider_X_1 ExecuteService Complete, Service=DSR/ClientMessage 
[0423.82] PsyNet: PsyNetChannel_X_0 party:9OQa3jbi receive message MessageID=15
[0423.82] PsyNet: PsyNetChannel_X_0 party:9OQa3jbi executing MessageID=15
[0423.83] PsyNet: PsyNetServiceProvider_X_1 ExecuteService Complete, Service=Party/System 
[0423.99] PsyNetStaticData: HandleCacheExpired
[0423.99] PsyNetStaticData: UpdateCacheTimerEnabled CacheTimer.bEnabled=(True)
[0423.99] XPProgression: GFxHUD_TA.HandleGameStateChanged Current player match score = 428, UniqueId=(Epic|8818b4dba79a43d18b986f46e4d00392|0), with total match time = 251.6079 seconds, with total net time = 251.6079seconds
[0423.99] Party: Ranked Game Finished, Clear party member server
[0423.99] RankedReconnect: RankedReconnectSave_TA_0.ClearRankedReconnect()
[0424.01] Online: TryToPlayOnline ControllerID=(-1)
[0424.01] Online: HandlePrivilegeCheckFinished PrivilegeCheck.bHasRestriction=(False)
[0424.01] Online: HandlePrivilegeCheck PrivilegeCheck.bHasRestriction=(False)
[0424.01] EOSGameClips: EOSGameClips: Recording changed from Recording to NotRecording.
[0424.01] DevOnline: WebRequest_X_50 SEND: https://config.psynet.gg/v2/Config/BattleCars/1210528741/Prod/Epic/INT/
[0424.13] DevOnline: WebRequest_X_50 RECV: 304 
[0424.20] DevOnline: EOSSDK-LogEOSGameClips: Missing encoder drain completed message.
[0424.20] PsyNet: PsyNetChannel_X_0 party:9OQa3jbi receive message MessageID=16
[0424.20] PsyNet: PsyNetChannel_X_0 party:9OQa3jbi executing MessageID=16
[0424.20] PsyNet: PsyNetServiceProvider_X_1 ExecuteService Complete, Service=Party/System 
[0424.63] PsyNetBeaconDetail_X: PsyNetBeacon_X_0 ClientHandleMessage Message.MessageType=(ReservationsReadyMessage_X) Message.ReservationID=(B55873EBAC8140D189AB3538C932E4C5)
[0424.63] Party: HandleServerReserved (Reservation=(ServerName="EU7-03728BECD4B288820-Apogee2",Playlist=10,Region="EU",ReservationID="B55873EBAC8140D189AB3538C932E4C5",DSRToken="eyJ0eXAiOiJKV1QiLCJhbGciOiJIUzUxMiJ9.eyJqdGkiOiIwMDQxN2EzZWFlMzQ0NTdkODIxOGNkNjkyNDc0NThkNyIsImlzcyI6IlBzeU5ldCIsInBsYXllcl9pZCI6IkVwaWN8ODgxOGI0ZGJhNzlhNDNkMThiOTg2ZjQ2ZTRkMDAzOTJ8MCIsInNlcnZlcl9uYW1lIjoiRVU3LTAzNzI4QkVDRDRCMjg4ODIwLUFwb2dlZTIiLCJpYXQiOjE3NzQ5Nzk5NzcsIm5iZiI6MTc3NDk3OTk3NywiZXhwIjoxNzc0OTk0Mzc3fQ.AmUqvQtQiG28a1q9AxN32e_luVVDBBjd7YR__Dr538OXlGSxmpIRsqD-c2K6oWwtUtz7MaMtNcDhLihKEzNYIg",JoinName="GVZ36VGYUBLNEYF9",JoinPassword="MNC3Z6DSGK2T0N27"),PingURL="18.168.54.12:7893",GameURL="18.168.54.12:7892",JoinCredentials="GVZ36VGYUBLNEYF9:MNC3Z6DSGK2T0N27")
[0424.63] JoinGame: GotoJoinGameState ReservingServerForMatchmaking -> JoinCountdown
[0424.63] PsyNetBeaconDetail_X: PsyNetBeacon_X_0 SendMessageToServer Message=(PingMessage_X_2)
[0424.64] PsyNet: PsyNetServiceProvider_X_1 ExecuteService Complete, Service=DSR/ClientMessage 
[0424.80] Log: FSaveDataExportTask(0) wrote 1034631 bytes to memory
[0424.80] Log: SaveGameDataAsync game thread time: 13 ms
[0424.82] Log: Deleting old save file ..\..\TAGame\SaveDataEpic\DBE_Production\8818b4dba79a43d18b986f46e4d00392_1.save
[0424.82] Log: SaveDataExport(0): Finished - File:[..\..\TAGame\SaveDataEpic\DBE_Production\8818b4dba79a43d18b986f46e4d00392.save] Result:[1]
[0424.83] SettingsExport: CreateSnapshot Metadata {"userId":"Epic|8818b4dba79a43d18b986f46e4d00392|0","platformKey":"Epic","schemaVersion":0,"clientVersion":1532151,"timestampUtc":1774979979,"settingsVersion":7948,"checksum":388897319 Payload Size  97007
[0424.83] SettingsExport: Payload changed. Notifying new Checksum: 388897319
[0424.83] SettingsExport: Local settings updated, uploading data
[0424.95] PsyNetBeaconDetail_X: PsyNetBeacon_X_0 ClientHandleMessage Message.MessageType=(PingMessage_X) Message.ReservationID=(B55873EBAC8140D189AB3538C932E4C5)
[0424.96] PsyNet: PsyNetServiceProvider_X_1 ExecuteService Complete, Service=DSR/ClientMessage 
[0425.00] PsyNet: PsyNetChannel_X_0 party:9OQa3jbi receive message MessageID=17
[0425.00] PsyNet: PsyNetChannel_X_0 party:9OQa3jbi executing MessageID=17
[0425.00] PsyNet: PsyNetServiceProvider_X_1 ExecuteService Complete, Service=Party/System 
[0427.64] JoinGame: GotoJoinGameState JoinCountdown -> OpeningLoadingScreen
[0427.64] RankedReconnect: OnlineGameJoinGame_TA_0::OpeningLoadingScreen.BeginState()
[0427.64] RankedReconnect: LocalPlayer_TA_0.UpdateRankedReconnect() RankedSoloDuel True 2 False
[0427.64] RankedReconnect: RankedReconnectSave_TA_0.ClearRankedReconnect()
[0427.64] DevNet: Browse: JoinGameTransition?Name=%e6%bc%a2+%e9%be%8d+%e7%8e%8b+%e7%a5%9e+%e9%97%87%e6%bc%a2+%e9%be%8d+%e7%8e%8b+%e7%a5%9e?game=TAGame.GameInfo_Transition_TA
[0427.70] Log: FSaveDataExportTask(0) wrote 1034631 bytes to memory
[0427.70] Log: SaveGameDataAsync game thread time: 8 ms
[0427.70] Log: LoadMap: JoinGameTransition?Name=%e6%bc%a2+%e9%be%8d+%e7%8e%8b+%e7%a5%9e+%e9%97%87%e6%bc%a2+%e9%be%8d+%e7%8e%8b+%e7%a5%9e?game=TAGame.GameInfo_Transition_TA
[0427.70] Spawn: TextChatActor_TA_1 Destroyed
[0427.70] EOSGameClips: ShutDown : Shutting down EOSGameClipsController_TA. Self=(EOSGameClipsController_TA_2) PlayerOwner?.GetUniqueNetId()=(Epic|8818b4dba79a43d18b986f46e4d00392|0)
[0427.71] Spawn: TextChatActor_TA_2 Destroyed
[0427.71] Spawn: TextChatActor_TA_3 Destroyed
[0427.72] Log: Deleting old save file ..\..\TAGame\SaveDataEpic\DBE_Production\8818b4dba79a43d18b986f46e4d00392_2.save
[0427.72] Log: SaveDataExport(0): Finished - File:[..\..\TAGame\SaveDataEpic\DBE_Production\8818b4dba79a43d18b986f46e4d00392_1.save] Result:[1]
[0427.72] DevOnline: PsyNet Flush Start TimeoutSeconds=0.250000
[0427.92] DevOnline: PsyNet Flush End
[0427.93] NetComeGo: Close TcpipConnection_0 18.170.201.152:7880 31/03/2026 18:59:43 'Control channel cleanup'
[0427.93] NetComeGo: TcpipConnection_0 Control channel closed, reason=Control channel cleanup
[0427.94] Exit: TcpNetDriver_0 shut down
[0427.95] Log: Fully load package: ..\..\TAGame\CookedPCConsole\GameInfo_Transition_SF.upk
[0427.96] Log: Game class is 'GameInfo_Transition_TA'
[0427.98] Log: Bringing World JoinGameTransition.TheWorld up for play (0) at 2026.03.31-18.59.43
[0427.98] Log: Bringing up level for play took: 0.027453
[0427.98] PartyChallenge: UpdateChallengeProgressForCompetitive bChallengesComplete=(True) ChallengeState=(Challenge_Success) bChallengeSync=(True) bChallengesAreValid=(True) bLegacyPlayer=(False) bGuestAccount=(False) Online_X.UniqueNetIDToString(Manager.Outer.PlayerID)=(Epic|8818b4dba79a43d18b986f46e4d00392|0) Complete
[0427.98] PartyChallenge: InitializeCompetitiveChallenges bGuestAccount=(False) bCompletedChallengesForCompetitive=(True) bLegacyPlayer=(False) Online_X.UniqueNetIDToString(OnlinePlayer.PlayerID)=(Epic|8818b4dba79a43d18b986f46e4d00392|0)
[0427.98] JoinGame: GotoJoinGameState OpeningLoadingScreen -> JoiningNewServer
[0427.98] DevNet: SetProgress, MessageType=1, Title=, Message=Connecting...
[0427.98] Log: ########### Finished loading level: 0.280463 seconds
[0427.99] SettingsExport: CreateSnapshot Metadata {"userId":"Epic|8818b4dba79a43d18b986f46e4d00392|0","platformKey":"Epic","schemaVersion":0,"clientVersion":1532151,"timestampUtc":1774979982,"settingsVersion":7949,"checksum":1693837936 Payload Size  97007
[0427.99] SettingsExport: Payload changed. Notifying new Checksum: 1693837936
[0427.99] SettingsExport: Local settings updated, uploading data
[0427.99] DevNet: Browse: 18.168.54.12:7892/MENU_Main_p?Name=%e6%bc%a2+%e9%be%8d+%e7%8e%8b+%e7%a5%9e+%e9%97%87%e6%bc%a2+%e9%be%8d+%e7%8e%8b+%e7%a5%9e
[0427.99] DevNet: Game client on port 7892, rate 15000
[0427.99] NetComeGo: SEND first packet Length=80 CRC=1385182230
[0428.02] NetComeGo: TcpipConnection_1 RECV first packet IP=18.168.54.12:7892 Length=15 CRC=-1261150088 HandshakeStatus=0 bUseSessionUID=1 InSessionUID=(0 0 0) SessionUID=(0 0 0)
[0428.02] NetComeGo: Client set SessionUID to: 68 26 64
[0428.11] DevNet: Welcomed by server (Level: Farm_GRS_P, Game: TAGame.GameInfo_Soccar_TA, GameTags: )
[0428.12] Log: FSaveDataExportTask(0) wrote 1034631 bytes to memory
[0428.12] Log: SaveGameDataAsync game thread time: 9 ms
[0428.13] Log: Deleting old save file ..\..\TAGame\SaveDataEpic\DBE_Production\8818b4dba79a43d18b986f46e4d00392.save
[0428.14] Log: SaveDataExport(0): Finished - File:[..\..\TAGame\SaveDataEpic\DBE_Production\8818b4dba79a43d18b986f46e4d00392_2.save] Result:[1]
[0428.15] Log: Flushing async loaders.
[0428.16] Log: Flushed async loaders.
[0428.16] Log: LoadMap: 18.168.54.12:7892/Farm_GRS_P?Name=%e6%bc%a2+%e9%be%8d+%e7%8e%8b+%e7%a5%9e+%e9%97%87%e6%bc%a2+%e9%be%8d+%e7%8e%8b+%e7%a5%9e?game=TAGame.GameInfo_Soccar_TA
[0428.17] DevOnline: PsyNet Flush Start TimeoutSeconds=0.250000
[0428.35] DevOnline: PsyNet Flush End
[0428.36] Log: Fully load package: ..\..\TAGame\CookedPCConsole\GameInfo_Soccar_SF.upk
[0428.46] Log: Fully load package: ..\..\TAGame\CookedPCConsole\GFxSounds_XP_SF.upk
[0428.46] Log: Fully load package: ..\..\TAGame\CookedPCConsole\GFx_XPProgressMenu_SF.upk
[0428.48] Log: Fully load package: ..\..\TAGame\CookedPCConsole\GFX_EndGameMenu_SF.upk
[0428.53] Log: Fully load package: ..\..\TAGame\CookedPCConsole\GFX_WinnerMenu_SF.upk
[0428.54] Log: Fully load package: ..\..\TAGame\CookedPCConsole\GFX_MidGameScoreboard_SF.upk
[0428.55] Log: Fully load package: ..\..\TAGame\CookedPCConsole\GFX_MidGameMenu_SF.upk
[0428.56] Log: Fully load package: ..\..\TAGame\CookedPCConsole\GFX_HudMatchInfo_SF.upk
[0428.57] Log: Fully load package: ..\..\TAGame\CookedPCConsole\GFX_Hud_SF.upk
[0429.27] Log: Bringing World Farm_GRS_P.TheWorld up for play (0) at 2026.03.31-18.59.44
[0429.28] Log: Bringing up level for play took: 0.270115
[0429.46] RootMenu: [GFx] UIShellInstance - setting the shell instance
[0429.50] PartyChallenge: UpdateChallengeProgressForCompetitive bChallengesComplete=(True) ChallengeState=(Challenge_Success) bChallengeSync=(True) bChallengesAreValid=(True) bLegacyPlayer=(False) bGuestAccount=(False) Online_X.UniqueNetIDToString(Manager.Outer.PlayerID)=(Epic|8818b4dba79a43d18b986f46e4d00392|0) Complete
[0429.50] PartyChallenge: InitializeCompetitiveChallenges bGuestAccount=(False) bCompletedChallengesForCompetitive=(True) bLegacyPlayer=(False) Online_X.UniqueNetIDToString(OnlinePlayer.PlayerID)=(Epic|8818b4dba79a43d18b986f46e4d00392|0)
[0429.50] JoinGame: OnJoinGameComplete bSuccess=(True) FailReason=()
[0429.50] JoinGame: GotoJoinGameState JoiningNewServer -> None
[0429.50] PsyNetBeaconDetail_X: PsyNetBeacon_X_0 Close
[0429.50] PsyNetBeaconDetail_X: PsyNetBeacon_X_0 CloseConnection Connection.ConnectionID=(eyJ0eXAiOiJKV1QiLCJhbGciOiJIUzUxMiJ9.eyJqdGkiOiIwMDQxN2EzZWFlMzQ0NTdkODIxOGNkNjkyNDc0NThkNyIsImlzcyI6IlBzeU5ldCIsInBsYXllcl9pZCI6IkVwaWN8ODgxOGI0ZGJhNzlhNDNkMThiOTg2ZjQ2ZTRkMDAzOTJ8MCIsInNlcnZlcl9uYW1lIjoiRVU3LTAzNzI4QkVDRDRCMjg4ODIwLUFwb2dlZTIiLCJpYXQiOjE3NzQ5Nzk5NzcsIm5iZiI6MTc3NDk3OTk3NywiZXhwIjoxNzc0OTk0Mzc3fQ.AmUqvQtQiG28a1q9AxN32e_luVVDBBjd7YR__Dr538OXlGSxmpIRsqD-c2K6oWwtUtz7MaMtNcDhLihKEzNYIg)
[0429.50] Matchmaking: OnlineGameMatchmaking_X_0 Joining -> None
[0429.50] Party: UpdatePartyLock NewLockStatus=(False)
[0429.50] Spawn: TextChatActor_TA_4 OnOwnerChanged PlayerController_TA_3
[0429.50] EOSGameClips: Construct Constructed EOSGameClipsController_TA. Self=(EOSGameClipsController_TA_3)
[0429.50] Log: ########### Finished loading level: 1.342438 seconds
[0429.50] MusicPlayer: HandleTrackEnd CurrentTrackPlayingID=(0) PlayingID=(327)
[0429.50] MusicPlayer: HandleTrackEnd CurrentTrackPlayingID=(0) PlayingID=(327)
[0429.51] SettingsExport: Settings content not changed. Will not update the Settings Online
[0430.22] EOSGameClips: ShutDown : Shutting down EOSGameClipsController_TA. Self=(EOSGameClipsController_TA_3) PlayerOwner?.GetUniqueNetId()=(Epic|8818b4dba79a43d18b986f46e4d00392|0)
[0430.23] PartyChallenge: UpdateChallengeProgressForCompetitive bChallengesComplete=(True) ChallengeState=(Challenge_Success) bChallengeSync=(True) bChallengesAreValid=(True) bLegacyPlayer=(False) bGuestAccount=(False) Online_X.UniqueNetIDToString(Manager.Outer.PlayerID)=(Epic|8818b4dba79a43d18b986f46e4d00392|0) Complete
[0430.23] PartyChallenge: InitializeCompetitiveChallenges bGuestAccount=(False) bCompletedChallengesForCompetitive=(True) bLegacyPlayer=(False) Online_X.UniqueNetIDToString(OnlinePlayer.PlayerID)=(Epic|8818b4dba79a43d18b986f46e4d00392|0)
[0430.23] EOSGameClips: Construct Constructed EOSGameClipsController_TA. Self=(EOSGameClipsController_TA_4)
[0430.23] ScriptLog: Client InputRate=60
[0430.23] DevNet: PlayerController_TA_4 setplayer LocalPlayer_TA_0
[0430.23] PsyNetStaticData: UpdateCacheTimerEnabled CacheTimer.bEnabled=(False)
[0430.23] MatchBroadcast: Init bBroadcastMatch=(False) MatchLog=(None)
[0430.28] ScriptLog: Uncached PlatformId for Epic|8818b4dba79a43d18b986f46e4d00392|0
[0430.28] Spawn: TextChatActor_TA_6 OnOwnerChanged PlayerController_TA_4
[0430.35] RootMenu: [GFx] UIShellInstance - setting the shell instance
[0430.39] Party: UpdatePartyLock NewLockStatus=(False)
[0430.39] ScriptLog: MatchGUID: 61FD450611F12D2B1775E7B76D034FCF
[0430.39] Party: UpdatePartyLock NewLockStatus=(False)
[0430.40] Eula: RequiresAcceptance? EulaConfig?.bRequiresAcceptance=(True) GetUISave()?.Contains('bAcceptedOfflineEULA')=(True) Eula.SyncState=(LSS_Accepted)
[0430.40] Party: BroadcastMatchmakingAvailabilityDelayed PartyMemberID:'Epic|8818b4dba79a43d18b986f46e4d00392|0' MatchmakeRestrictions=(0)
[0430.40] Party: SetAvailableForMatchmakingForMember PartyMemberID:'Epic|8818b4dba79a43d18b986f46e4d00392|0' MatchmakeRestrictions=(0)
[0430.45] LTM: SettingsType=(CustomMatchSettingsType_PrivateMatch)
[0430.65] EOSVoice: Voice not enabled for current playlist
[0430.87] PsyNet: PsyNetChannel_X_0 party:9OQa3jbi receive message MessageID=18
[0430.87] PsyNet: PsyNetChannel_X_0 party:9OQa3jbi executing MessageID=18
[0430.87] PsyNet: PsyNetServiceProvider_X_1 ExecuteService Complete, Service=Party/System 
[0431.31] PsyNet: PsyNetChannel_X_0 party:9OQa3jbi receive message MessageID=19
[0431.32] PsyNet: PsyNetChannel_X_0 party:9OQa3jbi executing MessageID=19
[0431.32] PsyNet: PsyNetServiceProvider_X_1 ExecuteService Complete, Service=Party/System 
[0433.59] EOSGameClips: EOSGameClips: Currently recording: false
[0433.59] EOSGameClips: CaptureClipPressed Game clips is currently not recording.
[0434.05] DevOnline: EOSSDK-LogEOSRTC: TickTracker Tick is delayed. TimePeriod=[10.007004s]  TickIntervalThreshold=[0.100000s] MaxTickInterval=[0.110336s] MaxExecutionTime=[0.000067s] TicksCount=[836] ExpectedTicksCount=[1000]
[0434.64] EOSGameClips: EOSGameClips: Starting background recording: API Version 2, Clip Duration 30
[0434.64] DevOnline: EOSSDK-LogEOSGameClips: Starting recording up to 30 seconds.
[0434.65] EOSGameClips: EOSGameClips: Recording changed from NotRecording to Recording.
[0434.73] SplitScreen: Press Start ControllerId=0 Player=LocalPlayer_TA_0
[0435.14] Online: TryToPlayOnline ControllerID=(-1)
[0435.15] Online: HandlePrivilegeCheckFinished PrivilegeCheck.bHasRestriction=(False)
[0435.15] Online: HandlePrivilegeCheck PrivilegeCheck.bHasRestriction=(False)
[0438.67] EOSGameClips: EOSGameClips: Starting background recording: API Version 2, Clip Duration 30
[0441.75] DevOnline: WebRequest_X_51 SEND: https://datarouter.ol.epicgames.com/datarouter/api/v1/public/data?AppID=RocketLeague.Release&AppVersion=1210528741&AppEnvironment=Prod&UploadType=eteventstream&UserID=|8818b4dba79a43d18b986f46e4d00392|||Epic|8818b4dba79a43d18b986f46e4d00392|0&SessionID=CD3171EF43FDD762A72030B5E4D0FB6B
[0441.85] DevOnline: WebRequest_X_51 RECV: 204 
[0472.70] EOSGameClips: EOSGameClips: Starting background recording: API Version 2, Clip Duration 30
[0475.26] EOSGameClips: EOSGameClips: Currently recording: true
[0476.07] EOSGameClips: EOSGameClips: Currently recording: true
[0476.44] EOSGameClips: EOSGameClips: Starting background recording: API Version 2, Clip Duration 30
[0476.59] SplitScreen: Press Start ControllerId=0 Player=LocalPlayer_TA_0
[0476.71] Log: FSaveDataExportTask(0) wrote 1034693 bytes to memory
[0476.71] Log: SaveGameDataAsync game thread time: 8 ms
[0476.73] Log: Deleting old save file ..\..\TAGame\SaveDataEpic\DBE_Production\8818b4dba79a43d18b986f46e4d00392_1.save
[0476.73] Log: SaveDataExport(0): Finished - File:[..\..\TAGame\SaveDataEpic\DBE_Production\8818b4dba79a43d18b986f46e4d00392.save] Result:[1]
[0476.73] SettingsExport: CreateSnapshot Metadata {"userId":"Epic|8818b4dba79a43d18b986f46e4d00392|0","platformKey":"Epic","schemaVersion":0,"clientVersion":1532151,"timestampUtc":1774980030,"settingsVersion":7951,"checksum":1305348375 Payload Size  97006
[0476.73] SettingsExport: Payload changed. Notifying new Checksum: 1305348375
[0476.73] SettingsExport: Local settings updated, uploading data
[0480.47] EOSGameClips: EOSGameClips: Starting background recording: API Version 2, Clip Duration 30
[0488.90] EOSGameClips: EOSGameClips: Currently recording: true
[0501.74] DevOnline: WebRequest_X_52 SEND: https://datarouter.ol.epicgames.com/datarouter/api/v1/public/data?AppID=RocketLeague.Release&AppVersion=1210528741&AppEnvironment=Prod&UploadType=eteventstream&UserID=|8818b4dba79a43d18b986f46e4d00392|||Epic|8818b4dba79a43d18b986f46e4d00392|0&SessionID=CD3171EF43FDD762A72030B5E4D0FB6B
[0501.92] DevOnline: WebRequest_X_52 RECV: 204 
[0529.54] EOSGameClips: EOSGameClips: Starting background recording: API Version 2, Clip Duration 30
[0531.87] EOSGameClips: EOSGameClips: Currently recording: true
[0532.09] EOSGameClips: EOSGameClips: Currently recording: true
[0533.07] EOSGameClips: EOSGameClips: Starting background recording: API Version 2, Clip Duration 30
[0533.80] EOSGameClips: EOSGameClips: Currently recording: true
[0534.17] EOSGameClips: EOSGameClips: Currently recording: true
[0534.63] EOSGameClips: EOSGameClips: Starting background recording: API Version 2, Clip Duration 30
[0538.63] EOSGameClips: EOSGameClips: Starting background recording: API Version 2, Clip Duration 30
[0543.15] EOSGameClips: EOSGameClips: Starting background recording: API Version 2, Clip Duration 30
[0545.68] EOSGameClips: EOSGameClips: Currently recording: true
[0546.33] EOSGameClips: EOSGameClips: Currently recording: true
[0547.18] EOSGameClips: EOSGameClips: Starting background recording: API Version 2, Clip Duration 30
[0551.16] EOSGameClips: EOSGameClips: Starting background recording: API Version 2, Clip Duration 30
[0557.89] EOSGameClips: EOSGameClips: Starting background recording: API Version 2, Clip Duration 30
[0560.44] EOSGameClips: EOSGameClips: Currently recording: true
[0561.04] EOSGameClips: EOSGameClips: Currently recording: true
[0561.74] DevOnline: WebRequest_X_53 SEND: https://datarouter.ol.epicgames.com/datarouter/api/v1/public/data?AppID=RocketLeague.Release&AppVersion=1210528741&AppEnvironment=Prod&UploadType=eteventstream&UserID=|8818b4dba79a43d18b986f46e4d00392|||Epic|8818b4dba79a43d18b986f46e4d00392|0&SessionID=CD3171EF43FDD762A72030B5E4D0FB6B
[0561.84] DevOnline: WebRequest_X_53 RECV: 204 
[0561.88] EOSGameClips: EOSGameClips: Starting background recording: API Version 2, Clip Duration 30
[0565.86] EOSGameClips: EOSGameClips: Starting background recording: API Version 2, Clip Duration 30
[0585.62] EOSGameClips: EOSGameClips: Starting background recording: API Version 2, Clip Duration 30
[0588.16] EOSGameClips: EOSGameClips: Currently recording: true
[0589.14] EOSGameClips: EOSGameClips: Starting background recording: API Version 2, Clip Duration 30
[0595.00] Party: Party Time out occurred and no one is in the party
[0595.02] DevOnline: EOS_RTC_AddNotifyDisconnected 'EOS_Success'
[0595.02] DevOnline: Voice - Left voice room: 9OQa3jbi
[0595.10] XPGatedPlaylists: Not currently in a party.
[0595.24] EOSGameClips: EOSGameClips: Currently recording: true
[0596.07] EOSGameClips: EOSGameClips: Starting background recording: API Version 2, Clip Duration 30
[0600.07] EOSGameClips: EOSGameClips: Starting background recording: API Version 2, Clip Duration 30
[0614.60] EOSGameClips: EOSGameClips: Starting background recording: API Version 2, Clip Duration 30
[0617.20] EOSGameClips: EOSGameClips: Currently recording: true
[0617.89] EOSGameClips: EOSGameClips: Currently recording: true
[0617.89] EOSGameClips: CaptureClipPressed Capture clip called for player:  GetEpicAccountId()=(8818b4dba79a43d18b986f46e4d00392) InGameClipInputType=(GoalReplay)
[0618.19] EOSGameClips: EOSGameClips: Starting background recording: API Version 2, Clip Duration 30
[0618.26] EOSGameClips: CaptureClipPressed We are currently in a goal replay and can't clip yet.
[0621.73] DevOnline: WebRequest_X_54 SEND: https://datarouter.ol.epicgames.com/datarouter/api/v1/public/data?AppID=RocketLeague.Release&AppVersion=1210528741&AppEnvironment=Prod&UploadType=eteventstream&UserID=|8818b4dba79a43d18b986f46e4d00392|||Epic|8818b4dba79a43d18b986f46e4d00392|0&SessionID=CD3171EF43FDD762A72030B5E4D0FB6B
[0621.86] DevOnline: WebRequest_X_54 RECV: 204 
[0622.74] EOSGameClips: EOSGameClips: Currently recording: true
[0622.74] EOSGameClips: EOSGameClips: Take a clip! Account: 8818b4dba79a43d18b986f46e4d00392
[0622.74] EOSGameClips: CreateClip Attempting to clip for account:  ClipId=(2) AccountId=(8818b4dba79a43d18b986f46e4d00392) InGameClipInputType=(GoalReplay)
[0622.75] DevOnline: EOSSDK-LogEOSGameClips: Failed to create clip: 
[0622.75] DevOnline: EOSSDK-LogEOSGameClips: Clip '617EDC9F45CEC5EC933F09866E6AA892': Clip 2 failed: Not enough frames recorded
[0622.75] EOSGameClips: EOSGameClips: Clip progress callback. ClipId: 2, ERROR - Result Code: EOS_GameClips_CreateFailed
[0622.75] EOSGameClips: EOSGameClips: Setting clip upload finished for user: 8818b4dba79a43d18b986f46e4d00392, clip: 2
[0622.75] Warning: EOSGameClips: Could not find clip with id: 2. The clip may be corrupt.
[0622.75] EOSGameClips: EOSGameClipsMetrics_TA_0.RecordClipInfo()  - Errors[0] InClipInfoMetric.Errors[Index]=(GameClipsFailedToUpload)
[0623.73] EOSGameClips: EOSGameClips: Starting background recording: API Version 2, Clip Duration 30
[0627.76] EOSGameClips: EOSGameClips: Starting background recording: API Version 2, Clip Duration 30
[0665.25] EOSGameClips: EOSGameClips: Starting background recording: API Version 2, Clip Duration 30
[0667.86] EOSGameClips: EOSGameClips: Currently recording: true
[0668.85] EOSGameClips: EOSGameClips: Starting background recording: API Version 2, Clip Duration 30
[0674.97] EOSGameClips: EOSGameClips: Currently recording: true
[0675.78] EOSGameClips: EOSGameClips: Starting background recording: API Version 2, Clip Duration 30
[0679.83] EOSGameClips: EOSGameClips: Starting background recording: API Version 2, Clip Duration 30
[0681.73] DevOnline: WebRequest_X_55 SEND: https://datarouter.ol.epicgames.com/datarouter/api/v1/public/data?AppID=RocketLeague.Release&AppVersion=1210528741&AppEnvironment=Prod&UploadType=eteventstream&UserID=|8818b4dba79a43d18b986f46e4d00392|||Epic|8818b4dba79a43d18b986f46e4d00392|0&SessionID=CD3171EF43FDD762A72030B5E4D0FB6B
[0681.83] DevOnline: WebRequest_X_55 RECV: 204 
[0684.32] EOSGameClips: EOSGameClips: Starting background recording: API Version 2, Clip Duration 30
[0686.84] EOSGameClips: EOSGameClips: Currently recording: true
[0687.83] EOSGameClips: EOSGameClips: Starting background recording: API Version 2, Clip Duration 30
[0687.98] EOSGameClips: EOSGameClips: Currently recording: true
[0687.98] EOSGameClips: CaptureClipPressed Capture clip called for player:  GetEpicAccountId()=(8818b4dba79a43d18b986f46e4d00392) InGameClipInputType=(GoalReplay)
[0688.17] EOSGameClips: EOSGameClips: Currently recording: true
[0688.17] EOSGameClips: EOSGameClips: Take a clip! Account: 8818b4dba79a43d18b986f46e4d00392
[0688.17] EOSGameClips: CreateClip Attempting to clip for account:  ClipId=(3) AccountId=(8818b4dba79a43d18b986f46e4d00392) InGameClipInputType=(GoalReplay)
[0688.18] DevOnline: EOSSDK-LogEOSGameClips: Failed to create clip: 
[0688.18] DevOnline: EOSSDK-LogEOSGameClips: Clip '8B323CA44EC08CB64F9E9890913A9529': Clip 3 failed: Not enough frames recorded
[0688.18] EOSGameClips: EOSGameClips: Clip progress callback. ClipId: 3, ERROR - Result Code: EOS_GameClips_CreateFailed
[0688.18] EOSGameClips: EOSGameClips: Setting clip upload finished for user: 8818b4dba79a43d18b986f46e4d00392, clip: 3
[0688.18] Warning: EOSGameClips: Could not find clip with id: 3. The clip may be corrupt.
[0688.18] EOSGameClips: EOSGameClipsMetrics_TA_0.RecordClipInfo()  - Errors[0] InClipInfoMetric.Errors[Index]=(GameClipsFailedToUpload)
[0689.15] EOSGameClips: EOSGameClips: Starting background recording: API Version 2, Clip Duration 30
[0690.27] EOSGameClips: EOSGameClips: Currently recording: true
[0693.14] EOSGameClips: EOSGameClips: Starting background recording: API Version 2, Clip Duration 30
[0719.11] EOSGameClips: EOSGameClips: Starting background recording: API Version 2, Clip Duration 30
[0721.64] EOSGameClips: EOSGameClips: Currently recording: true
[0722.35] EOSGameClips: EOSGameClips: Currently recording: true
[0722.72] EOSGameClips: EOSGameClips: Currently recording: true
[0723.30] EOSGameClips: EOSGameClips: Starting background recording: API Version 2, Clip Duration 30
[0725.09] EOSGameClips: EOSGameClips: Currently recording: true
[0727.31] EOSGameClips: EOSGameClips: Starting background recording: API Version 2, Clip Duration 30
[0741.73] DevOnline: WebRequest_X_56 SEND: https://datarouter.ol.epicgames.com/datarouter/api/v1/public/data?AppID=RocketLeague.Release&AppVersion=1210528741&AppEnvironment=Prod&UploadType=eteventstream&UserID=|8818b4dba79a43d18b986f46e4d00392|||Epic|8818b4dba79a43d18b986f46e4d00392|0&SessionID=CD3171EF43FDD762A72030B5E4D0FB6B
[0741.83] DevOnline: WebRequest_X_56 RECV: 204 
[0779.14] EOSGameClips: EOSGameClips: Starting background recording: API Version 2, Clip Duration 30
[0781.70] EOSGameClips: EOSGameClips: Currently recording: true
[0782.69] EOSGameClips: EOSGameClips: Starting background recording: API Version 2, Clip Duration 30
[0783.19] EOSGameClips: EOSGameClips: Currently recording: true
[0784.01] EOSGameClips: EOSGameClips: Starting background recording: API Version 2, Clip Duration 30
[0788.03] EOSGameClips: EOSGameClips: Starting background recording: API Version 2, Clip Duration 30
[0801.72] DevOnline: WebRequest_X_57 SEND: https://datarouter.ol.epicgames.com/datarouter/api/v1/public/data?AppID=RocketLeague.Release&AppVersion=1210528741&AppEnvironment=Prod&UploadType=eteventstream&UserID=|8818b4dba79a43d18b986f46e4d00392|||Epic|8818b4dba79a43d18b986f46e4d00392|0&SessionID=CD3171EF43FDD762A72030B5E4D0FB6B
[0801.82] DevOnline: WebRequest_X_57 RECV: 204 
[0809.39] EOSGameClips: EOSGameClips: Starting background recording: API Version 2, Clip Duration 30
[0811.96] EOSGameClips: EOSGameClips: Currently recording: true
[0812.94] EOSGameClips: EOSGameClips: Starting background recording: API Version 2, Clip Duration 30
[0818.26] EOSGameClips: EOSGameClips: Currently recording: true
[0819.09] EOSGameClips: EOSGameClips: Starting background recording: API Version 2, Clip Duration 30
[0823.10] EOSGameClips: EOSGameClips: Starting background recording: API Version 2, Clip Duration 30
[0861.71] DevOnline: WebRequest_X_58 SEND: https://datarouter.ol.epicgames.com/datarouter/api/v1/public/data?AppID=RocketLeague.Release&AppVersion=1210528741&AppEnvironment=Prod&UploadType=eteventstream&UserID=|8818b4dba79a43d18b986f46e4d00392|||Epic|8818b4dba79a43d18b986f46e4d00392|0&SessionID=CD3171EF43FDD762A72030B5E4D0FB6B
[0861.81] DevOnline: WebRequest_X_58 RECV: 204 
[0883.69] XPProgression: GFxHUD_TA.HandleGameStateChanged Current player match score = 1410, UniqueId=(Epic|8818b4dba79a43d18b986f46e4d00392|0), with total match time = 300.6372 seconds, with total net time = 300.6372seconds
[0883.69] Party: Ranked Game Finished, Clear party member server
[0883.69] RankedReconnect: RankedReconnectSave_TA_0.ClearRankedReconnect()
[0883.96] PartyChallenge: UpdateChallengeProgressForCompetitive bChallengesComplete=(True) ChallengeState=(Challenge_Success) bChallengeSync=(True) bChallengesAreValid=(True) bLegacyPlayer=(False) bGuestAccount=(False) Online_X.UniqueNetIDToString(Manager.Outer.PlayerID)=(Epic|8818b4dba79a43d18b986f46e4d00392|0) Complete
[0883.97] PsyNet: PsyNetServiceProvider_X_1 ExecuteService Complete, Service=Challenges/PlayerProgress 
[0883.98] XPProgression: SaveData_TA.HandleRewardDropNotification PsyNetService_RewardDropReceived_TA returned Total XP Earned = 2047.0000, in match with ID = 61FD450611F12D2B1775E7B76D034FCF , Current player match score = 1410, UniqueId=(Epic|8818b4dba79a43d18b986f46e4d00392|0), with total match time = 300.6372 seconds, with total net time = 300.6372seconds
[0883.98] PsyNet: PsyNetServiceProvider_X_1 ExecuteService Complete, Service=Reward/RewardResult 
[0884.03] Prime24121: StartSearch.PreferredRegions.Length 5
[0884.03] Matchmaking: OnlineGameMatchmaking_X_0 OnlineGameMatchmaking_X -> PingRegions
[0884.35] ScriptLog: RegionPinger_X_3 PingRegions ("18.168.42.216:7737","15.237.30.209:7821","54.247.13.19:7823","18.157.10.45:7865","13.49.163.74:8075","15.160.58.220:7809","3.101.171.100:8131","18.88.27.88:7935","3.148.48.66:7803","3.237.138.47:7735","44.234.75.27:7727","13.244.211.207:7757","18.142.228.101:8091","65.1.168.177:7787","15.229.122.68:7907","3.26.119.19:8045","43.206.167.229:7943","54.46.76.7:7943")
[0884.43] Matchmaking: OnlineGameMatchmaking_X_0::PingRegions.Cancel()
[0884.43] Matchmaking: OnlineGameMatchmaking_X_0 PingRegions -> None
[0884.69] Prime24121: StartSearch.PreferredRegions.Length 5
[0884.69] Matchmaking: OnlineGameMatchmaking_X_0 OnlineGameMatchmaking_X -> PingRegions
[0884.69] EOSGameClips: EOSGameClips: Starting background recording: API Version 2, Clip Duration 30
[0884.90] Matchmaking: OnlineGameMatchmaking_X_0::PingRegions.Cancel()
[0884.90] Matchmaking: OnlineGameMatchmaking_X_0 PingRegions -> None
[0885.01] DevOnline: PlayerDataStorage_WriteFile: Beginning to upload file. User=(8818b4dba79a43d18b986f46e4d00392) FileName=(RLSaveData)
[0885.09] Prime24121: StartSearch.PreferredRegions.Length 5
[0885.09] Matchmaking: OnlineGameMatchmaking_X_0 OnlineGameMatchmaking_X -> PingRegions
[0885.29] DevOnline: PlayerDataStorage_WriteFile: Beginning to upload file. User=(8818b4dba79a43d18b986f46e4d00392) FileName=(RLSettingsData)
[0885.30] Matchmaking: OnlineGameMatchmaking_X_0::PingRegions.Cancel()
[0885.30] Matchmaking: OnlineGameMatchmaking_X_0 PingRegions -> None
[0885.42] Matchmaking: All Regions Pinged: EU7 (0.0167),EU9 (0.0250),EU3 (0.0250),EU5 (0.0250),EU1 (0.0500),ME3 (0.0417),USW1 (0.1750),USC1 (0.1417),USE3 (0.1167),USE1 (0.1083),ME1 (1.0000),USW3 (0.1667),SAF1 (0.1583),ASM1 (0.1750),IND1 (0.2000),SAM1 (0.2167),OCE1 (0.2917),JPN1 (0.2417),ASC1 (0.2583),JPN (1.0000),ASC (1.0000),ASM (1.0000),EU (1.0000),IND (1.0000),ME2 (1.0000),ME (1.0000),OCE (1.0000),SAF (1.0000),SAM (1.0000),USC (1.0000),USE (1.0000),USW (1.0000)
[0885.42] Matchmaking: Failed to ping 'ME1'. Using cached ping '0.1010'
[0885.42] Log: FCacheExportTask(..\..\TAGame\Cache\RegionCache.cache) wrote 1803 bytes to memory
[0885.49] Prime24121: StartSearch.PreferredRegions.Length 5
[0885.49] Matchmaking: OnlineGameMatchmaking_X_0 OnlineGameMatchmaking_X -> PingRegions
[0885.49] Matchmaking: OnlineGameMatchmaking_X_0 PingRegions -> Searching
[0885.49] Prime24121: HandleRegionsPinged.PreferredRegions.Length 5
[0885.49] Matchmaking: OnlineGameMatchmaking_X::RecordStart
[0885.49] Matchmaking: Pre-divide PartyLeaderMMR: 24.0348
[0885.49] Matchmaking: Post-divide PartyLeaderMMR: 24.0348
[0885.49] Matchmaking: PartyLeaderTier=(10)
[0885.49] Matchmaking: StartMatchmaking at 2026-03-31 18:07:20 in EU7,EU9,EU3,EU5,EU1 for playlists 10 on game server 130778543
[0885.49] Matchmaking: Creating RPC_StartMatchmaking_X
[0885.49] Matchmaking: PreferredRegions.Length=(5) PreferredPlaylists.Length=(1) Party.GetOrderedPartyMemberIDs().Length=(1)
[0885.49] Matchmaking: SecondsSearching=(0) CurrentServerID=(130778543) bDisableCrossplay=(False) bIgnoreSkill=(False)
[0885.66] Matchmaking: Matchmaking RPC succeeded.
[0885.66] Matchmaking: EstimatedQueueTime=(13.0000)
[0885.72] Matchmaking: OnlineGameMatchmaking_X_0::Searching.Cancel()
[0885.72] Matchmaking: OnlineGameMatchmaking_X_0 Searching -> None
[0885.95] Prime24121: StartSearch.PreferredRegions.Length 5
[0885.95] Matchmaking: OnlineGameMatchmaking_X_0 OnlineGameMatchmaking_X -> PingRegions
[0885.95] Matchmaking: OnlineGameMatchmaking_X_0 PingRegions -> Searching
[0885.95] Prime24121: HandleRegionsPinged.PreferredRegions.Length 5
[0885.95] Matchmaking: OnlineGameMatchmaking_X::RecordStart
[0885.95] Matchmaking: Pre-divide PartyLeaderMMR: 24.0348
[0885.95] Matchmaking: Post-divide PartyLeaderMMR: 24.0348
[0885.95] Matchmaking: PartyLeaderTier=(10)
[0885.95] Matchmaking: StartMatchmaking at 2026-03-31 18:07:20 in EU7,EU9,EU3,EU5,EU1 for playlists 10 on game server 130778543
[0885.95] Matchmaking: Creating RPC_StartMatchmaking_X
[0885.95] Matchmaking: PreferredRegions.Length=(5) PreferredPlaylists.Length=(1) Party.GetOrderedPartyMemberIDs().Length=(1)
[0885.95] Matchmaking: SecondsSearching=(0) CurrentServerID=(130778543) bDisableCrossplay=(False) bIgnoreSkill=(False)
[0886.12] Matchmaking: Matchmaking RPC succeeded.
[0886.12] Matchmaking: EstimatedQueueTime=(13.0000)
[0886.19] Matchmaking: OnlineGameMatchmaking_X_0::Searching.Cancel()
[0886.19] Matchmaking: OnlineGameMatchmaking_X_0 Searching -> None
[0886.50] DevOnline: PlayerDataStorage_WriteFile: File upload complete. User=(8818b4dba79a43d18b986f46e4d00392) FileName=(RLSettingsData) Success=(1)
[0886.50] SettingsExport: Settings data upload complete. Success: True
[0886.66] DevOnline: PlayerDataStorage_WriteFile: File upload complete. User=(8818b4dba79a43d18b986f46e4d00392) FileName=(RLSaveData) Success=(1)
[0886.70] ScriptWarning: ScriptWarning, Accessed None 'Car'
	CarComponent_Boost_TA Farm_GRS_P.TheWorld:PersistentLevel.CarComponent_Boost_TA_78
	Function TAGame.CarComponent_Boost_TA:GiveBoost:01A5
Script call stack:
	Function TAGame.CarComponent_Boost_TA:ClientGiveBoost
	Function TAGame.CarComponent_Boost_TA:GiveBoost

[0886.70] XPProgression: GFxHUD_TA.HandleGameStateChanged Current player match score = 1410, UniqueId=(Epic|8818b4dba79a43d18b986f46e4d00392|0), with total match time = 301.1664 seconds, with total net time = 301.1664seconds
[0886.70] Party: Ranked Game Finished, Clear party member server
[0886.70] RankedReconnect: RankedReconnectSave_TA_0.ClearRankedReconnect()
[0887.69] EOSGameClips: EOSGameClips: Starting background recording: API Version 2, Clip Duration 30
[0891.70] PsyNetStaticData: HandleCacheExpired
[0891.70] PsyNetStaticData: UpdateCacheTimerEnabled CacheTimer.bEnabled=(True)
[0891.70] XPProgression: GFxHUD_TA.HandleGameStateChanged Current player match score = 1410, UniqueId=(Epic|8818b4dba79a43d18b986f46e4d00392|0), with total match time = 301.1664 seconds, with total net time = 301.1664seconds
[0891.70] Party: Ranked Game Finished, Clear party member server
[0891.70] RankedReconnect: RankedReconnectSave_TA_0.ClearRankedReconnect()
[0891.73] Online: TryToPlayOnline ControllerID=(-1)
[0891.73] Online: HandlePrivilegeCheckFinished PrivilegeCheck.bHasRestriction=(False)
[0891.73] Online: HandlePrivilegeCheck PrivilegeCheck.bHasRestriction=(False)
[0891.74] EOSGameClips: EOSGameClips: Recording changed from Recording to NotRecording.
[0891.74] DevOnline: WebRequest_X_59 SEND: https://config.psynet.gg/v2/Config/BattleCars/1210528741/Prod/Epic/INT/
[0891.88] DevOnline: WebRequest_X_59 RECV: 304 
[0891.91] DevOnline: EOSSDK-LogEOSGameClips: Missing encoder drain completed message.
[0892.95] Log: FSaveDataExportTask(0) wrote 1034740 bytes to memory
[0892.95] Log: SaveGameDataAsync game thread time: 7 ms
[0892.97] Log: Deleting old save file ..\..\TAGame\SaveDataEpic\DBE_Production\8818b4dba79a43d18b986f46e4d00392_2.save
[0892.97] Log: SaveDataExport(0): Finished - File:[..\..\TAGame\SaveDataEpic\DBE_Production\8818b4dba79a43d18b986f46e4d00392_1.save] Result:[1]
[0892.97] SettingsExport: CreateSnapshot Metadata {"userId":"Epic|8818b4dba79a43d18b986f46e4d00392|0","platformKey":"Epic","schemaVersion":0,"clientVersion":1532151,"timestampUtc":1774980447,"settingsVersion":7952,"checksum":-1144731976 Payload Size  97006
[0892.97] SettingsExport: Payload changed. Notifying new Checksum: -1144731976
[0892.97] SettingsExport: Local settings updated, uploading data
[0903.53] Prime24121: StartSearch.PreferredRegions.Length 5
[0903.53] Matchmaking: OnlineGameMatchmaking_X_0 OnlineGameMatchmaking_X -> PingRegions
[0903.53] Matchmaking: OnlineGameMatchmaking_X_0 PingRegions -> Searching
[0903.53] Prime24121: HandleRegionsPinged.PreferredRegions.Length 5
[0903.53] Matchmaking: OnlineGameMatchmaking_X::RecordStart
[0903.53] Matchmaking: Pre-divide PartyLeaderMMR: 24.0348
[0903.53] Matchmaking: Post-divide PartyLeaderMMR: 24.0348
[0903.53] Matchmaking: PartyLeaderTier=(10)
[0903.53] Matchmaking: StartMatchmaking at 2026-03-31 18:07:38 in EU7,EU9,EU3,EU5,EU1 for playlists 10 on game server 130778543
[0903.53] Matchmaking: Creating RPC_StartMatchmaking_X
[0903.53] Matchmaking: PreferredRegions.Length=(5) PreferredPlaylists.Length=(1) Party.GetOrderedPartyMemberIDs().Length=(1)
[0903.53] Matchmaking: SecondsSearching=(0) CurrentServerID=(130778543) bDisableCrossplay=(False) bIgnoreSkill=(False)
[0903.75] Matchmaking: Matchmaking RPC succeeded.
[0903.75] Matchmaking: EstimatedQueueTime=(13.0000)
[0908.28] PsyNetBeaconDetail_X: PsyNetBeacon_X_0 ReserveConnection ReservationID=(5F195A7E44E1480997594768528EF812) ConnectionID=(eyJ0eXAiOiJKV1QiLCJhbGciOiJIUzUxMiJ9.eyJqdGkiOiI1ZjI3MTk1YTg3YmY0MzVkYWE3Mjc1OGJhYjliMmQ3ZSIsImlzcyI6IlBzeU5ldCIsInBsYXllcl9pZCI6IkVwaWN8ODgxOGI0ZGJhNzlhNDNkMThiOTg2ZjQ2ZTRkMDAzOTJ8MCIsInNlcnZlcl9uYW1lIjoiRVU3LTAyRTQwQUQzMzY3RjY4NjgwLUlvbiIsImlhdCI6MTc3NDk4MDQ2MiwibmJmIjoxNzc0OTgwNDYyLCJleHAiOjE3NzQ5OTQ4NjJ9.zIa-xclVCkdx1_NTiHrStzBedGtQfshLzH9VV65uJgeKu7VLV1qFQ5u58TLX4MdqQeam3q70zroF7O-GRcOnZA)
[0908.28] PsyNetBeaconDetail_X: PsyNetBeacon_X_0 ClientHandleMessage Message.MessageType=(ClientReservationMessage_X) Message.ReservationID=(5F195A7E44E1480997594768528EF812)
[0908.28] CheckReservation: Received game server from notification (v3) Message.Reservation=((ServerName="EU7-02E40AD3367F68680-Ion",Playlist=10,Region="EU",ReservationID="5F195A7E44E1480997594768528EF812",DSRToken="eyJ0eXAiOiJKV1QiLCJhbGciOiJIUzUxMiJ9.eyJqdGkiOiI1ZjI3MTk1YTg3YmY0MzVkYWE3Mjc1OGJhYjliMmQ3ZSIsImlzcyI6IlBzeU5ldCIsInBsYXllcl9pZCI6IkVwaWN8ODgxOGI0ZGJhNzlhNDNkMThiOTg2ZjQ2ZTRkMDAzOTJ8MCIsInNlcnZlcl9uYW1lIjoiRVU3LTAyRTQwQUQzMzY3RjY4NjgwLUlvbiIsImlhdCI6MTc3NDk4MDQ2MiwibmJmIjoxNzc0OTgwNDYyLCJleHAiOjE3NzQ5OTQ4NjJ9.zIa-xclVCkdx1_NTiHrStzBedGtQfshLzH9VV65uJgeKu7VLV1qFQ5u58TLX4MdqQeam3q70zroF7O-GRcOnZA",JoinName="93HTVAX4XMY7JR93",JoinPassword="KMU1C733T3GOXDOX"))
[0908.28] JoinGame: StartJoin Reservation=((ServerName="EU7-02E40AD3367F68680-Ion",Playlist=10,Region="EU",ReservationID="5F195A7E44E1480997594768528EF812",DSRToken="eyJ0eXAiOiJKV1QiLCJhbGciOiJIUzUxMiJ9.eyJqdGkiOiI1ZjI3MTk1YTg3YmY0MzVkYWE3Mjc1OGJhYjliMmQ3ZSIsImlzcyI6IlBzeU5ldCIsInBsYXllcl9pZCI6IkVwaWN8ODgxOGI0ZGJhNzlhNDNkMThiOTg2ZjQ2ZTRkMDAzOTJ8MCIsInNlcnZlcl9uYW1lIjoiRVU3LTAyRTQwQUQzMzY3RjY4NjgwLUlvbiIsImlhdCI6MTc3NDk4MDQ2MiwibmJmIjoxNzc0OTgwNDYyLCJleHAiOjE3NzQ5OTQ4NjJ9.zIa-xclVCkdx1_NTiHrStzBedGtQfshLzH9VV65uJgeKu7VLV1qFQ5u58TLX4MdqQeam3q70zroF7O-GRcOnZA",JoinName="93HTVAX4XMY7JR93",JoinPassword="KMU1C733T3GOXDOX")) JoinSettings=((PlaylistId=10))
[0908.28] JoinGame: GotoJoinGameState OnlineGameJoinGame_TA -> VerifyPrivileges
[0908.28] Online: TryToPlayOnline ControllerID=(-1)
[0908.28] Matchmaking: OnlineGameMatchmaking_X_0 Searching -> Joining
[0908.29] Online: HandlePrivilegeCheckFinished PrivilegeCheck.bHasRestriction=(False)
[0908.29] JoinGame: GotoJoinGameState VerifyPrivileges -> ReservingServerForMatchmaking
[0908.29] PsyNetBeaconDetail_X: PsyNetBeacon_X_0 SendMessageToServer Message=(AddReservationMessagePublic_X_2)
[0908.29] PsyNet: PsyNetServiceProvider_X_1 ExecuteService Complete, Service=DSR/ClientMessage 
[0909.53] PsyNetBeaconDetail_X: PsyNetBeacon_X_0 ClientHandleMessage Message.MessageType=(ReservationsReadyMessage_X) Message.ReservationID=(5F195A7E44E1480997594768528EF812)
[0909.53] Party: HandleServerReserved (Reservation=(ServerName="EU7-02E40AD3367F68680-Ion",Playlist=10,Region="EU",ReservationID="5F195A7E44E1480997594768528EF812",DSRToken="eyJ0eXAiOiJKV1QiLCJhbGciOiJIUzUxMiJ9.eyJqdGkiOiI1ZjI3MTk1YTg3YmY0MzVkYWE3Mjc1OGJhYjliMmQ3ZSIsImlzcyI6IlBzeU5ldCIsInBsYXllcl9pZCI6IkVwaWN8ODgxOGI0ZGJhNzlhNDNkMThiOTg2ZjQ2ZTRkMDAzOTJ8MCIsInNlcnZlcl9uYW1lIjoiRVU3LTAyRTQwQUQzMzY3RjY4NjgwLUlvbiIsImlhdCI6MTc3NDk4MDQ2MiwibmJmIjoxNzc0OTgwNDYyLCJleHAiOjE3NzQ5OTQ4NjJ9.zIa-xclVCkdx1_NTiHrStzBedGtQfshLzH9VV65uJgeKu7VLV1qFQ5u58TLX4MdqQeam3q70zroF7O-GRcOnZA",JoinName="93HTVAX4XMY7JR93",JoinPassword="KMU1C733T3GOXDOX"),PingURL="18.133.163.76:7721",GameURL="18.133.163.76:7720",JoinCredentials="93HTVAX4XMY7JR93:KMU1C733T3GOXDOX")
[0909.53] JoinGame: GotoJoinGameState ReservingServerForMatchmaking -> JoinCountdown
[0909.53] PsyNetBeaconDetail_X: PsyNetBeacon_X_0 SendMessageToServer Message=(PingMessage_X_4)
[0909.54] PsyNet: PsyNetServiceProvider_X_1 ExecuteService Complete, Service=DSR/ClientMessage 
[0909.85] PsyNetBeaconDetail_X: PsyNetBeacon_X_0 ClientHandleMessage Message.MessageType=(PingMessage_X) Message.ReservationID=(5F195A7E44E1480997594768528EF812)
[0909.85] PsyNet: PsyNetServiceProvider_X_1 ExecuteService Complete, Service=DSR/ClientMessage 
[0912.15] ScriptWarning: ScriptWarning, Accessed None 'GameEvent'
	Car_TA Farm_GRS_P.TheWorld:PersistentLevel.Car_TA_82
	Function TAGame.Car_TA:GetPreviewTeamIndex:0037
Script call stack:
	Function TAGame.Ball_TA:ReplicatedEvent
	Function TAGame.Ball_TA:Explode
	Function TAGame.Ball_TA:InitExplosionFX
	Function TAGame.ProductAsset_GoalExplosion_TA:GetExplosionFXActorForPRI
	Function TAGame.PaintedFXSelector_TA:GetFXActorForPRI
	Function TAGame.Car_TA:GetLoadoutTeamIndex
	Function TAGame.Car_TA:GetPreviewTeamIndex

[0912.15] ScriptWarning: ScriptWarning, Accessed array 'Default__PaintedFXSelector_TA.Loadouts' out of bounds (255/2)
	PaintedFXSelector_TA TAGame.Default__PaintedFXSelector_TA
	Function TAGame.PaintedFXSelector_TA:GetFXActorForPRI:0150
Script call stack:
	Function TAGame.Ball_TA:ReplicatedEvent
	Function TAGame.Ball_TA:Explode
	Function TAGame.Ball_TA:InitExplosionFX
	Function TAGame.ProductAsset_GoalExplosion_TA:GetExplosionFXActorForPRI
	Function TAGame.PaintedFXSelector_TA:GetFXActorForPRI

[0912.15] ScriptWarning: ScriptWarning, Accessed array 'Default__PaintedFXSelector_TA.Loadouts' out of bounds (255/2)
	PaintedFXSelector_TA TAGame.Default__PaintedFXSelector_TA
	Function TAGame.PaintedFXSelector_TA:GetFXActorForPRI:01EA
Script call stack:
	Function TAGame.Ball_TA:ReplicatedEvent
	Function TAGame.Ball_TA:Explode
	Function TAGame.Ball_TA:InitExplosionFX
	Function TAGame.ProductAsset_GoalExplosion_TA:GetExplosionFXActorForPRI
	Function TAGame.PaintedFXSelector_TA:GetFXActorForPRI

[0912.53] JoinGame: GotoJoinGameState JoinCountdown -> OpeningLoadingScreen
[0912.53] RankedReconnect: OnlineGameJoinGame_TA_0::OpeningLoadingScreen.BeginState()
[0912.53] RankedReconnect: LocalPlayer_TA_0.UpdateRankedReconnect() RankedSoloDuel True 2 False
[0912.53] RankedReconnect: RankedReconnectSave_TA_0.ClearRankedReconnect()
[0912.53] DevNet: Browse: JoinGameTransition?Name=%e6%bc%a2+%e9%be%8d+%e7%8e%8b+%e7%a5%9e+%e9%97%87%e6%bc%a2+%e9%be%8d+%e7%8e%8b+%e7%a5%9e?game=TAGame.GameInfo_Transition_TA
[0912.59] Log: FSaveDataExportTask(0) wrote 1034740 bytes to memory
[0912.59] Log: SaveGameDataAsync game thread time: 8 ms
[0912.60] Log: LoadMap: JoinGameTransition?Name=%e6%bc%a2+%e9%be%8d+%e7%8e%8b+%e7%a5%9e+%e9%97%87%e6%bc%a2+%e9%be%8d+%e7%8e%8b+%e7%a5%9e?game=TAGame.GameInfo_Transition_TA
[0912.60] Spawn: TextChatActor_TA_4 Destroyed
[0912.60] EOSGameClips: ShutDown : Shutting down EOSGameClipsController_TA. Self=(EOSGameClipsController_TA_4) PlayerOwner?.GetUniqueNetId()=(Epic|8818b4dba79a43d18b986f46e4d00392|0)
[0912.60] Spawn: TextChatActor_TA_5 Destroyed
[0912.60] Spawn: TextChatActor_TA_6 Destroyed
[0912.61] Log: Deleting old save file ..\..\TAGame\SaveDataEpic\DBE_Production\8818b4dba79a43d18b986f46e4d00392.save
[0912.61] Log: SaveDataExport(0): Finished - File:[..\..\TAGame\SaveDataEpic\DBE_Production\8818b4dba79a43d18b986f46e4d00392_2.save] Result:[1]
[0912.62] DevOnline: PsyNet Flush Start TimeoutSeconds=0.250000
[0912.83] DevOnline: PsyNet Flush End
[0912.85] NetComeGo: Close TcpipConnection_1 18.168.54.12:7892 31/03/2026 19:07:48 'Control channel cleanup'
[0912.85] NetComeGo: TcpipConnection_1 Control channel closed, reason=Control channel cleanup
[0912.86] Exit: TcpNetDriver_1 shut down
[0912.87] Log: Fully load package: ..\..\TAGame\CookedPCConsole\GameInfo_Transition_SF.upk
[0912.87] Log: Game class is 'GameInfo_Transition_TA'
[0912.92] Log: Bringing World JoinGameTransition.TheWorld up for play (0) at 2026.03.31-19.07.48
[0912.92] Log: Bringing up level for play took: 0.049051
[0912.92] PartyChallenge: UpdateChallengeProgressForCompetitive bChallengesComplete=(True) ChallengeState=(Challenge_Success) bChallengeSync=(True) bChallengesAreValid=(True) bLegacyPlayer=(False) bGuestAccount=(False) Online_X.UniqueNetIDToString(Manager.Outer.PlayerID)=(Epic|8818b4dba79a43d18b986f46e4d00392|0) Complete
[0912.92] PartyChallenge: InitializeCompetitiveChallenges bGuestAccount=(False) bCompletedChallengesForCompetitive=(True) bLegacyPlayer=(False) Online_X.UniqueNetIDToString(OnlinePlayer.PlayerID)=(Epic|8818b4dba79a43d18b986f46e4d00392|0)
[0912.92] JoinGame: GotoJoinGameState OpeningLoadingScreen -> JoiningNewServer
[0912.92] DevNet: SetProgress, MessageType=1, Title=, Message=Connecting...
[0912.92] Log: ########### Finished loading level: 0.323825 seconds
[0912.92] SettingsExport: CreateSnapshot Metadata {"userId":"Epic|8818b4dba79a43d18b986f46e4d00392|0","platformKey":"Epic","schemaVersion":0,"clientVersion":1532151,"timestampUtc":1774980467,"settingsVersion":7953,"checksum":1268518940 Payload Size  97006
[0912.92] SettingsExport: Payload changed. Notifying new Checksum: 1268518940
[0912.92] SettingsExport: Local settings updated, uploading data
[0912.92] DevNet: Browse: 18.133.163.76:7720/MENU_Main_p?Name=%e6%bc%a2+%e9%be%8d+%e7%8e%8b+%e7%a5%9e+%e9%97%87%e6%bc%a2+%e9%be%8d+%e7%8e%8b+%e7%a5%9e
[0912.92] DevNet: Game client on port 7720, rate 15000
[0912.92] NetComeGo: SEND first packet Length=80 CRC=-1673370344
[0912.95] NetComeGo: TcpipConnection_2 RECV first packet IP=18.133.163.76:7720 Length=15 CRC=503922217 HandshakeStatus=0 bUseSessionUID=1 InSessionUID=(0 0 0) SessionUID=(0 0 0)
[0912.95] NetComeGo: Client set SessionUID to: 172 77 100
[0913.04] DevNet: Welcomed by server (Level: EuroStadium_Night_P, Game: TAGame.GameInfo_Soccar_TA, GameTags: )
[0913.04] Log: FSaveDataExportTask(0) wrote 1034740 bytes to memory
[0913.04] Log: SaveGameDataAsync game thread time: 7 ms
[0913.06] Log: Deleting old save file ..\..\TAGame\SaveDataEpic\DBE_Production\8818b4dba79a43d18b986f46e4d00392_1.save
[0913.06] Log: SaveDataExport(0): Finished - File:[..\..\TAGame\SaveDataEpic\DBE_Production\8818b4dba79a43d18b986f46e4d00392.save] Result:[1]
[0913.11] Log: Flushing async loaders.
[0913.11] Log: Flushed async loaders.
[0913.11] Log: LoadMap: 18.133.163.76:7720/EuroStadium_Night_P?Name=%e6%bc%a2+%e9%be%8d+%e7%8e%8b+%e7%a5%9e+%e9%97%87%e6%bc%a2+%e9%be%8d+%e7%8e%8b+%e7%a5%9e?game=TAGame.GameInfo_Soccar_TA
[0913.12] DevOnline: PsyNet Flush Start TimeoutSeconds=0.250000
[0913.32] DevOnline: PsyNet Flush End
[0913.33] Log: Fully load package: ..\..\TAGame\CookedPCConsole\GameInfo_Soccar_SF.upk
[0913.42] Log: Fully load package: ..\..\TAGame\CookedPCConsole\GFxSounds_XP_SF.upk
[0913.43] Log: Fully load package: ..\..\TAGame\CookedPCConsole\GFx_XPProgressMenu_SF.upk
[0913.45] Log: Fully load package: ..\..\TAGame\CookedPCConsole\GFX_EndGameMenu_SF.upk
[0913.49] Log: Fully load package: ..\..\TAGame\CookedPCConsole\GFX_WinnerMenu_SF.upk
[0913.51] Log: Fully load package: ..\..\TAGame\CookedPCConsole\GFX_MidGameScoreboard_SF.upk
[0913.51] Log: Fully load package: ..\..\TAGame\CookedPCConsole\GFX_MidGameMenu_SF.upk
[0913.53] Log: Fully load package: ..\..\TAGame\CookedPCConsole\GFX_HudMatchInfo_SF.upk
[0913.54] Log: Fully load package: ..\..\TAGame\CookedPCConsole\GFX_Hud_SF.upk
[0913.78] Log: Octree Warning (AddPrimitive): StaticMeshActor_SMC_18 (Owner: EuroStadium_Night_P.TheWorld:PersistentLevel.MeshCollector1) Outside World.
[0913.78] Log: Octree Warning (AddPrimitive): StaticMeshActor_SMC_722 (Owner: EuroStadium_Night_P.TheWorld:PersistentLevel.MeshCollector1) Outside World.
[0913.92] Log: Bringing World EuroStadium_Night_P.TheWorld up for play (0) at 2026.03.31-19.07.49
[0913.92] Log: Bringing up level for play took: 0.144723
[0914.04] RootMenu: [GFx] UIShellInstance - setting the shell instance
[0914.07] PartyChallenge: UpdateChallengeProgressForCompetitive bChallengesComplete=(True) ChallengeState=(Challenge_Success) bChallengeSync=(True) bChallengesAreValid=(True) bLegacyPlayer=(False) bGuestAccount=(False) Online_X.UniqueNetIDToString(Manager.Outer.PlayerID)=(Epic|8818b4dba79a43d18b986f46e4d00392|0) Complete
[0914.07] PartyChallenge: InitializeCompetitiveChallenges bGuestAccount=(False) bCompletedChallengesForCompetitive=(True) bLegacyPlayer=(False) Online_X.UniqueNetIDToString(OnlinePlayer.PlayerID)=(Epic|8818b4dba79a43d18b986f46e4d00392|0)
[0914.07] JoinGame: OnJoinGameComplete bSuccess=(True) FailReason=()
[0914.07] JoinGame: GotoJoinGameState JoiningNewServer -> None
[0914.07] PsyNetBeaconDetail_X: PsyNetBeacon_X_0 Close
[0914.07] PsyNetBeaconDetail_X: PsyNetBeacon_X_0 CloseConnection Connection.ConnectionID=(eyJ0eXAiOiJKV1QiLCJhbGciOiJIUzUxMiJ9.eyJqdGkiOiI1ZjI3MTk1YTg3YmY0MzVkYWE3Mjc1OGJhYjliMmQ3ZSIsImlzcyI6IlBzeU5ldCIsInBsYXllcl9pZCI6IkVwaWN8ODgxOGI0ZGJhNzlhNDNkMThiOTg2ZjQ2ZTRkMDAzOTJ8MCIsInNlcnZlcl9uYW1lIjoiRVU3LTAyRTQwQUQzMzY3RjY4NjgwLUlvbiIsImlhdCI6MTc3NDk4MDQ2MiwibmJmIjoxNzc0OTgwNDYyLCJleHAiOjE3NzQ5OTQ4NjJ9.zIa-xclVCkdx1_NTiHrStzBedGtQfshLzH9VV65uJgeKu7VLV1qFQ5u58TLX4MdqQeam3q70zroF7O-GRcOnZA)
[0914.07] Matchmaking: OnlineGameMatchmaking_X_0 Joining -> None
[0914.07] Spawn: TextChatActor_TA_7 OnOwnerChanged PlayerController_TA_5
[0914.07] EOSGameClips: Construct Constructed EOSGameClipsController_TA. Self=(EOSGameClipsController_TA_5)
[0914.07] Log: ########### Finished loading level: 0.954040 seconds
[0914.07] SettingsExport: Settings content not changed. Will not update the Settings Online
[0914.30] EOSGameClips: ShutDown : Shutting down EOSGameClipsController_TA. Self=(EOSGameClipsController_TA_5) PlayerOwner?.GetUniqueNetId()=(Epic|8818b4dba79a43d18b986f46e4d00392|0)
[0914.30] PartyChallenge: UpdateChallengeProgressForCompetitive bChallengesComplete=(True) ChallengeState=(Challenge_Success) bChallengeSync=(True) bChallengesAreValid=(True) bLegacyPlayer=(False) bGuestAccount=(False) Online_X.UniqueNetIDToString(Manager.Outer.PlayerID)=(Epic|8818b4dba79a43d18b986f46e4d00392|0) Complete
[0914.30] PartyChallenge: InitializeCompetitiveChallenges bGuestAccount=(False) bCompletedChallengesForCompetitive=(True) bLegacyPlayer=(False) Online_X.UniqueNetIDToString(OnlinePlayer.PlayerID)=(Epic|8818b4dba79a43d18b986f46e4d00392|0)
[0914.30] EOSGameClips: Construct Constructed EOSGameClipsController_TA. Self=(EOSGameClipsController_TA_6)
[0914.30] ScriptLog: Client InputRate=60
[0914.30] DevNet: PlayerController_TA_6 setplayer LocalPlayer_TA_0
[0914.31] PsyNetStaticData: UpdateCacheTimerEnabled CacheTimer.bEnabled=(False)
[0914.31] MatchBroadcast: Init bBroadcastMatch=(False) MatchLog=(None)
[0914.33] ScriptLog: Uncached PlatformId for Epic|8818b4dba79a43d18b986f46e4d00392|0
[0914.33] ScriptLog: MatchGUID: 82FC7C6211F12D2C035AB782B9C3C4DE
[0914.33] Spawn: TextChatActor_TA_8 OnOwnerChanged PlayerController_TA_6
[0914.37] RootMenu: [GFx] UIShellInstance - setting the shell instance
[0914.40] DevOnline: EOSSDK-LogEOSRTC: TickTracker Tick is delayed. TimePeriod=[10.272055s]  TickIntervalThreshold=[0.100000s] MaxTickInterval=[0.331072s] MaxExecutionTime=[0.000025s] TicksCount=[1020] ExpectedTicksCount=[1027]
[0914.42] LTM: SettingsType=(CustomMatchSettingsType_PrivateMatch)
[0914.66] EOSVoice: Voice not enabled for current playlist
[0914.85] DevOnline: WebRequest_X_60 SEND:  https://rl-cdn.psyonix.com/Ads/Prod/260.aC72R2Xg/402.jpg
[0914.85] DevOnline: WebRequest_X_60 RECV: 0 
[0914.85] Log: WebRequest_X_60 type: HTTPError, message: 
[0922.34] DevOnline: WebRequest_X_61 SEND: https://datarouter.ol.epicgames.com/datarouter/api/v1/public/data?AppID=RocketLeague.Release&AppVersion=1210528741&AppEnvironment=Prod&UploadType=eteventstream&UserID=|8818b4dba79a43d18b986f46e4d00392|||Epic|8818b4dba79a43d18b986f46e4d00392|0&SessionID=CD3171EF43FDD762A72030B5E4D0FB6B
[0922.44] DevOnline: WebRequest_X_61 RECV: 204 
[0924.96] EOSGameClips: EOSGameClips: Starting background recording: API Version 2, Clip Duration 30
[0924.96] DevOnline: EOSSDK-LogEOSGameClips: Starting recording up to 30 seconds.
[0924.97] EOSGameClips: EOSGameClips: Recording changed from NotRecording to Recording.
[0926.30] EOSGameClips: EOSGameClips: Currently recording: true
[0928.99] EOSGameClips: EOSGameClips: Starting background recording: API Version 2, Clip Duration 30
[0978.54] EOSGameClips: EOSGameClips: Starting background recording: API Version 2, Clip Duration 30
[0981.11] EOSGameClips: EOSGameClips: Currently recording: true
[0982.09] EOSGameClips: EOSGameClips: Starting background recording: API Version 2, Clip Duration 30
[0982.34] DevOnline: WebRequest_X_62 SEND: https://datarouter.ol.epicgames.com/datarouter/api/v1/public/data?AppID=RocketLeague.Release&AppVersion=1210528741&AppEnvironment=Prod&UploadType=eteventstream&UserID=|8818b4dba79a43d18b986f46e4d00392|||Epic|8818b4dba79a43d18b986f46e4d00392|0&SessionID=CD3171EF43FDD762A72030B5E4D0FB6B
[0982.44] DevOnline: WebRequest_X_62 RECV: 204 
[0984.44] EOSGameClips: EOSGameClips: Starting background recording: API Version 2, Clip Duration 30
[0988.46] EOSGameClips: EOSGameClips: Starting background recording: API Version 2, Clip Duration 30
[1011.40] EOSGameClips: EOSGameClips: Starting background recording: API Version 2, Clip Duration 30
[1013.95] EOSGameClips: EOSGameClips: Currently recording: true
[1014.94] EOSGameClips: EOSGameClips: Starting background recording: API Version 2, Clip Duration 30
[1018.85] EOSGameClips: EOSGameClips: Starting background recording: API Version 2, Clip Duration 30
[1022.87] EOSGameClips: EOSGameClips: Starting background recording: API Version 2, Clip Duration 30
[1038.22] EOSGameClips: EOSGameClips: Starting background recording: API Version 2, Clip Duration 30
[1040.81] EOSGameClips: EOSGameClips: Currently recording: true
[1041.80] EOSGameClips: EOSGameClips: Starting background recording: API Version 2, Clip Duration 30
[1042.33] DevOnline: WebRequest_X_63 SEND: https://datarouter.ol.epicgames.com/datarouter/api/v1/public/data?AppID=RocketLeague.Release&AppVersion=1210528741&AppEnvironment=Prod&UploadType=eteventstream&UserID=|8818b4dba79a43d18b986f46e4d00392|||Epic|8818b4dba79a43d18b986f46e4d00392|0&SessionID=CD3171EF43FDD762A72030B5E4D0FB6B
[1042.43] DevOnline: WebRequest_X_63 RECV: 204 
[1049.16] EOSGameClips: EOSGameClips: Starting background recording: API Version 2, Clip Duration 30
[1053.17] EOSGameClips: EOSGameClips: Starting background recording: API Version 2, Clip Duration 30
[1083.25] EOSGameClips: EOSGameClips: Starting background recording: API Version 2, Clip Duration 30
[1085.84] EOSGameClips: EOSGameClips: Currently recording: true
[1087.28] EOSGameClips: EOSGameClips: Starting background recording: API Version 2, Clip Duration 30
[1091.28] EOSGameClips: EOSGameClips: Starting background recording: API Version 2, Clip Duration 30
[1102.33] DevOnline: WebRequest_X_64 SEND: https://datarouter.ol.epicgames.com/datarouter/api/v1/public/data?AppID=RocketLeague.Release&AppVersion=1210528741&AppEnvironment=Prod&UploadType=eteventstream&UserID=|8818b4dba79a43d18b986f46e4d00392|||Epic|8818b4dba79a43d18b986f46e4d00392|0&SessionID=CD3171EF43FDD762A72030B5E4D0FB6B
[1102.45] DevOnline: WebRequest_X_64 RECV: 204 
[1103.71] EOSGameClips: EOSGameClips: Starting background recording: API Version 2, Clip Duration 30
[1106.24] EOSGameClips: EOSGameClips: Currently recording: true
[1107.23] EOSGameClips: EOSGameClips: Starting background recording: API Version 2, Clip Duration 30
[1117.92] EOSGameClips: EOSGameClips: Starting background recording: API Version 2, Clip Duration 30
[1121.90] EOSGameClips: EOSGameClips: Starting background recording: API Version 2, Clip Duration 30
[1135.54] EOSGameClips: EOSGameClips: Starting background recording: API Version 2, Clip Duration 30
[1138.09] EOSGameClips: EOSGameClips: Currently recording: true
[1139.07] EOSGameClips: EOSGameClips: Starting background recording: API Version 2, Clip Duration 30
[1149.62] EOSGameClips: EOSGameClips: Starting background recording: API Version 2, Clip Duration 30
[1153.61] EOSGameClips: EOSGameClips: Starting background recording: API Version 2, Clip Duration 30
[1158.16] EOSGameClips: EOSGameClips: Starting background recording: API Version 2, Clip Duration 30
[1160.72] EOSGameClips: EOSGameClips: Currently recording: true
[1161.70] EOSGameClips: EOSGameClips: Starting background recording: API Version 2, Clip Duration 30
[1162.33] DevOnline: WebRequest_X_65 SEND: https://datarouter.ol.epicgames.com/datarouter/api/v1/public/data?AppID=RocketLeague.Release&AppVersion=1210528741&AppEnvironment=Prod&UploadType=eteventstream&UserID=|8818b4dba79a43d18b986f46e4d00392|||Epic|8818b4dba79a43d18b986f46e4d00392|0&SessionID=CD3171EF43FDD762A72030B5E4D0FB6B
[1162.44] DevOnline: WebRequest_X_65 RECV: 204 
[1172.35] EOSGameClips: EOSGameClips: Starting background recording: API Version 2, Clip Duration 30
[1176.34] EOSGameClips: EOSGameClips: Starting background recording: API Version 2, Clip Duration 30
[1187.24] EOSGameClips: EOSGameClips: Starting background recording: API Version 2, Clip Duration 30
[1189.79] EOSGameClips: EOSGameClips: Currently recording: true
[1190.78] EOSGameClips: EOSGameClips: Starting background recording: API Version 2, Clip Duration 30
[1192.57] EOSGameClips: EOSGameClips: Currently recording: true
[1196.77] EOSGameClips: EOSGameClips: Currently recording: true
[1201.42] EOSGameClips: EOSGameClips: Starting background recording: API Version 2, Clip Duration 30
[1205.43] EOSGameClips: EOSGameClips: Starting background recording: API Version 2, Clip Duration 30
[1222.32] DevOnline: WebRequest_X_66 SEND: https://datarouter.ol.epicgames.com/datarouter/api/v1/public/data?AppID=RocketLeague.Release&AppVersion=1210528741&AppEnvironment=Prod&UploadType=eteventstream&UserID=|8818b4dba79a43d18b986f46e4d00392|||Epic|8818b4dba79a43d18b986f46e4d00392|0&SessionID=CD3171EF43FDD762A72030B5E4D0FB6B
[1222.42] DevOnline: WebRequest_X_66 RECV: 204 
[1233.48] EOSGameClips: EOSGameClips: Starting background recording: API Version 2, Clip Duration 30
[1236.05] EOSGameClips: EOSGameClips: Currently recording: true
[1237.03] EOSGameClips: EOSGameClips: Starting background recording: API Version 2, Clip Duration 30
[1243.61] EOSGameClips: EOSGameClips: Currently recording: true
[1243.88] EOSGameClips: EOSGameClips: Currently recording: true
[1243.89] EOSGameClips: EOSGameClips: Currently recording: true
[1244.06] EOSGameClips: EOSGameClips: Currently recording: true
[1244.06] EOSGameClips: EOSGameClips: Currently recording: true
[1244.72] EOSGameClips: EOSGameClips: Currently recording: true
[1244.73] EOSGameClips: EOSGameClips: Currently recording: true
[1244.88] EOSGameClips: EOSGameClips: Currently recording: true
[1244.89] EOSGameClips: EOSGameClips: Currently recording: true
[1245.01] EOSGameClips: EOSGameClips: Currently recording: true
[1245.01] EOSGameClips: EOSGameClips: Currently recording: true
[1245.14] EOSGameClips: EOSGameClips: Currently recording: true
[1245.36] EOSGameClips: EOSGameClips: Currently recording: true
[1245.46] EOSGameClips: EOSGameClips: Currently recording: true
[1245.47] EOSGameClips: EOSGameClips: Currently recording: true
[1245.57] EOSGameClips: EOSGameClips: Currently recording: true
[1245.58] EOSGameClips: EOSGameClips: Currently recording: true
[1245.71] EOSGameClips: EOSGameClips: Currently recording: true
[1245.71] EOSGameClips: EOSGameClips: Currently recording: true
[1245.82] EOSGameClips: EOSGameClips: Currently recording: true
[1245.83] EOSGameClips: EOSGameClips: Currently recording: true
[1245.96] EOSGameClips: EOSGameClips: Currently recording: true
[1245.97] EOSGameClips: EOSGameClips: Currently recording: true
[1246.16] EOSGameClips: EOSGameClips: Currently recording: true
[1246.16] EOSGameClips: EOSGameClips: Currently recording: true
[1246.29] EOSGameClips: EOSGameClips: Currently recording: true
[1246.30] EOSGameClips: EOSGameClips: Currently recording: true
[1247.79] EOSGameClips: EOSGameClips: Starting background recording: API Version 2, Clip Duration 30
[1251.78] EOSGameClips: EOSGameClips: Starting background recording: API Version 2, Clip Duration 30
[1282.31] DevOnline: WebRequest_X_67 SEND: https://datarouter.ol.epicgames.com/datarouter/api/v1/public/data?AppID=RocketLeague.Release&AppVersion=1210528741&AppEnvironment=Prod&UploadType=eteventstream&UserID=|8818b4dba79a43d18b986f46e4d00392|||Epic|8818b4dba79a43d18b986f46e4d00392|0&SessionID=CD3171EF43FDD762A72030B5E4D0FB6B
[1282.41] DevOnline: WebRequest_X_67 RECV: 204 
[1294.74] EOSGameClips: EOSGameClips: Starting background recording: API Version 2, Clip Duration 30
[1297.30] EOSGameClips: EOSGameClips: Currently recording: true
[1297.79] DevNet: Bad connection: IP=18.133.163.76:7720 Name="  ‹ ^ Ç"  ‹ ^ State=3 Ping=0.419665 ReceiveTime=0.000000 AckTime=0.041656
[1298.29] EOSGameClips: EOSGameClips: Starting background recording: API Version 2, Clip Duration 30
[1298.80] DevNet: Bad connection: IP=18.133.163.76:7720 Name="  ‹ ^ Ç"  ‹ ^ State=3 Ping=0.699717 ReceiveTime=0.024994 AckTime=0.041656
[1299.81] DevNet: Bad connection: IP=18.133.163.76:7720 Name="  ‹ ^ Ç"  ‹ ^ State=3 Ping=0.880569 ReceiveTime=0.024994 AckTime=0.058319
[1300.82] DevNet: Bad connection: IP=18.133.163.76:7720 Name="  ‹ ^ Ç"  ‹ ^ State=3 Ping=0.691498 ReceiveTime=0.008331 AckTime=0.049988
[1301.83] DevNet: Bad connection: IP=18.133.163.76:7720 Name="  ‹ ^ Ç"  ‹ ^ State=3 Ping=0.875730 ReceiveTime=0.000000 AckTime=0.000000
[1302.84] DevNet: Bad connection: IP=18.133.163.76:7720 Name="  ‹ ^ Ç"  ‹ ^ State=3 Ping=0.822255 ReceiveTime=0.000000 AckTime=0.000000
[1303.54] EOSGameClips: EOSGameClips: Currently recording: true
[1303.61] EOSGameClips: EOSGameClips: Currently recording: true
[1303.62] EOSGameClips: EOSGameClips: Currently recording: true
[1303.71] EOSGameClips: EOSGameClips: Currently recording: true
[1303.72] EOSGameClips: EOSGameClips: Currently recording: true
[1303.82] EOSGameClips: EOSGameClips: Currently recording: true
[1303.82] EOSGameClips: EOSGameClips: Currently recording: true
[1303.84] DevNet: Bad connection: IP=18.133.163.76:7720 Name="  ‹ ^ Ç"  ‹ ^ State=3 Ping=0.964937 ReceiveTime=0.000000 AckTime=0.000000
[1303.92] EOSGameClips: EOSGameClips: Currently recording: true
[1303.94] EOSGameClips: EOSGameClips: Currently recording: true
[1304.02] EOSGameClips: EOSGameClips: Currently recording: true
[1304.02] EOSGameClips: EOSGameClips: Currently recording: true
[1304.13] EOSGameClips: EOSGameClips: Currently recording: true
[1304.14] EOSGameClips: EOSGameClips: Currently recording: true
[1304.23] EOSGameClips: EOSGameClips: Currently recording: true
[1304.24] EOSGameClips: EOSGameClips: Currently recording: true
[1304.34] EOSGameClips: EOSGameClips: Currently recording: true
[1304.34] EOSGameClips: EOSGameClips: Currently recording: true
[1304.44] EOSGameClips: EOSGameClips: Currently recording: true
[1304.47] EOSGameClips: EOSGameClips: Currently recording: true
[1304.54] EOSGameClips: EOSGameClips: Currently recording: true
[1304.55] EOSGameClips: EOSGameClips: Currently recording: true
[1304.65] EOSGameClips: EOSGameClips: Currently recording: true
[1304.85] DevNet: Bad connection: IP=18.133.163.76:7720 Name="  ‹ ^ Ç"  ‹ ^ State=3 Ping=0.541879 ReceiveTime=0.008331 AckTime=0.008331
[1304.86] EOSGameClips: EOSGameClips: Currently recording: true
[1304.86] EOSGameClips: EOSGameClips: Currently recording: true
[1304.87] EOSGameClips: EOSGameClips: Currently recording: true
[1306.44] EOSGameClips: EOSGameClips: Currently recording: true
[1306.53] EOSGameClips: EOSGameClips: Currently recording: true
[1306.59] EOSGameClips: EOSGameClips: Currently recording: true
[1306.59] EOSGameClips: EOSGameClips: Currently recording: true
[1306.72] EOSGameClips: EOSGameClips: Currently recording: true
[1306.72] EOSGameClips: EOSGameClips: Currently recording: true
[1306.86] EOSGameClips: EOSGameClips: Currently recording: true
[1307.20] EOSGameClips: EOSGameClips: Currently recording: true
[1307.37] EOSGameClips: EOSGameClips: Currently recording: true
[1307.37] EOSGameClips: EOSGameClips: Currently recording: true
[1307.49] EOSGameClips: EOSGameClips: Currently recording: true
[1307.50] EOSGameClips: EOSGameClips: Currently recording: true
[1308.78] EOSGameClips: EOSGameClips: Starting background recording: API Version 2, Clip Duration 30
[1312.37] EOSGameClips: EOSGameClips: Currently recording: true
[1312.78] EOSGameClips: EOSGameClips: Starting background recording: API Version 2, Clip Duration 30
[1317.90] EOSGameClips: EOSGameClips: Starting background recording: API Version 2, Clip Duration 30
[1320.44] EOSGameClips: EOSGameClips: Currently recording: true
[1321.42] EOSGameClips: EOSGameClips: Starting background recording: API Version 2, Clip Duration 30
[1321.99] DevNet: Bad connection: IP=18.133.163.76:7720 Name="  ‹ ^ Ç"  ‹ ^ State=3 Ping=0.629013 ReceiveTime=0.000000 AckTime=0.149963
[1323.00] DevNet: Bad connection: IP=18.133.163.76:7720 Name="  ‹ ^ Ç"  ‹ ^ State=3 Ping=0.844193 ReceiveTime=0.000000 AckTime=0.016663
[1324.01] DevNet: Bad connection: IP=18.133.163.76:7720 Name="  ‹ ^ Ç"  ‹ ^ State=3 Ping=0.737320 ReceiveTime=0.000000 AckTime=0.166626
[1325.01] DevNet: Bad connection: IP=18.133.163.76:7720 Name="  ‹ ^ Ç"  ‹ ^ State=3 Ping=0.674835 ReceiveTime=0.000000 AckTime=0.000000
[1326.02] DevNet: Bad connection: IP=18.133.163.76:7720 Name="  ‹ ^ Ç"  ‹ ^ State=3 Ping=1.162706 ReceiveTime=0.000000 AckTime=0.000000
[1327.03] DevNet: Bad connection: IP=18.133.163.76:7720 Name="  ‹ ^ Ç"  ‹ ^ State=3 Ping=0.616141 ReceiveTime=0.000000 AckTime=0.000000
[1332.11] EOSGameClips: EOSGameClips: Starting background recording: API Version 2, Clip Duration 30
[1336.12] EOSGameClips: EOSGameClips: Starting background recording: API Version 2, Clip Duration 30
[1342.31] DevOnline: WebRequest_X_68 SEND: https://datarouter.ol.epicgames.com/datarouter/api/v1/public/data?AppID=RocketLeague.Release&AppVersion=1210528741&AppEnvironment=Prod&UploadType=eteventstream&UserID=|8818b4dba79a43d18b986f46e4d00392|||Epic|8818b4dba79a43d18b986f46e4d00392|0&SessionID=CD3171EF43FDD762A72030B5E4D0FB6B
[1342.46] DevOnline: WebRequest_X_68 RECV: 204 
[1372.07] EOSGameClips: EOSGameClips: Currently recording: true
[1392.43] EOSGameClips: EOSGameClips: Starting background recording: API Version 2, Clip Duration 30
[1394.98] EOSGameClips: EOSGameClips: Currently recording: true
[1395.97] EOSGameClips: EOSGameClips: Starting background recording: API Version 2, Clip Duration 30
[1402.30] DevOnline: WebRequest_X_69 SEND: https://datarouter.ol.epicgames.com/datarouter/api/v1/public/data?AppID=RocketLeague.Release&AppVersion=1210528741&AppEnvironment=Prod&UploadType=eteventstream&UserID=|8818b4dba79a43d18b986f46e4d00392|||Epic|8818b4dba79a43d18b986f46e4d00392|0&SessionID=CD3171EF43FDD762A72030B5E4D0FB6B
[1402.40] DevOnline: WebRequest_X_69 RECV: 204 
[1405.98] EOSGameClips: EOSGameClips: Starting background recording: API Version 2, Clip Duration 30
[1410.01] EOSGameClips: EOSGameClips: Starting background recording: API Version 2, Clip Duration 30
[1428.00] EOSGameClips: EOSGameClips: Starting background recording: API Version 2, Clip Duration 30
[1430.54] EOSGameClips: EOSGameClips: Currently recording: true
[1431.52] EOSGameClips: EOSGameClips: Starting background recording: API Version 2, Clip Duration 30
[1433.35] EOSGameClips: EOSGameClips: Starting background recording: API Version 2, Clip Duration 30
[1437.35] EOSGameClips: EOSGameClips: Starting background recording: API Version 2, Clip Duration 30
[1455.25] EOSGameClips: EOSGameClips: Starting background recording: API Version 2, Clip Duration 30
[1457.81] EOSGameClips: EOSGameClips: Currently recording: true
[1458.80] EOSGameClips: EOSGameClips: Starting background recording: API Version 2, Clip Duration 30
[1461.09] EOSGameClips: EOSGameClips: Currently recording: true
[1462.30] DevOnline: WebRequest_X_70 SEND: https://datarouter.ol.epicgames.com/datarouter/api/v1/public/data?AppID=RocketLeague.Release&AppVersion=1210528741&AppEnvironment=Prod&UploadType=eteventstream&UserID=|8818b4dba79a43d18b986f46e4d00392|||Epic|8818b4dba79a43d18b986f46e4d00392|0&SessionID=CD3171EF43FDD762A72030B5E4D0FB6B
[1462.42] DevOnline: WebRequest_X_70 RECV: 204 
[1469.55] EOSGameClips: EOSGameClips: Starting background recording: API Version 2, Clip Duration 30
[1473.55] EOSGameClips: EOSGameClips: Starting background recording: API Version 2, Clip Duration 30
[1481.15] EOSGameClips: EOSGameClips: Starting background recording: API Version 2, Clip Duration 30
[1485.16] EOSGameClips: EOSGameClips: Starting background recording: API Version 2, Clip Duration 30
[1522.30] DevOnline: WebRequest_X_71 SEND: https://datarouter.ol.epicgames.com/datarouter/api/v1/public/data?AppID=RocketLeague.Release&AppVersion=1210528741&AppEnvironment=Prod&UploadType=eteventstream&UserID=|8818b4dba79a43d18b986f46e4d00392|||Epic|8818b4dba79a43d18b986f46e4d00392|0&SessionID=CD3171EF43FDD762A72030B5E4D0FB6B
[1522.40] DevOnline: WebRequest_X_71 RECV: 204 
[1523.72] SplitScreen: Press Start ControllerId=0 Player=LocalPlayer_TA_0
[1524.59] EOSGameClips: EOSGameClips: Starting background recording: API Version 2, Clip Duration 30
[1524.83] Log: FSaveDataExportTask(0) wrote 1057180 bytes to memory
[1524.83] Log: SaveGameDataAsync game thread time: 8 ms
[1524.85] Log: Deleting old save file ..\..\TAGame\SaveDataEpic\DBE_Production\8818b4dba79a43d18b986f46e4d00392_2.save
[1524.85] Log: SaveDataExport(0): Finished - File:[..\..\TAGame\SaveDataEpic\DBE_Production\8818b4dba79a43d18b986f46e4d00392_1.save] Result:[1]
[1524.86] SettingsExport: Settings content not changed. Will not update the Settings Online
[1525.55] RankedReconnect: RankedReconnectSave_TA_0.ClearRankedReconnect()
[1525.55] NetComeGo: TcpipConnection_2 Control channel closed, reason=Disconnect command
[1525.56] DevNet: URL: Adding default option Name=%e6%bc%a2+%e9%be%8d+%e7%8e%8b+%e7%a5%9e+%e9%97%87%e6%bc%a2+%e9%be%8d+%e7%8e%8b+%e7%a5%9e
[1525.56] DevNet: Browse: MENU_Main_p?closed?Name=%e6%bc%a2+%e9%be%8d+%e7%8e%8b+%e7%a5%9e+%e9%97%87%e6%bc%a2+%e9%be%8d+%e7%8e%8b+%e7%a5%9e
[1525.56] Log: Failed; returning to Entry
[1525.62] Log: FSaveDataExportTask(0) wrote 1057180 bytes to memory
[1525.62] Log: SaveGameDataAsync game thread time: 8 ms
[1525.62] Log: LoadMap: MENU_Main_p?closed?Name=%e6%bc%a2+%e9%be%8d+%e7%8e%8b+%e7%a5%9e+%e9%97%87%e6%bc%a2+%e9%be%8d+%e7%8e%8b+%e7%a5%9e
[1525.62] Spawn: TextChatActor_TA_7 Destroyed
[1525.62] EOSGameClips: ShutDown : Shutting down EOSGameClipsController_TA. Self=(EOSGameClipsController_TA_6) PlayerOwner?.GetUniqueNetId()=(Epic|8818b4dba79a43d18b986f46e4d00392|0)
[1525.62] PsyNetStaticData: HandleCacheExpired
[1525.62] PsyNetStaticData: UpdateCacheTimerEnabled CacheTimer.bEnabled=(True)
[1525.62] Spawn: TextChatActor_TA_8 Destroyed
[1525.62] Spawn: TextChatActor_TA_9 Destroyed
[1525.63] Log: Deleting old save file ..\..\TAGame\SaveDataEpic\DBE_Production\8818b4dba79a43d18b986f46e4d00392.save
[1525.63] Log: SaveDataExport(0): Finished - File:[..\..\TAGame\SaveDataEpic\DBE_Production\8818b4dba79a43d18b986f46e4d00392_2.save] Result:[1]
[1525.63] DevOnline: PsyNet Flush Start TimeoutSeconds=0.250000
[1525.87] DevOnline: PsyNet Flush End
[1525.89] NetComeGo: Close TcpipConnection_2 18.133.163.76:7720 31/03/2026 19:18:01 'UNetConnection::CleanUp'
[1525.89] NetComeGo: TcpipConnection_2 Control channel null, Sending unstable close to 18.133.163.76:7720 on temporary Control channel.
[1525.89] Exit: TcpNetDriver_2 shut down
[1525.91] Log: Fully load package: ..\..\TAGame\CookedPCConsole\GameInfo_GFxMenu_SF.upk
[1525.95] Log: Fully load package: ..\..\TAGame\CookedPCConsole\GFxSounds_MainMenu_SF.upk
[1525.95] Log: Fully load package: ..\..\TAGame\CookedPCConsole\GFX_StartMenu_SF.upk
[1525.99] Log: Fully load package: ..\..\TAGame\CookedPCConsole\GFX_MainMenu_SF.upk
[1526.03] Log: Game class is 'GameInfo_GFxMenu_TA'
[1526.05] Log: Bringing World menu_main_p.TheWorld up for play (0) at 2026.03.31-19.18.01
[1526.05] Log: Flushing async loaders.
[1526.21] Log: Flushed async loaders.
[1526.22] Log: Bringing up level for play took: 0.191122
[1526.37] RootMenu: [GFx] UIShellInstance - setting the shell instance
[1526.39] PartyChallenge: UpdateChallengeProgressForCompetitive bChallengesComplete=(True) ChallengeState=(Challenge_Success) bChallengeSync=(True) bChallengesAreValid=(True) bLegacyPlayer=(False) bGuestAccount=(False) Online_X.UniqueNetIDToString(Manager.Outer.PlayerID)=(Epic|8818b4dba79a43d18b986f46e4d00392|0) Complete
[1526.39] PartyChallenge: InitializeCompetitiveChallenges bGuestAccount=(False) bCompletedChallengesForCompetitive=(True) bLegacyPlayer=(False) Online_X.UniqueNetIDToString(OnlinePlayer.PlayerID)=(Epic|8818b4dba79a43d18b986f46e4d00392|0)
[1526.39] Log: ########### Finished loading level: 0.777078 seconds
[1526.42] DevOnline: WebRequest_X_72 SEND: https://config.psynet.gg/v2/Config/BattleCars/1210528741/Prod/Epic/INT/
[1526.42] SettingsExport: CreateSnapshot Metadata {"userId":"Epic|8818b4dba79a43d18b986f46e4d00392|0","platformKey":"Epic","schemaVersion":0,"clientVersion":1532151,"timestampUtc":1774981081,"settingsVersion":7956,"checksum":-1460579901 Payload Size  97006
[1526.42] SettingsExport: Payload changed. Notifying new Checksum: -1460579901
[1526.42] SettingsExport: Local settings updated, uploading data
[1526.42] Log: Flushing async loaders.
[1526.52] Log: Flushed async loaders.
[1526.56] MusicPlayer: PlayMusicTrack CurrentTrackPlayingID=(0) Track.Cue=(WRLD_HangUp_featSavoi)
[1526.56] MusicPlayer: PlayMusicTrack CurrentTrackPlayingID=(23349)
[1526.57] DevOnline: PlayerDataStorage_WriteFile: Beginning to upload file. User=(8818b4dba79a43d18b986f46e4d00392) FileName=(RLSettingsData)
[1526.57] EOSGameClips: EOSGameClips: Recording changed from Recording to NotRecording.
[1526.57] Eula: RequiresAcceptance? EulaConfig?.bRequiresAcceptance=(True) GetUISave()?.Contains('bAcceptedOfflineEULA')=(True) Eula.SyncState=(LSS_Accepted)
[1526.57] AuthEpicVerbose: [GFx] Epic login changed. m_uiState:MainMenu bPromptParentalConsent:false bPromptToChoosePrimaryAccount:false bEpicSaveDataLoaded:false bPlatformLinked:false
[1526.57] FTEDev: Trying to start FTE Group Prime_MatchComplete which is already completed and cannot be restarted CurrentActiveGroup.bCanBeDoneAgain=(False) bIgnoreCompletion=(False)
[1526.57] FTEDev: Group Prime_LegacyUpdate Is not meant for users of type FTESave.LegacyGroupType=(LGT_NewUser)
[1526.57] FTEDev: Trying to start FTE Group Prime_MatchComplete which is already completed and cannot be restarted CurrentActiveGroup.bCanBeDoneAgain=(False) bIgnoreCompletion=(False)
[1526.57] FTEDev: Group Prime_LegacyUpdate Is not meant for users of type FTESave.LegacyGroupType=(LGT_NewUser)
[1526.76] MusicPlayer: HandleTrackEnd CurrentTrackPlayingID=(23349) PlayingID=(15158)
[1526.76] MusicPlayer: HandleTrackEnd CurrentTrackPlayingID=(23349) PlayingID=(15158)
[1526.77] DevOnline: EOSSDK-LogEOSGameClips: Missing encoder drain completed message.
[1526.78] Online: TryToPlayOnline ControllerID=(-1)
[1526.78] Log: Flushing async loaders.
[1526.78] Log: Flushed async loaders.
[1526.84] MusicPlayer: HandleTrackStart CurrentTrackPlayingID=(23349) PlayingID=(23349)
[1526.84] MusicPlayer: HandleTrackStart CurrentTrackPlayingID=(23349) PlayingID=(23349)
[1526.84] Online: HandlePrivilegeCheckFinished PrivilegeCheck.bHasRestriction=(False)
[1526.84] Online: HandlePrivilegeCheck PrivilegeCheck.bHasRestriction=(False)
[1526.93] DevOnline: WebRequest_X_72 RECV: 304 
[1527.28] DevOnline: PlayerDataStorage_WriteFile: Beginning to upload file. User=(8818b4dba79a43d18b986f46e4d00392) FileName=(RLSaveData)
[1528.00] DevOnline: PlayerDataStorage_WriteFile: File upload complete. User=(8818b4dba79a43d18b986f46e4d00392) FileName=(RLSettingsData) Success=(1)
[1528.00] SettingsExport: Settings data upload complete. Success: True
[1528.42] Log: Flushing async loaders.
[1528.46] Log: Flushed async loaders.
[1529.33] DevOnline: PlayerDataStorage_WriteFile: File upload complete. User=(8818b4dba79a43d18b986f46e4d00392) FileName=(RLSaveData) Success=(1)
[1530.76] Log: Closing by request
[1530.76] Log: appRequestExit(0)
[1530.78] DevOnline: PlayerDataStorage_WriteFile: Beginning to upload file. User=(8818b4dba79a43d18b986f46e4d00392) FileName=(RLSaveData)
[1530.78] Matchmaking: OnlineGameMatchmaking_X_0 OnlineGameMatchmaking_X -> None
[1530.78] Matchmaking: OnlineGameTourMatchmaking_TA_0 OnlineGameTourMatchmaking_TA -> None
[1530.79] Log: FSaveDataExportTask(0) wrote 1057180 bytes to memory
[1530.79] Log: SaveGameDataAsync game thread time: 7 ms
[1530.79] DevOnline: PsyNet Flush Start TimeoutSeconds=0.500000
[1530.97] Log: Deleting old save file ..\..\TAGame\SaveDataEpic\DBE_Production\8818b4dba79a43d18b986f46e4d00392_1.save
[1530.97] Log: SaveDataExport(0): Finished - File:[..\..\TAGame\SaveDataEpic\DBE_Production\8818b4dba79a43d18b986f46e4d00392.save] Result:[1]
[1530.97] DevOnline: PsyNet Flush End
[1530.99] Exit: Preparing to exit.
[1531.15] Exit: Game engine shut down
[1532.05] Exit: Windows client shut down
[1532.06] Exit: AK Audio shut down.
[1548.36] Exit: Object subsystem successfully closed.
[1548.36] DevOnline: EOSSDK-LogEOSPlayerDataStorage: Deleting local scratch file as the file was not written to successfully. ScratchFilename=[C:/...gue/datastorage/scratch/9773aa1aa54f4f7b80e44bef04986cea/000...f92/RLSaveData]
[1548.36] DevOnline: EOSSDK-LogEOSUI: Social Overlay: browser was closed. Reopening...
[1548.36] DevOnline: EOSSDK-LogEOSRTC: TickTracker Tick is delayed. TimePeriod=[23.831393s]  TickIntervalThreshold=[0.100000s] MaxTickInterval=[17.582840s] MaxExecutionTime=[0.000023s] TicksCount=[573] ExpectedTicksCount=[2383]
[1548.66] DevOnline: EOSSDK-LogEOSOverlay: Overlay not ready to load <Redacted>, WidgetManager=0, TickThread=1, RenderProcess=1, GraphicsReady=0
[1548.66] DevOnline: EOSSDK-LogEOSUI: Social Overlay: Load not ready. will retry in 10.000000s.
[1551.72] Exit: Exiting.
[1551.72] Log: Log file closed, 31/03/2026 19:18:27
