Log: Log file open, 31/03/2026 15:18:51
Log: GPsyonixBuildID 260316.80791.512269
Log: Command line: -AUTH_LOGIN=unused -AUTH_PASSWORD=f418d48e8156439ebd4b25ac7c996552 -AUTH_TYPE=exchangecode -epicapp=Sugar -epicenv=Prod -EpicPortal -epicusername=""  ‹ ^ Ç"  ‹ ^" -epicuserid=8818b4dba79a43d18b986f46e4d00392 -epiclocale=en -epicsandboxid=9773aa1aa54f4f7b80e44bef04986cea
Init: WinSock: version 1.1 (2.2), MaxSocks=32767, MaxUdp=65467
Log:  ... running in INSTALLED mode
Init: Language extension: INT
Init: Language extension: INT
DevConfig: GConfig::LoadFile associated file:  ..\..\TAGame\Config\TAUI.ini
Init: Version: 260316.80791.512269
Init: Compiled (64-bit): Mar 16 2026 23:04:23
Init: Command line: -AUTH_LOGIN=unused -AUTH_PASSWORD=f418d48e8156439ebd4b25ac7c996552 -AUTH_TYPE=exchangecode -epicapp=Sugar -epicenv=Prod -EpicPortal -epicusername=""  ‹ ^ Ç"  ‹ ^" -epicuserid=8818b4dba79a43d18b986f46e4d00392 -epiclocale=en -epicsandboxid=9773aa1aa54f4f7b80e44bef04986cea
Init: Base directory: C:\Program Files\Epic Games\rocketleague\Binaries\Win64\
[0003.46] Log: Purging 30-day cache '..\..\TAGame\Cache\WebCache\*.*'...
[0003.52] Log: Purging 7-day cache 'C:\Program Files\Epic Games\rocketleague\Binaries\Win64\..\..\TAGame\Logs\*.dmp'...
[0003.52] Log: Purging 3-day cache 'C:\Program Files\Epic Games\rocketleague\Binaries\Win64\..\..\TAGame\Logs\*.log'...
[0003.53] Init: Computer: lewis
[0003.53] Init: User: User
[0003.53] Init: CPU Page size=4096, Processors=12
[0003.53] Init: High frequency timer resolution =10.000000 MHz
[0003.53] Init: Memory total: Physical=15.8GB (16GB approx) Pagefile=27.8GB Virtual=131072.0GB
[0003.53] Init: Presizing for 159000 objects not considered by GC, pre-allocating 0 bytes.
[0003.53] Init: Object subsystem initialized
[0004.40] Log: Using feature set PrimeUpdate58
[0004.53] Log: FOnlineSubsystemEOS: EOS version = 1.18.0.0-45084530
[0004.53] DevOnline: EOS Platform CacheDirectory=C:\Users\User\AppData\Local\Rocket League\
[0004.84] DevOnline: EOSSDK-LogEOSUI: Hot key event ignored because there are no known users.
[0004.87] Log: FEOSManager::UpdateNetworkStatus OnlineSubsystem is null.
[0005.11] Log: Found D3D11 adapter 0: NVIDIA GeForce RTX 3050
[0005.11] Log: Adapter has 8041MB of dedicated video memory, 0MB of dedicated system memory, and 8087MB of shared system memory
[0005.13] Log: Found D3D11 adapter 1: Microsoft Basic Render Driver
[0005.13] Log: Adapter has 0MB of dedicated video memory, 0MB of dedicated system memory, and 8087MB of shared system memory
[0005.14] Log: Shader platform (RHI): PC-D3D-SM5
[0005.17] Breadcrumbs: Startup_PreInit: 5.170
[0005.20] Breadcrumbs: Startup_LoadGlobalShaders: 0.026
[0014.17] Log: ProductDatabase_TA::InitProductLabels  0.01 sec total.
[0014.26] Log: ProductDatabase_TA::UpdateAvailableProducts  0.08 sec total.
[0014.29] Breadcrumbs: Startup_LoadScriptPackages: 9.093
[0015.02] Breadcrumbs: Startup_LoadNonNativePackages: 0.729
[0015.03] Log: 158611 objects as part of root set at end of initial load.
[0015.03] Log: 0 out of 0 bytes used by permanent object pool.
[0015.03] Log: ShaderCache load stats: AccumLoadSeconds=(4.303) ShadersLoaded=(466466) Duplicates=(35155)
[0015.03] Log: Initializing Engine...
[0015.03] Log: BuildID: 1210528741 from GPsyonixBuildID
[0015.15] SystemSettings: Loading PC Settings
[0015.16] Breadcrumbs: Startup_BuildGuidCache: 0.139
[0015.21] Log: Running hardware survey...
[0015.21] Log: Wwise(R) SDK Version 2023.1.11 Build 8682. Copyright (c) 2006-2012 Audiokinetic Inc. / All Rights Reserved.
[0015.28] Log: OS: Microsoft Windows 11 Home  (26200)
[0015.28] Breadcrumbs: Startup_ClientInit: 0.126
[0016.26] Log: WinSAT: 8.8 [9.2 CPU, 9.0 2D, 9.9 3D, 9.2 Mem, 8.8 Disk]
[0016.26] Log: Processor: AMD Ryzen 5 5500                                (AMD64 Family 25 Model 80 Stepping 0) 6 Cores, 12 Threads
[0016.26] Log: Memory: 8.00GB
[0016.26] Log: Memory: 8.00GB
[0016.26] Log: VideoController: NVIDIA GeForce RTX 3050 (32.0.15.9174)
[0016.26] Log: Network Adapter: Intel(R) Wi-Fi 6E AX210 160MHz
[0016.26] Log: Disk C: 236.22GB free of 929.95GB
[0016.26] Log: Sound Device: NVIDIA High Definition Audio
[0016.26] Log: Sound Device: AMD High Definition Audio Device
[0016.26] Log: Sound Device: NVIDIA Virtual Audio Device (Wave Extensible) (WDM)
[0016.26] Log: Sound Device: USB Audio Device
[0016.26] Log: Sound Device: High Definition Audio Device
[0016.26] Log: Hardware survey complete in 0.64 seconds.
[0016.26] Log: Detected 1 GPUs for rendering
[0016.90] Breadcrumbs: Startup_CreateViewport: 1.621
[0016.90] DevOnline: Created named interface (RecentPlayersList) of type (Engine.OnlineRecentPlayersList)
[0016.90] EOSGameClips: EOSGameClips: Activate called successfully.
[0016.90] EOSGameClips: EOSGameClips: Audio initialized successfully.
[0016.90] EOSGameClips: EOSGameClips: Subscribed to game clips status events successfully.
[0016.90] EOSGameClips: EOSGameClips: Subscribed to user status events successfully.
[0016.90] EOSGameClips: EOSGameClips: Successfully initialized!
[0016.90] ScriptLog: PsyNet using environment DBE_Production Prod
[0016.91] ScriptLog: [SonyPricingInfoConfig_TA] Pricing info  RL_PS_50_1000_Credits  has no data
[0016.91] ScriptLog: [SonyPricingInfoConfig_TA] Pricing info  RL_PS_1050_2000_Credits  has no data
[0016.91] ScriptLog: [SonyPricingInfoConfig_TA] Pricing info  RL_PS_2050_3000_Credits  has no data
[0016.91] ScriptLog: [SonyPricingInfoConfig_TA] Pricing info  RL_PS_3050_4000_Credits  has no data
[0016.91] ScriptLog: [SonyPricingInfoConfig_TA] Pricing info  RL_PS_4050_5000_Credits  has no data
[0016.91] PsyNet: PsyNetConnection_X_0 disabled OSCS_ServiceUnavailable
[0016.91] PsyNetStaticData: HandleCacheExpired
[0016.91] PsyNetStaticData: HandleGetURL URL=(https://config.psynet.gg/v2/Config/BattleCars/1210528741/Prod/Epic/INT/)
[0016.91] PsyNetStaticData: Blocking sync start
[0016.91] DevOnline: WebRequest_X_0 SEND: https://config.psynet.gg/v2/Config/BattleCars/1210528741/Prod/Epic/INT/
[0019.02] DevOnline: WebRequest_X_0 RECV: 200 
[0019.03] Log: FCacheExportTask(..\..\TAGame\Cache\WebCache/L3YyL0NvbmZpZy9CYXR0bGVDYXJzLzEyMTA1Mjg3NDEvUHJvZC9FcGljL0lOVC8=) wrote 538430 bytes to memory
[0019.03] PsyNetStaticData: Blocking sync complete. Elapsed=2.1165
[0019.03] PsyNetStaticData: HandleDataChanged
[0019.12] Log: ProductDatabase_TA::UpdateAvailableProducts  0.07 sec total.
[0020.39] Log: ProductDatabase_TA::InitProductLabels  0.01 sec total.
[0020.39] PsyNet: PsyNetConnection_X_0 enabled
[0020.40] PsyNetStaticData: UpdateCacheTimerEnabled CacheTimer.bEnabled=(True)
[0020.41] EOSGameClips: Construct Constructed EOSGameClipsManager_TA. Self=(EOSGameClipsManager_TA_0)
[0020.41] AuthPsyNetVerbose: New auth error. Error 'OSCS_NotConnected'
[0020.41] AuthPsyNetVerbose: OnlinePlayerAuthentication_TA_0 None Unknown|0|0 Logout
[0020.41] PsyNet: PsyNetConnection_X_1 disabled OSCS_NotConnected
[0020.41] AuthPsyNetVerbose: PsyNet connection status changed. Error 'OSCS_NotConnected'
[0020.41] AuthPsyNetVerbose: New auth error. Error 'OSCS_NotConnected'
[0020.41] AuthPsyNetVerbose: OnlinePlayerAuthentication_TA_0 LoggedOut Unknown|0|0 Logout
[0020.41] AuthPlatformCritical: Initiating auth. Player num '0', Name '', Password length '0'
[0020.41] ScriptLog: HandleBlockListStatusCreated Status=(PlatformBlockListStatus_0) ControllerId=(0)
[0020.41] AuthEpicCritical: Sending Eos login request with Credentials '{Version '4', Id Length '0', Token Length '32', Type 'EOS_LCT_ExchangeCode', SystemAuthCredentialsOptions null? 'Null', ExternalType 'EOS_ECT_EPIC'}'
[0020.41] SaveGame: Load Player.ControllerId=(0) SaveFileName=(..\..\TAGame\SaveDataEpic\DBE_Production\8818b4dba79a43d18b986f46e4d00392.save)
[0020.42] Breadcrumbs: Startup_InitOnlineSubsystem: 3.517
[0020.42] DevNet: Browse: MENU_Main_p
[0020.43] Log: LoadMap: MENU_Main_p
[0020.43] Exit: XAudio2 Device shut down.
[0020.45] Log: Fully load package: ..\..\TAGame\CookedPCConsole\GameInfo_GFxMenu_SF.upk
[0020.49] Log: Fully load package: ..\..\TAGame\CookedPCConsole\GFxSounds_MainMenu_SF.upk
[0020.49] Log: Fully load package: ..\..\TAGame\CookedPCConsole\GFX_StartMenu_SF.upk
[0020.53] Log: Fully load package: ..\..\TAGame\CookedPCConsole\GFX_MainMenu_SF.upk
[0020.58] Log: Game class is 'GameInfo_GFxMenu_TA'
[0020.61] Log: Bringing World menu_main_p.TheWorld up for play (0) at 2026.03.31-15.19.09
[0020.61] Log: Flushing async loaders.
[0020.80] Log: Flushed async loaders.
[0020.81] Log: Bringing up level for play took: 0.221770
[0020.81] PartyChallenge: UpdateChallengeProgressForCompetitive bChallengesComplete=(True) ChallengeState=(Challenge_Sync) bChallengeSync=(False) bChallengesAreValid=(False) bLegacyPlayer=(False) bGuestAccount=(False) Online_X.UniqueNetIDToString(Manager.Outer.PlayerID)=(Unknown|0|0) Syncing
[0020.81] PartyChallenge: InitializeCompetitiveChallenges bGuestAccount=(False) bCompletedChallengesForCompetitive=(True) bLegacyPlayer=(False) Online_X.UniqueNetIDToString(OnlinePlayer.PlayerID)=(Unknown|0|0)
[0021.15] RootMenu: [GFx] UIShellInstance - setting the shell instance
[0021.16] Log: ########### Finished loading level: 0.735320 seconds
[0021.18] Breadcrumbs: Startup_Browse: 0.756
[0021.18] Log: Initializing Engine Completed
[0021.18] Breadcrumbs: Startup_Total: 21.180
[0021.20] MTXGarage: GFxData_MTXGarage::HandleSonyPricingInfoConfigChanged PricingArray Num :  0
[0021.24] DevOnline: WebRequest_X_1 SEND: https://rl-cdn.psyonix.com/SpecialEvent/Images/BuiltDifferent/RL_U58_LTE_BuiltDifferent_EventLogo_9a8fj.png
[0021.24] DevOnline: WebRequest_X_2 SEND: https://rl-cdn.psyonix.com/SpecialEvent/Images/BuiltDifferent/RL_U58_LTE_BuiltDifferent_Event_sadio.jpg
[0021.24] DevOnline: WebRequest_X_3 SEND: https://rl-cdn.psyonix.com/SpecialEvent/Images/KnowBall/RL_U58.00_YouKnowBall_EventInGame_EventScreenLogo_asd89.png
[0021.24] DevOnline: WebRequest_X_4 SEND: https://rl-cdn.psyonix.com/SpecialEvent/Images/KnowBall/RL_U58.00_YouKnowBall_EventInGame_EventScreen_oiwefu.jpg
[0021.24] DevOnline: WebRequest_X_5 SEND: https://rl-cdn.psyonix.com/SpecialEvent/Images/Jordan/RL_JordanLTE_Logo_7fwh.png
[0021.24] DevOnline: WebRequest_X_6 SEND: https://rl-cdn.psyonix.com/SpecialEvent/Images/Jordan/RL_JordanLTE_EventScreen_ifwj.jpg
[0021.24] DevOnline: WebRequest_X_7 SEND: https://rl-cdn.psyonix.com/LogoImages/S22/rl_season-logo_22_EN.png
[0021.25] FTECritical: [GFx] Changed active tutorial from 'null' to 'NONE'. Tutorial active? 'false', New checkpoint active? 'false'
[0021.25] FTEVerbose: Checkpoint 'None' attempted completion while the FTE isn't active!
[0021.27] Log: Flushing async loaders.
[0021.38] Log: Flushed async loaders.
[0021.44] XPGatedPlaylists: Not currently in a party.
[0021.44] DevOnline: EOSSDK-LogEOSGameClips: Recording supported and available.
[0021.44] EOSGameClips: EOSGameClips: Availability changed from Pending to Available.
[0021.44] Log: RPC Error (failure): Service=Filters/FilterContent, Type=OSCS_NotConnected, Code=-1, Message=
[0021.52] ScriptWarning: ScriptWarning, Accessed None 'ObjectProvider'
	PlayerInput_Menu_TA menu_main_p.TheWorld:PersistentLevel.PlayerController_Menu_TA_0.PlayerInput_Menu_TA_0
	Function TAGame.PlayerInput_TA:BuildBindings:0195
Script call stack:
	Function TAGame.GFxData_EOSGameClipsLocalPlayer_TA:__GFxData_EOSGameClipsLocalPlayer_TA__GameClipsManagerChanged_0x1
	Function TAGame.GFxData_Controls_TA:BuildKeyBindings
	Function TAGame.GFxData_Controls_TA:InitUIBindings
	Function TAGame.PlayerInput_TA:BuildBindings

[0022.26] Log: Found controller by Product Guid
[0022.80] DevOnline: WebRequest_X_3 RECV: 200 
[0022.80] Log: FCacheExportTask(..\..\TAGame\Cache\WebCache/S25vd0JhbGxfRXZlbnRJbkdhbWVfRXZlbnRTY3JlZW5Mb2dvX2FzZDg5LnBuZw==) wrote 9752 bytes to memory
[0022.80] DevOnline: WebRequest_X_5 RECV: 200 
[0022.80] Log: FCacheExportTask(..\..\TAGame\Cache\WebCache/bEV2ZW50L0ltYWdlcy9Kb3JkYW4vUkxfSm9yZGFuTFRFX0xvZ29fN2Z3aC5wbmc=) wrote 14483 bytes to memory
[0022.83] DevOnline: WebRequest_X_1 RECV: 200 
[0022.83] Log: FCacheExportTask(..\..\TAGame\Cache\WebCache/dC9STF9VNThfTFRFX0J1aWx0RGlmZmVyZW50X0V2ZW50TG9nb185YThmai5wbmc=) wrote 45158 bytes to memory
[0022.93] DevOnline: WebRequest_X_7 RECV: 200 
[0022.93] Log: FCacheExportTask(..\..\TAGame\Cache\WebCache/b25peC5jb20vTG9nb0ltYWdlcy9TMjIvcmxfc2Vhc29uLWxvZ29fMjJfRU4ucG5n) wrote 100874 bytes to memory
[0023.06] DevOnline: WebRequest_X_2 RECV: 200 
[0023.06] Log: FCacheExportTask(..\..\TAGame\Cache\WebCache/cmVudC9STF9VNThfTFRFX0J1aWx0RGlmZmVyZW50X0V2ZW50X3NhZGlvLmpwZw==) wrote 265987 bytes to memory
[0023.13] Warning: Property bIsFinishedLoadingSaveSettings of SoundSettingsSave_TA is not serializable for package:  FObjectArchive_X
[0023.13] Warning: Property bOnlineSet of PlayerLegacyStatusSave_TA is not serializable for package:  FObjectArchive_X
[0023.13] SaveGame: HandleDataLoaded Result.Code=(BasicLoadResult_Success)
[0023.14] ScriptLog: NetworkSave_TA_0 ApplySettings ReplicationRate=60 NetSpeed=15000 InputRate=60
[0023.14] MusicPlayer: SetPlaylistSelectedByName PlaylistName=(MonsterCatRadSum) bSelected=(True)
[0023.19] SaveData: Profile_TA_0 OnLoaded LocalID=(0)
[0023.20] ScriptLog: GetDLCProducts, UnlockedDLCList=
[0023.37] ScriptLog: GetDLCProducts, UnlockedDLCList=
[0023.37] SaveGame: LocalPlayer_TA_0 HandleSaveDataLoaded 
[0023.40] MusicPlayer: PlayMusicTrack CurrentTrackPlayingID=(0) Track.Cue=(Vicetone_Nevada_FeatCoziZuehlsdorff)
[0023.40] MusicPlayer: PlayMusicTrack CurrentTrackPlayingID=(5)
[0023.40] ScriptWarning: ScriptWarning, Can't upload data, not logged into EOS 8818b4dba79a43d18b986f46e4d00392
	EOSOnlineStorageUploader_TA Transient.SaveData_TA_1:EOSOnlineStorageUploader_TA_0
	Function TAGame.EOSOnlineStorageUploader_TA:CanWriteToOnlineStorage:0230
Script call stack:
	Function TAGame.SaveData_TA:UploadSaveData
	Function TAGame.EOSOnlineStorageUploader_TA:UploadSaveData
	Function TAGame.EOSOnlineStorageUploader_TA:CanWriteToOnlineStorage

[0023.43] Log: Flushing async loaders.
[0023.56] Log: Flushed async loaders.
[0023.59] MusicPlayer: HandleTrackStart CurrentTrackPlayingID=(5) PlayingID=(5)
[0023.59] MusicPlayer: HandleTrackStart CurrentTrackPlayingID=(5) PlayingID=(5)
[0023.59] DevOnline: WebRequest_X_4 RECV: 200 
[0023.62] Log: FCacheExportTask(..\..\TAGame\Cache\WebCache/WW91S25vd0JhbGxfRXZlbnRJbkdhbWVfRXZlbnRTY3JlZW5fb2l3ZWZ1LmpwZw==) wrote 1273201 bytes to memory
[0023.76] DevOnline: WebRequest_X_6 RECV: 200 
[0023.77] Log: FCacheExportTask(..\..\TAGame\Cache\WebCache/L0ltYWdlcy9Kb3JkYW4vUkxfSm9yZGFuTFRFX0V2ZW50U2NyZWVuX2lmd2ouanBn) wrote 864551 bytes to memory
[0023.88] AuthEpicCritical: Eos login result 'EOS_Success' for player '0'
[0024.23] AuthEpicCritical: Connect login result 'EOS_Success' for player '8818b4dba79a43d18b986f46e4d00392', local num '0'
[0024.23] AuthPlatformCritical: Login status changed for player '0' to 'LS_LoggedIn'
[0024.23] AuthPlatformVerbose: Login attempt concluded
[0024.23] FTEVerbose: [GFx] EULA sync started, waiting for response.
[0024.23] DevOnline: WebRequest_X_8 SEND: https://api.epicgames.dev/epic/id/v2/clientEula
[0024.23] AuthEpicVerbose: Requesting cabined status for player '0'
[0024.23] DevOnline: WebRequest_X_9 SEND: https://api.epicgames.dev/epic/id/v1/accounts?accountId=8818b4dba79a43d18b986f46e4d00392
[0024.23] PsyNet: PsyNetConnection_X_1 enabled
[0024.23] AuthPsyNetVerbose: PsyNet connection status changed. Error 'None'
[0024.23] AuthPsyNetVerbose: Transitioning to state 'RequestAuthCode'
[0024.23] AuthPsyNetCritical: Requesting auth ticket from platform for 'Epic|8818b4dba79a43d18b986f46e4d00392|0'
[0024.23] AuthPsyNetCritical: Platform auth ticket completed with success 'True'
[0024.23] AuthPsyNetVerbose: Transitioning to state 'SendLoginRequest'
[0024.23] AuthPsyNetCritical: Sending login RPC for player '8818b4dba79a43d18b986f46e4d00392' Auth ticket required? 'True'
[0024.23] AuthPsyNetCritical: Primary player ID? 'Epic|8818b4dba79a43d18b986f46e4d00392|0' Logging In PlayerID '8818b4dba79a43d18b986f46e4d00392'
[0024.23] Party: HandleLocalPlayerLoginStatusChanged PlayerName="  ‹ ^ Ç"  ‹ ^ PlayerID=Epic|8818b4dba79a43d18b986f46e4d00392|0 LoginStatus=LS_LoggedIn IsPrimary=True IsInParty=False
[0024.23] PsyNet: HTTP send ID=PsyNetMessage_X_0 Message=PsyNetMessage_X_0
[0024.23] DevOnline: WebRequest_X_10 SEND: https://api.rlpp.psynet.gg/rpc/Auth/AuthPlayer/v2
[0024.33] XPGatedPlaylists: Not currently in a party.
[0024.92] DevOnline: WebRequest_X_8 RECV: 200 
[0024.92] DevOnline: WebRequest_X_11 SEND: https://eulatracking-public-service-prod06.ol.epicgames.com/eulatracking/api/eos/v1/agreements/epicgames_tos/identities/8818b4dba79a43d18b986f46e4d00392?locale=en
[0024.94] DevOnline: WebRequest_X_9 RECV: 200 
[0024.94] AuthEpicVerbose: Cabined request completed for user '0' with result 'False', Error 'None'
[0024.94] ScriptLog: ChatFilterManager HandleSaveLoaded: [Error: Type:None] 
[0024.94] ScriptLog: ChatFilterManager: Updating Permissions for player LocalPlayer_TA_0
[0024.94] ScriptLog: ChatFilterManager: Updating MostRestrictiveVoiceFilter [Save: ChatFilter_All] [Current: ChatFilter_All
[0024.94] ScriptLog: ChatFilterManager: Updating Permissions for player LocalPlayer_TA_0
[0024.94] ScriptLog: ChatFilterManager: Updating MostRestrictiveVoiceFilter [Save: ChatFilter_All] [Current: ChatFilter_All
[0025.02] XPGatedPlaylists: Not currently in a party.
[0025.36] Log: [HandleVoiceModerationAgreementCallback] EpicAccountId=8818b4dba79a43d18b986f46e4d00392 bIsAccepted=1 bHasResponse=1 bNewAgreement=0
[0025.39] DevOnline: WebRequest_X_10 RECV: 200 
[0025.39] PsyNet: HTTP recv ID=PsyNetMessage_X_0 Message=PsyNetMessage_X_1
[0025.41] AuthPsyNetCritical: PsyNet auth RPC succeeded for player '8818b4dba79a43d18b986f46e4d00392'
[0025.41] AuthPsyNetVerbose: Transitioning to state 'LoggedIn'
[0025.41] AuthPsyNetCritical: Login successful for player '8818b4dba79a43d18b986f46e4d00392'
[0025.41] Auth: OnlinePlayer_TA_0 OnlinePlayerAuthentication_TA_0 HandleAuthLoginChange Auth.bLoggedIn=(True)
[0025.41] PsyNet: Enabling PerCon
[0025.41] PsyNet: PsyNetConnection_X_1 SetAuthorized bAuthorized=True
[0025.41] SettingsExport: CreateSnapshot Metadata {"userId":"Epic|8818b4dba79a43d18b986f46e4d00392|0","platformKey":"Epic","schemaVersion":0,"clientVersion":1532151,"timestampUtc":1774966754,"settingsVersion":7877,"checksum":-1738001844 Payload Size  96285
[0025.41] SettingsExport: Save Data Loaded, Snapshot Generated Checksum: -1738001844
[0025.41] RankedReconnect: LocalPlayer_TA_0.CheckForRankedReconnect() bOpenedStartMenu=(False) IsMenuLevel=(True) bLoggedIn=(True) IsPrimaryPlayer=(True) RankedReconnectAvailable=(False) EpochTime=(0) EpochNow=(1774966754) TimeSince=(1774966754) ReconnectTimeoutSeconds=(900) Reservation=()
[0025.51] XPGatedPlaylists: Not currently in a party.
[0025.81] DevOnline: WebRequest_X_11 RECV: 204 
[0025.81] Log: Failed to parse JSON: offset:'0' 'The document is empty.'
[0025.81] Log: UJSONSerializer_X::DecodeObject() Failed: Object=EulaTextResponse Transient.EulaTextResponse_0
Json:

[0025.81] DevOnline: WebRequest_X_12 SEND: https://eulatracking-public-service-prod06.ol.epicgames.com/eulatracking/api/eos/v1/agreements/epicgames_tos?locale=en
[0025.81] FTEVerbose: [GFx] EULA sync response received.
[0026.23] PsyNet: PsyNetMessengerWebSocket_X_0 Connected
[0026.23] PsyNet: PsyNetConnection_X_1 UpdateConnectionState bConnected=(True) bFreshConnection=(True)
[0026.23] DevOnline: WebRequest_X_13 SEND: https://api.kws.ol.epicgames.com/v1/epic-settings/public/users/8818b4dba79a43d18b986f46e4d00392/values?game=rl
[0026.23] DevOnline: EOSSDK-LogEOSRTC: EOS_RTCAudio_SetAudioInputSettings is deprecated. Use EOS_RTCAudio_SetInputDeviceSettings instead.
[0026.23] DevOnline: EOSSDK-LogEOSRTC: EOS_RTCAudio_SetAudioOutputSettings is deprecated. Use EOS_RTCAudio_SetOutputDeviceSettings instead.
[0026.23] DevOnline: WebRequest_X_14 SEND: https://api.epicgames.dev/epic/friends/v1/8818b4dba79a43d18b986f46e4d00392/blocklist
[0026.23] DevOnline: PlayerDataStorage_QueryFileList: Beginning to query files. User=(8818b4dba79a43d18b986f46e4d00392)
[0026.23] PsyNetBeaconDetail_X: PsyNetBeacon_X_0 SetPsyNetConnection InPsyNetConnection=(PsyNetConnection_X_1)
[0026.23] PsyNet: PsyNetConnection_X_1 UpdateConnectionState bPerConConnected=(True)
[0026.25] DevOnline: WebRequest_X_15 SEND: https://publickey-service-live.ecosec.on.epicgames.com/publickey/v2/eas/
[0026.51] DevOnline: WebRequest_X_14 RECV: 200 
[0026.53] ScriptLog: HandleStatusChanged PrimaryStatus.DownloadStatus=(EB_Success) ControllerId=(0)
[0026.54] DevOnline: WebRequest_X_12 RECV: 200 
[0026.62] DevOnline: PlayerDataStorage_QueryFileList: Finished querying files. User=(8818b4dba79a43d18b986f46e4d00392) Success=(1)
[0026.62] DevOnline: PlayerDataStorage_ReadFile: Beginning to download file. User=(8818b4dba79a43d18b986f46e4d00392) FileName=(RLSaveData)
[0027.24] DevOnline: EOSSDK-LogEOSUI: Social Overlay: HandleFriendsStateUpdateRequest - Sanitized display name is not set!
[0027.24] DevOnline: EOSSDK-LogEOSUI: Social Overlay: HandleFriendsStateUpdateRequest - Sanitized display name is not set!
[0027.24] DevOnline: EOSSDK-LogEOSUI: Social Overlay: HandleFriendsStateUpdateRequest - Sanitized display name is not set!
[0027.24] DevOnline: EOSSDK-LogEOSUI: Social Overlay: HandleFriendsStateUpdateRequest - Sanitized display name is not set!
[0027.24] DevOnline: EOSSDK-LogEOSUI: Social Overlay: HandleFriendsStateUpdateRequest - Sanitized display name is not set!
[0027.24] DevOnline: EOSSDK-LogEOSUI: Social Overlay: HandleFriendsStateUpdateRequest - Sanitized display name is not set!
[0027.24] DevOnline: EOSSDK-LogEOSUI: Social Overlay: HandleFriendsStateUpdateRequest - Sanitized display name is not set!
[0027.26] DevOnline: EOSSDK-LogEOSUI: Social Overlay: HandleFriendsStateUpdateRequest - Sanitized display name is not set!
[0027.26] DevOnline: EOSSDK-LogEOSUI: Social Overlay: HandleFriendsStateUpdateRequest - Sanitized display name is not set!
[0027.26] DevOnline: EOSSDK-LogEOSUI: Social Overlay: HandleFriendsStateUpdateRequest - Sanitized display name is not set!
[0027.26] DevOnline: EOSSDK-LogEOSUI: Social Overlay: HandleFriendsStateUpdateRequest - Sanitized display name is not set!
[0027.26] DevOnline: EOSSDK-LogEOSUI: Social Overlay: HandleFriendsStateUpdateRequest - Sanitized display name is not set!
[0027.26] DevOnline: EOSSDK-LogEOSUI: Social Overlay: HandleFriendsStateUpdateRequest - Sanitized display name is not set!
[0027.26] DevOnline: EOSSDK-LogEOSUI: Social Overlay: HandleFriendsStateUpdateRequest - Sanitized display name is not set!
[0027.26] DevOnline: EOSSDK-LogEOSUI: Social Overlay: HandleFriendsStateUpdateRequest - Sanitized display name is not set!
[0027.32] ScriptLog: ListenForBlockListDownloaded PrimaryStatus=(PlatformBlockListStatus_0) PrimaryStatus.DownloadStatus=(EB_Success)
[0027.62] DevOnline: PlayerDataStorage_ReadFile: File download complete. User=(8818b4dba79a43d18b986f46e4d00392) FileName=(RLSaveData) Success=(1)
[0027.63] EOSSync: HandleFileReadComplete LocalSaveTick: 7877
[0027.63] EOSSync: HandleFileReadComplete OnlineSaveTick: 7876
[0027.63] EOSSync: HandleFileReadComplete Local Save is up to date, keeping this file
[0028.24] DevOnline: WebRequest_X_16 SEND: https://rl-cdn.psyonix.com/ChallengeBanners/NUX_Popup_Octane.png
[0028.24] DevOnline: WebRequest_X_17 SEND: https://rl-cdn.psyonix.com/ChallengeIcons/Challenge_Play.jpg
[0028.24] DevOnline: WebRequest_X_18 SEND: https://rl-cdn.psyonix.com/SpecialEvent/Images/Jordan/RL_JordanLTE_WIDGET_ART_9wyhow.png
[0028.24] DevOnline: WebRequest_X_19 SEND: https://rl-cdn.psyonix.com/SpecialEvent/Images/Jordan/RL_JordanLTE_EXPORT_hfweh.png
[0028.24] DevOnline: WebRequest_X_20 SEND: https://rl-cdn.psyonix.com/ChallengeBanners/Season_imagery_Reward.png
[0028.24] DevOnline: WebRequest_X_21 SEND: https://rl-cdn.psyonix.com/ChallengeBanners/Rl_S22_ChallengeDashboard_auih.png
[0028.24] DevOnline: WebRequest_X_22 SEND: https://rl-cdn.psyonix.com/SpecialEvent/Images/BuiltDifferent/RL_U58_LTE_BuiltDifferent_Widget_fsajiu.png
[0028.24] DevOnline: WebRequest_X_23 SEND: https://rl-cdn.psyonix.com/SpecialEvent/Images/BuiltDifferent/RL_U58_LTE_BuiltDifferent_DashBoard_afuioh.png
[0028.24] DevOnline: WebRequest_X_24 SEND: https://rl-cdn.psyonix.com/ChallengeIcons/Challenges_DropReward_Comp_9284754.png
[0028.24] ScriptLog: Uncached PlatformId for Epic|8818b4dba79a43d18b986f46e4d00392|0
[0028.29] DevOnline: WebRequest_X_15 RECV: 200 
[0028.29] TextMod: Registered key for 8818b4dba79a43d18b986f46e4d00392
[0028.34] DevOnline: WebRequest_X_13 RECV: 200 
[0028.34] ScriptLog: Setting.Namespace: chat, Setting.SettingName: enhanced-text-reporting, Setting.EffectiveValue: prefer-not-recording
[0028.34] EOSPermissions: NS=chat SN=enhanced-text-reporting PL=null EL=null DV=prefer-not-recording IV=0
[0028.34] ScriptLog: Setting.Namespace: chat, Setting.SettingName: enhanced-voice-reporting, Setting.EffectiveValue: prefer-not-recording
[0028.34] EOSPermissions: NS=chat SN=enhanced-voice-reporting PL=null EL=null DV=prefer-not-recording IV=0
[0028.34] ScriptLog: Setting.Namespace: chat, Setting.SettingName: filter-out-mature-language, Setting.EffectiveValue: False
[0028.34] EOSPermissions: NS=chat SN=filter-out-mature-language PL=False EL=null DV=False IV=False
[0028.34] ScriptLog: Setting.Namespace: chat, Setting.SettingName: text, Setting.EffectiveValue: everybody
[0028.34] EOSPermissions: NS=chat SN=text PL=0 EL=null DV=0 IV=0
[0028.34] ScriptLog: Setting.Namespace: chat, Setting.SettingName: voice, Setting.EffectiveValue: everybody
[0028.34] EOSPermissions: NS=chat SN=voice PL=0 EL=null DV=0 IV=0
[0028.34] ScriptLog: Setting.Namespace: prm, Setting.SettingName: experience, Setting.EffectiveValue: True
[0028.34] EOSPermissions: NS=prm SN=experience PL=null EL=True DV=True IV=True
[0028.34] ScriptLog: Setting.Namespace: prm, Setting.SettingName: marketing, Setting.EffectiveValue: True
[0028.34] EOSPermissions: NS=prm SN=marketing PL=null EL=True DV=True IV=True
[0028.34] EOSPermissions: NS=prm SN=marketing PL=null EL=True DV=True IV=True
[0028.34] ScriptLog: Setting.Namespace: profile, Setting.SettingName: p2p-trading, Setting.EffectiveValue: everybody
[0028.34] ScriptLog: Setting.Namespace: profile, Setting.SettingName: require-pin-to-add-friend, Setting.EffectiveValue: False
[0028.34] EOSPermissions: NS=profile SN=require-pin-to-add-friend PL=False EL=null DV=False IV=False
[0028.34] ScriptLog: Setting.Namespace: profile, Setting.SettingName: show-price-in-currency, Setting.EffectiveValue: False
[0028.34] EOSPermissions: NS=profile SN=show-price-in-currency PL=null EL=null DV=False IV=False
[0028.34] ScriptLog: Setting.Namespace: profile, Setting.SettingName: show-row-modal, Setting.EffectiveValue: False
[0028.34] EOSPermissions: NS=profile SN=show-row-modal PL=null EL=null DV=False IV=False
[0028.34] ScriptLog: Setting.Namespace: stats, Setting.SettingName: show-in-leaderboard, Setting.EffectiveValue: True
[0028.34] MTXGarage: GFxData_MTXGarage_TA::HandlePlayerPermissionsSet
[0028.34] MTXGarage: [GetVCPacks]
[0028.34] MTXGarage: Requesting catalog 'MTX_RocketBucks'
[0028.34] MTXGarage: [SendOnlineRequest] Category:MTX_RocketBucks EPE:True RP:False RoW:False JD:False
[0028.34] MTXGarage: [SendOnlineRequest] Additional Category:MTX_ExactAmountVCPack
[0028.37] PsyNet: PsyNetServiceProvider_X_1 ExecuteService Complete, Service=Reward/RewardResult 
[0028.37] ScriptLog: GetDLCProducts, UnlockedDLCList=
[0028.38] Log: FSaveDataExportTask(0) wrote 1010184 bytes to memory
[0028.38] Log: SaveGameDataAsync game thread time: 8 ms
[0028.41] Log: Deleting old save file ..\..\TAGame\SaveDataEpic\DBE_Production\8818b4dba79a43d18b986f46e4d00392_1.save
[0028.41] Log: SaveDataExport(0): Finished - File:[..\..\TAGame\SaveDataEpic\DBE_Production\8818b4dba79a43d18b986f46e4d00392.save] Result:[1]
[0028.41] DevOnline: WebRequest_X_25 SEND: https://rl-cdn.psyonix.com/Playlists/Images/rl_event_mode_bg_heatseeker.jpg
[0028.41] DevOnline: WebRequest_X_26 SEND: https://rl-cdn.psyonix.com/Playlists/Images/Finals/playlist_ltm_heatseekerricochet_sfjko.png
[0028.41] DevOnline: WebRequest_X_27 SEND: https://rl-cdn.psyonix.com/Playlists/Images/rl_supercube_ltm_bg.jpg
[0028.41] DevOnline: WebRequest_X_28 SEND: https://rl-cdn.psyonix.com/Playlists/Images/Finals/playlist_ltm_supercube-cdn_as890df.png
[0028.41] DevOnline: WebRequest_X_29 SEND: https://rl-cdn.psyonix.com/Playlists/Images/Rl_event_speeddemon.jpg
[0028.41] SettingsExport: Settings content not changed. Will not update the Settings Online
[0028.46] DevOnline: PlayerDataStorage_WriteFile: Beginning to upload file. User=(8818b4dba79a43d18b986f46e4d00392) FileName=(RLSaveData)
[0028.58] DevOnline: WebRequest_X_17 RECV: 200 
[0028.58] Log: FCacheExportTask(..\..\TAGame\Cache\WebCache/ZG4ucHN5b25peC5jb20vQ2hhbGxlbmdlSWNvbnMvQ2hhbGxlbmdlX1BsYXkuanBn) wrote 11812 bytes to memory
[0028.69] DevOnline: WebRequest_X_18 RECV: 200 
[0028.70] Log: FCacheExportTask(..\..\TAGame\Cache\WebCache/YWdlcy9Kb3JkYW4vUkxfSm9yZGFuTFRFX1dJREdFVF9BUlRfOXd5aG93LnBuZw==) wrote 423639 bytes to memory
[0029.16] DevOnline: WebRequest_X_20 RECV: 200 
[0029.17] Log: FCacheExportTask(..\..\TAGame\Cache\WebCache/eC5jb20vQ2hhbGxlbmdlQmFubmVycy9TZWFzb25faW1hZ2VyeV9SZXdhcmQucG5n) wrote 351276 bytes to memory
[0029.23] EOSVoice: HandleFriendsListChanged
[0029.48] DevOnline: WebRequest_X_19 RECV: 200 
[0029.50] Log: FCacheExportTask(..\..\TAGame\Cache\WebCache/ZW50L0ltYWdlcy9Kb3JkYW4vUkxfSm9yZGFuTFRFX0VYUE9SVF9oZndlaC5wbmc=) wrote 963719 bytes to memory
[0029.62] Log: Resetting full product sync timestamp because these productIDs were not found: 9370 9370 9370 9370 9370 9370 9370 9370 9370 9370 9370 9370 9370 9370 5377 5377 5377 5377 5377 5377 7959 5377 5377 5377 5377 5377 5377 5377 7959 5377 7959 7959 7959 7959 10997 7959 7959 7959 10997 7959 7959 7959 7959 10997 10997 7959 10997 10997 10997 10997 10997 10997 10997 7616 7616 10997 10997 10997 7616 7616 7616 7616 7616 7616 7616 7616 7616 7616 7616 7616 6222 6232 6215 6219 
[0029.62] ScriptLog: NewProductIDs128: 
[0029.63] ScriptLog: GetDLCProducts, UnlockedDLCList=
[0029.69] SettingsExport: Missing online settings, uploading data
[0029.69] DevOnline: PlayerDataStorage_WriteFile: Beginning to upload file. User=(8818b4dba79a43d18b986f46e4d00392) FileName=(RLSettingsData)
[0029.69] AuthEpicVerbose: Epic save data loaded
[0029.69] AuthEpicVerbose: [GFx] Epic login changed. m_uiState:StartMenu bPromptParentalConsent:false bPromptToChoosePrimaryAccount:false bEpicSaveDataLoaded:true bPlatformLinked:true
[0029.69] ScriptLog: GetDLCProducts, UnlockedDLCList=
[0029.79] DevOnline: WebRequest_X_24 RECV: 200 
[0029.79] Log: FCacheExportTask(..\..\TAGame\Cache\WebCache/bmdlSWNvbnMvQ2hhbGxlbmdlc19Ecm9wUmV3YXJkX0NvbXBfOTI4NDc1NC5wbmc=) wrote 84338 bytes to memory
[0029.84] PartyChallenge: UpdateChallengeProgressForCompetitive bChallengesComplete=(True) ChallengeState=(Challenge_Sync) bChallengeSync=(False) bChallengesAreValid=(False) bLegacyPlayer=(False) bGuestAccount=(False) Online_X.UniqueNetIDToString(Manager.Outer.PlayerID)=(Epic|8818b4dba79a43d18b986f46e4d00392|0) Syncing
[0029.85] PartyChallenge: UpdateChallengeProgressForCompetitive bChallengesComplete=(True) ChallengeState=(Challenge_Success) bChallengeSync=(True) bChallengesAreValid=(True) bLegacyPlayer=(False) bGuestAccount=(False) Online_X.UniqueNetIDToString(Manager.Outer.PlayerID)=(Epic|8818b4dba79a43d18b986f46e4d00392|0) Complete
[0029.93] MTXGarage: [HandleAllGetCatalogResponseComplete] CatalogInfoItems.Length=4 CatalogInfoExactPacks.Length=97 CombinedInfoItems.Length=101 PriceRequests.Length=101
[0029.93] MTXGarage: [UpdatePriceInfo]: Timer set for  GetPriceTimeoutTime=(10.0000)
[0029.93] ScriptLog: RegionPinger_X_0 PingRegions ("13.244.193.201:7793","18.163.127.191:7891","35.76.138.64:7841","13.234.122.97:8051","52.221.216.181:7769","3.25.182.52:8117","18.156.203.182:8099","13.49.150.93:7977","3.252.74.32:8095","18.168.46.180:7763","15.237.30.159:7749","15.160.58.220:7805","15.229.134.213:7797","3.237.166.121:7711","3.142.61.123:7727","18.88.14.172:7827","3.101.168.215:7903","44.234.81.84:8163")
[0030.16] DevOnline: WebRequest_X_28 RECV: 200 
[0030.16] Log: FCacheExportTask(..\..\TAGame\Cache\WebCache/cy9GaW5hbHMvcGxheWxpc3RfbHRtX3N1cGVyY3ViZS1jZG5fYXM4OTBkZi5wbmc=) wrote 196425 bytes to memory
[0030.35] DevOnline: WebRequest_X_22 RECV: 200 
[0030.35] Log: FCacheExportTask(..\..\TAGame\Cache\WebCache/cmVudC9STF9VNThfTFRFX0J1aWx0RGlmZmVyZW50X1dpZGdldF9mc2FqaXUucG5n) wrote 285174 bytes to memory
[0030.37] DevOnline: WebRequest_X_25 RECV: 200 
[0030.38] Log: FCacheExportTask(..\..\TAGame\Cache\WebCache/UGxheWxpc3RzL0ltYWdlcy9ybF9ldmVudF9tb2RlX2JnX2hlYXRzZWVrZXIuanBn) wrote 299517 bytes to memory
[0030.39] DevOnline: WebRequest_X_27 RECV: 200 
[0030.40] Log: FCacheExportTask(..\..\TAGame\Cache\WebCache/eC5jb20vUGxheWxpc3RzL0ltYWdlcy9ybF9zdXBlcmN1YmVfbHRtX2JnLmpwZw==) wrote 283384 bytes to memory
[0030.44] DevOnline: WebRequest_X_16 RECV: 200 
[0030.46] Log: FCacheExportTask(..\..\TAGame\Cache\WebCache/b25peC5jb20vQ2hhbGxlbmdlQmFubmVycy9OVVhfUG9wdXBfT2N0YW5lLnBuZw==) wrote 937099 bytes to memory
[0030.65] DevOnline: WebRequest_X_23 RECV: 200 
[0030.67] Log: FCacheExportTask(..\..\TAGame\Cache\WebCache/dC9STF9VNThfTFRFX0J1aWx0RGlmZmVyZW50X0Rhc2hCb2FyZF9hZnVpb2gucG5n) wrote 749126 bytes to memory
[0030.72] DevOnline: WebRequest_X_21 RECV: 200 
[0030.73] Log: FCacheExportTask(..\..\TAGame\Cache\WebCache/bGxlbmdlQmFubmVycy9SbF9TMjJfQ2hhbGxlbmdlRGFzaGJvYXJkX2F1aWgucG5n) wrote 830002 bytes to memory
[0030.89] MTXGarage: [ProcessQueriedCatalog] CatalogCacheEntry.Category=MTX_RocketBucks CatalogCategory=MTX_None
[0030.89] MTXGarage: [ValidatePricingTable] PASS
 Context: VCFactor=50 VCMaxExactPack=5000 Category=RocketBucks Length=101 EPE=True
[0030.89] MTXGarage: [ProcessQueriedCatalog] First condition | PriceInfoItems.Length: 101
[0030.89] MTXGarage: [TriggerCatalogReadyEvents] bTriggerUICallback: False bCatalogQuerySuccess True
[0030.97] DevOnline: WebRequest_X_29 RECV: 200 
[0030.99] Log: FCacheExportTask(..\..\TAGame\Cache\WebCache/eC5jb20vUGxheWxpc3RzL0ltYWdlcy9SbF9ldmVudF9zcGVlZGRlbW9uLmpwZw==) wrote 984845 bytes to memory
[0031.55] DevOnline: WebRequest_X_26 RECV: 200 
[0031.55] Log: FCacheExportTask(..\..\TAGame\Cache\WebCache/aW5hbHMvcGxheWxpc3RfbHRtX2hlYXRzZWVrZXJyaWNvY2hldF9zZmprby5wbmc=) wrote 201442 bytes to memory
[0031.55] DevOnline: EOSSDK-LogEOSRTC: TickTracker Tick is delayed. TimePeriod=[10.350688s]  TickIntervalThreshold=[0.100000s] MaxTickInterval=[0.545152s] MaxExecutionTime=[0.000098s] TicksCount=[471] ExpectedTicksCount=[1035]
[0031.92] Matchmaking: All Regions Pinged: USE (1.0000),USC (1.0000),USW (1.0000),EU (1.0000),ASC (1.0000),ASM (1.0000),JPN (1.0000),ME (1.0000),OCE (1.0000),SAF (1.0000),SAM (1.0000),IND (1.0000),SAF1 (0.1667),ASC1 (0.2771),JPN1 (0.3438),IND1 (0.2938),ASM1 (0.2604),OCE1 (0.3438),EU5 (0.0833),EU1 (0.1104),EU3 (0.1167),EU7 (0.1271),EU9 (0.1000),ME3 (0.1500),ME1 (1.0000),ME2 (1.0000),SAM1 (0.2167),USE1 (0.1667),USE3 (0.1667),USC1 (0.1833),USW1 (0.1833),USW3 (0.1833)
[0031.92] Matchmaking: Failed to ping 'ME1'. Using cached ping '0.1010'
[0031.92] Log: FCacheExportTask(..\..\TAGame\Cache\RegionCache.cache) wrote 1803 bytes to memory
[0032.21] DevOnline: PlayerDataStorage_WriteFile: File upload complete. User=(8818b4dba79a43d18b986f46e4d00392) FileName=(RLSaveData) Success=(1)
[0032.25] FTEVerbose: [GFx] Checking FTE progress: Shown login flow 'false', Legal modal valid? 'true', Online? 'true', Cabined state '0', Legacy state '1'
[0032.25] FTEDev: Trying to start FTE Group Prime_InitialStartup which is already completed and cannot be restarted CurrentActiveGroup.bCanBeDoneAgain=(False) bIgnoreCompletion=(False)
[0032.25] AuthEpicVerbose: [GFx] Showing login flow. Platform linked? 'true' Prompt for epic link? 'false' Prompt for primary? 'false' Prompt for parental consent? 'false' Epic data loaded? 'true' Showing epic flow? 'false'
[0032.25] AuthEpicVerbose: [GFx] Epic flow completed 'false'
[0032.25] FTEVerbose: [GFx] Checking FTE progress: Shown login flow 'true', Legal modal valid? 'true', Online? 'true', Cabined state '0', Legacy state '1'
[0032.25] FTEDev: Trying to start FTE Group Prime_InitialStartup which is already completed and cannot be restarted CurrentActiveGroup.bCanBeDoneAgain=(False) bIgnoreCompletion=(False)
[0032.26] FTEVerbose: [GFx] Checking FTE progress: Shown login flow 'true', Legal modal valid? 'true', Online? 'true', Cabined state '0', Legacy state '1'
[0032.26] FTEDev: Trying to start FTE Group Prime_InitialStartup which is already completed and cannot be restarted CurrentActiveGroup.bCanBeDoneAgain=(False) bIgnoreCompletion=(False)
[0032.26] FTEVerbose: [GFx] Checking FTE progress: Shown login flow 'true', Legal modal valid? 'true', Online? 'true', Cabined state '0', Legacy state '1'
[0032.26] FTEDev: Trying to start FTE Group Prime_InitialStartup which is already completed and cannot be restarted CurrentActiveGroup.bCanBeDoneAgain=(False) bIgnoreCompletion=(False)
[0032.26] FTEVerbose: [GFx] Checking FTE progress: Shown login flow 'true', Legal modal valid? 'true', Online? 'true', Cabined state '0', Legacy state '1'
[0032.26] FTEDev: Trying to start FTE Group Prime_InitialStartup which is already completed and cannot be restarted CurrentActiveGroup.bCanBeDoneAgain=(False) bIgnoreCompletion=(False)
[0032.27] FTEVerbose: [GFx] Checking FTE progress: Shown login flow 'true', Legal modal valid? 'true', Online? 'true', Cabined state '0', Legacy state '1'
[0032.27] FTEDev: Trying to start FTE Group Prime_InitialStartup which is already completed and cannot be restarted CurrentActiveGroup.bCanBeDoneAgain=(False) bIgnoreCompletion=(False)
[0032.39] DevOnline: PlayerDataStorage_WriteFile: File upload complete. User=(8818b4dba79a43d18b986f46e4d00392) FileName=(RLSettingsData) Success=(1)
[0032.39] SettingsExport: Settings data upload complete. Success: True
[0032.53] Legacy: State Set
[0032.53] FTEVerbose: [GFx] Checking FTE progress: Shown login flow 'true', Legal modal valid? 'true', Online? 'true', Cabined state '0', Legacy state '3'
[0032.53] FTEDev: Trying to start FTE Group Prime_InitialStartup which is already completed and cannot be restarted CurrentActiveGroup.bCanBeDoneAgain=(False) bIgnoreCompletion=(False)
[0032.53] FTE: Starting Group:Prime_LegalText at Checkpoint:FTE_PrimaryPlayerIsXboxGuest
[0032.53] FTE: CompleteCheckpoint GroupName=(Prime_LegalText) CheckpointName=(FTE_PrimaryPlayerIsXboxGuest)
[0032.53] FTE: Moving to Checkpoint:FTE_PrivacyPolicy
[0032.55] DevOnline: WebRequest_X_30 SEND: https://rl-cdn.psyonix.com/Legal/PC/PrivacyPolicy/INT.txt
[0032.55] DevOnline: WebRequest_X_31 SEND: https://rl-cdn.psyonix.com/Legal/PC/ToS/INT.txt
[0032.55] DevOnline: WebRequest_X_32 SEND: https://rl-cdn.psyonix.com/Legal/PC/SCT/INT.txt
[0032.55] DevOnline: WebRequest_X_33 SEND: https://rl-cdn.psyonix.com/Legal/PC/PaymentServices/INT.txt
[0032.55] FTECritical: [GFx] Changed active tutorial from 'null' to 'FTE_PRIVACYPOLICY'. Tutorial active? 'false', New checkpoint active? 'true'
[0032.55] FTEVerbose: [GFx] Checking FTE progress: Shown login flow 'true', Legal modal valid? 'true', Online? 'true', Cabined state '0', Legacy state '3'
[0032.55] FTEDev: Trying to start FTE Group Prime_InitialStartup while another Group Prime_LegalText is active
[0032.55] FTE: CompleteCheckpoint GroupName=(Prime_LegalText) CheckpointName=(FTE_PrivacyPolicy)
[0032.55] FTE: Moving to Checkpoint:FTE_EulaText
[0032.55] FTEVerbose: [GFx] Checking FTE progress: Shown login flow 'true', Legal modal valid? 'true', Online? 'true', Cabined state '0', Legacy state '3'
[0032.55] FTEDev: Trying to start FTE Group Prime_InitialStartup while another Group Prime_LegalText is active
[0032.55] Eula: RequiresAcceptance? EulaConfig?.bRequiresAcceptance=(True) GetUISave()?.Contains('bAcceptedOfflineEULA')=(True) Eula.SyncState=(LSS_Accepted)
[0032.55] FTE: CompleteCheckpoint GroupName=(Prime_LegalText) CheckpointName=(FTE_EulaText)
[0032.55] FTE: CompleteActiveGroup GroupName:Prime_LegalText
[0032.56] FTECritical: [GFx] Changed active tutorial from 'FTE_PRIVACYPOLICY' to 'NONE'. Tutorial active? 'false', New checkpoint active? 'false'
[0032.56] FTEVerbose: Checkpoint 'None' attempted completion while the FTE isn't active!
[0032.56] FTEVerbose: [GFx] Checking FTE progress: Shown login flow 'true', Legal modal valid? 'true', Online? 'true', Cabined state '0', Legacy state '3'
[0032.56] FTEDev: Trying to start FTE Group Prime_InitialStartup which is already completed and cannot be restarted CurrentActiveGroup.bCanBeDoneAgain=(False) bIgnoreCompletion=(False)
[0032.57] FTEDev: Trying to start FTE Group Prime_FreeToPlayTutorial_1 which is already completed and cannot be restarted CurrentActiveGroup.bCanBeDoneAgain=(False) bIgnoreCompletion=(False)
[0032.57] FTEVerbose: [GFx] Checking FTE progress: Shown login flow 'true', Legal modal valid? 'true', Online? 'true', Cabined state '0', Legacy state '3'
[0032.57] FTEDev: Trying to start FTE Group Prime_InitialStartup which is already completed and cannot be restarted CurrentActiveGroup.bCanBeDoneAgain=(False) bIgnoreCompletion=(False)
[0032.57] FTEDev: Trying to start FTE Group Prime_FreeToPlayTutorial_1 which is already completed and cannot be restarted CurrentActiveGroup.bCanBeDoneAgain=(False) bIgnoreCompletion=(False)
[0032.58] Eula: RequiresAcceptance? EulaConfig?.bRequiresAcceptance=(True) GetUISave()?.Contains('bAcceptedOfflineEULA')=(True) Eula.SyncState=(LSS_Accepted)
[0032.58] AuthEpicVerbose: [GFx] Epic login changed. m_uiState:MainMenu bPromptParentalConsent:false bPromptToChoosePrimaryAccount:false bEpicSaveDataLoaded:false bPlatformLinked:false
[0032.58] FTEDev: Trying to start FTE Group Prime_MatchComplete which is already completed and cannot be restarted CurrentActiveGroup.bCanBeDoneAgain=(False) bIgnoreCompletion=(False)
[0032.58] FTEDev: Group Prime_LegacyUpdate Is not meant for users of type FTESave.LegacyGroupType=(LGT_NewUser)
[0032.63] Legacy: State Set
[0032.64] RankedReconnect: LocalPlayer_TA_0.CheckForRankedReconnect() bOpenedStartMenu=(True) IsMenuLevel=(True) bLoggedIn=(True) IsPrimaryPlayer=(True) RankedReconnectAvailable=(False) EpochTime=(0) EpochNow=(1774966761) TimeSince=(1774966761) ReconnectTimeoutSeconds=(900) Reservation=()
[0032.64] MTX: ConditionalClaimEntitlements bAllowEntitlements=(True) bClaimingEntitlements=(False) bEntitlementsDirty=(True) PsyNetConnected=(True) SplitscreenID=(0) bMtxCodeExpired=(False)
[0032.64] MTX: HandleMtxCode bSuccess=True
[0032.67] Online: TryToPlayOnline ControllerID=(-1)
[0032.73] Online: HandlePrivilegeCheckFinished PrivilegeCheck.bHasRestriction=(False)
[0032.73] Online: HandlePrivilegeCheck PrivilegeCheck.bHasRestriction=(False)
[0032.73] DevOnline: WebRequest_X_30 RECV: 200 
[0032.73] Log: FCacheExportTask(..\..\TAGame\Cache\WebCache/bC1jZG4ucHN5b25peC5jb20vTGVnYWwvUEMvUHJpdmFjeVBvbGljeS9JTlQudHh0) wrote 845 bytes to memory
[0032.73] DevOnline: WebRequest_X_32 RECV: 200 
[0032.73] Log: FCacheExportTask(..\..\TAGame\Cache\WebCache/aHR0cHM6Ly9ybC1jZG4ucHN5b25peC5jb20vTGVnYWwvUEMvU0NUL0lOVC50eHQ=) wrote 306 bytes to memory
[0032.73] DevOnline: WebRequest_X_33 RECV: 200 
[0032.73] Log: FCacheExportTask(..\..\TAGame\Cache\WebCache/ZG4ucHN5b25peC5jb20vTGVnYWwvUEMvUGF5bWVudFNlcnZpY2VzL0lOVC50eHQ=) wrote 306 bytes to memory
[0032.74] DevOnline: PlayerDataStorage_WriteFile: Beginning to upload file. User=(8818b4dba79a43d18b986f46e4d00392) FileName=(RLSaveData)
[0032.75] Log: FSaveDataExportTask(0) wrote 1013399 bytes to memory
[0032.75] Log: SaveGameDataAsync game thread time: 11 ms
[0032.75] DevOnline: WebRequest_X_34 SEND: https://rl-cdn.psyonix.com/EsportsIcons/RL_U57_S22_BracketRivalry_LTE_PlaylistButton_oicece.jpg
[0032.82] Log: Deleting old save file ..\..\TAGame\SaveDataEpic\DBE_Production\8818b4dba79a43d18b986f46e4d00392_2.save
[0032.82] Log: SaveDataExport(0): Finished - File:[..\..\TAGame\SaveDataEpic\DBE_Production\8818b4dba79a43d18b986f46e4d00392_1.save] Result:[1]
[0032.82] DevOnline: WebRequest_X_31 RECV: 200 
[0032.82] Log: FCacheExportTask(..\..\TAGame\Cache\WebCache/aHR0cHM6Ly9ybC1jZG4ucHN5b25peC5jb20vTGVnYWwvUEMvVG9TL0lOVC50eHQ=) wrote 47845 bytes to memory
[0032.83] SettingsExport: Settings content not changed. Will not update the Settings Online
[0033.29] DevOnline: WebRequest_X_34 RECV: 200 
[0033.29] Log: FCacheExportTask(..\..\TAGame\Cache\WebCache/MjJfQnJhY2tldFJpdmFscnlfTFRFX1BsYXlsaXN0QnV0dG9uX29pY2VjZS5qcGc=) wrote 53595 bytes to memory
[0033.46] MTX: HandleClaimSuccess Products=0
[0035.75] Log: FSaveDataExportTask(0) wrote 1013399 bytes to memory
[0035.75] Log: SaveGameDataAsync game thread time: 10 ms
[0035.78] Log: Deleting old save file ..\..\TAGame\SaveDataEpic\DBE_Production\8818b4dba79a43d18b986f46e4d00392.save
[0035.78] Log: SaveDataExport(0): Finished - File:[..\..\TAGame\SaveDataEpic\DBE_Production\8818b4dba79a43d18b986f46e4d00392_2.save] Result:[1]
[0035.78] SettingsExport: Settings content not changed. Will not update the Settings Online
[0036.31] DevOnline: WebRequest_X_35 SEND: https://cdn-live.prm.ol.epicgames.com/prod/a68b3cd92e1d4e24a18e1962f773aa45.png?width=1920&height=1200&aspect=fill
[0036.31] DevOnline: WebRequest_X_36 SEND: https://cdn-live.prm.ol.epicgames.com/prod/10efdc527c7a4855b3ecaa376c876d5e.png?width=320&height=180&aspect=fill
[0036.31] DevOnline: WebRequest_X_37 SEND: https://cdn-live.prm.ol.epicgames.com/prod/8fc5b965541c4e77b2f76b9710c0d937.png?width=1920&height=1200&aspect=fill
[0036.31] DevOnline: WebRequest_X_38 SEND: https://cdn-live.prm.ol.epicgames.com/prod/f66da576384e427da038664b98826f39.png?width=320&height=180&aspect=fill
[0036.31] DevOnline: WebRequest_X_39 SEND: https://cdn-live.prm.ol.epicgames.com/prod/4d93be47edbd45c19d3773022f539017.jpeg?width=1920&height=1200&aspect=fill
[0036.31] DevOnline: WebRequest_X_40 SEND: https://cdn-live.prm.ol.epicgames.com/prod/315eb884a703400dbc9d994fb3139374.jpeg?width=320&height=180&aspect=fill
[0036.55] DevOnline: PlayerDataStorage_WriteFile: File upload complete. User=(8818b4dba79a43d18b986f46e4d00392) FileName=(RLSaveData) Success=(1)
[0037.48] DevOnline: WebRequest_X_38 RECV: 200 
[0037.48] Log: FCacheExportTask(..\..\TAGame\Cache\WebCache/Yjk4ODI2ZjM5LnBuZz93aWR0aD0zMjAmaGVpZ2h0PTE4MCZhc3BlY3Q9ZmlsbA==) wrote 33821 bytes to memory
[0037.51] DevOnline: WebRequest_X_40 RECV: 200 
[0037.51] Log: FCacheExportTask(..\..\TAGame\Cache\WebCache/ZmIzMTM5Mzc0LmpwZWc_d2lkdGg9MzIwJmhlaWdodD0xODAmYXNwZWN0PWZpbGw=) wrote 60542 bytes to memory
[0037.63] DevOnline: WebRequest_X_36 RECV: 200 
[0037.63] Log: FCacheExportTask(..\..\TAGame\Cache\WebCache/NzZjODc2ZDVlLnBuZz93aWR0aD0zMjAmaGVpZ2h0PTE4MCZhc3BlY3Q9ZmlsbA==) wrote 66064 bytes to memory
[0038.76] DevOnline: WebRequest_X_39 RECV: 200 
[0038.78] Log: FCacheExportTask(..\..\TAGame\Cache\WebCache/NTM5MDE3LmpwZWc_d2lkdGg9MTkyMCZoZWlnaHQ9MTIwMCZhc3BlY3Q9ZmlsbA==) wrote 1209060 bytes to memory
[0038.78] DevOnline: WebRequest_X_37 RECV: 200 
[0038.79] Log: FCacheExportTask(..\..\TAGame\Cache\WebCache/NzEwYzBkOTM3LnBuZz93aWR0aD0xOTIwJmhlaWdodD0xMjAwJmFzcGVjdD1maWxs) wrote 778450 bytes to memory
[0038.83] DevOnline: WebRequest_X_35 RECV: 200 
[0038.85] Log: FCacheExportTask(..\..\TAGame\Cache\WebCache/MmY3NzNhYTQ1LnBuZz93aWR0aD0xOTIwJmhlaWdodD0xMjAwJmFzcGVjdD1maWxs) wrote 1041836 bytes to memory
[0039.30] Log: Assigning DI controller to 0
[0041.57] DevOnline: EOSSDK-LogEOSRTC: TickTracker Tick is delayed. TimePeriod=[10.012665s]  TickIntervalThreshold=[0.100000s] MaxTickInterval=[0.209406s] MaxExecutionTime=[0.000086s] TicksCount=[565] ExpectedTicksCount=[1001]
[0051.58] DevOnline: EOSSDK-LogEOSRTC: TickTracker Tick is delayed. TimePeriod=[10.014153s]  TickIntervalThreshold=[0.100000s] MaxTickInterval=[0.153930s] MaxExecutionTime=[0.000066s] TicksCount=[590] ExpectedTicksCount=[1001]
[0059.48] Log: FSaveDataExportTask(0) wrote 1013375 bytes to memory
[0059.48] Log: SaveGameDataAsync game thread time: 8 ms
[0059.50] Log: Deleting old save file ..\..\TAGame\SaveDataEpic\DBE_Production\8818b4dba79a43d18b986f46e4d00392_1.save
[0059.50] Log: SaveDataExport(0): Finished - File:[..\..\TAGame\SaveDataEpic\DBE_Production\8818b4dba79a43d18b986f46e4d00392.save] Result:[1]
[0059.50] SettingsExport: Settings content not changed. Will not update the Settings Online
[0059.50] Log: Flushing async loaders.
[0059.55] Log: Flushed async loaders.
[0061.59] DevOnline: EOSSDK-LogEOSRTC: TickTracker Tick is delayed. TimePeriod=[10.005277s]  TickIntervalThreshold=[0.100000s] MaxTickInterval=[0.219055s] MaxExecutionTime=[0.000067s] TicksCount=[551] ExpectedTicksCount=[1000]
[0064.29] DevOnline: PlayerDataStorage_WriteFile: Beginning to upload file. User=(8818b4dba79a43d18b986f46e4d00392) FileName=(RLSaveData)
[0067.02] DevOnline: PlayerDataStorage_WriteFile: File upload complete. User=(8818b4dba79a43d18b986f46e4d00392) FileName=(RLSaveData) Success=(1)
[0078.82] Log: FSaveDataExportTask(0) wrote 1014951 bytes to memory
[0078.82] Log: SaveGameDataAsync game thread time: 7 ms
[0078.84] Log: Deleting old save file ..\..\TAGame\SaveDataEpic\DBE_Production\8818b4dba79a43d18b986f46e4d00392_2.save
[0078.84] Log: SaveDataExport(0): Finished - File:[..\..\TAGame\SaveDataEpic\DBE_Production\8818b4dba79a43d18b986f46e4d00392_1.save] Result:[1]
[0078.85] SettingsExport: CreateSnapshot Metadata {"userId":"Epic|8818b4dba79a43d18b986f46e4d00392|0","platformKey":"Epic","schemaVersion":0,"clientVersion":1532151,"timestampUtc":1774966808,"settingsVersion":7882,"checksum":-473355951 Payload Size  96412
[0078.85] SettingsExport: Payload changed. Notifying new Checksum: -473355951
[0078.85] SettingsExport: Local settings updated, uploading data
[0083.24] DevOnline: WebRequest_X_41 SEND: https://datarouter.ol.epicgames.com/datarouter/api/v1/public/data?AppID=RocketLeague.Release&AppVersion=1210528741&AppEnvironment=Prod&UploadType=eteventstream&UserID=|8818b4dba79a43d18b986f46e4d00392|||Epic|8818b4dba79a43d18b986f46e4d00392|0&SessionID=3160ACB646B5F0FF42875186A0A7F66A
[0084.66] DevOnline: WebRequest_X_41 RECV: 204 
[0091.61] DevOnline: EOSSDK-LogEOSRTC: TickTracker Tick is delayed. TimePeriod=[10.001819s]  TickIntervalThreshold=[0.100000s] MaxTickInterval=[0.443580s] MaxExecutionTime=[0.000030s] TicksCount=[571] ExpectedTicksCount=[1000]
[0096.89] DevOnline: PlayerDataStorage_WriteFile: Beginning to upload file. User=(8818b4dba79a43d18b986f46e4d00392) FileName=(RLSettingsData)
[0097.23] Log: FSaveDataExportTask(0) wrote 1015797 bytes to memory
[0097.23] Log: SaveGameDataAsync game thread time: 7 ms
[0097.25] Log: Deleting old save file ..\..\TAGame\SaveDataEpic\DBE_Production\8818b4dba79a43d18b986f46e4d00392.save
[0097.25] Log: SaveDataExport(0): Finished - File:[..\..\TAGame\SaveDataEpic\DBE_Production\8818b4dba79a43d18b986f46e4d00392_2.save] Result:[1]
[0097.25] SettingsExport: CreateSnapshot Metadata {"userId":"Epic|8818b4dba79a43d18b986f46e4d00392|0","platformKey":"Epic","schemaVersion":0,"clientVersion":1532151,"timestampUtc":1774966826,"settingsVersion":7883,"checksum":1600095452 Payload Size  96672
[0097.25] SettingsExport: Payload changed. Notifying new Checksum: 1600095452
[0097.25] SettingsExport: Local settings updated, uploading data
[0097.25] DevOnline: PlayerDataStorage_WriteFile: File transfer is already in progress. Aborting write for User=(8818b4dba79a43d18b986f46e4d00392) FileName=(RLSettingsData)
[0097.25] ScriptWarning: ScriptWarning, Something went wrong uploading settings data 8818b4dba79a43d18b986f46e4d00392 RLSettingsData
	EOSOnlineStorageUploader_TA Transient.SaveData_TA_1:EOSOnlineStorageUploader_TA_0
	Function TAGame.EOSOnlineStorageUploader_TA:UploadSettingsData:0257
Script call stack:
	Function TAGame.SaveObjectManager_TA:HandleSaveResult
	Function TAGame.SaveGameManager_TA:HandleDataSaved
	Function TAGame.SettingsSnapshotManager_TA:HandleEventDataSaved
	Function TAGame.EOSOnlineStorageUploader_TA:HandleSettingsSnapshotUpdated
	Function TAGame.EOSOnlineStorageUploader_TA:UploadSettingsData

[0098.57] DevOnline: PlayerDataStorage_WriteFile: File upload complete. User=(8818b4dba79a43d18b986f46e4d00392) FileName=(RLSettingsData) Success=(1)
[0098.57] SettingsExport: Settings data upload complete. Success: True
[0100.13] Online: TryToPlayOnline ControllerID=(-1)
[0100.14] Online: HandlePrivilegeCheckFinished PrivilegeCheck.bHasRestriction=(False)
[0100.14] Online: HandlePrivilegeCheck PrivilegeCheck.bHasRestriction=(False)
[0100.14] MTXGarage: [SetCatalogCategory] InCategory=MTX_StarterPack CatalogCategory=MTX_StarterPack CatalogRequestInProgress=False
[0100.14] MTXGarage: Requesting catalog 'MTX_StarterPack'
[0100.14] MTXGarage: [SendOnlineRequest] Category:MTX_StarterPack EPE:True RP:False RoW:False JD:False
[0100.41] Log: FSaveDataExportTask(0) wrote 1016215 bytes to memory
[0100.41] Log: SaveGameDataAsync game thread time: 8 ms
[0100.43] Log: Deleting old save file ..\..\TAGame\SaveDataEpic\DBE_Production\8818b4dba79a43d18b986f46e4d00392_1.save
[0100.43] Log: SaveDataExport(0): Finished - File:[..\..\TAGame\SaveDataEpic\DBE_Production\8818b4dba79a43d18b986f46e4d00392.save] Result:[1]
[0100.44] SettingsExport: CreateSnapshot Metadata {"userId":"Epic|8818b4dba79a43d18b986f46e4d00392|0","platformKey":"Epic","schemaVersion":0,"clientVersion":1532151,"timestampUtc":1774966829,"settingsVersion":7884,"checksum":-340829247 Payload Size  96797
[0100.44] SettingsExport: Payload changed. Notifying new Checksum: -340829247
[0100.44] SettingsExport: Local settings updated, uploading data
[0100.48] MTXGarage: [HandleAllGetCatalogResponseComplete] CatalogInfoItems.Length=1 CatalogInfoExactPacks.Length=0 CombinedInfoItems.Length=1 PriceRequests.Length=1
[0100.48] MTXGarage: [UpdatePriceInfo]: Timer set for  GetPriceTimeoutTime=(10.0000)
[0100.74] DevOnline: WebRequest_X_42 SEND: https://rl-cdn.psyonix.com/ShopImages/Jordan/RL_Jordan_Thumbnail_pihfih.jpg
[0100.74] DevOnline: WebRequest_X_43 SEND: https://rl-cdn.psyonix.com/ShopImages/Jordan/RL_Bundle_04_Thumbnail_08yfw9.jpg
[0100.74] DevOnline: WebRequest_X_44 SEND: https://rl-cdn.psyonix.com/ShopImages/Jordan/RL_Bundle_05_Thumbnail_ihwfe08.jpg
[0100.74] DevOnline: WebRequest_X_45 SEND: https://rl-cdn.psyonix.com/ShopImages/Jordan/RL_Bundle_06_Thumbnail_oifw.jpg
[0100.74] DevOnline: WebRequest_X_46 SEND: https://rl-cdn.psyonix.com/ShopImages/Jordan/RL_Bundle_07_Thumbnail_Option3_pifewih.jpg
[0100.74] DevOnline: WebRequest_X_47 SEND: https://rl-cdn.psyonix.com/ShopImages/Jordan/RL_Bundle_03_Thumbnail_ouhfw98.jpg
[0100.74] DevOnline: WebRequest_X_48 SEND: https://rl-cdn.psyonix.com/ShopImages/Jordan/RL_Bundle_02_Thumbnail_iwohfe.jpg
[0100.74] DevOnline: WebRequest_X_49 SEND: https://rl-cdn.psyonix.com/ShopImages/CreditBundles/S22/EN_RL57.00_S22_2500CreditBundle_Thumbnail_W1_bahpp.jpg
[0100.74] DevOnline: WebRequest_X_50 SEND: https://rl-cdn.psyonix.com/ShopImages/CreditBundles/S22/EN_RL57.00_S22_2000CreditBundle_Thumbnail_W1_1qpuj.jpg
[0100.74] DevOnline: WebRequest_X_51 SEND: https://rl-cdn.psyonix.com/ShopImages/CreditBundles/S22/RL_U57.00_S22_1500_CreditBundle_Thumbnail_W1_asdlk.jpg
[0100.74] DevOnline: WebRequest_X_52 SEND: https://rl-cdn.psyonix.com/ShopImages/CreditBundles/S22/EN_RL57.00_S22_1000CreditBundle_Thumbnail_W1_cvcbxc.jpg
[0101.28] DevOnline: WebRequest_X_50 RECV: 200 
[0101.28] Log: FCacheExportTask(..\..\TAGame\Cache\WebCache/LjAwX1MyMl8yMDAwQ3JlZGl0QnVuZGxlX1RodW1ibmFpbF9XMV8xcXB1ai5qcGc=) wrote 136756 bytes to memory
[0101.28] MTXGarage: [ProcessQueriedCatalog] CatalogCacheEntry.Category=MTX_StarterPack CatalogCategory=MTX_StarterPack
[0101.28] MTXGarage: [ValidatePricingTable] SKIPPED
 Context: VCFactor=50 VCMaxExactPack=5000 Category=StarterPack Length=1 EPE=True
[0101.28] MTXGarage: [ProcessQueriedCatalog] Third condition | PriceInfoItems.Length: 101
[0101.28] MTXGarage: [TriggerCatalogReadyEvents] bTriggerUICallback: True bCatalogQuerySuccess True
[0101.28] MTXGarage: [SetCatalogCategory] InCategory=MTX_StandardPack CatalogCategory=MTX_StandardPack CatalogRequestInProgress=False
[0101.28] MTXGarage: Requesting catalog 'MTX_StandardPack'
[0101.28] MTXGarage: [SendOnlineRequest] Category:MTX_StandardPack EPE:True RP:False RoW:False JD:False
[0101.30] DevOnline: WebRequest_X_45 RECV: 200 
[0101.30] Log: FCacheExportTask(..\..\TAGame\Cache\WebCache/cEltYWdlcy9Kb3JkYW4vUkxfQnVuZGxlXzA2X1RodW1ibmFpbF9vaWZ3LmpwZw==) wrote 263562 bytes to memory
[0101.31] DevOnline: WebRequest_X_44 RECV: 200 
[0101.32] Log: FCacheExportTask(..\..\TAGame\Cache\WebCache/YWdlcy9Kb3JkYW4vUkxfQnVuZGxlXzA1X1RodW1ibmFpbF9paHdmZTA4LmpwZw==) wrote 229896 bytes to memory
[0101.32] DevOnline: WebRequest_X_46 RECV: 200 
[0101.32] Log: FCacheExportTask(..\..\TAGame\Cache\WebCache/b3JkYW4vUkxfQnVuZGxlXzA3X1RodW1ibmFpbF9PcHRpb24zX3BpZmV3aWguanBn) wrote 264413 bytes to memory
[0101.32] DevOnline: WebRequest_X_49 RECV: 200 
[0101.32] Log: FCacheExportTask(..\..\TAGame\Cache\WebCache/LjAwX1MyMl8yNTAwQ3JlZGl0QnVuZGxlX1RodW1ibmFpbF9XMV9iYWhwcC5qcGc=) wrote 137352 bytes to memory
[0101.33] DevOnline: WebRequest_X_48 RECV: 200 
[0101.33] Log: FCacheExportTask(..\..\TAGame\Cache\WebCache/cEltYWdlcy9Kb3JkYW4vUkxfQnVuZGxlXzAyX1RodW1ibmFpbF9pd29oZmUuanBn) wrote 189439 bytes to memory
[0101.38] DevOnline: WebRequest_X_47 RECV: 200 
[0101.38] Log: FCacheExportTask(..\..\TAGame\Cache\WebCache/YWdlcy9Kb3JkYW4vUkxfQnVuZGxlXzAzX1RodW1ibmFpbF9vdWhmdzk4LmpwZw==) wrote 363595 bytes to memory
[0101.43] DevOnline: WebRequest_X_43 RECV: 200 
[0101.43] Log: FCacheExportTask(..\..\TAGame\Cache\WebCache/cEltYWdlcy9Kb3JkYW4vUkxfQnVuZGxlXzA0X1RodW1ibmFpbF8wOHlmdzkuanBn) wrote 247707 bytes to memory
[0101.45] DevOnline: WebRequest_X_42 RECV: 200 
[0101.45] Log: FCacheExportTask(..\..\TAGame\Cache\WebCache/U2hvcEltYWdlcy9Kb3JkYW4vUkxfSm9yZGFuX1RodW1ibmFpbF9waWhmaWguanBn) wrote 422986 bytes to memory
[0101.56] MTXGarage: [HandleAllGetCatalogResponseComplete] CatalogInfoItems.Length=1 CatalogInfoExactPacks.Length=0 CombinedInfoItems.Length=1 PriceRequests.Length=1
[0101.56] MTXGarage: [UpdatePriceInfo]: Timer set for  GetPriceTimeoutTime=(10.0000)
[0101.56] MTXGarage: [ProcessQueriedCatalog] CatalogCacheEntry.Category=MTX_StandardPack CatalogCategory=MTX_StandardPack
[0101.56] MTXGarage: [ValidatePricingTable] SKIPPED
 Context: VCFactor=50 VCMaxExactPack=5000 Category=StandardPack Length=1 EPE=True
[0101.56] MTXGarage: [ProcessQueriedCatalog] Third condition | PriceInfoItems.Length: 101
[0101.56] MTXGarage: [TriggerCatalogReadyEvents] bTriggerUICallback: True bCatalogQuerySuccess True
[0101.61] DevOnline: EOSSDK-LogEOSRTC: TickTracker Tick is delayed. TimePeriod=[10.006642s]  TickIntervalThreshold=[0.100000s] MaxTickInterval=[0.209773s] MaxExecutionTime=[0.000090s] TicksCount=[585] ExpectedTicksCount=[1000]
[0101.68] DevOnline: WebRequest_X_52 RECV: 200 
[0101.68] Log: FCacheExportTask(..\..\TAGame\Cache\WebCache/LjAwX1MyMl8xMDAwQ3JlZGl0QnVuZGxlX1RodW1ibmFpbF9XMV9jdmNieGMuanBn) wrote 158238 bytes to memory
[0101.88] DevOnline: WebRequest_X_51 RECV: 200 
[0101.88] Log: FCacheExportTask(..\..\TAGame\Cache\WebCache/MDBfUzIyXzE1MDBfQ3JlZGl0QnVuZGxlX1RodW1ibmFpbF9XMV9hc2Rsay5qcGc=) wrote 137908 bytes to memory
[0105.56] Online: TryToViewLeaderboards ControllerID=(-1)
[0105.58] Online: HandlePrivilegeCheckFinished PrivilegeCheck.bHasRestriction=(False)
[0105.58] Online: HandlePrivilegeCheck PrivilegeCheck.bHasRestriction=(False)
[0106.48] ScriptLog: HandlePlayerLeaderboardRecieved Skill10 Skill10 8 6
[0107.69] Online: TryToViewLeaderboards ControllerID=(-1)
[0107.71] Online: HandlePrivilegeCheckFinished PrivilegeCheck.bHasRestriction=(False)
[0107.71] Online: HandlePrivilegeCheck PrivilegeCheck.bHasRestriction=(False)
[0108.03] ScriptLog: HandlePlayerLeaderboardRecieved Skill11 Skill11 10 6
[0108.11] Online: TryToViewLeaderboards ControllerID=(-1)
[0108.13] Online: HandlePrivilegeCheckFinished PrivilegeCheck.bHasRestriction=(False)
[0108.13] Online: HandlePrivilegeCheck PrivilegeCheck.bHasRestriction=(False)
[0108.13] ScriptLog: OnlineGameLeaderboards_X_0 Returning cached leaderboards
[0108.38] ScriptLog: HandlePlayerLeaderboardRecieved Skill10 Skill10 8 6
[0108.66] Online: TryToViewLeaderboards ControllerID=(-1)
[0108.68] Online: HandlePrivilegeCheckFinished PrivilegeCheck.bHasRestriction=(False)
[0108.68] Online: HandlePrivilegeCheck PrivilegeCheck.bHasRestriction=(False)
[0108.86] ScriptLog: HandlePlayerLeaderboardRecieved Skill10 Skill10 8 7
[0109.11] Online: TryToViewLeaderboards ControllerID=(-1)
[0109.13] Online: HandlePrivilegeCheckFinished PrivilegeCheck.bHasRestriction=(False)
[0109.13] Online: HandlePrivilegeCheck PrivilegeCheck.bHasRestriction=(False)
[0109.49] ScriptLog: HandlePlayerLeaderboardRecieved Skill10 Skill10 8 7
[0110.39] Online: TryToViewLeaderboards ControllerID=(-1)
[0110.41] Online: HandlePrivilegeCheckFinished PrivilegeCheck.bHasRestriction=(False)
[0110.41] Online: HandlePrivilegeCheck PrivilegeCheck.bHasRestriction=(False)
[0110.74] ScriptLog: HandlePlayerLeaderboardRecieved Skill11 Skill11 10 0
[0116.18] Online: TryToPlayOnline ControllerID=(-1)
[0116.20] Online: HandlePrivilegeCheckFinished PrivilegeCheck.bHasRestriction=(False)
[0116.20] Prime24121: StartSearch.PreferredRegions.Length 5
[0116.20] Matchmaking: OnlineGameMatchmaking_X_0 OnlineGameMatchmaking_X -> PingRegions
[0116.77] DevNet: Browse: cs_day_p?Game=TAGame.GameInfo_Soccar_TA?GameTags=Freeplay
[0116.84] Log: FSaveDataExportTask(0) wrote 1016212 bytes to memory
[0116.84] Log: SaveGameDataAsync game thread time: 8 ms
[0116.84] Log: Flushing async loaders.
[0116.84] Log: Flushed async loaders.
[0116.84] Log: LoadMap: cs_day_p?Game=TAGame.GameInfo_Soccar_TA?GameTags=Freeplay
[0116.86] Log: Deleting old save file ..\..\TAGame\SaveDataEpic\DBE_Production\8818b4dba79a43d18b986f46e4d00392_2.save
[0116.86] Log: SaveDataExport(0): Finished - File:[..\..\TAGame\SaveDataEpic\DBE_Production\8818b4dba79a43d18b986f46e4d00392_1.save] Result:[1]
[0116.86] DevOnline: PsyNet Flush Start TimeoutSeconds=0.250000
[0117.09] ScriptLog: RegionPinger_X_1 PingRegions ("18.156.249.234:7761","15.237.30.26:7907","13.49.163.157:7801","34.244.42.5:8105","18.170.195.89:7943","51.118.113.5:7741","3.238.60.87:7833","3.148.39.148:7763","13.244.193.201:7819","18.88.2.70:7755","3.101.168.215:7827","44.234.81.223:7935","15.228.209.225:7799","13.250.40.131:7795","54.46.76.7:7933","13.232.43.65:7943","35.78.159.229:7755","3.26.119.83:8017")
[0117.13] DevOnline: PsyNet Flush End
[0117.35] Log: Fully load package: ..\..\TAGame\CookedPCConsole\GameInfo_Soccar_SF.upk
[0117.45] Log: Fully load package: ..\..\TAGame\CookedPCConsole\GFxSounds_XP_SF.upk
[0117.45] Log: Fully load package: ..\..\TAGame\CookedPCConsole\GFx_XPProgressMenu_SF.upk
[0117.49] Log: Fully load package: ..\..\TAGame\CookedPCConsole\GFX_EndGameMenu_SF.upk
[0117.55] Log: Fully load package: ..\..\TAGame\CookedPCConsole\GFX_WinnerMenu_SF.upk
[0117.58] Log: Fully load package: ..\..\TAGame\CookedPCConsole\GFX_MidGameScoreboard_SF.upk
[0117.59] Log: Fully load package: ..\..\TAGame\CookedPCConsole\GFX_MidGameMenu_SF.upk
[0117.61] Log: Fully load package: ..\..\TAGame\CookedPCConsole\GFX_HudMatchInfo_SF.upk
[0117.62] Log: Fully load package: ..\..\TAGame\CookedPCConsole\GFX_Hud_SF.upk
[0117.67] Log: Fully load package: ..\..\TAGame\CookedPCConsole\Mutators_SF.upk
[0117.75] Log: Game class is 'GameInfo_Soccar_TA'
[0117.78] Log: Bringing World cs_day_p.TheWorld up for play (0) at 2026.03.31-15.20.47
[0117.78] Log: Flushing async loaders.
[0118.02] Log: Flushed async loaders.
[0118.03] ScriptLog: Destroying WebServer
[0118.03] MatchBroadcast: Init bBroadcastMatch=(False) MatchLog=(None)
[0118.03] ScriptLog: MatchTypeClass=(MatchType_Offline_TA)
[0118.21] RootMenu: [GFx] UIShellInstance - setting the shell instance
[0118.23] LTM: SettingsType=(CustomMatchSettingsType_PrivateMatch)
[0118.23] LTM: SettingsType=(CustomMatchSettingsType_PrivateMatch) InSettingsType=(CustomMatchSettingsType_LocalMatch)
[0118.23] LTM: SettingsType=(CustomMatchSettingsType_LocalMatch) InSettingsType=(CustomMatchSettingsType_LocalMatch)
[0118.25] Log: Bringing up level for play took: 0.499507
[0118.25] PartyChallenge: UpdateChallengeProgressForCompetitive bChallengesComplete=(True) ChallengeState=(Challenge_Success) bChallengeSync=(True) bChallengesAreValid=(True) bLegacyPlayer=(False) bGuestAccount=(False) Online_X.UniqueNetIDToString(Manager.Outer.PlayerID)=(Epic|8818b4dba79a43d18b986f46e4d00392|0) Complete
[0118.25] PartyChallenge: InitializeCompetitiveChallenges bGuestAccount=(False) bCompletedChallengesForCompetitive=(True) bLegacyPlayer=(False) Online_X.UniqueNetIDToString(OnlinePlayer.PlayerID)=(Epic|8818b4dba79a43d18b986f46e4d00392|0)
[0118.28] Spawn: TextChatActor_TA_0 OnOwnerChanged PlayerController_TA_0
[0118.28] EOSGameClips: Construct Constructed EOSGameClipsController_TA. Self=(EOSGameClipsController_TA_0)
[0118.28] ScriptLog: Uncached PlatformId for Epic|8818b4dba79a43d18b986f46e4d00392|0
[0118.36] RootMenu: [GFx] UIShellInstance - setting the shell instance
[0118.42] EOSVoice: Not requesting voice token, no MatchGUID
[0118.42] Log: ########### Finished loading level: 1.579253 seconds
[0118.44] SettingsExport: Settings content not changed. Will not update the Settings Online
[0119.20] Log: Flushing async loaders.
[0119.20] Log: Flushed async loaders.
[0119.33] DevOnline: WebRequest_X_53 SEND: https://rl-cdn.psyonix.com/Ads/Prod/260.aC72R2Xg/201.jpg
[0119.36] EOSGameClips: EOSGameClips: Starting background recording: API Version 2, Clip Duration 30
[0119.36] DevOnline: EOSSDK-LogEOSGameClips: Starting recording up to 30 seconds.
[0119.38] EOSGameClips: EOSGameClips: Recording changed from Pending to Recording.
[0120.59] DevOnline: WebRequest_X_53 RECV: 200 
[0120.61] Log: FCacheExportTask(..\..\TAGame\Cache\WebCache/bC1jZG4ucHN5b25peC5jb20vQWRzL1Byb2QvMjYwLmFDNzJSMlhnLzIwMS5qcGc=) wrote 910029 bytes to memory
[0120.75] DevOnline: WebRequest_X_54 SEND: https://rl-cdn.psyonix.com/Ads/Prod/258.4bdH9Zrn/201.jpg
[0121.07] DevOnline: WebRequest_X_54 RECV: 200 
[0121.07] Log: FCacheExportTask(..\..\TAGame\Cache\WebCache/bC1jZG4ucHN5b25peC5jb20vQWRzL1Byb2QvMjU4LjRiZEg5WnJuLzIwMS5qcGc=) wrote 196268 bytes to memory
[0121.12] Matchmaking: All Regions Pinged: EU5 (0.1192),EU9 (0.1021),ME1 (1.0000),EU1 (0.1018),EU3 (0.1022),EU7 (0.1023),ME3 (0.1190),USE1 (0.1886),USE3 (0.2224),SAF1 (0.2556),USC1 (0.2216),USW1 (0.2377),USW3 (0.2043),SAM1 (0.3207),ASM1 (0.2857),ASC1 (0.3524),IND1 (0.2900),JPN1 (1.0000),OCE1 (0.3423),JPN (1.0000),ASC (1.0000),ASM (1.0000),EU (1.0000),IND (1.0000),ME (1.0000),ME2 (1.0000),OCE (1.0000),SAF (1.0000),SAM (1.0000),USC (1.0000),USE (1.0000),USW (1.0000)
[0121.12] Matchmaking: Failed to ping 'ME1'. Using cached ping '0.1010'
[0121.12] Matchmaking: Failed to ping 'JPN1'. Using cached ping '0.3438'
[0121.12] Log: FCacheExportTask(..\..\TAGame\Cache\RegionCache.cache) wrote 1803 bytes to memory
[0121.12] Matchmaking: OnlineGameMatchmaking_X_0 PingRegions -> Searching
[0121.12] Prime24121: HandleRegionsPinged.PreferredRegions.Length 5
[0121.12] Matchmaking: OnlineGameMatchmaking_X::RecordStart
[0121.12] Matchmaking: Pre-divide PartyLeaderMMR: 22.8522
[0121.12] Matchmaking: Post-divide PartyLeaderMMR: 22.8522
[0121.12] Matchmaking: PartyLeaderTier=(10)
[0121.12] Matchmaking: StartMatchmaking at 2026-03-31 14:20:49 in EU5,EU9,EU1,EU3,EU7 for playlists 10 on game server 
[0121.12] Matchmaking: Creating RPC_StartMatchmaking_X
[0121.12] Matchmaking: PreferredRegions.Length=(5) PreferredPlaylists.Length=(1) Party.GetOrderedPartyMemberIDs().Length=(1)
[0121.12] Matchmaking: SecondsSearching=(4) CurrentServerID=() bDisableCrossplay=(False) bIgnoreSkill=(False)
[0121.39] Matchmaking: Matchmaking RPC succeeded.
[0121.39] Matchmaking: EstimatedQueueTime=(14.0000)
[0121.64] DevOnline: EOSSDK-LogEOSRTC: TickTracker Tick is delayed. TimePeriod=[10.009853s]  TickIntervalThreshold=[0.100000s] MaxTickInterval=[0.163028s] MaxExecutionTime=[0.000035s] TicksCount=[439] ExpectedTicksCount=[1000]
[0122.12] EOSGameClips: EOSGameClips: Starting background recording: API Version 2, Clip Duration 30
[0124.24] EOSGameClips: EOSGameClips: Starting background recording: API Version 2, Clip Duration 30
[0130.72] PsyNetBeaconDetail_X: PsyNetBeacon_X_0 ReserveConnection ReservationID=(7A37CACE3A2C4ADEB35C0611008173CA) ConnectionID=(eyJ0eXAiOiJKV1QiLCJhbGciOiJIUzUxMiJ9.eyJqdGkiOiJlOTY2ODJlNDI3YTM0MDc5ODNmMmRjNDQ4NzcxMDRkNyIsImlzcyI6IlBzeU5ldCIsInBsYXllcl9pZCI6IkVwaWN8ODgxOGI0ZGJhNzlhNDNkMThiOTg2ZjQ2ZTRkMDAzOTJ8MCIsInNlcnZlcl9uYW1lIjoiRVU1LTBBRTIwQTE5QjFGMTNCRDE5LVRvcm1lbnQiLCJpYXQiOjE3NzQ5NjY4NTksIm5iZiI6MTc3NDk2Njg1OSwiZXhwIjoxNzc0OTgxMjU5fQ.om7eB9zEJLHDj5-6CculLik_1UtRvXloJ5XID_t5ini7Suf5W2_8e55vPXXrN3n9TYaziv3DVA1qla13ox9BSw)
[0130.72] PsyNetBeaconDetail_X: PsyNetBeacon_X_0 ClientHandleMessage Message.MessageType=(ClientReservationMessage_X) Message.ReservationID=(7A37CACE3A2C4ADEB35C0611008173CA)
[0130.72] CheckReservation: Received game server from notification (v3) Message.Reservation=((ServerName="EU5-0AE20A19B1F13BD19-Torment",Playlist=10,Region="EU",ReservationID="7A37CACE3A2C4ADEB35C0611008173CA",DSRToken="eyJ0eXAiOiJKV1QiLCJhbGciOiJIUzUxMiJ9.eyJqdGkiOiJlOTY2ODJlNDI3YTM0MDc5ODNmMmRjNDQ4NzcxMDRkNyIsImlzcyI6IlBzeU5ldCIsInBsYXllcl9pZCI6IkVwaWN8ODgxOGI0ZGJhNzlhNDNkMThiOTg2ZjQ2ZTRkMDAzOTJ8MCIsInNlcnZlcl9uYW1lIjoiRVU1LTBBRTIwQTE5QjFGMTNCRDE5LVRvcm1lbnQiLCJpYXQiOjE3NzQ5NjY4NTksIm5iZiI6MTc3NDk2Njg1OSwiZXhwIjoxNzc0OTgxMjU5fQ.om7eB9zEJLHDj5-6CculLik_1UtRvXloJ5XID_t5ini7Suf5W2_8e55vPXXrN3n9TYaziv3DVA1qla13ox9BSw",JoinName="ZRO1KGBFCG9N6E6C",JoinPassword="JN6STQLM1QD01HGQ"))
[0130.72] JoinGame: StartJoin Reservation=((ServerName="EU5-0AE20A19B1F13BD19-Torment",Playlist=10,Region="EU",ReservationID="7A37CACE3A2C4ADEB35C0611008173CA",DSRToken="eyJ0eXAiOiJKV1QiLCJhbGciOiJIUzUxMiJ9.eyJqdGkiOiJlOTY2ODJlNDI3YTM0MDc5ODNmMmRjNDQ4NzcxMDRkNyIsImlzcyI6IlBzeU5ldCIsInBsYXllcl9pZCI6IkVwaWN8ODgxOGI0ZGJhNzlhNDNkMThiOTg2ZjQ2ZTRkMDAzOTJ8MCIsInNlcnZlcl9uYW1lIjoiRVU1LTBBRTIwQTE5QjFGMTNCRDE5LVRvcm1lbnQiLCJpYXQiOjE3NzQ5NjY4NTksIm5iZiI6MTc3NDk2Njg1OSwiZXhwIjoxNzc0OTgxMjU5fQ.om7eB9zEJLHDj5-6CculLik_1UtRvXloJ5XID_t5ini7Suf5W2_8e55vPXXrN3n9TYaziv3DVA1qla13ox9BSw",JoinName="ZRO1KGBFCG9N6E6C",JoinPassword="JN6STQLM1QD01HGQ")) JoinSettings=((PlaylistId=10))
[0130.72] JoinGame: GotoJoinGameState OnlineGameJoinGame_TA -> VerifyPrivileges
[0130.72] Online: TryToPlayOnline ControllerID=(-1)
[0130.72] Matchmaking: OnlineGameMatchmaking_X_0 Searching -> Joining
[0130.73] Online: HandlePrivilegeCheckFinished PrivilegeCheck.bHasRestriction=(False)
[0130.73] JoinGame: GotoJoinGameState VerifyPrivileges -> ReservingServerForMatchmaking
[0130.74] PsyNetBeaconDetail_X: PsyNetBeacon_X_0 SendMessageToServer Message=(AddReservationMessagePublic_X_0)
[0130.74] PsyNet: PsyNetServiceProvider_X_1 ExecuteService Complete, Service=DSR/ClientMessage 
[0131.27] PsyNetBeaconDetail_X: PsyNetBeacon_X_0 ClientHandleMessage Message.MessageType=(ReservationsWaitingMessage_X) Message.ReservationID=(7A37CACE3A2C4ADEB35C0611008173CA)
[0131.27] JoinGame: Waiting for more players to add reservations
[0131.27] Party: HandleServerReserved (Reservation=(ServerName="EU5-0AE20A19B1F13BD19-Torment",Playlist=10,Region="EU",ReservationID="7A37CACE3A2C4ADEB35C0611008173CA",DSRToken="eyJ0eXAiOiJKV1QiLCJhbGciOiJIUzUxMiJ9.eyJqdGkiOiJlOTY2ODJlNDI3YTM0MDc5ODNmMmRjNDQ4NzcxMDRkNyIsImlzcyI6IlBzeU5ldCIsInBsYXllcl9pZCI6IkVwaWN8ODgxOGI0ZGJhNzlhNDNkMThiOTg2ZjQ2ZTRkMDAzOTJ8MCIsInNlcnZlcl9uYW1lIjoiRVU1LTBBRTIwQTE5QjFGMTNCRDE5LVRvcm1lbnQiLCJpYXQiOjE3NzQ5NjY4NTksIm5iZiI6MTc3NDk2Njg1OSwiZXhwIjoxNzc0OTgxMjU5fQ.om7eB9zEJLHDj5-6CculLik_1UtRvXloJ5XID_t5ini7Suf5W2_8e55vPXXrN3n9TYaziv3DVA1qla13ox9BSw",JoinName="ZRO1KGBFCG9N6E6C",JoinPassword="JN6STQLM1QD01HGQ"),JoinCredentials="ZRO1KGBFCG9N6E6C:JN6STQLM1QD01HGQ")
[0131.28] PsyNet: PsyNetServiceProvider_X_1 ExecuteService Complete, Service=DSR/ClientMessage 
[0132.19] PsyNetBeaconDetail_X: PsyNetBeacon_X_0 ClientHandleMessage Message.MessageType=(ReservationsReadyMessage_X) Message.ReservationID=(7A37CACE3A2C4ADEB35C0611008173CA)
[0132.19] Party: HandleServerReserved (Reservation=(ServerName="EU5-0AE20A19B1F13BD19-Torment",Playlist=10,Region="EU",ReservationID="7A37CACE3A2C4ADEB35C0611008173CA",DSRToken="eyJ0eXAiOiJKV1QiLCJhbGciOiJIUzUxMiJ9.eyJqdGkiOiJlOTY2ODJlNDI3YTM0MDc5ODNmMmRjNDQ4NzcxMDRkNyIsImlzcyI6IlBzeU5ldCIsInBsYXllcl9pZCI6IkVwaWN8ODgxOGI0ZGJhNzlhNDNkMThiOTg2ZjQ2ZTRkMDAzOTJ8MCIsInNlcnZlcl9uYW1lIjoiRVU1LTBBRTIwQTE5QjFGMTNCRDE5LVRvcm1lbnQiLCJpYXQiOjE3NzQ5NjY4NTksIm5iZiI6MTc3NDk2Njg1OSwiZXhwIjoxNzc0OTgxMjU5fQ.om7eB9zEJLHDj5-6CculLik_1UtRvXloJ5XID_t5ini7Suf5W2_8e55vPXXrN3n9TYaziv3DVA1qla13ox9BSw",JoinName="ZRO1KGBFCG9N6E6C",JoinPassword="JN6STQLM1QD01HGQ"),PingURL="18.157.15.131:7755",GameURL="18.157.15.131:7754",JoinCredentials="ZRO1KGBFCG9N6E6C:JN6STQLM1QD01HGQ")
[0132.19] JoinGame: GotoJoinGameState ReservingServerForMatchmaking -> JoinCountdown
[0132.19] PsyNetBeaconDetail_X: PsyNetBeacon_X_0 SendMessageToServer Message=(PingMessage_X_0)
[0132.20] PsyNet: PsyNetServiceProvider_X_1 ExecuteService Complete, Service=DSR/ClientMessage 
[0132.55] PsyNetBeaconDetail_X: PsyNetBeacon_X_0 ClientHandleMessage Message.MessageType=(PingMessage_X) Message.ReservationID=(7A37CACE3A2C4ADEB35C0611008173CA)
[0132.56] PsyNet: PsyNetServiceProvider_X_1 ExecuteService Complete, Service=DSR/ClientMessage 
[0135.20] JoinGame: GotoJoinGameState JoinCountdown -> OpeningLoadingScreen
[0135.20] RankedReconnect: OnlineGameJoinGame_TA_0::OpeningLoadingScreen.BeginState()
[0135.20] RankedReconnect: LocalPlayer_TA_0.UpdateRankedReconnect() RankedSoloDuel True 2 False
[0135.20] RankedReconnect: RankedReconnectSave_TA_0.ClearRankedReconnect()
[0135.20] DevNet: Browse: JoinGameTransition?game=TAGame.GameInfo_Transition_TA?GameTags=Freeplay
[0135.26] Log: FSaveDataExportTask(0) wrote 1016158 bytes to memory
[0135.26] Log: SaveGameDataAsync game thread time: 7 ms
[0135.26] Log: LoadMap: JoinGameTransition?game=TAGame.GameInfo_Transition_TA?GameTags=Freeplay
[0135.26] EOSVoice: Not requesting voice token, no MatchGUID
[0135.26] EOSGameClips: ShutDown : Shutting down EOSGameClipsController_TA. Self=(EOSGameClipsController_TA_0) PlayerOwner?.GetUniqueNetId()=(Epic|8818b4dba79a43d18b986f46e4d00392|0)
[0135.26] Spawn: TextChatActor_TA_0 Destroyed
[0135.27] Log: Deleting old save file ..\..\TAGame\SaveDataEpic\DBE_Production\8818b4dba79a43d18b986f46e4d00392.save
[0135.27] Log: SaveDataExport(0): Finished - File:[..\..\TAGame\SaveDataEpic\DBE_Production\8818b4dba79a43d18b986f46e4d00392_2.save] Result:[1]
[0135.28] DevOnline: PsyNet Flush Start TimeoutSeconds=0.250000
[0135.53] DevOnline: PsyNet Flush End
[0135.55] Log: Fully load package: ..\..\TAGame\CookedPCConsole\GameInfo_Transition_SF.upk
[0135.55] Log: Fully load package: ..\..\TAGame\CookedPCConsole\Mutators_SF.upk
[0135.62] Log: Game class is 'GameInfo_Transition_TA'
[0135.63] Log: Bringing World JoinGameTransition.TheWorld up for play (0) at 2026.03.31-15.21.04
[0135.63] Log: Bringing up level for play took: 0.003054
[0135.63] PartyChallenge: UpdateChallengeProgressForCompetitive bChallengesComplete=(True) ChallengeState=(Challenge_Success) bChallengeSync=(True) bChallengesAreValid=(True) bLegacyPlayer=(False) bGuestAccount=(False) Online_X.UniqueNetIDToString(Manager.Outer.PlayerID)=(Epic|8818b4dba79a43d18b986f46e4d00392|0) Complete
[0135.63] PartyChallenge: InitializeCompetitiveChallenges bGuestAccount=(False) bCompletedChallengesForCompetitive=(True) bLegacyPlayer=(False) Online_X.UniqueNetIDToString(OnlinePlayer.PlayerID)=(Epic|8818b4dba79a43d18b986f46e4d00392|0)
[0135.63] JoinGame: GotoJoinGameState OpeningLoadingScreen -> JoiningNewServer
[0135.63] DevNet: SetProgress, MessageType=1, Title=, Message=Connecting...
[0135.63] Log: ########### Finished loading level: 0.367130 seconds
[0135.63] SettingsExport: CreateSnapshot Metadata {"userId":"Epic|8818b4dba79a43d18b986f46e4d00392|0","platformKey":"Epic","schemaVersion":0,"clientVersion":1532151,"timestampUtc":1774966864,"settingsVersion":7886,"checksum":318380454 Payload Size  96798
[0135.63] SettingsExport: Payload changed. Notifying new Checksum: 318380454
[0135.63] SettingsExport: Local settings updated, uploading data
[0135.63] DevNet: Browse: 18.157.15.131:7754/MENU_Main_p?Name=%e6%bc%a2+%e9%be%8d+%e7%8e%8b+%e7%a5%9e+%e9%97%87%e6%bc%a2+%e9%be%8d+%e7%8e%8b+%e7%a5%9e
[0135.63] DevNet: Game client on port 7754, rate 15000
[0135.63] NetComeGo: SEND first packet Length=80 CRC=2028077294
[0135.64] EOSGameClips: EOSGameClips: Recording changed from Recording to NotRecording.
[0135.76] NetComeGo: TcpipConnection_0 RECV first packet IP=18.157.15.131:7754 Length=15 CRC=-84749600 HandshakeStatus=0 bUseSessionUID=1 InSessionUID=(0 0 0) SessionUID=(0 0 0)
[0135.76] NetComeGo: Client set SessionUID to: 208 241 16
[0135.84] DevOnline: EOSSDK-LogEOSGameClips: Missing encoder drain completed message.
[0136.18] DevNet: Welcomed by server (Level: UF_Day_P, Game: TAGame.GameInfo_Soccar_TA, GameTags: )
[0136.19] Log: FSaveDataExportTask(0) wrote 1016158 bytes to memory
[0136.19] Log: SaveGameDataAsync game thread time: 7 ms
[0136.20] Log: Deleting old save file ..\..\TAGame\SaveDataEpic\DBE_Production\8818b4dba79a43d18b986f46e4d00392_1.save
[0136.20] Log: SaveDataExport(0): Finished - File:[..\..\TAGame\SaveDataEpic\DBE_Production\8818b4dba79a43d18b986f46e4d00392.save] Result:[1]
[0136.22] Log: Flushing async loaders.
[0136.22] Log: Flushed async loaders.
[0136.22] Log: LoadMap: 18.157.15.131:7754/UF_Day_P?Name=%e6%bc%a2+%e9%be%8d+%e7%8e%8b+%e7%a5%9e+%e9%97%87%e6%bc%a2+%e9%be%8d+%e7%8e%8b+%e7%a5%9e?game=TAGame.GameInfo_Soccar_TA
[0136.23] DevOnline: PsyNet Flush Start TimeoutSeconds=0.250000
[0136.46] DevOnline: PsyNet Flush End
[0136.47] Log: Fully load package: ..\..\TAGame\CookedPCConsole\GameInfo_Soccar_SF.upk
[0136.56] Log: Fully load package: ..\..\TAGame\CookedPCConsole\GFxSounds_XP_SF.upk
[0136.56] Log: Fully load package: ..\..\TAGame\CookedPCConsole\GFx_XPProgressMenu_SF.upk
[0136.58] Log: Fully load package: ..\..\TAGame\CookedPCConsole\GFX_EndGameMenu_SF.upk
[0136.63] Log: Fully load package: ..\..\TAGame\CookedPCConsole\GFX_WinnerMenu_SF.upk
[0136.64] Log: Fully load package: ..\..\TAGame\CookedPCConsole\GFX_MidGameScoreboard_SF.upk
[0136.65] Log: Fully load package: ..\..\TAGame\CookedPCConsole\GFX_MidGameMenu_SF.upk
[0136.66] Log: Fully load package: ..\..\TAGame\CookedPCConsole\GFX_HudMatchInfo_SF.upk
[0136.67] Log: Fully load package: ..\..\TAGame\CookedPCConsole\GFX_Hud_SF.upk
[0137.70] Log: Octree Warning (AddPrimitive): StaticMeshActor_SMC_445 (Owner: UF_Day_P.TheWorld:PersistentLevel.MeshCollector5) Outside World.
[0137.70] Log: Octree Warning (AddPrimitive): StaticMeshActor_SMC_619 (Owner: UF_Day_P.TheWorld:PersistentLevel.MeshCollector5) Outside World.
[0137.70] Log: Octree Warning (AddPrimitive): StaticMeshActor_SMC_627 (Owner: UF_Day_P.TheWorld:PersistentLevel.MeshCollector5) Outside World.
[0137.74] Log: Bringing World UF_Day_P.TheWorld up for play (0) at 2026.03.31-15.21.07
[0137.74] Log: Bringing up level for play took: 0.315677
[0137.89] RootMenu: [GFx] UIShellInstance - setting the shell instance
[0137.93] PartyChallenge: UpdateChallengeProgressForCompetitive bChallengesComplete=(True) ChallengeState=(Challenge_Success) bChallengeSync=(True) bChallengesAreValid=(True) bLegacyPlayer=(False) bGuestAccount=(False) Online_X.UniqueNetIDToString(Manager.Outer.PlayerID)=(Epic|8818b4dba79a43d18b986f46e4d00392|0) Complete
[0137.93] PartyChallenge: InitializeCompetitiveChallenges bGuestAccount=(False) bCompletedChallengesForCompetitive=(True) bLegacyPlayer=(False) Online_X.UniqueNetIDToString(OnlinePlayer.PlayerID)=(Epic|8818b4dba79a43d18b986f46e4d00392|0)
[0137.93] JoinGame: OnJoinGameComplete bSuccess=(True) FailReason=()
[0137.93] JoinGame: GotoJoinGameState JoiningNewServer -> None
[0137.93] PsyNetBeaconDetail_X: PsyNetBeacon_X_0 Close
[0137.93] PsyNetBeaconDetail_X: PsyNetBeacon_X_0 CloseConnection Connection.ConnectionID=(eyJ0eXAiOiJKV1QiLCJhbGciOiJIUzUxMiJ9.eyJqdGkiOiJlOTY2ODJlNDI3YTM0MDc5ODNmMmRjNDQ4NzcxMDRkNyIsImlzcyI6IlBzeU5ldCIsInBsYXllcl9pZCI6IkVwaWN8ODgxOGI0ZGJhNzlhNDNkMThiOTg2ZjQ2ZTRkMDAzOTJ8MCIsInNlcnZlcl9uYW1lIjoiRVU1LTBBRTIwQTE5QjFGMTNCRDE5LVRvcm1lbnQiLCJpYXQiOjE3NzQ5NjY4NTksIm5iZiI6MTc3NDk2Njg1OSwiZXhwIjoxNzc0OTgxMjU5fQ.om7eB9zEJLHDj5-6CculLik_1UtRvXloJ5XID_t5ini7Suf5W2_8e55vPXXrN3n9TYaziv3DVA1qla13ox9BSw)
[0137.93] Matchmaking: OnlineGameMatchmaking_X_0 Joining -> None
[0137.93] Spawn: TextChatActor_TA_1 OnOwnerChanged PlayerController_TA_1
[0137.93] EOSGameClips: Construct Constructed EOSGameClipsController_TA. Self=(EOSGameClipsController_TA_1)
[0137.93] Log: ########### Finished loading level: 1.705535 seconds
[0137.96] ScriptWarning: ScriptWarning, Accessed None 'PRI'
	PlayerController_TA UF_Day_P.TheWorld:PersistentLevel.PlayerController_TA_1
	Function TAGame.PlayerController_TA:PressSecondaryCamera:0075
Script call stack:
	Function TAGame.PlayerController_TA:PressSecondaryCamera

[0137.96] ScriptWarning: ScriptWarning, Accessed None 'PRI'
	PlayerController_TA UF_Day_P.TheWorld:PersistentLevel.PlayerController_TA_1
	Function TAGame.PlayerController_TA:PressSecondaryCamera:00E7
Script call stack:
	Function TAGame.PlayerController_TA:PressSecondaryCamera

[0137.96] SettingsExport: Settings content not changed. Will not update the Settings Online
[0138.79] EOSGameClips: ShutDown : Shutting down EOSGameClipsController_TA. Self=(EOSGameClipsController_TA_1) PlayerOwner?.GetUniqueNetId()=(Epic|8818b4dba79a43d18b986f46e4d00392|0)
[0138.79] PartyChallenge: UpdateChallengeProgressForCompetitive bChallengesComplete=(True) ChallengeState=(Challenge_Success) bChallengeSync=(True) bChallengesAreValid=(True) bLegacyPlayer=(False) bGuestAccount=(False) Online_X.UniqueNetIDToString(Manager.Outer.PlayerID)=(Epic|8818b4dba79a43d18b986f46e4d00392|0) Complete
[0138.79] PartyChallenge: InitializeCompetitiveChallenges bGuestAccount=(False) bCompletedChallengesForCompetitive=(True) bLegacyPlayer=(False) Online_X.UniqueNetIDToString(OnlinePlayer.PlayerID)=(Epic|8818b4dba79a43d18b986f46e4d00392|0)
[0138.79] EOSGameClips: Construct Constructed EOSGameClipsController_TA. Self=(EOSGameClipsController_TA_2)
[0138.79] ScriptLog: Client InputRate=60
[0138.79] DevNet: PlayerController_TA_2 setplayer LocalPlayer_TA_0
[0138.79] PsyNetStaticData: UpdateCacheTimerEnabled CacheTimer.bEnabled=(False)
[0138.79] MatchBroadcast: Init bBroadcastMatch=(False) MatchLog=(None)
[0138.83] ScriptLog: Uncached PlatformId for Epic|8818b4dba79a43d18b986f46e4d00392|0
[0138.83] ScriptLog: MatchGUID: D70E111E11F12D0C0ED425AF3C855769
[0138.83] Spawn: TextChatActor_TA_2 OnOwnerChanged PlayerController_TA_2
[0138.90] RootMenu: [GFx] UIShellInstance - setting the shell instance
[0138.99] LTM: SettingsType=(CustomMatchSettingsType_PrivateMatch)
[0139.05] MusicPlayer: HandleTrackEnd CurrentTrackPlayingID=(0) PlayingID=(5)
[0139.05] MusicPlayer: HandleTrackEnd CurrentTrackPlayingID=(0) PlayingID=(5)
[0139.06] EOSVoice: Voice not enabled for current playlist
[0139.31] EOSGameClips: EOSGameClips: Currently recording: false
[0139.31] EOSGameClips: CaptureClipPressed Game clips is currently not recording.
[0141.67] DevOnline: EOSSDK-LogEOSRTC: TickTracker Tick is delayed. TimePeriod=[10.016857s]  TickIntervalThreshold=[0.100000s] MaxTickInterval=[0.124313s] MaxExecutionTime=[0.000031s] TicksCount=[390] ExpectedTicksCount=[1001]
[0144.55] EOSGameClips: EOSGameClips: Starting background recording: API Version 2, Clip Duration 30
[0144.55] DevOnline: EOSSDK-LogEOSGameClips: Starting recording up to 30 seconds.
[0144.56] EOSGameClips: EOSGameClips: Recording changed from NotRecording to Recording.
[0146.72] DevOnline: WebRequest_X_55 SEND: https://datarouter.ol.epicgames.com/datarouter/api/v1/public/data?AppID=RocketLeague.Release&AppVersion=1210528741&AppEnvironment=Prod&UploadType=eteventstream&UserID=|8818b4dba79a43d18b986f46e4d00392|||Epic|8818b4dba79a43d18b986f46e4d00392|0&SessionID=3160ACB646B5F0FF42875186A0A7F66A
[0146.93] DevOnline: WebRequest_X_55 RECV: 204 
[0148.55] EOSGameClips: EOSGameClips: Starting background recording: API Version 2, Clip Duration 30
[0179.67] EOSGameClips: EOSGameClips: Starting background recording: API Version 2, Clip Duration 30
[0182.30] EOSGameClips: EOSGameClips: Currently recording: true
[0182.75] EOSGameClips: EOSGameClips: Currently recording: true
[0183.03] EOSGameClips: EOSGameClips: Currently recording: true
[0183.70] EOSGameClips: EOSGameClips: Starting background recording: API Version 2, Clip Duration 30
[0183.82] SplitScreen: Press Start ControllerId=0 Player=LocalPlayer_TA_0
[0184.25] Online: TryToPlayOnline ControllerID=(-1)
[0184.27] Online: HandlePrivilegeCheckFinished PrivilegeCheck.bHasRestriction=(False)
[0184.27] Online: HandlePrivilegeCheck PrivilegeCheck.bHasRestriction=(False)
[0184.58] Log: FSaveDataExportTask(0) wrote 1018068 bytes to memory
[0184.58] Log: SaveGameDataAsync game thread time: 7 ms
[0184.60] Log: Deleting old save file ..\..\TAGame\SaveDataEpic\DBE_Production\8818b4dba79a43d18b986f46e4d00392_2.save
[0184.60] Log: SaveDataExport(0): Finished - File:[..\..\TAGame\SaveDataEpic\DBE_Production\8818b4dba79a43d18b986f46e4d00392_1.save] Result:[1]
[0184.61] SettingsExport: Settings content not changed. Will not update the Settings Online
[0187.71] EOSGameClips: EOSGameClips: Starting background recording: API Version 2, Clip Duration 30
[0206.71] DevOnline: WebRequest_X_56 SEND: https://datarouter.ol.epicgames.com/datarouter/api/v1/public/data?AppID=RocketLeague.Release&AppVersion=1210528741&AppEnvironment=Prod&UploadType=eteventstream&UserID=|8818b4dba79a43d18b986f46e4d00392|||Epic|8818b4dba79a43d18b986f46e4d00392|0&SessionID=3160ACB646B5F0FF42875186A0A7F66A
[0206.89] DevOnline: WebRequest_X_56 RECV: 204 
[0257.47] SplitScreen: Press Start ControllerId=0 Player=LocalPlayer_TA_0
[0258.08] Log: FSaveDataExportTask(0) wrote 1018122 bytes to memory
[0258.08] Log: SaveGameDataAsync game thread time: 8 ms
[0258.11] Log: Deleting old save file ..\..\TAGame\SaveDataEpic\DBE_Production\8818b4dba79a43d18b986f46e4d00392.save
[0258.11] Log: SaveDataExport(0): Finished - File:[..\..\TAGame\SaveDataEpic\DBE_Production\8818b4dba79a43d18b986f46e4d00392_2.save] Result:[1]
[0258.11] SettingsExport: CreateSnapshot Metadata {"userId":"Epic|8818b4dba79a43d18b986f46e4d00392|0","platformKey":"Epic","schemaVersion":0,"clientVersion":1532151,"timestampUtc":1774966986,"settingsVersion":7889,"checksum":796500387 Payload Size  96797
[0258.11] SettingsExport: Payload changed. Notifying new Checksum: 796500387
[0258.11] SettingsExport: Local settings updated, uploading data
[0258.84] EOSGameClips: EOSGameClips: Starting background recording: API Version 2, Clip Duration 30
[0261.41] EOSGameClips: EOSGameClips: Currently recording: true
[0262.39] EOSGameClips: EOSGameClips: Starting background recording: API Version 2, Clip Duration 30
[0263.76] Log: SystemSettings based on: SystemSettings
[0265.06] Log: Octree Warning (AddPrimitive): StaticMeshActor_SMC_627 (Owner: UF_Day_P.TheWorld:PersistentLevel.MeshCollector5) Outside World.
[0265.06] Log: Octree Warning (AddPrimitive): StaticMeshActor_SMC_619 (Owner: UF_Day_P.TheWorld:PersistentLevel.MeshCollector5) Outside World.
[0265.06] Log: Octree Warning (AddPrimitive): StaticMeshActor_SMC_445 (Owner: UF_Day_P.TheWorld:PersistentLevel.MeshCollector5) Outside World.
[0266.71] DevOnline: WebRequest_X_57 SEND: https://datarouter.ol.epicgames.com/datarouter/api/v1/public/data?AppID=RocketLeague.Release&AppVersion=1210528741&AppEnvironment=Prod&UploadType=eteventstream&UserID=|8818b4dba79a43d18b986f46e4d00392|||Epic|8818b4dba79a43d18b986f46e4d00392|0&SessionID=3160ACB646B5F0FF42875186A0A7F66A
[0266.84] DevOnline: WebRequest_X_57 RECV: 204 
[0269.58] ScriptLog: FPS changed in Video Settings.  Setting CustomFPS to 0.
[0272.46] EOSGameClips: EOSGameClips: Starting background recording: API Version 2, Clip Duration 30
[0274.38] ScriptLog: FPS changed in Video Settings.  Setting CustomFPS to 0.
[0274.66] Log: FSaveDataExportTask(0) wrote 1018384 bytes to memory
[0274.66] Log: SaveGameDataAsync game thread time: 13 ms
[0274.67] Log: Deleting old save file ..\..\TAGame\SaveDataEpic\DBE_Production\8818b4dba79a43d18b986f46e4d00392_1.save
[0274.67] Log: SaveDataExport(0): Finished - File:[..\..\TAGame\SaveDataEpic\DBE_Production\8818b4dba79a43d18b986f46e4d00392.save] Result:[1]
[0274.68] SettingsExport: Settings content not changed. Will not update the Settings Online
[0276.44] EOSGameClips: EOSGameClips: Starting background recording: API Version 2, Clip Duration 30
[0279.67] SplitScreen: Press Start ControllerId=0 Player=LocalPlayer_TA_0
[0280.91] EOSGameClips: EOSGameClips: Starting background recording: API Version 2, Clip Duration 30
[0283.45] EOSGameClips: EOSGameClips: Currently recording: true
[0284.44] EOSGameClips: EOSGameClips: Starting background recording: API Version 2, Clip Duration 30
[0290.93] Log: Octree Warning (AddPrimitive): StaticMeshActor_SMC_627 (Owner: UF_Day_P.TheWorld:PersistentLevel.MeshCollector5) Outside World.
[0290.93] Log: Octree Warning (AddPrimitive): StaticMeshActor_SMC_619 (Owner: UF_Day_P.TheWorld:PersistentLevel.MeshCollector5) Outside World.
[0290.93] Log: Octree Warning (AddPrimitive): StaticMeshActor_SMC_445 (Owner: UF_Day_P.TheWorld:PersistentLevel.MeshCollector5) Outside World.
[0294.47] ScriptLog: FPS changed in Video Settings.  Setting CustomFPS to 0.
[0294.87] Log: FSaveDataExportTask(0) wrote 1018519 bytes to memory
[0294.87] Log: SaveGameDataAsync game thread time: 7 ms
[0294.88] Log: Deleting old save file ..\..\TAGame\SaveDataEpic\DBE_Production\8818b4dba79a43d18b986f46e4d00392_2.save
[0294.88] Log: SaveDataExport(0): Finished - File:[..\..\TAGame\SaveDataEpic\DBE_Production\8818b4dba79a43d18b986f46e4d00392_1.save] Result:[1]
[0294.89] SettingsExport: Settings content not changed. Will not update the Settings Online
[0295.14] EOSGameClips: EOSGameClips: Starting background recording: API Version 2, Clip Duration 30
[0295.47] EOSGameClips: EOSGameClips: Currently recording: true
[0299.10] EOSGameClips: EOSGameClips: Starting background recording: API Version 2, Clip Duration 30
[0326.71] DevOnline: WebRequest_X_58 SEND: https://datarouter.ol.epicgames.com/datarouter/api/v1/public/data?AppID=RocketLeague.Release&AppVersion=1210528741&AppEnvironment=Prod&UploadType=eteventstream&UserID=|8818b4dba79a43d18b986f46e4d00392|||Epic|8818b4dba79a43d18b986f46e4d00392|0&SessionID=3160ACB646B5F0FF42875186A0A7F66A
[0326.88] DevOnline: WebRequest_X_58 RECV: 204 
[0331.88] EOSGameClips: EOSGameClips: Starting background recording: API Version 2, Clip Duration 30
[0334.37] EOSGameClips: EOSGameClips: Currently recording: true
[0335.11] EOSGameClips: EOSGameClips: Currently recording: true
[0336.00] EOSGameClips: EOSGameClips: Currently recording: true
[0336.06] EOSGameClips: EOSGameClips: Starting background recording: API Version 2, Clip Duration 30
[0336.82] SplitScreen: Press Start ControllerId=0 Player=LocalPlayer_TA_0
[0340.13] EOSGameClips: EOSGameClips: Starting background recording: API Version 2, Clip Duration 30
[0386.70] DevOnline: WebRequest_X_59 SEND: https://datarouter.ol.epicgames.com/datarouter/api/v1/public/data?AppID=RocketLeague.Release&AppVersion=1210528741&AppEnvironment=Prod&UploadType=eteventstream&UserID=|8818b4dba79a43d18b986f46e4d00392|||Epic|8818b4dba79a43d18b986f46e4d00392|0&SessionID=3160ACB646B5F0FF42875186A0A7F66A
[0386.92] DevOnline: WebRequest_X_59 RECV: 204 
[0428.48] EOSGameClips: EOSGameClips: Starting background recording: API Version 2, Clip Duration 30
[0431.05] EOSGameClips: EOSGameClips: Currently recording: true
[0431.29] EOSGameClips: EOSGameClips: Currently recording: true
[0431.29] EOSGameClips: CaptureClipPressed Capture clip called for player:  GetEpicAccountId()=(8818b4dba79a43d18b986f46e4d00392) InGameClipInputType=(GoalReplay)
[0431.55] EOSGameClips: EOSGameClips: Currently recording: true
[0431.55] EOSGameClips: EOSGameClips: Take a clip! Account: 8818b4dba79a43d18b986f46e4d00392
[0431.55] EOSGameClips: CreateClip Attempting to clip for account:  ClipId=(1) AccountId=(8818b4dba79a43d18b986f46e4d00392) InGameClipInputType=(GoalReplay)
[0431.56] DevOnline: EOSSDK-LogEOSGameClips: Failed to create clip: 
[0431.56] DevOnline: EOSSDK-LogEOSGameClips: Clip '96D1545444189F723A5E01903FDD03D5': Clip 1 failed: Not enough frames recorded
[0431.56] EOSGameClips: EOSGameClips: Clip progress callback. ClipId: 1, ERROR - Result Code: EOS_GameClips_CreateFailed
[0431.56] EOSGameClips: EOSGameClips: Setting clip upload finished for user: 8818b4dba79a43d18b986f46e4d00392, clip: 1
[0431.56] Warning: EOSGameClips: Could not find clip with id: 1. The clip may be corrupt.
[0431.56] EOSGameClips: EOSGameClipsMetrics_TA_0.RecordClipInfo()  - Errors[0] InClipInfoMetric.Errors[Index]=(GameClipsFailedToUpload)
[0432.19] SplitScreen: Press Start ControllerId=0 Player=LocalPlayer_TA_0
[0432.54] EOSGameClips: EOSGameClips: Starting background recording: API Version 2, Clip Duration 30
[0432.75] Log: FSaveDataExportTask(0) wrote 1018519 bytes to memory
[0432.75] Log: SaveGameDataAsync game thread time: 8 ms
[0432.76] Log: Deleting old save file ..\..\TAGame\SaveDataEpic\DBE_Production\8818b4dba79a43d18b986f46e4d00392.save
[0432.77] Log: SaveDataExport(0): Finished - File:[..\..\TAGame\SaveDataEpic\DBE_Production\8818b4dba79a43d18b986f46e4d00392_2.save] Result:[1]
[0432.77] SettingsExport: Settings content not changed. Will not update the Settings Online
[0436.50] EOSGameClips: EOSGameClips: Starting background recording: API Version 2, Clip Duration 30
[0446.69] DevOnline: WebRequest_X_60 SEND: https://datarouter.ol.epicgames.com/datarouter/api/v1/public/data?AppID=RocketLeague.Release&AppVersion=1210528741&AppEnvironment=Prod&UploadType=eteventstream&UserID=|8818b4dba79a43d18b986f46e4d00392|||Epic|8818b4dba79a43d18b986f46e4d00392|0&SessionID=3160ACB646B5F0FF42875186A0A7F66A
[0446.88] DevOnline: WebRequest_X_60 RECV: 204 
[0461.07] EOSGameClips: EOSGameClips: Starting background recording: API Version 2, Clip Duration 30
[0463.68] EOSGameClips: EOSGameClips: Currently recording: true
[0464.39] EOSGameClips: EOSGameClips: Currently recording: true
[0465.29] EOSGameClips: EOSGameClips: Starting background recording: API Version 2, Clip Duration 30
[0465.73] EOSGameClips: EOSGameClips: Currently recording: true
[0469.29] EOSGameClips: EOSGameClips: Starting background recording: API Version 2, Clip Duration 30
[0486.03] EOSGameClips: EOSGameClips: Starting background recording: API Version 2, Clip Duration 30
[0488.50] EOSGameClips: EOSGameClips: Currently recording: true
[0489.23] EOSGameClips: EOSGameClips: Currently recording: true
[0490.13] EOSGameClips: EOSGameClips: Starting background recording: API Version 2, Clip Duration 30
[0494.13] EOSGameClips: EOSGameClips: Starting background recording: API Version 2, Clip Duration 30
[0506.69] DevOnline: WebRequest_X_61 SEND: https://datarouter.ol.epicgames.com/datarouter/api/v1/public/data?AppID=RocketLeague.Release&AppVersion=1210528741&AppEnvironment=Prod&UploadType=eteventstream&UserID=|8818b4dba79a43d18b986f46e4d00392|||Epic|8818b4dba79a43d18b986f46e4d00392|0&SessionID=3160ACB646B5F0FF42875186A0A7F66A
[0506.89] DevOnline: WebRequest_X_61 RECV: 204 
[0546.78] SplitScreen: Press Start ControllerId=0 Player=LocalPlayer_TA_0
[0546.97] Log: FSaveDataExportTask(0) wrote 1018519 bytes to memory
[0546.97] Log: SaveGameDataAsync game thread time: 7 ms
[0546.98] Log: Deleting old save file ..\..\TAGame\SaveDataEpic\DBE_Production\8818b4dba79a43d18b986f46e4d00392_1.save
[0546.99] Log: SaveDataExport(0): Finished - File:[..\..\TAGame\SaveDataEpic\DBE_Production\8818b4dba79a43d18b986f46e4d00392.save] Result:[1]
[0546.99] SettingsExport: Settings content not changed. Will not update the Settings Online
[0547.57] EOSGameClips: EOSGameClips: Starting background recording: API Version 2, Clip Duration 30
[0547.95] RankedReconnect: RankedReconnectSave_TA_0.ClearRankedReconnect()
[0547.95] NetComeGo: TcpipConnection_0 Control channel closed, reason=Disconnect command
[0547.95] DevNet: URL: Adding default option Name=%e6%bc%a2+%e9%be%8d+%e7%8e%8b+%e7%a5%9e+%e9%97%87%e6%bc%a2+%e9%be%8d+%e7%8e%8b+%e7%a5%9e
[0547.95] DevNet: Browse: MENU_Main_p?closed?Name=%e6%bc%a2+%e9%be%8d+%e7%8e%8b+%e7%a5%9e+%e9%97%87%e6%bc%a2+%e9%be%8d+%e7%8e%8b+%e7%a5%9e
[0547.95] Log: Failed; returning to Entry
[0548.01] Log: FSaveDataExportTask(0) wrote 1018519 bytes to memory
[0548.01] Log: SaveGameDataAsync game thread time: 7 ms
[0548.02] Log: LoadMap: MENU_Main_p?closed?Name=%e6%bc%a2+%e9%be%8d+%e7%8e%8b+%e7%a5%9e+%e9%97%87%e6%bc%a2+%e9%be%8d+%e7%8e%8b+%e7%a5%9e
[0548.02] Spawn: TextChatActor_TA_1 Destroyed
[0548.02] EOSGameClips: ShutDown : Shutting down EOSGameClipsController_TA. Self=(EOSGameClipsController_TA_2) PlayerOwner?.GetUniqueNetId()=(Epic|8818b4dba79a43d18b986f46e4d00392|0)
[0548.02] PsyNetStaticData: HandleCacheExpired
[0548.02] PsyNetStaticData: UpdateCacheTimerEnabled CacheTimer.bEnabled=(True)
[0548.02] Spawn: TextChatActor_TA_2 Destroyed
[0548.02] Spawn: TextChatActor_TA_3 Destroyed
[0548.03] Log: Deleting old save file ..\..\TAGame\SaveDataEpic\DBE_Production\8818b4dba79a43d18b986f46e4d00392_2.save
[0548.03] Log: SaveDataExport(0): Finished - File:[..\..\TAGame\SaveDataEpic\DBE_Production\8818b4dba79a43d18b986f46e4d00392_1.save] Result:[1]
[0548.03] DevOnline: PsyNet Flush Start TimeoutSeconds=0.250000
[0548.30] DevOnline: PsyNet Flush End
[0548.39] NetComeGo: Close TcpipConnection_0 18.157.15.131:7754 31/03/2026 15:27:57 'UNetConnection::CleanUp'
[0548.39] NetComeGo: TcpipConnection_0 Control channel null, Sending unstable close to 18.157.15.131:7754 on temporary Control channel.
[0548.39] Exit: TcpNetDriver_0 shut down
[0548.42] Log: Fully load package: ..\..\TAGame\CookedPCConsole\GameInfo_GFxMenu_SF.upk
[0548.46] Log: Fully load package: ..\..\TAGame\CookedPCConsole\GFxSounds_MainMenu_SF.upk
[0548.47] Log: Fully load package: ..\..\TAGame\CookedPCConsole\GFX_StartMenu_SF.upk
[0548.51] Log: Fully load package: ..\..\TAGame\CookedPCConsole\GFX_MainMenu_SF.upk
[0548.55] Log: Game class is 'GameInfo_GFxMenu_TA'
[0548.56] Log: Bringing World menu_main_p.TheWorld up for play (0) at 2026.03.31-15.27.57
[0548.56] Log: Flushing async loaders.
[0548.71] Log: Flushed async loaders.
[0548.72] Log: Bringing up level for play took: 0.173040
[0548.86] RootMenu: [GFx] UIShellInstance - setting the shell instance
[0548.87] PartyChallenge: UpdateChallengeProgressForCompetitive bChallengesComplete=(True) ChallengeState=(Challenge_Success) bChallengeSync=(True) bChallengesAreValid=(True) bLegacyPlayer=(False) bGuestAccount=(False) Online_X.UniqueNetIDToString(Manager.Outer.PlayerID)=(Epic|8818b4dba79a43d18b986f46e4d00392|0) Complete
[0548.87] PartyChallenge: InitializeCompetitiveChallenges bGuestAccount=(False) bCompletedChallengesForCompetitive=(True) bLegacyPlayer=(False) Online_X.UniqueNetIDToString(OnlinePlayer.PlayerID)=(Epic|8818b4dba79a43d18b986f46e4d00392|0)
[0548.87] Log: ########### Finished loading level: 0.857997 seconds
[0548.89] DevOnline: WebRequest_X_62 SEND: https://config.psynet.gg/v2/Config/BattleCars/1210528741/Prod/Epic/INT/
[0548.89] SettingsExport: CreateSnapshot Metadata {"userId":"Epic|8818b4dba79a43d18b986f46e4d00392|0","platformKey":"Epic","schemaVersion":0,"clientVersion":1532151,"timestampUtc":1774967278,"settingsVersion":7894,"checksum":2133865760 Payload Size  96797
[0548.89] SettingsExport: Payload changed. Notifying new Checksum: 2133865760
[0548.89] SettingsExport: Local settings updated, uploading data
[0548.89] Log: Flushing async loaders.
[0548.99] Log: Flushed async loaders.
[0549.02] MusicPlayer: PlayMusicTrack CurrentTrackPlayingID=(0) Track.Cue=(Televisor_Neon)
[0549.02] MusicPlayer: PlayMusicTrack CurrentTrackPlayingID=(7063)
[0549.05] DevOnline: PlayerDataStorage_WriteFile: Beginning to upload file. User=(8818b4dba79a43d18b986f46e4d00392) FileName=(RLSaveData)
[0549.05] EOSGameClips: EOSGameClips: Recording changed from Recording to NotRecording.
[0549.05] Eula: RequiresAcceptance? EulaConfig?.bRequiresAcceptance=(True) GetUISave()?.Contains('bAcceptedOfflineEULA')=(True) Eula.SyncState=(LSS_Accepted)
[0549.05] AuthEpicVerbose: [GFx] Epic login changed. m_uiState:MainMenu bPromptParentalConsent:false bPromptToChoosePrimaryAccount:false bEpicSaveDataLoaded:false bPlatformLinked:false
[0549.05] FTEDev: Trying to start FTE Group Prime_MatchComplete which is already completed and cannot be restarted CurrentActiveGroup.bCanBeDoneAgain=(False) bIgnoreCompletion=(False)
[0549.05] FTEDev: Group Prime_LegacyUpdate Is not meant for users of type FTESave.LegacyGroupType=(LGT_NewUser)
[0549.05] FTEDev: Trying to start FTE Group Prime_MatchComplete which is already completed and cannot be restarted CurrentActiveGroup.bCanBeDoneAgain=(False) bIgnoreCompletion=(False)
[0549.05] FTEDev: Group Prime_LegacyUpdate Is not meant for users of type FTESave.LegacyGroupType=(LGT_NewUser)
[0549.24] MusicPlayer: HandleTrackEnd CurrentTrackPlayingID=(7063) PlayingID=(497)
[0549.24] MusicPlayer: HandleTrackEnd CurrentTrackPlayingID=(7063) PlayingID=(497)
[0549.24] DevOnline: EOSSDK-LogEOSGameClips: Missing encoder drain completed message.
[0549.25] Online: TryToPlayOnline ControllerID=(-1)
[0549.25] Log: Flushing async loaders.
[0549.26] Log: Flushed async loaders.
[0549.32] MusicPlayer: HandleTrackStart CurrentTrackPlayingID=(7063) PlayingID=(7063)
[0549.32] MusicPlayer: HandleTrackStart CurrentTrackPlayingID=(7063) PlayingID=(7063)
[0549.32] Online: HandlePrivilegeCheckFinished PrivilegeCheck.bHasRestriction=(False)
[0549.32] Online: HandlePrivilegeCheck PrivilegeCheck.bHasRestriction=(False)
[0549.58] DevOnline: WebRequest_X_62 RECV: 304 
[0550.74] PartyChallenge: UpdateChallengeProgressForCompetitive bChallengesComplete=(True) ChallengeState=(Challenge_Success) bChallengeSync=(True) bChallengesAreValid=(True) bLegacyPlayer=(False) bGuestAccount=(False) Online_X.UniqueNetIDToString(Manager.Outer.PlayerID)=(Epic|8818b4dba79a43d18b986f46e4d00392|0) Complete
[0550.80] PsyNet: PsyNetServiceProvider_X_1 ExecuteService Complete, Service=Challenges/PlayerProgress 
[0550.83] PsyNet: PsyNetServiceProvider_X_1 ExecuteService Complete, Service=Reward/RewardResult 
[0550.91] Log: Flushing async loaders.
[0550.96] Log: Flushed async loaders.
[0551.21] DevOnline: PlayerDataStorage_WriteFile: Beginning to upload file. User=(8818b4dba79a43d18b986f46e4d00392) FileName=(RLSettingsData)
[0551.61] Log: FSaveDataExportTask(0) wrote 1018519 bytes to memory
[0551.61] Log: SaveGameDataAsync game thread time: 7 ms
[0551.63] Log: Deleting old save file ..\..\TAGame\SaveDataEpic\DBE_Production\8818b4dba79a43d18b986f46e4d00392.save
[0551.63] Log: SaveDataExport(0): Finished - File:[..\..\TAGame\SaveDataEpic\DBE_Production\8818b4dba79a43d18b986f46e4d00392_2.save] Result:[1]
[0551.63] SettingsExport: Settings content not changed. Will not update the Settings Online
[0551.86] DevOnline: EOSSDK-LogEOSRTC: TickTracker Tick is delayed. TimePeriod=[10.002181s]  TickIntervalThreshold=[0.100000s] MaxTickInterval=[0.189906s] MaxExecutionTime=[0.000034s] TicksCount=[1004] ExpectedTicksCount=[1000]
[0551.98] DevOnline: PlayerDataStorage_WriteFile: File upload complete. User=(8818b4dba79a43d18b986f46e4d00392) FileName=(RLSaveData) Success=(1)
[0552.77] Online: TryToPlayOnline ControllerID=(-1)
[0552.78] Online: HandlePrivilegeCheckFinished PrivilegeCheck.bHasRestriction=(False)
[0552.78] Prime24121: StartSearch.PreferredRegions.Length 5
[0552.78] Matchmaking: OnlineGameMatchmaking_X_0 OnlineGameMatchmaking_X -> PingRegions
[0553.20] DevNet: URL: Adding default option Name=%e6%bc%a2+%e9%be%8d+%e7%8e%8b+%e7%a5%9e+%e9%97%87%e6%bc%a2+%e9%be%8d+%e7%8e%8b+%e7%a5%9e
[0553.22] DevNet: URL: Adding default option Name=%e6%bc%a2+%e9%be%8d+%e7%8e%8b+%e7%a5%9e+%e9%97%87%e6%bc%a2+%e9%be%8d+%e7%8e%8b+%e7%a5%9e
[0553.22] DevNet: Browse: cs_day_p?Game=TAGame.GameInfo_Soccar_TA?GameTags=Freeplay?Name=%e6%bc%a2+%e9%be%8d+%e7%8e%8b+%e7%a5%9e+%e9%97%87%e6%bc%a2+%e9%be%8d+%e7%8e%8b+%e7%a5%9e
[0553.28] Log: FSaveDataExportTask(0) wrote 1018519 bytes to memory
[0553.28] Log: SaveGameDataAsync game thread time: 7 ms
[0553.28] Log: Flushing async loaders.
[0553.29] Log: Flushed async loaders.
[0553.29] Log: LoadMap: cs_day_p?Game=TAGame.GameInfo_Soccar_TA?GameTags=Freeplay?Name=%e6%bc%a2+%e9%be%8d+%e7%8e%8b+%e7%a5%9e+%e9%97%87%e6%bc%a2+%e9%be%8d+%e7%8e%8b+%e7%a5%9e
[0553.30] Log: Deleting old save file ..\..\TAGame\SaveDataEpic\DBE_Production\8818b4dba79a43d18b986f46e4d00392_1.save
[0553.30] Log: SaveDataExport(0): Finished - File:[..\..\TAGame\SaveDataEpic\DBE_Production\8818b4dba79a43d18b986f46e4d00392.save] Result:[1]
[0553.30] DevOnline: PsyNet Flush Start TimeoutSeconds=0.250000
[0553.57] DevOnline: PsyNet Flush End
[0553.82] Log: Fully load package: ..\..\TAGame\CookedPCConsole\GameInfo_Soccar_SF.upk
[0553.91] Log: Fully load package: ..\..\TAGame\CookedPCConsole\GFxSounds_XP_SF.upk
[0553.92] Log: Fully load package: ..\..\TAGame\CookedPCConsole\GFx_XPProgressMenu_SF.upk
[0553.94] Log: Fully load package: ..\..\TAGame\CookedPCConsole\GFX_EndGameMenu_SF.upk
[0553.98] Log: Fully load package: ..\..\TAGame\CookedPCConsole\GFX_WinnerMenu_SF.upk
[0554.00] Log: Fully load package: ..\..\TAGame\CookedPCConsole\GFX_MidGameScoreboard_SF.upk
[0554.01] Log: Fully load package: ..\..\TAGame\CookedPCConsole\GFX_MidGameMenu_SF.upk
[0554.02] Log: Fully load package: ..\..\TAGame\CookedPCConsole\GFX_HudMatchInfo_SF.upk
[0554.03] Log: Fully load package: ..\..\TAGame\CookedPCConsole\GFX_Hud_SF.upk
[0554.06] Log: Fully load package: ..\..\TAGame\CookedPCConsole\Mutators_SF.upk
[0554.12] Log: Game class is 'GameInfo_Soccar_TA'
[0554.14] Log: Bringing World cs_day_p.TheWorld up for play (0) at 2026.03.31-15.28.03
[0554.14] Log: Flushing async loaders.
[0554.33] Log: Flushed async loaders.
[0554.34] ScriptLog: Destroying WebServer
[0554.34] MatchBroadcast: Init bBroadcastMatch=(False) MatchLog=(None)
[0554.34] ScriptLog: MatchTypeClass=(MatchType_Offline_TA)
[0554.43] RootMenu: [GFx] UIShellInstance - setting the shell instance
[0554.43] LTM: SettingsType=(CustomMatchSettingsType_PrivateMatch)
[0554.43] LTM: SettingsType=(CustomMatchSettingsType_PrivateMatch) InSettingsType=(CustomMatchSettingsType_LocalMatch)
[0554.44] LTM: SettingsType=(CustomMatchSettingsType_LocalMatch) InSettingsType=(CustomMatchSettingsType_LocalMatch)
[0554.44] Log: Bringing up level for play took: 0.320201
[0554.45] PartyChallenge: UpdateChallengeProgressForCompetitive bChallengesComplete=(True) ChallengeState=(Challenge_Success) bChallengeSync=(True) bChallengesAreValid=(True) bLegacyPlayer=(False) bGuestAccount=(False) Online_X.UniqueNetIDToString(Manager.Outer.PlayerID)=(Epic|8818b4dba79a43d18b986f46e4d00392|0) Complete
[0554.45] PartyChallenge: InitializeCompetitiveChallenges bGuestAccount=(False) bCompletedChallengesForCompetitive=(True) bLegacyPlayer=(False) Online_X.UniqueNetIDToString(OnlinePlayer.PlayerID)=(Epic|8818b4dba79a43d18b986f46e4d00392|0)
[0554.46] Spawn: TextChatActor_TA_4 OnOwnerChanged PlayerController_TA_3
[0554.46] EOSGameClips: Construct Constructed EOSGameClipsController_TA. Self=(EOSGameClipsController_TA_3)
[0554.46] ScriptLog: Uncached PlatformId for Epic|8818b4dba79a43d18b986f46e4d00392|0
[0554.50] RootMenu: [GFx] UIShellInstance - setting the shell instance
[0554.53] EOSVoice: Not requesting voice token, no MatchGUID
[0554.53] Log: ########### Finished loading level: 1.237099 seconds
[0554.53] SettingsExport: Settings content not changed. Will not update the Settings Online
[0554.78] DevOnline: PlayerDataStorage_WriteFile: File upload complete. User=(8818b4dba79a43d18b986f46e4d00392) FileName=(RLSettingsData) Success=(1)
[0554.78] SettingsExport: Settings data upload complete. Success: True
[0554.79] Log: Flushing async loaders.
[0554.79] Log: Flushed async loaders.
[0554.87] ScriptLog: RegionPinger_X_2 PingRegions ("18.156.218.104:7955","15.237.31.166:7849","13.50.41.111:7915","54.74.130.162:7885","18.168.46.180:8193","51.118.34.197:7825","3.237.116.109:7745","3.129.129.195:7705","13.244.211.10:7819","44.234.102.153:7941","18.88.20.134:8049","3.101.166.173:8175","15.229.132.77:7793","47.128.234.113:8069","18.163.127.191:7719","65.1.168.177:7907","3.26.126.160:7979","35.76.138.64:7923")
[0555.13] EOSGameClips: EOSGameClips: Starting background recording: API Version 2, Clip Duration 30
[0555.13] DevOnline: EOSSDK-LogEOSGameClips: Starting recording up to 30 seconds.
[0555.14] EOSGameClips: EOSGameClips: Recording changed from NotRecording to Recording.
[0556.07] Matchmaking: All Regions Pinged: EU5 (0.0667),EU9 (0.0583),ME1 (1.0000),EU1 (0.0833),EU3 (0.0417),EU7 (0.0333),ME3 (0.0583),USE1 (0.1500),USE3 (0.1750),SAF1 (0.2083),USW3 (0.2000),USC1 (0.1750),USW1 (0.1917),SAM1 (0.2250),ASM1 (0.1833),ASC1 (0.2667),IND1 (0.1917),OCE1 (0.2917),JPN1 (0.2750),JPN (1.0000),ASC (1.0000),ASM (1.0000),EU (1.0000),IND (1.0000),ME (1.0000),ME2 (1.0000),OCE (1.0000),SAF (1.0000),SAM (1.0000),USC (1.0000),USE (1.0000),USW (1.0000)
[0556.07] Matchmaking: Failed to ping 'ME1'. Using cached ping '0.1010'
[0556.07] Log: FCacheExportTask(..\..\TAGame\Cache\RegionCache.cache) wrote 1803 bytes to memory
[0556.07] Matchmaking: OnlineGameMatchmaking_X_0 PingRegions -> Searching
[0556.07] Prime24121: HandleRegionsPinged.PreferredRegions.Length 5
[0556.07] Matchmaking: OnlineGameMatchmaking_X::RecordStart
[0556.07] Matchmaking: Pre-divide PartyLeaderMMR: 22.8522
[0556.07] Matchmaking: Post-divide PartyLeaderMMR: 22.8522
[0556.07] Matchmaking: PartyLeaderTier=(10)
[0556.07] Matchmaking: StartMatchmaking at 2026-03-31 14:28:05 in EU5,EU9,EU1,EU3,EU7 for playlists 10 on game server 
[0556.07] Matchmaking: Creating RPC_StartMatchmaking_X
[0556.07] Matchmaking: PreferredRegions.Length=(5) PreferredPlaylists.Length=(1) Party.GetOrderedPartyMemberIDs().Length=(1)
[0556.07] Matchmaking: SecondsSearching=(3) CurrentServerID=() bDisableCrossplay=(False) bIgnoreSkill=(False)
[0556.25] Matchmaking: Matchmaking RPC succeeded.
[0556.25] Matchmaking: EstimatedQueueTime=(12.0000)
[0557.93] EOSGameClips: EOSGameClips: Starting background recording: API Version 2, Clip Duration 30
[0561.86] DevOnline: EOSSDK-LogEOSRTC: TickTracker Tick is delayed. TimePeriod=[10.001614s]  TickIntervalThreshold=[0.100000s] MaxTickInterval=[0.220977s] MaxExecutionTime=[0.000069s] TicksCount=[989] ExpectedTicksCount=[1000]
[0562.42] PsyNetBeaconDetail_X: PsyNetBeacon_X_0 ReserveConnection ReservationID=(53792CFCFB0D4AF99B5AD01FAD279BD3) ConnectionID=(eyJ0eXAiOiJKV1QiLCJhbGciOiJIUzUxMiJ9.eyJqdGkiOiJmMDBlYjRiOTQ0NTg0MmIyODI3MTU5NWY1ZjNkNjk0NyIsImlzcyI6IlBzeU5ldCIsInBsYXllcl9pZCI6IkVwaWN8ODgxOGI0ZGJhNzlhNDNkMThiOTg2ZjQ2ZTRkMDAzOTJ8MCIsInNlcnZlcl9uYW1lIjoiRVU1LTA1Q0U0MzMyNjlEN0ZFQzY3LUFmdGVyYnVybjQiLCJpYXQiOjE3NzQ5NjcyOTEsIm5iZiI6MTc3NDk2NzI5MSwiZXhwIjoxNzc0OTgxNjkxfQ.X6S5xsV4i7ySD-bkTiDhbbnXqLcVdMfa037Pr-ku9LOWI1bSAkFTfaQ2YzejJpzdZb6lS2HshMErNIu-tKEJlg)
[0562.42] PsyNetBeaconDetail_X: PsyNetBeacon_X_0 ClientHandleMessage Message.MessageType=(ClientReservationMessage_X) Message.ReservationID=(53792CFCFB0D4AF99B5AD01FAD279BD3)
[0562.42] CheckReservation: Received game server from notification (v3) Message.Reservation=((ServerName="EU5-05CE433269D7FEC67-Afterburn4",Playlist=10,Region="EU",ReservationID="53792CFCFB0D4AF99B5AD01FAD279BD3",DSRToken="eyJ0eXAiOiJKV1QiLCJhbGciOiJIUzUxMiJ9.eyJqdGkiOiJmMDBlYjRiOTQ0NTg0MmIyODI3MTU5NWY1ZjNkNjk0NyIsImlzcyI6IlBzeU5ldCIsInBsYXllcl9pZCI6IkVwaWN8ODgxOGI0ZGJhNzlhNDNkMThiOTg2ZjQ2ZTRkMDAzOTJ8MCIsInNlcnZlcl9uYW1lIjoiRVU1LTA1Q0U0MzMyNjlEN0ZFQzY3LUFmdGVyYnVybjQiLCJpYXQiOjE3NzQ5NjcyOTEsIm5iZiI6MTc3NDk2NzI5MSwiZXhwIjoxNzc0OTgxNjkxfQ.X6S5xsV4i7ySD-bkTiDhbbnXqLcVdMfa037Pr-ku9LOWI1bSAkFTfaQ2YzejJpzdZb6lS2HshMErNIu-tKEJlg",JoinName="NH9QU0302F4CRHBU",JoinPassword="CYK68VKLPDHOKBBX"))
[0562.42] JoinGame: StartJoin Reservation=((ServerName="EU5-05CE433269D7FEC67-Afterburn4",Playlist=10,Region="EU",ReservationID="53792CFCFB0D4AF99B5AD01FAD279BD3",DSRToken="eyJ0eXAiOiJKV1QiLCJhbGciOiJIUzUxMiJ9.eyJqdGkiOiJmMDBlYjRiOTQ0NTg0MmIyODI3MTU5NWY1ZjNkNjk0NyIsImlzcyI6IlBzeU5ldCIsInBsYXllcl9pZCI6IkVwaWN8ODgxOGI0ZGJhNzlhNDNkMThiOTg2ZjQ2ZTRkMDAzOTJ8MCIsInNlcnZlcl9uYW1lIjoiRVU1LTA1Q0U0MzMyNjlEN0ZFQzY3LUFmdGVyYnVybjQiLCJpYXQiOjE3NzQ5NjcyOTEsIm5iZiI6MTc3NDk2NzI5MSwiZXhwIjoxNzc0OTgxNjkxfQ.X6S5xsV4i7ySD-bkTiDhbbnXqLcVdMfa037Pr-ku9LOWI1bSAkFTfaQ2YzejJpzdZb6lS2HshMErNIu-tKEJlg",JoinName="NH9QU0302F4CRHBU",JoinPassword="CYK68VKLPDHOKBBX")) JoinSettings=((PlaylistId=10))
[0562.42] JoinGame: GotoJoinGameState OnlineGameJoinGame_TA -> VerifyPrivileges
[0562.42] Online: TryToPlayOnline ControllerID=(-1)
[0562.42] Matchmaking: OnlineGameMatchmaking_X_0 Searching -> Joining
[0562.43] Online: HandlePrivilegeCheckFinished PrivilegeCheck.bHasRestriction=(False)
[0562.43] JoinGame: GotoJoinGameState VerifyPrivileges -> ReservingServerForMatchmaking
[0562.43] PsyNetBeaconDetail_X: PsyNetBeacon_X_0 SendMessageToServer Message=(AddReservationMessagePublic_X_1)
[0562.43] PsyNet: PsyNetServiceProvider_X_1 ExecuteService Complete, Service=DSR/ClientMessage 
[0563.66] PsyNetBeaconDetail_X: PsyNetBeacon_X_0 ClientHandleMessage Message.MessageType=(ReservationsReadyMessage_X) Message.ReservationID=(53792CFCFB0D4AF99B5AD01FAD279BD3)
[0563.66] Party: HandleServerReserved (Reservation=(ServerName="EU5-05CE433269D7FEC67-Afterburn4",Playlist=10,Region="EU",ReservationID="53792CFCFB0D4AF99B5AD01FAD279BD3",DSRToken="eyJ0eXAiOiJKV1QiLCJhbGciOiJIUzUxMiJ9.eyJqdGkiOiJmMDBlYjRiOTQ0NTg0MmIyODI3MTU5NWY1ZjNkNjk0NyIsImlzcyI6IlBzeU5ldCIsInBsYXllcl9pZCI6IkVwaWN8ODgxOGI0ZGJhNzlhNDNkMThiOTg2ZjQ2ZTRkMDAzOTJ8MCIsInNlcnZlcl9uYW1lIjoiRVU1LTA1Q0U0MzMyNjlEN0ZFQzY3LUFmdGVyYnVybjQiLCJpYXQiOjE3NzQ5NjcyOTEsIm5iZiI6MTc3NDk2NzI5MSwiZXhwIjoxNzc0OTgxNjkxfQ.X6S5xsV4i7ySD-bkTiDhbbnXqLcVdMfa037Pr-ku9LOWI1bSAkFTfaQ2YzejJpzdZb6lS2HshMErNIu-tKEJlg",JoinName="NH9QU0302F4CRHBU",JoinPassword="CYK68VKLPDHOKBBX"),PingURL="18.157.2.90:7961",GameURL="18.157.2.90:7960",JoinCredentials="NH9QU0302F4CRHBU:CYK68VKLPDHOKBBX")
[0563.66] JoinGame: GotoJoinGameState ReservingServerForMatchmaking -> JoinCountdown
[0563.66] PsyNetBeaconDetail_X: PsyNetBeacon_X_0 SendMessageToServer Message=(PingMessage_X_2)
[0563.67] PsyNet: PsyNetServiceProvider_X_1 ExecuteService Complete, Service=DSR/ClientMessage 
[0563.97] PsyNetBeaconDetail_X: PsyNetBeacon_X_0 ClientHandleMessage Message.MessageType=(PingMessage_X) Message.ReservationID=(53792CFCFB0D4AF99B5AD01FAD279BD3)
[0563.98] PsyNet: PsyNetServiceProvider_X_1 ExecuteService Complete, Service=DSR/ClientMessage 
[0566.66] JoinGame: GotoJoinGameState JoinCountdown -> OpeningLoadingScreen
[0566.66] RankedReconnect: OnlineGameJoinGame_TA_0::OpeningLoadingScreen.BeginState()
[0566.66] RankedReconnect: LocalPlayer_TA_0.UpdateRankedReconnect() RankedSoloDuel True 2 False
[0566.66] RankedReconnect: RankedReconnectSave_TA_0.ClearRankedReconnect()
[0566.67] DevNet: Browse: JoinGameTransition?game=TAGame.GameInfo_Transition_TA?GameTags=Freeplay?Name=%e6%bc%a2+%e9%be%8d+%e7%8e%8b+%e7%a5%9e+%e9%97%87%e6%bc%a2+%e9%be%8d+%e7%8e%8b+%e7%a5%9e
[0566.72] Log: FSaveDataExportTask(0) wrote 1018465 bytes to memory
[0566.72] Log: SaveGameDataAsync game thread time: 8 ms
[0566.72] Log: LoadMap: JoinGameTransition?game=TAGame.GameInfo_Transition_TA?GameTags=Freeplay?Name=%e6%bc%a2+%e9%be%8d+%e7%8e%8b+%e7%a5%9e+%e9%97%87%e6%bc%a2+%e9%be%8d+%e7%8e%8b+%e7%a5%9e
[0566.73] EOSVoice: Not requesting voice token, no MatchGUID
[0566.73] EOSGameClips: ShutDown : Shutting down EOSGameClipsController_TA. Self=(EOSGameClipsController_TA_3) PlayerOwner?.GetUniqueNetId()=(Epic|8818b4dba79a43d18b986f46e4d00392|0)
[0566.73] Spawn: TextChatActor_TA_4 Destroyed
[0566.74] Log: Deleting old save file ..\..\TAGame\SaveDataEpic\DBE_Production\8818b4dba79a43d18b986f46e4d00392_2.save
[0566.74] Log: SaveDataExport(0): Finished - File:[..\..\TAGame\SaveDataEpic\DBE_Production\8818b4dba79a43d18b986f46e4d00392_1.save] Result:[1]
[0566.74] DevOnline: PsyNet Flush Start TimeoutSeconds=0.250000
[0566.99] DevOnline: PsyNet Flush End
[0567.02] Log: Fully load package: ..\..\TAGame\CookedPCConsole\GameInfo_Transition_SF.upk
[0567.02] Log: Fully load package: ..\..\TAGame\CookedPCConsole\Mutators_SF.upk
[0567.09] Log: Game class is 'GameInfo_Transition_TA'
[0567.09] Log: Bringing World JoinGameTransition.TheWorld up for play (0) at 2026.03.31-15.28.16
[0567.09] Log: Bringing up level for play took: 0.002721
[0567.09] PartyChallenge: UpdateChallengeProgressForCompetitive bChallengesComplete=(True) ChallengeState=(Challenge_Success) bChallengeSync=(True) bChallengesAreValid=(True) bLegacyPlayer=(False) bGuestAccount=(False) Online_X.UniqueNetIDToString(Manager.Outer.PlayerID)=(Epic|8818b4dba79a43d18b986f46e4d00392|0) Complete
[0567.09] PartyChallenge: InitializeCompetitiveChallenges bGuestAccount=(False) bCompletedChallengesForCompetitive=(True) bLegacyPlayer=(False) Online_X.UniqueNetIDToString(OnlinePlayer.PlayerID)=(Epic|8818b4dba79a43d18b986f46e4d00392|0)
[0567.09] JoinGame: GotoJoinGameState OpeningLoadingScreen -> JoiningNewServer
[0567.09] DevNet: SetProgress, MessageType=1, Title=, Message=Connecting...
[0567.09] Log: ########### Finished loading level: 0.369158 seconds
[0567.10] SettingsExport: CreateSnapshot Metadata {"userId":"Epic|8818b4dba79a43d18b986f46e4d00392|0","platformKey":"Epic","schemaVersion":0,"clientVersion":1532151,"timestampUtc":1774967296,"settingsVersion":7897,"checksum":-1344899764 Payload Size  96798
[0567.10] SettingsExport: Payload changed. Notifying new Checksum: -1344899764
[0567.10] SettingsExport: Local settings updated, uploading data
[0567.10] DevNet: Browse: 18.157.2.90:7960/MENU_Main_p?Name=%e6%bc%a2+%e9%be%8d+%e7%8e%8b+%e7%a5%9e+%e9%97%87%e6%bc%a2+%e9%be%8d+%e7%8e%8b+%e7%a5%9e
[0567.10] DevNet: Game client on port 7960, rate 15000
[0567.10] NetComeGo: SEND first packet Length=80 CRC=902130250
[0567.10] EOSGameClips: EOSGameClips: Recording changed from Recording to NotRecording.
[0567.25] NetComeGo: TcpipConnection_1 RECV first packet IP=18.157.2.90:7960 Length=15 CRC=-2016541738 HandshakeStatus=0 bUseSessionUID=1 InSessionUID=(0 0 0) SessionUID=(0 0 0)
[0567.25] NetComeGo: Client set SessionUID to: 154 233 41
[0567.30] DevOnline: EOSSDK-LogEOSGameClips: Missing encoder drain completed message.
[0567.66] DevNet: Welcomed by server (Level: Stadium_Foggy_P, Game: TAGame.GameInfo_Soccar_TA, GameTags: )
[0567.66] Log: FSaveDataExportTask(0) wrote 1018465 bytes to memory
[0567.66] Log: SaveGameDataAsync game thread time: 8 ms
[0567.68] Log: Deleting old save file ..\..\TAGame\SaveDataEpic\DBE_Production\8818b4dba79a43d18b986f46e4d00392.save
[0567.68] Log: SaveDataExport(0): Finished - File:[..\..\TAGame\SaveDataEpic\DBE_Production\8818b4dba79a43d18b986f46e4d00392_2.save] Result:[1]
[0567.71] Log: Flushing async loaders.
[0567.72] Log: Flushed async loaders.
[0567.72] Log: LoadMap: 18.157.2.90:7960/Stadium_Foggy_P?Name=%e6%bc%a2+%e9%be%8d+%e7%8e%8b+%e7%a5%9e+%e9%97%87%e6%bc%a2+%e9%be%8d+%e7%8e%8b+%e7%a5%9e?game=TAGame.GameInfo_Soccar_TA
[0567.73] DevOnline: PsyNet Flush Start TimeoutSeconds=0.250000
[0567.98] DevOnline: PsyNet Flush End
[0567.98] Log: Fully load package: ..\..\TAGame\CookedPCConsole\GameInfo_Soccar_SF.upk
[0568.09] Log: Fully load package: ..\..\TAGame\CookedPCConsole\GFxSounds_XP_SF.upk
[0568.09] Log: Fully load package: ..\..\TAGame\CookedPCConsole\GFx_XPProgressMenu_SF.upk
[0568.11] Log: Fully load package: ..\..\TAGame\CookedPCConsole\GFX_EndGameMenu_SF.upk
[0568.16] Log: Fully load package: ..\..\TAGame\CookedPCConsole\GFX_WinnerMenu_SF.upk
[0568.18] Log: Fully load package: ..\..\TAGame\CookedPCConsole\GFX_MidGameScoreboard_SF.upk
[0568.18] Log: Fully load package: ..\..\TAGame\CookedPCConsole\GFX_MidGameMenu_SF.upk
[0568.19] Log: Fully load package: ..\..\TAGame\CookedPCConsole\GFX_HudMatchInfo_SF.upk
[0568.20] Log: Fully load package: ..\..\TAGame\CookedPCConsole\GFX_Hud_SF.upk
[0568.48] Log: Octree Warning (AddPrimitive): StaticMeshActor_SMC_288 (Owner: Stadium_Foggy_P.TheWorld:PersistentLevel.MeshCollector4) Outside World.
[0568.63] Log: Bringing World Stadium_Foggy_P.TheWorld up for play (0) at 2026.03.31-15.28.17
[0568.63] Log: Bringing up level for play took: 0.151910
[0568.78] RootMenu: [GFx] UIShellInstance - setting the shell instance
[0568.82] PartyChallenge: UpdateChallengeProgressForCompetitive bChallengesComplete=(True) ChallengeState=(Challenge_Success) bChallengeSync=(True) bChallengesAreValid=(True) bLegacyPlayer=(False) bGuestAccount=(False) Online_X.UniqueNetIDToString(Manager.Outer.PlayerID)=(Epic|8818b4dba79a43d18b986f46e4d00392|0) Complete
[0568.82] PartyChallenge: InitializeCompetitiveChallenges bGuestAccount=(False) bCompletedChallengesForCompetitive=(True) bLegacyPlayer=(False) Online_X.UniqueNetIDToString(OnlinePlayer.PlayerID)=(Epic|8818b4dba79a43d18b986f46e4d00392|0)
[0568.82] JoinGame: OnJoinGameComplete bSuccess=(True) FailReason=()
[0568.82] JoinGame: GotoJoinGameState JoiningNewServer -> None
[0568.82] PsyNetBeaconDetail_X: PsyNetBeacon_X_0 Close
[0568.82] PsyNetBeaconDetail_X: PsyNetBeacon_X_0 CloseConnection Connection.ConnectionID=(eyJ0eXAiOiJKV1QiLCJhbGciOiJIUzUxMiJ9.eyJqdGkiOiJmMDBlYjRiOTQ0NTg0MmIyODI3MTU5NWY1ZjNkNjk0NyIsImlzcyI6IlBzeU5ldCIsInBsYXllcl9pZCI6IkVwaWN8ODgxOGI0ZGJhNzlhNDNkMThiOTg2ZjQ2ZTRkMDAzOTJ8MCIsInNlcnZlcl9uYW1lIjoiRVU1LTA1Q0U0MzMyNjlEN0ZFQzY3LUFmdGVyYnVybjQiLCJpYXQiOjE3NzQ5NjcyOTEsIm5iZiI6MTc3NDk2NzI5MSwiZXhwIjoxNzc0OTgxNjkxfQ.X6S5xsV4i7ySD-bkTiDhbbnXqLcVdMfa037Pr-ku9LOWI1bSAkFTfaQ2YzejJpzdZb6lS2HshMErNIu-tKEJlg)
[0568.82] Matchmaking: OnlineGameMatchmaking_X_0 Joining -> None
[0568.82] Spawn: TextChatActor_TA_5 OnOwnerChanged PlayerController_TA_4
[0568.82] EOSGameClips: Construct Constructed EOSGameClipsController_TA. Self=(EOSGameClipsController_TA_4)
[0568.82] Log: ########### Finished loading level: 1.106198 seconds
[0568.83] SettingsExport: Settings content not changed. Will not update the Settings Online
[0569.28] MusicPlayer: HandleTrackEnd CurrentTrackPlayingID=(0) PlayingID=(7063)
[0569.28] MusicPlayer: HandleTrackEnd CurrentTrackPlayingID=(0) PlayingID=(7063)
[0569.28] EOSGameClips: ShutDown : Shutting down EOSGameClipsController_TA. Self=(EOSGameClipsController_TA_4) PlayerOwner?.GetUniqueNetId()=(Epic|8818b4dba79a43d18b986f46e4d00392|0)
[0569.29] PartyChallenge: UpdateChallengeProgressForCompetitive bChallengesComplete=(True) ChallengeState=(Challenge_Success) bChallengeSync=(True) bChallengesAreValid=(True) bLegacyPlayer=(False) bGuestAccount=(False) Online_X.UniqueNetIDToString(Manager.Outer.PlayerID)=(Epic|8818b4dba79a43d18b986f46e4d00392|0) Complete
[0569.29] PartyChallenge: InitializeCompetitiveChallenges bGuestAccount=(False) bCompletedChallengesForCompetitive=(True) bLegacyPlayer=(False) Online_X.UniqueNetIDToString(OnlinePlayer.PlayerID)=(Epic|8818b4dba79a43d18b986f46e4d00392|0)
[0569.29] EOSGameClips: Construct Constructed EOSGameClipsController_TA. Self=(EOSGameClipsController_TA_5)
[0569.29] ScriptLog: Client InputRate=60
[0569.29] DevNet: PlayerController_TA_5 setplayer LocalPlayer_TA_0
[0569.29] PsyNetStaticData: UpdateCacheTimerEnabled CacheTimer.bEnabled=(False)
[0569.29] MatchBroadcast: Init bBroadcastMatch=(False) MatchLog=(None)
[0569.33] ScriptLog: Uncached PlatformId for Epic|8818b4dba79a43d18b986f46e4d00392|0
[0569.33] Spawn: TextChatActor_TA_6 OnOwnerChanged PlayerController_TA_5
[0569.40] RootMenu: [GFx] UIShellInstance - setting the shell instance
[0569.46] ScriptLog: MatchGUID: D857A1A611F12D0D688E5286EA6BEC4F
[0569.46] ScriptLog: Uncached PlatformId for Epic|1634c4da6aee49e2928e0cc64dc6971d|0
[0569.46] DevOnline: WebRequest_X_63 SEND: https://datarouter.ol.epicgames.com/datarouter/api/v1/public/data?AppID=RocketLeague.Release&AppVersion=1210528741&AppEnvironment=Prod&UploadType=eteventstream&UserID=|8818b4dba79a43d18b986f46e4d00392|||Epic|8818b4dba79a43d18b986f46e4d00392|0&SessionID=3160ACB646B5F0FF42875186A0A7F66A
[0569.52] LTM: SettingsType=(CustomMatchSettingsType_PrivateMatch)
[0569.82] EOSVoice: Voice not enabled for current playlist
[0569.87] DevOnline: WebRequest_X_63 RECV: 204 
[0570.45] EOSGameClips: EOSGameClips: Currently recording: false
[0570.45] EOSGameClips: CaptureClipPressed Game clips is currently not recording.
[0571.86] DevOnline: EOSSDK-LogEOSRTC: TickTracker Tick is delayed. TimePeriod=[10.002059s]  TickIntervalThreshold=[0.100000s] MaxTickInterval=[0.127015s] MaxExecutionTime=[0.000115s] TicksCount=[870] ExpectedTicksCount=[1000]
[0573.39] EOSGameClips: EOSGameClips: Currently recording: false
[0573.39] EOSGameClips: CaptureClipPressed Game clips is currently not recording.
[0573.79] EOSGameClips: EOSGameClips: Starting background recording: API Version 2, Clip Duration 30
[0573.79] DevOnline: EOSSDK-LogEOSGameClips: Starting recording up to 30 seconds.
[0573.80] EOSGameClips: EOSGameClips: Recording changed from NotRecording to Recording.
[0574.74] EOSGameClips: EOSGameClips: Currently recording: true
[0577.81] EOSGameClips: EOSGameClips: Starting background recording: API Version 2, Clip Duration 30
[0608.44] EOSGameClips: EOSGameClips: Starting background recording: API Version 2, Clip Duration 30
[0610.37] EOSGameClips: EOSGameClips: Currently recording: true
[0611.00] EOSGameClips: EOSGameClips: Currently recording: true
[0611.93] EOSGameClips: EOSGameClips: Currently recording: true
[0611.93] EOSGameClips: CaptureClipPressed Capture clip called for player:  GetEpicAccountId()=(8818b4dba79a43d18b986f46e4d00392) InGameClipInputType=(GoalReplay)
[0611.98] EOSGameClips: EOSGameClips: Starting background recording: API Version 2, Clip Duration 30
[0613.00] EOSGameClips: EOSGameClips: Currently recording: true
[0613.00] EOSGameClips: EOSGameClips: Take a clip! Account: 8818b4dba79a43d18b986f46e4d00392
[0613.00] EOSGameClips: CreateClip Attempting to clip for account:  ClipId=(2) AccountId=(8818b4dba79a43d18b986f46e4d00392) InGameClipInputType=(GoalReplay)
[0613.01] DevOnline: EOSSDK-LogEOSGameClips: Failed to create clip: 
[0613.01] DevOnline: EOSSDK-LogEOSGameClips: Clip 'B87A8F3245B0C25B4F45538667D9C917': Clip 2 failed: Not enough frames recorded
[0613.01] EOSGameClips: EOSGameClips: Clip progress callback. ClipId: 2, ERROR - Result Code: EOS_GameClips_CreateFailed
[0613.01] EOSGameClips: EOSGameClips: Setting clip upload finished for user: 8818b4dba79a43d18b986f46e4d00392, clip: 2
[0613.01] Warning: EOSGameClips: Could not find clip with id: 2. The clip may be corrupt.
[0613.01] EOSGameClips: EOSGameClipsMetrics_TA_0.RecordClipInfo()  - Errors[0] InClipInfoMetric.Errors[Index]=(GameClipsFailedToUpload)
[0613.71] EOSGameClips: EOSGameClips: Currently recording: true
[0613.99] EOSGameClips: EOSGameClips: Starting background recording: API Version 2, Clip Duration 30
[0617.98] EOSGameClips: EOSGameClips: Starting background recording: API Version 2, Clip Duration 30
[0622.34] EOSGameClips: EOSGameClips: Starting background recording: API Version 2, Clip Duration 30
[0624.90] EOSGameClips: EOSGameClips: Currently recording: true
[0625.78] EOSGameClips: EOSGameClips: Currently recording: true
[0625.78] EOSGameClips: CaptureClipPressed Capture clip called for player:  GetEpicAccountId()=(8818b4dba79a43d18b986f46e4d00392) InGameClipInputType=(GoalReplay)
[0625.89] EOSGameClips: EOSGameClips: Starting background recording: API Version 2, Clip Duration 30
[0626.70] EOSGameClips: EOSGameClips: Currently recording: true
[0626.70] EOSGameClips: EOSGameClips: Take a clip! Account: 8818b4dba79a43d18b986f46e4d00392
[0626.70] EOSGameClips: CreateClip Attempting to clip for account:  ClipId=(3) AccountId=(8818b4dba79a43d18b986f46e4d00392) InGameClipInputType=(GoalReplay)
[0626.70] DevOnline: EOSSDK-LogEOSGameClips: Failed to create clip: 
[0626.70] DevOnline: EOSSDK-LogEOSGameClips: Clip 'D452FF154BAB88CA67D11FBE0477257A': Clip 3 failed: Not enough frames recorded
[0626.70] EOSGameClips: EOSGameClips: Clip progress callback. ClipId: 3, ERROR - Result Code: EOS_GameClips_CreateFailed
[0626.70] EOSGameClips: EOSGameClips: Setting clip upload finished for user: 8818b4dba79a43d18b986f46e4d00392, clip: 3
[0626.70] Warning: EOSGameClips: Could not find clip with id: 3. The clip may be corrupt.
[0626.71] EOSGameClips: EOSGameClipsMetrics_TA_0.RecordClipInfo()  - Errors[0] InClipInfoMetric.Errors[Index]=(GameClipsFailedToUpload)
[0627.68] EOSGameClips: EOSGameClips: Starting background recording: API Version 2, Clip Duration 30
[0628.57] EOSGameClips: EOSGameClips: Currently recording: true
[0629.04] DevOnline: WebRequest_X_64 SEND: https://datarouter.ol.epicgames.com/datarouter/api/v1/public/data?AppID=RocketLeague.Release&AppVersion=1210528741&AppEnvironment=Prod&UploadType=eteventstream&UserID=|8818b4dba79a43d18b986f46e4d00392|||Epic|8818b4dba79a43d18b986f46e4d00392|0&SessionID=3160ACB646B5F0FF42875186A0A7F66A
[0629.25] DevOnline: WebRequest_X_64 RECV: 204 
[0631.69] EOSGameClips: EOSGameClips: Starting background recording: API Version 2, Clip Duration 30
[0657.19] EOSGameClips: EOSGameClips: Starting background recording: API Version 2, Clip Duration 30
[0659.74] EOSGameClips: EOSGameClips: Currently recording: true
[0660.25] EOSGameClips: EOSGameClips: Currently recording: true
[0660.25] EOSGameClips: CaptureClipPressed Capture clip called for player:  GetEpicAccountId()=(8818b4dba79a43d18b986f46e4d00392) InGameClipInputType=(GoalReplay)
[0660.72] EOSGameClips: EOSGameClips: Starting background recording: API Version 2, Clip Duration 30
[0661.20] EOSGameClips: CaptureClipPressed We are currently in a goal replay and can't clip yet.
[0661.22] EOSGameClips: EOSGameClips: Currently recording: true
[0661.22] EOSGameClips: EOSGameClips: Take a clip! Account: 8818b4dba79a43d18b986f46e4d00392
[0661.22] EOSGameClips: CreateClip Attempting to clip for account:  ClipId=(4) AccountId=(8818b4dba79a43d18b986f46e4d00392) InGameClipInputType=(GoalReplay)
[0661.23] DevOnline: EOSSDK-LogEOSGameClips: Failed to create clip: 
[0661.23] DevOnline: EOSSDK-LogEOSGameClips: Clip '103B7CDF423F52C9CD7188911B9DC581': Clip 4 failed: Not enough frames recorded
[0661.23] EOSGameClips: EOSGameClips: Clip progress callback. ClipId: 4, ERROR - Result Code: EOS_GameClips_CreateFailed
[0661.23] EOSGameClips: EOSGameClips: Setting clip upload finished for user: 8818b4dba79a43d18b986f46e4d00392, clip: 4
[0661.23] Warning: EOSGameClips: Could not find clip with id: 4. The clip may be corrupt.
[0661.23] EOSGameClips: EOSGameClipsMetrics_TA_0.RecordClipInfo()  - Errors[0] InClipInfoMetric.Errors[Index]=(GameClipsFailedToUpload)
[0662.20] EOSGameClips: EOSGameClips: Starting background recording: API Version 2, Clip Duration 30
[0666.21] EOSGameClips: EOSGameClips: Starting background recording: API Version 2, Clip Duration 30
[0668.40] EOSGameClips: EOSGameClips: Currently recording: true
[0689.03] DevOnline: WebRequest_X_65 SEND: https://datarouter.ol.epicgames.com/datarouter/api/v1/public/data?AppID=RocketLeague.Release&AppVersion=1210528741&AppEnvironment=Prod&UploadType=eteventstream&UserID=|8818b4dba79a43d18b986f46e4d00392|||Epic|8818b4dba79a43d18b986f46e4d00392|0&SessionID=3160ACB646B5F0FF42875186A0A7F66A
[0689.21] DevOnline: WebRequest_X_65 RECV: 204 
[0700.88] EOSGameClips: EOSGameClips: Starting background recording: API Version 2, Clip Duration 30
[0703.49] EOSGameClips: EOSGameClips: Currently recording: true
[0704.48] EOSGameClips: EOSGameClips: Starting background recording: API Version 2, Clip Duration 30
[0708.93] SplitScreen: Press Start ControllerId=0 Player=LocalPlayer_TA_0
[0708.99] Log: FSaveDataExportTask(0) wrote 1052916 bytes to memory
[0708.99] Log: SaveGameDataAsync game thread time: 8 ms
[0709.01] Log: Deleting old save file ..\..\TAGame\SaveDataEpic\DBE_Production\8818b4dba79a43d18b986f46e4d00392_1.save
[0709.01] Log: SaveDataExport(0): Finished - File:[..\..\TAGame\SaveDataEpic\DBE_Production\8818b4dba79a43d18b986f46e4d00392.save] Result:[1]
[0709.01] SettingsExport: Settings content not changed. Will not update the Settings Online
[0709.46] Online: TryToPlayOnline ControllerID=(-1)
[0709.47] Online: HandlePrivilegeCheckFinished PrivilegeCheck.bHasRestriction=(False)
[0709.47] Online: HandlePrivilegeCheck PrivilegeCheck.bHasRestriction=(False)
[0713.26] EOSGameClips: EOSGameClips: Currently recording: true
[0714.10] EOSGameClips: EOSGameClips: Starting background recording: API Version 2, Clip Duration 30
[0715.07] EOSGameClips: EOSGameClips: Currently recording: true
[0718.12] EOSGameClips: EOSGameClips: Starting background recording: API Version 2, Clip Duration 30
[0749.03] DevOnline: WebRequest_X_66 SEND: https://datarouter.ol.epicgames.com/datarouter/api/v1/public/data?AppID=RocketLeague.Release&AppVersion=1210528741&AppEnvironment=Prod&UploadType=eteventstream&UserID=|8818b4dba79a43d18b986f46e4d00392|||Epic|8818b4dba79a43d18b986f46e4d00392|0&SessionID=3160ACB646B5F0FF42875186A0A7F66A
[0749.22] DevOnline: WebRequest_X_66 RECV: 204 
[0768.21] EOSGameClips: EOSGameClips: Starting background recording: API Version 2, Clip Duration 30
[0770.77] EOSGameClips: EOSGameClips: Currently recording: true
[0771.50] XPProgression: GFxHUD_TA.HandleGameStateChanged Current player match score = 727, UniqueId=(Epic|8818b4dba79a43d18b986f46e4d00392|0), with total match time = 134.1716 seconds, with total net time = 134.1716seconds
[0771.50] Party: Ranked Game Finished, Clear party member server
[0771.50] RankedReconnect: RankedReconnectSave_TA_0.ClearRankedReconnect()
[0771.64] EOSGameClips: EOSGameClips: Currently recording: true
[0771.72] PartyChallenge: UpdateChallengeProgressForCompetitive bChallengesComplete=(True) ChallengeState=(Challenge_Success) bChallengeSync=(True) bChallengesAreValid=(True) bLegacyPlayer=(False) bGuestAccount=(False) Online_X.UniqueNetIDToString(Manager.Outer.PlayerID)=(Epic|8818b4dba79a43d18b986f46e4d00392|0) Complete
[0771.73] PsyNet: PsyNetServiceProvider_X_1 ExecuteService Complete, Service=Challenges/PlayerProgress 
[0771.75] XPProgression: SaveData_TA.HandleRewardDropNotification PsyNetService_RewardDropReceived_TA returned Total XP Earned = 2977.0000, in match with ID = D857A1A611F12D0D688E5286EA6BEC4F , Current player match score = 727, UniqueId=(Epic|8818b4dba79a43d18b986f46e4d00392|0), with total match time = 134.1716 seconds, with total net time = 134.1716seconds
[0771.75] PsyNet: PsyNetServiceProvider_X_1 ExecuteService Complete, Service=Reward/RewardResult 
[0772.50] EOSGameClips: EOSGameClips: Starting background recording: API Version 2, Clip Duration 30
[0772.57] DevOnline: PlayerDataStorage_WriteFile: Beginning to upload file. User=(8818b4dba79a43d18b986f46e4d00392) FileName=(RLSaveData)
[0774.44] ScriptWarning: ScriptWarning, Accessed None 'Car'
	CarComponent_Boost_TA Stadium_Foggy_P.TheWorld:PersistentLevel.CarComponent_Boost_TA_58
	Function TAGame.CarComponent_Boost_TA:GiveBoost:01A5
Script call stack:
	Function TAGame.CarComponent_Boost_TA:ClientGiveBoost
	Function TAGame.CarComponent_Boost_TA:GiveBoost

[0774.44] XPProgression: GFxHUD_TA.HandleGameStateChanged Current player match score = 727, UniqueId=(Epic|8818b4dba79a43d18b986f46e4d00392|0), with total match time = 134.1716 seconds, with total net time = 134.1716seconds
[0774.44] Party: Ranked Game Finished, Clear party member server
[0774.44] RankedReconnect: RankedReconnectSave_TA_0.ClearRankedReconnect()
[0774.58] DevOnline: PlayerDataStorage_WriteFile: File upload complete. User=(8818b4dba79a43d18b986f46e4d00392) FileName=(RLSaveData) Success=(1)
[0775.43] EOSGameClips: EOSGameClips: Starting background recording: API Version 2, Clip Duration 30
[0776.85] Prime24121: StartSearch.PreferredRegions.Length 5
[0776.85] Matchmaking: OnlineGameMatchmaking_X_0 OnlineGameMatchmaking_X -> PingRegions
[0777.27] ScriptLog: RegionPinger_X_3 PingRegions ("18.157.41.140:8011","15.237.29.61:7707","13.50.41.36:8123","3.252.74.32:7995","18.168.38.0:7799","15.161.190.127:7883","3.237.212.206:8049","3.148.45.93:7701","13.244.193.82:7757","18.88.28.174:7707","44.234.81.84:7835","3.101.168.215:7935","15.228.29.203:7789","52.221.216.181:7739","18.163.127.191:7831","65.1.1.113:7971","35.76.138.64:7717","3.26.119.83:7727")
[0777.33] Matchmaking: OnlineGameMatchmaking_X_0::PingRegions.Cancel()
[0777.33] Matchmaking: OnlineGameMatchmaking_X_0 PingRegions -> None
[0777.54] Prime24121: StartSearch.PreferredRegions.Length 5
[0777.54] Matchmaking: OnlineGameMatchmaking_X_0 OnlineGameMatchmaking_X -> PingRegions
[0778.43] Matchmaking: All Regions Pinged: EU5 (0.1167),EU9 (0.0917),ME1 (1.0000),EU1 (0.1083),EU3 (0.0917),EU7 (0.0917),ME3 (0.1000),USE1 (0.1583),USE3 (0.1583),SAF1 (0.1917),USC1 (0.1750),USW3 (0.2083),USW1 (0.2250),SAM1 (0.2833),ASM1 (0.2417),ASC1 (0.3500),IND1 (0.3167),JPN1 (0.3833),OCE1 (0.3833),JPN (1.0000),ASC (1.0000),ASM (1.0000),EU (1.0000),IND (1.0000),ME (1.0000),ME2 (1.0000),OCE (1.0000),SAF (1.0000),SAM (1.0000),USC (1.0000),USE (1.0000),USW (1.0000)
[0778.43] Matchmaking: Failed to ping 'ME1'. Using cached ping '0.1010'
[0778.43] Log: FCacheExportTask(..\..\TAGame\Cache\RegionCache.cache) wrote 1803 bytes to memory
[0778.43] Matchmaking: OnlineGameMatchmaking_X_0 PingRegions -> Searching
[0778.43] Prime24121: HandleRegionsPinged.PreferredRegions.Length 5
[0778.43] Matchmaking: OnlineGameMatchmaking_X::RecordStart
[0778.43] Matchmaking: Pre-divide PartyLeaderMMR: 22.7816
[0778.43] Matchmaking: Post-divide PartyLeaderMMR: 22.7816
[0778.43] Matchmaking: PartyLeaderTier=(10)
[0778.43] Matchmaking: StartMatchmaking at 2026-03-31 14:31:47 in EU5,EU9,EU1,EU3,EU7 for playlists 10 on game server 130689125
[0778.43] Matchmaking: Creating RPC_StartMatchmaking_X
[0778.43] Matchmaking: PreferredRegions.Length=(5) PreferredPlaylists.Length=(1) Party.GetOrderedPartyMemberIDs().Length=(1)
[0778.43] Matchmaking: SecondsSearching=(0) CurrentServerID=(130689125) bDisableCrossplay=(False) bIgnoreSkill=(False)
[0778.96] Matchmaking: Matchmaking RPC succeeded.
[0778.96] Matchmaking: EstimatedQueueTime=(13.0000)
[0779.46] PsyNetStaticData: UpdateCacheTimerEnabled CacheTimer.bEnabled=(True)
[0779.46] XPProgression: GFxHUD_TA.HandleGameStateChanged Current player match score = 727, UniqueId=(Epic|8818b4dba79a43d18b986f46e4d00392|0), with total match time = 134.1716 seconds, with total net time = 134.1716seconds
[0779.46] Party: Ranked Game Finished, Clear party member server
[0779.46] RankedReconnect: RankedReconnectSave_TA_0.ClearRankedReconnect()
[0779.48] Online: TryToPlayOnline ControllerID=(-1)
[0779.48] Online: HandlePrivilegeCheckFinished PrivilegeCheck.bHasRestriction=(False)
[0779.48] Online: HandlePrivilegeCheck PrivilegeCheck.bHasRestriction=(False)
[0779.48] EOSGameClips: EOSGameClips: Recording changed from Recording to NotRecording.
[0779.66] DevOnline: EOSSDK-LogEOSGameClips: Missing encoder drain completed message.
[0779.83] Log: FSaveDataExportTask(0) wrote 1020681 bytes to memory
[0779.83] Log: SaveGameDataAsync game thread time: 8 ms
[0779.85] Log: Deleting old save file ..\..\TAGame\SaveDataEpic\DBE_Production\8818b4dba79a43d18b986f46e4d00392_2.save
[0779.85] Log: SaveDataExport(0): Finished - File:[..\..\TAGame\SaveDataEpic\DBE_Production\8818b4dba79a43d18b986f46e4d00392_1.save] Result:[1]
[0779.85] SettingsExport: CreateSnapshot Metadata {"userId":"Epic|8818b4dba79a43d18b986f46e4d00392|0","platformKey":"Epic","schemaVersion":0,"clientVersion":1532151,"timestampUtc":1774967509,"settingsVersion":7900,"checksum":-790171044 Payload Size  96834
[0779.85] SettingsExport: Payload changed. Notifying new Checksum: -790171044
[0779.85] SettingsExport: Local settings updated, uploading data
[0784.17] PsyNetBeaconDetail_X: PsyNetBeacon_X_0 ReserveConnection ReservationID=(0242E5F926304051B9397C41FB9A06BE) ConnectionID=(eyJ0eXAiOiJKV1QiLCJhbGciOiJIUzUxMiJ9.eyJqdGkiOiIzMjI2YmY4ZjRiNTk0ODljODk5NzkyNGVmMzBlZDgwNSIsImlzcyI6IlBzeU5ldCIsInBsYXllcl9pZCI6IkVwaWN8ODgxOGI0ZGJhNzlhNDNkMThiOTg2ZjQ2ZTRkMDAzOTJ8MCIsInNlcnZlcl9uYW1lIjoiRVU1LTBGNzM4RDhGOEFDMjc1NjE5LVNwcm9ja2V0IiwiaWF0IjoxNzc0OTY3NTEyLCJuYmYiOjE3NzQ5Njc1MTIsImV4cCI6MTc3NDk4MTkxMn0.PQpx3zxxLlh8qg4XiOQzf1eVBWicvYPiBCsrPdj__BNQGEvahRtD9V_cpjw0kZQ_22ucTFVlLMdS0MAgo13NhQ)
[0784.17] PsyNetBeaconDetail_X: PsyNetBeacon_X_0 ClientHandleMessage Message.MessageType=(ClientReservationMessage_X) Message.ReservationID=(0242E5F926304051B9397C41FB9A06BE)
[0784.17] CheckReservation: Received game server from notification (v3) Message.Reservation=((ServerName="EU5-0F738D8F8AC275619-Sprocket",Playlist=10,Region="EU",ReservationID="0242E5F926304051B9397C41FB9A06BE",DSRToken="eyJ0eXAiOiJKV1QiLCJhbGciOiJIUzUxMiJ9.eyJqdGkiOiIzMjI2YmY4ZjRiNTk0ODljODk5NzkyNGVmMzBlZDgwNSIsImlzcyI6IlBzeU5ldCIsInBsYXllcl9pZCI6IkVwaWN8ODgxOGI0ZGJhNzlhNDNkMThiOTg2ZjQ2ZTRkMDAzOTJ8MCIsInNlcnZlcl9uYW1lIjoiRVU1LTBGNzM4RDhGOEFDMjc1NjE5LVNwcm9ja2V0IiwiaWF0IjoxNzc0OTY3NTEyLCJuYmYiOjE3NzQ5Njc1MTIsImV4cCI6MTc3NDk4MTkxMn0.PQpx3zxxLlh8qg4XiOQzf1eVBWicvYPiBCsrPdj__BNQGEvahRtD9V_cpjw0kZQ_22ucTFVlLMdS0MAgo13NhQ",JoinName="0ALPS99Z3BP5Q4I4",JoinPassword="T488766AMRUA5XJW"))
[0784.17] JoinGame: StartJoin Reservation=((ServerName="EU5-0F738D8F8AC275619-Sprocket",Playlist=10,Region="EU",ReservationID="0242E5F926304051B9397C41FB9A06BE",DSRToken="eyJ0eXAiOiJKV1QiLCJhbGciOiJIUzUxMiJ9.eyJqdGkiOiIzMjI2YmY4ZjRiNTk0ODljODk5NzkyNGVmMzBlZDgwNSIsImlzcyI6IlBzeU5ldCIsInBsYXllcl9pZCI6IkVwaWN8ODgxOGI0ZGJhNzlhNDNkMThiOTg2ZjQ2ZTRkMDAzOTJ8MCIsInNlcnZlcl9uYW1lIjoiRVU1LTBGNzM4RDhGOEFDMjc1NjE5LVNwcm9ja2V0IiwiaWF0IjoxNzc0OTY3NTEyLCJuYmYiOjE3NzQ5Njc1MTIsImV4cCI6MTc3NDk4MTkxMn0.PQpx3zxxLlh8qg4XiOQzf1eVBWicvYPiBCsrPdj__BNQGEvahRtD9V_cpjw0kZQ_22ucTFVlLMdS0MAgo13NhQ",JoinName="0ALPS99Z3BP5Q4I4",JoinPassword="T488766AMRUA5XJW")) JoinSettings=((PlaylistId=10))
[0784.17] JoinGame: GotoJoinGameState OnlineGameJoinGame_TA -> VerifyPrivileges
[0784.17] Online: TryToPlayOnline ControllerID=(-1)
[0784.17] Matchmaking: OnlineGameMatchmaking_X_0 Searching -> Joining
[0784.18] Online: HandlePrivilegeCheckFinished PrivilegeCheck.bHasRestriction=(False)
[0784.18] JoinGame: GotoJoinGameState VerifyPrivileges -> ReservingServerForMatchmaking
[0784.18] PsyNetBeaconDetail_X: PsyNetBeacon_X_0 SendMessageToServer Message=(AddReservationMessagePublic_X_2)
[0784.18] PsyNet: PsyNetServiceProvider_X_1 ExecuteService Complete, Service=DSR/ClientMessage 
[0784.80] PsyNetBeaconDetail_X: PsyNetBeacon_X_0 ClientHandleMessage Message.MessageType=(ReservationsWaitingMessage_X) Message.ReservationID=(0242E5F926304051B9397C41FB9A06BE)
[0784.80] JoinGame: Waiting for more players to add reservations
[0784.80] Party: HandleServerReserved (Reservation=(ServerName="EU5-0F738D8F8AC275619-Sprocket",Playlist=10,Region="EU",ReservationID="0242E5F926304051B9397C41FB9A06BE",DSRToken="eyJ0eXAiOiJKV1QiLCJhbGciOiJIUzUxMiJ9.eyJqdGkiOiIzMjI2YmY4ZjRiNTk0ODljODk5NzkyNGVmMzBlZDgwNSIsImlzcyI6IlBzeU5ldCIsInBsYXllcl9pZCI6IkVwaWN8ODgxOGI0ZGJhNzlhNDNkMThiOTg2ZjQ2ZTRkMDAzOTJ8MCIsInNlcnZlcl9uYW1lIjoiRVU1LTBGNzM4RDhGOEFDMjc1NjE5LVNwcm9ja2V0IiwiaWF0IjoxNzc0OTY3NTEyLCJuYmYiOjE3NzQ5Njc1MTIsImV4cCI6MTc3NDk4MTkxMn0.PQpx3zxxLlh8qg4XiOQzf1eVBWicvYPiBCsrPdj__BNQGEvahRtD9V_cpjw0kZQ_22ucTFVlLMdS0MAgo13NhQ",JoinName="0ALPS99Z3BP5Q4I4",JoinPassword="T488766AMRUA5XJW"),JoinCredentials="0ALPS99Z3BP5Q4I4:T488766AMRUA5XJW")
[0784.82] PsyNet: PsyNetServiceProvider_X_1 ExecuteService Complete, Service=DSR/ClientMessage 
[0785.65] PsyNetBeaconDetail_X: PsyNetBeacon_X_0 ClientHandleMessage Message.MessageType=(ReservationsReadyMessage_X) Message.ReservationID=(0242E5F926304051B9397C41FB9A06BE)
[0785.65] Party: HandleServerReserved (Reservation=(ServerName="EU5-0F738D8F8AC275619-Sprocket",Playlist=10,Region="EU",ReservationID="0242E5F926304051B9397C41FB9A06BE",DSRToken="eyJ0eXAiOiJKV1QiLCJhbGciOiJIUzUxMiJ9.eyJqdGkiOiIzMjI2YmY4ZjRiNTk0ODljODk5NzkyNGVmMzBlZDgwNSIsImlzcyI6IlBzeU5ldCIsInBsYXllcl9pZCI6IkVwaWN8ODgxOGI0ZGJhNzlhNDNkMThiOTg2ZjQ2ZTRkMDAzOTJ8MCIsInNlcnZlcl9uYW1lIjoiRVU1LTBGNzM4RDhGOEFDMjc1NjE5LVNwcm9ja2V0IiwiaWF0IjoxNzc0OTY3NTEyLCJuYmYiOjE3NzQ5Njc1MTIsImV4cCI6MTc3NDk4MTkxMn0.PQpx3zxxLlh8qg4XiOQzf1eVBWicvYPiBCsrPdj__BNQGEvahRtD9V_cpjw0kZQ_22ucTFVlLMdS0MAgo13NhQ",JoinName="0ALPS99Z3BP5Q4I4",JoinPassword="T488766AMRUA5XJW"),PingURL="18.157.35.42:7759",GameURL="18.157.35.42:7758",JoinCredentials="0ALPS99Z3BP5Q4I4:T488766AMRUA5XJW")
[0785.65] JoinGame: GotoJoinGameState ReservingServerForMatchmaking -> JoinCountdown
[0785.65] PsyNetBeaconDetail_X: PsyNetBeacon_X_0 SendMessageToServer Message=(PingMessage_X_4)
[0785.66] PsyNet: PsyNetServiceProvider_X_1 ExecuteService Complete, Service=DSR/ClientMessage 
[0786.01] PsyNetBeaconDetail_X: PsyNetBeacon_X_0 ClientHandleMessage Message.MessageType=(PingMessage_X) Message.ReservationID=(0242E5F926304051B9397C41FB9A06BE)
[0786.01] PsyNet: PsyNetServiceProvider_X_1 ExecuteService Complete, Service=DSR/ClientMessage 
[0788.65] JoinGame: GotoJoinGameState JoinCountdown -> OpeningLoadingScreen
[0788.66] RankedReconnect: OnlineGameJoinGame_TA_0::OpeningLoadingScreen.BeginState()
[0788.66] RankedReconnect: LocalPlayer_TA_0.UpdateRankedReconnect() RankedSoloDuel True 2 False
[0788.66] RankedReconnect: RankedReconnectSave_TA_0.ClearRankedReconnect()
[0788.66] DevNet: Browse: JoinGameTransition?Name=%e6%bc%a2+%e9%be%8d+%e7%8e%8b+%e7%a5%9e+%e9%97%87%e6%bc%a2+%e9%be%8d+%e7%8e%8b+%e7%a5%9e?game=TAGame.GameInfo_Transition_TA
[0788.72] Log: FSaveDataExportTask(0) wrote 1020678 bytes to memory
[0788.72] Log: SaveGameDataAsync game thread time: 7 ms
[0788.72] Log: LoadMap: JoinGameTransition?Name=%e6%bc%a2+%e9%be%8d+%e7%8e%8b+%e7%a5%9e+%e9%97%87%e6%bc%a2+%e9%be%8d+%e7%8e%8b+%e7%a5%9e?game=TAGame.GameInfo_Transition_TA
[0788.72] Spawn: TextChatActor_TA_5 Destroyed
[0788.72] EOSGameClips: ShutDown : Shutting down EOSGameClipsController_TA. Self=(EOSGameClipsController_TA_5) PlayerOwner?.GetUniqueNetId()=(Epic|8818b4dba79a43d18b986f46e4d00392|0)
[0788.72] Spawn: TextChatActor_TA_6 Destroyed
[0788.72] Spawn: TextChatActor_TA_7 Destroyed
[0788.74] Log: Deleting old save file ..\..\TAGame\SaveDataEpic\DBE_Production\8818b4dba79a43d18b986f46e4d00392.save
[0788.74] Log: SaveDataExport(0): Finished - File:[..\..\TAGame\SaveDataEpic\DBE_Production\8818b4dba79a43d18b986f46e4d00392_2.save] Result:[1]
[0788.74] DevOnline: PsyNet Flush Start TimeoutSeconds=0.250000
[0788.99] DevOnline: PsyNet Flush End
[0789.00] NetComeGo: Close TcpipConnection_1 18.157.2.90:7960 31/03/2026 15:31:58 'Control channel cleanup'
[0789.00] NetComeGo: TcpipConnection_1 Control channel closed, reason=Control channel cleanup
[0789.00] Exit: TcpNetDriver_1 shut down
[0789.01] Log: Fully load package: ..\..\TAGame\CookedPCConsole\GameInfo_Transition_SF.upk
[0789.01] Log: Game class is 'GameInfo_Transition_TA'
[0789.04] Log: Bringing World JoinGameTransition.TheWorld up for play (0) at 2026.03.31-15.31.58
[0789.04] Log: Bringing up level for play took: 0.032175
[0789.05] PartyChallenge: UpdateChallengeProgressForCompetitive bChallengesComplete=(True) ChallengeState=(Challenge_Success) bChallengeSync=(True) bChallengesAreValid=(True) bLegacyPlayer=(False) bGuestAccount=(False) Online_X.UniqueNetIDToString(Manager.Outer.PlayerID)=(Epic|8818b4dba79a43d18b986f46e4d00392|0) Complete
[0789.05] PartyChallenge: InitializeCompetitiveChallenges bGuestAccount=(False) bCompletedChallengesForCompetitive=(True) bLegacyPlayer=(False) Online_X.UniqueNetIDToString(OnlinePlayer.PlayerID)=(Epic|8818b4dba79a43d18b986f46e4d00392|0)
[0789.05] JoinGame: GotoJoinGameState OpeningLoadingScreen -> JoiningNewServer
[0789.05] DevNet: SetProgress, MessageType=1, Title=, Message=Connecting...
[0789.05] Log: ########### Finished loading level: 0.327232 seconds
[0789.05] SettingsExport: CreateSnapshot Metadata {"userId":"Epic|8818b4dba79a43d18b986f46e4d00392|0","platformKey":"Epic","schemaVersion":0,"clientVersion":1532151,"timestampUtc":1774967517,"settingsVersion":7901,"checksum":-532549215 Payload Size  96834
[0789.05] SettingsExport: Payload changed. Notifying new Checksum: -532549215
[0789.05] SettingsExport: Local settings updated, uploading data
[0789.05] DevNet: Browse: 18.157.35.42:7758/MENU_Main_p?Name=%e6%bc%a2+%e9%be%8d+%e7%8e%8b+%e7%a5%9e+%e9%97%87%e6%bc%a2+%e9%be%8d+%e7%8e%8b+%e7%a5%9e
[0789.05] DevNet: Game client on port 7758, rate 15000
[0789.05] NetComeGo: SEND first packet Length=80 CRC=1944774020
[0789.18] NetComeGo: TcpipConnection_2 RECV first packet IP=18.157.35.42:7758 Length=15 CRC=-761091867 HandshakeStatus=0 bUseSessionUID=1 InSessionUID=(0 0 0) SessionUID=(0 0 0)
[0789.18] NetComeGo: Client set SessionUID to: 101 87 50
[0789.64] DevNet: Welcomed by server (Level: FF_Dusk_P, Game: TAGame.GameInfo_Soccar_TA, GameTags: )
[0789.65] Log: FSaveDataExportTask(0) wrote 1020678 bytes to memory
[0789.65] Log: SaveGameDataAsync game thread time: 7 ms
[0789.66] Log: Deleting old save file ..\..\TAGame\SaveDataEpic\DBE_Production\8818b4dba79a43d18b986f46e4d00392_1.save
[0789.66] Log: SaveDataExport(0): Finished - File:[..\..\TAGame\SaveDataEpic\DBE_Production\8818b4dba79a43d18b986f46e4d00392.save] Result:[1]
[0789.68] Log: Flushing async loaders.
[0789.68] Log: Flushed async loaders.
[0789.68] Log: LoadMap: 18.157.35.42:7758/FF_Dusk_P?Name=%e6%bc%a2+%e9%be%8d+%e7%8e%8b+%e7%a5%9e+%e9%97%87%e6%bc%a2+%e9%be%8d+%e7%8e%8b+%e7%a5%9e?game=TAGame.GameInfo_Soccar_TA
[0789.69] DevOnline: PsyNet Flush Start TimeoutSeconds=0.250000
[0789.96] DevOnline: PsyNet Flush End
[0789.96] Log: Fully load package: ..\..\TAGame\CookedPCConsole\GameInfo_Soccar_SF.upk
[0790.05] Log: Fully load package: ..\..\TAGame\CookedPCConsole\GFxSounds_XP_SF.upk
[0790.06] Log: Fully load package: ..\..\TAGame\CookedPCConsole\GFx_XPProgressMenu_SF.upk
[0790.08] Log: Fully load package: ..\..\TAGame\CookedPCConsole\GFX_EndGameMenu_SF.upk
[0790.12] Log: Fully load package: ..\..\TAGame\CookedPCConsole\GFX_WinnerMenu_SF.upk
[0790.14] Log: Fully load package: ..\..\TAGame\CookedPCConsole\GFX_MidGameScoreboard_SF.upk
[0790.14] Log: Fully load package: ..\..\TAGame\CookedPCConsole\GFX_MidGameMenu_SF.upk
[0790.15] Log: Fully load package: ..\..\TAGame\CookedPCConsole\GFX_HudMatchInfo_SF.upk
[0790.16] Log: Fully load package: ..\..\TAGame\CookedPCConsole\GFX_Hud_SF.upk
[0791.03] Log: Bringing World FF_Dusk_P.TheWorld up for play (0) at 2026.03.31-15.32.00
[0791.03] Log: Octree Warning (AddPrimitive): StaticMeshActor_SMC_136 (Owner: FF_Dusk_DriftMtn.TheWorld:PersistentLevel.MeshCollector2) Outside World.
[0791.03] Log: Bringing up level for play took: 0.045810
[0791.19] RootMenu: [GFx] UIShellInstance - setting the shell instance
[0791.23] PartyChallenge: UpdateChallengeProgressForCompetitive bChallengesComplete=(True) ChallengeState=(Challenge_Success) bChallengeSync=(True) bChallengesAreValid=(True) bLegacyPlayer=(False) bGuestAccount=(False) Online_X.UniqueNetIDToString(Manager.Outer.PlayerID)=(Epic|8818b4dba79a43d18b986f46e4d00392|0) Complete
[0791.23] PartyChallenge: InitializeCompetitiveChallenges bGuestAccount=(False) bCompletedChallengesForCompetitive=(True) bLegacyPlayer=(False) Online_X.UniqueNetIDToString(OnlinePlayer.PlayerID)=(Epic|8818b4dba79a43d18b986f46e4d00392|0)
[0791.23] JoinGame: OnJoinGameComplete bSuccess=(True) FailReason=()
[0791.23] JoinGame: GotoJoinGameState JoiningNewServer -> None
[0791.23] PsyNetBeaconDetail_X: PsyNetBeacon_X_0 Close
[0791.23] PsyNetBeaconDetail_X: PsyNetBeacon_X_0 CloseConnection Connection.ConnectionID=(eyJ0eXAiOiJKV1QiLCJhbGciOiJIUzUxMiJ9.eyJqdGkiOiIzMjI2YmY4ZjRiNTk0ODljODk5NzkyNGVmMzBlZDgwNSIsImlzcyI6IlBzeU5ldCIsInBsYXllcl9pZCI6IkVwaWN8ODgxOGI0ZGJhNzlhNDNkMThiOTg2ZjQ2ZTRkMDAzOTJ8MCIsInNlcnZlcl9uYW1lIjoiRVU1LTBGNzM4RDhGOEFDMjc1NjE5LVNwcm9ja2V0IiwiaWF0IjoxNzc0OTY3NTEyLCJuYmYiOjE3NzQ5Njc1MTIsImV4cCI6MTc3NDk4MTkxMn0.PQpx3zxxLlh8qg4XiOQzf1eVBWicvYPiBCsrPdj__BNQGEvahRtD9V_cpjw0kZQ_22ucTFVlLMdS0MAgo13NhQ)
[0791.23] Matchmaking: OnlineGameMatchmaking_X_0 Joining -> None
[0791.23] Spawn: TextChatActor_TA_8 OnOwnerChanged PlayerController_TA_6
[0791.23] EOSGameClips: Construct Constructed EOSGameClipsController_TA. Self=(EOSGameClipsController_TA_6)
[0791.23] Log: ########### Finished loading level: 1.551070 seconds
[0791.24] SettingsExport: Settings content not changed. Will not update the Settings Online
[0792.02] EOSGameClips: ShutDown : Shutting down EOSGameClipsController_TA. Self=(EOSGameClipsController_TA_6) PlayerOwner?.GetUniqueNetId()=(Epic|8818b4dba79a43d18b986f46e4d00392|0)
[0792.02] PartyChallenge: UpdateChallengeProgressForCompetitive bChallengesComplete=(True) ChallengeState=(Challenge_Success) bChallengeSync=(True) bChallengesAreValid=(True) bLegacyPlayer=(False) bGuestAccount=(False) Online_X.UniqueNetIDToString(Manager.Outer.PlayerID)=(Epic|8818b4dba79a43d18b986f46e4d00392|0) Complete
[0792.02] PartyChallenge: InitializeCompetitiveChallenges bGuestAccount=(False) bCompletedChallengesForCompetitive=(True) bLegacyPlayer=(False) Online_X.UniqueNetIDToString(OnlinePlayer.PlayerID)=(Epic|8818b4dba79a43d18b986f46e4d00392|0)
[0792.02] EOSGameClips: Construct Constructed EOSGameClipsController_TA. Self=(EOSGameClipsController_TA_7)
[0792.02] ScriptLog: Client InputRate=60
[0792.02] DevNet: PlayerController_TA_7 setplayer LocalPlayer_TA_0
[0792.02] PsyNetStaticData: UpdateCacheTimerEnabled CacheTimer.bEnabled=(False)
[0792.02] MatchBroadcast: Init bBroadcastMatch=(False) MatchLog=(None)
[0792.06] ScriptLog: Uncached PlatformId for Epic|8818b4dba79a43d18b986f46e4d00392|0
[0792.06] ScriptLog: MatchGUID: 5C8A7CC811F12D0EF1754A8A284E6B98
[0792.06] Spawn: TextChatActor_TA_9 OnOwnerChanged PlayerController_TA_7
[0792.13] RootMenu: [GFx] UIShellInstance - setting the shell instance
[0792.18] DevOnline: EOSSDK-LogEOSRTC: TickTracker Tick is delayed. TimePeriod=[10.268873s]  TickIntervalThreshold=[0.100000s] MaxTickInterval=[0.943443s] MaxExecutionTime=[0.000025s] TicksCount=[829] ExpectedTicksCount=[1026]
[0792.22] LTM: SettingsType=(CustomMatchSettingsType_PrivateMatch)
[0792.40] EOSVoice: Voice not enabled for current playlist
[0795.06] EOSGameClips: EOSGameClips: Currently recording: false
[0795.06] EOSGameClips: CaptureClipPressed Game clips is currently not recording.
[0795.93] SplitScreen: Press Start ControllerId=0 Player=LocalPlayer_TA_0
[0796.36] Online: TryToPlayOnline ControllerID=(-1)
[0796.36] Online: HandlePrivilegeCheckFinished PrivilegeCheck.bHasRestriction=(False)
[0796.36] Online: HandlePrivilegeCheck PrivilegeCheck.bHasRestriction=(False)
[0798.00] EOSGameClips: EOSGameClips: Starting background recording: API Version 2, Clip Duration 30
[0798.00] DevOnline: EOSSDK-LogEOSGameClips: Starting recording up to 30 seconds.
[0798.01] EOSGameClips: EOSGameClips: Recording changed from NotRecording to Recording.
[0802.00] EOSGameClips: EOSGameClips: Starting background recording: API Version 2, Clip Duration 30
[0802.18] DevOnline: EOSSDK-LogEOSRTC: TickTracker Tick is delayed. TimePeriod=[10.006337s]  TickIntervalThreshold=[0.100000s] MaxTickInterval=[0.106130s] MaxExecutionTime=[0.000093s] TicksCount=[1149] ExpectedTicksCount=[1000]
[0810.60] DevOnline: WebRequest_X_67 SEND: https://datarouter.ol.epicgames.com/datarouter/api/v1/public/data?AppID=RocketLeague.Release&AppVersion=1210528741&AppEnvironment=Prod&UploadType=eteventstream&UserID=|8818b4dba79a43d18b986f46e4d00392|||Epic|8818b4dba79a43d18b986f46e4d00392|0&SessionID=3160ACB646B5F0FF42875186A0A7F66A
[0810.80] DevOnline: WebRequest_X_67 RECV: 204 
[0841.08] EOSGameClips: EOSGameClips: Starting background recording: API Version 2, Clip Duration 30
[0843.66] EOSGameClips: EOSGameClips: Currently recording: true
[0844.53] EOSGameClips: EOSGameClips: Currently recording: true
[0845.44] EOSGameClips: EOSGameClips: Starting background recording: API Version 2, Clip Duration 30
[0849.53] EOSGameClips: EOSGameClips: Starting background recording: API Version 2, Clip Duration 30
[0870.60] DevOnline: WebRequest_X_68 SEND: https://datarouter.ol.epicgames.com/datarouter/api/v1/public/data?AppID=RocketLeague.Release&AppVersion=1210528741&AppEnvironment=Prod&UploadType=eteventstream&UserID=|8818b4dba79a43d18b986f46e4d00392|||Epic|8818b4dba79a43d18b986f46e4d00392|0&SessionID=3160ACB646B5F0FF42875186A0A7F66A
[0870.81] DevOnline: WebRequest_X_68 RECV: 204 
[0930.60] DevOnline: WebRequest_X_69 SEND: https://datarouter.ol.epicgames.com/datarouter/api/v1/public/data?AppID=RocketLeague.Release&AppVersion=1210528741&AppEnvironment=Prod&UploadType=eteventstream&UserID=|8818b4dba79a43d18b986f46e4d00392|||Epic|8818b4dba79a43d18b986f46e4d00392|0&SessionID=3160ACB646B5F0FF42875186A0A7F66A
[0930.77] DevOnline: WebRequest_X_69 RECV: 204 
[0941.05] EOSGameClips: EOSGameClips: Starting background recording: API Version 2, Clip Duration 30
[0943.64] EOSGameClips: EOSGameClips: Currently recording: true
[0944.62] EOSGameClips: EOSGameClips: Starting background recording: API Version 2, Clip Duration 30
[0951.80] EOSGameClips: EOSGameClips: Starting background recording: API Version 2, Clip Duration 30
[0955.80] EOSGameClips: EOSGameClips: Starting background recording: API Version 2, Clip Duration 30
[0986.12] EOSGameClips: EOSGameClips: Starting background recording: API Version 2, Clip Duration 30
[0988.72] EOSGameClips: EOSGameClips: Currently recording: true
[0989.71] EOSGameClips: EOSGameClips: Starting background recording: API Version 2, Clip Duration 30
[0990.59] DevOnline: WebRequest_X_70 SEND: https://datarouter.ol.epicgames.com/datarouter/api/v1/public/data?AppID=RocketLeague.Release&AppVersion=1210528741&AppEnvironment=Prod&UploadType=eteventstream&UserID=|8818b4dba79a43d18b986f46e4d00392|||Epic|8818b4dba79a43d18b986f46e4d00392|0&SessionID=3160ACB646B5F0FF42875186A0A7F66A
[0990.75] DevOnline: WebRequest_X_70 RECV: 204 
[0997.13] EOSGameClips: EOSGameClips: Starting background recording: API Version 2, Clip Duration 30
[1001.09] EOSGameClips: EOSGameClips: Starting background recording: API Version 2, Clip Duration 30
[1018.87] EOSGameClips: EOSGameClips: Starting background recording: API Version 2, Clip Duration 30
[1021.41] EOSGameClips: EOSGameClips: Currently recording: true
[1022.40] EOSGameClips: EOSGameClips: Starting background recording: API Version 2, Clip Duration 30
[1030.28] EOSGameClips: EOSGameClips: Starting background recording: API Version 2, Clip Duration 30
[1034.27] EOSGameClips: EOSGameClips: Starting background recording: API Version 2, Clip Duration 30
[1050.15] EOSGameClips: EOSGameClips: Starting background recording: API Version 2, Clip Duration 30
[1050.58] DevOnline: WebRequest_X_71 SEND: https://datarouter.ol.epicgames.com/datarouter/api/v1/public/data?AppID=RocketLeague.Release&AppVersion=1210528741&AppEnvironment=Prod&UploadType=eteventstream&UserID=|8818b4dba79a43d18b986f46e4d00392|||Epic|8818b4dba79a43d18b986f46e4d00392|0&SessionID=3160ACB646B5F0FF42875186A0A7F66A
[1050.76] DevOnline: WebRequest_X_71 RECV: 204 
[1052.72] EOSGameClips: EOSGameClips: Currently recording: true
[1053.70] EOSGameClips: EOSGameClips: Starting background recording: API Version 2, Clip Duration 30
[1063.42] EOSGameClips: EOSGameClips: Starting background recording: API Version 2, Clip Duration 30
[1067.42] EOSGameClips: EOSGameClips: Starting background recording: API Version 2, Clip Duration 30
[1110.58] DevOnline: WebRequest_X_72 SEND: https://datarouter.ol.epicgames.com/datarouter/api/v1/public/data?AppID=RocketLeague.Release&AppVersion=1210528741&AppEnvironment=Prod&UploadType=eteventstream&UserID=|8818b4dba79a43d18b986f46e4d00392|||Epic|8818b4dba79a43d18b986f46e4d00392|0&SessionID=3160ACB646B5F0FF42875186A0A7F66A
[1110.71] DevOnline: WebRequest_X_72 RECV: 204 
[1117.61] EOSGameClips: EOSGameClips: Starting background recording: API Version 2, Clip Duration 30
[1120.16] EOSGameClips: EOSGameClips: Currently recording: true
[1121.14] EOSGameClips: EOSGameClips: Starting background recording: API Version 2, Clip Duration 30
[1122.72] EOSGameClips: EOSGameClips: Starting background recording: API Version 2, Clip Duration 30
[1126.74] EOSGameClips: EOSGameClips: Starting background recording: API Version 2, Clip Duration 30
[1170.58] DevOnline: WebRequest_X_73 SEND: https://datarouter.ol.epicgames.com/datarouter/api/v1/public/data?AppID=RocketLeague.Release&AppVersion=1210528741&AppEnvironment=Prod&UploadType=eteventstream&UserID=|8818b4dba79a43d18b986f46e4d00392|||Epic|8818b4dba79a43d18b986f46e4d00392|0&SessionID=3160ACB646B5F0FF42875186A0A7F66A
[1170.73] DevOnline: WebRequest_X_73 RECV: 204 
[1172.24] EOSGameClips: EOSGameClips: Starting background recording: API Version 2, Clip Duration 30
[1174.80] EOSGameClips: EOSGameClips: Currently recording: true
[1175.78] EOSGameClips: EOSGameClips: Starting background recording: API Version 2, Clip Duration 30
[1178.05] EOSGameClips: EOSGameClips: Starting background recording: API Version 2, Clip Duration 30
[1182.03] EOSGameClips: EOSGameClips: Starting background recording: API Version 2, Clip Duration 30
[1201.47] EOSGameClips: EOSGameClips: Starting background recording: API Version 2, Clip Duration 30
[1204.04] EOSGameClips: EOSGameClips: Currently recording: true
[1205.02] EOSGameClips: EOSGameClips: Starting background recording: API Version 2, Clip Duration 30
[1212.98] EOSGameClips: EOSGameClips: Starting background recording: API Version 2, Clip Duration 30
[1216.99] EOSGameClips: EOSGameClips: Starting background recording: API Version 2, Clip Duration 30
[1228.46] EOSGameClips: EOSGameClips: Starting background recording: API Version 2, Clip Duration 30
[1230.57] DevOnline: WebRequest_X_74 SEND: https://datarouter.ol.epicgames.com/datarouter/api/v1/public/data?AppID=RocketLeague.Release&AppVersion=1210528741&AppEnvironment=Prod&UploadType=eteventstream&UserID=|8818b4dba79a43d18b986f46e4d00392|||Epic|8818b4dba79a43d18b986f46e4d00392|0&SessionID=3160ACB646B5F0FF42875186A0A7F66A
[1230.69] DevOnline: WebRequest_X_74 RECV: 204 
[1232.46] EOSGameClips: EOSGameClips: Starting background recording: API Version 2, Clip Duration 30
[1278.59] EOSGameClips: EOSGameClips: Starting background recording: API Version 2, Clip Duration 30
[1281.12] EOSGameClips: EOSGameClips: Currently recording: true
[1282.11] EOSGameClips: EOSGameClips: Starting background recording: API Version 2, Clip Duration 30
[1288.64] XPProgression: GFxHUD_TA.HandleGameStateChanged Current player match score = 950, UniqueId=(Epic|8818b4dba79a43d18b986f46e4d00392|0), with total match time = 343.9998 seconds, with total net time = 343.9998seconds
[1288.64] Party: Ranked Game Finished, Clear party member server
[1288.64] RankedReconnect: RankedReconnectSave_TA_0.ClearRankedReconnect()
[1288.74] PartyChallenge: UpdateChallengeProgressForCompetitive bChallengesComplete=(True) ChallengeState=(Challenge_Success) bChallengeSync=(True) bChallengesAreValid=(True) bLegacyPlayer=(False) bGuestAccount=(False) Online_X.UniqueNetIDToString(Manager.Outer.PlayerID)=(Epic|8818b4dba79a43d18b986f46e4d00392|0) Complete
[1288.75] PsyNet: PsyNetServiceProvider_X_1 ExecuteService Complete, Service=Challenges/PlayerProgress 
[1288.75] PartyChallenge: UpdateChallengeProgressForCompetitive bChallengesComplete=(True) ChallengeState=(Challenge_Success) bChallengeSync=(True) bChallengesAreValid=(True) bLegacyPlayer=(False) bGuestAccount=(False) Online_X.UniqueNetIDToString(Manager.Outer.PlayerID)=(Epic|8818b4dba79a43d18b986f46e4d00392|0) Complete
[1288.75] PsyNet: PsyNetServiceProvider_X_1 ExecuteService Complete, Service=Challenges/PlayerProgress 
[1288.77] XPProgression: SaveData_TA.HandleRewardDropNotification PsyNetService_RewardDropReceived_TA returned Total XP Earned = 4253.0000, in match with ID = 5C8A7CC811F12D0EF1754A8A284E6B98 , Current player match score = 950, UniqueId=(Epic|8818b4dba79a43d18b986f46e4d00392|0), with total match time = 343.9998 seconds, with total net time = 343.9998seconds
[1288.78] PsyNet: PsyNetServiceProvider_X_1 ExecuteService Complete, Service=Reward/RewardResult 
[1289.64] EOSGameClips: EOSGameClips: Starting background recording: API Version 2, Clip Duration 30
[1290.56] DevOnline: WebRequest_X_75 SEND: https://datarouter.ol.epicgames.com/datarouter/api/v1/public/data?AppID=RocketLeague.Release&AppVersion=1210528741&AppEnvironment=Prod&UploadType=eteventstream&UserID=|8818b4dba79a43d18b986f46e4d00392|||Epic|8818b4dba79a43d18b986f46e4d00392|0&SessionID=3160ACB646B5F0FF42875186A0A7F66A
[1290.74] DevOnline: WebRequest_X_75 RECV: 204 
[1291.51] ScriptWarning: ScriptWarning, Accessed None 'Car'
	CarComponent_Boost_TA FF_Dusk_P.TheWorld:PersistentLevel.CarComponent_Boost_TA_102
	Function TAGame.CarComponent_Boost_TA:GiveBoost:01A5
Script call stack:
	Function TAGame.CarComponent_Boost_TA:ClientGiveBoost
	Function TAGame.CarComponent_Boost_TA:GiveBoost

[1291.51] XPProgression: GFxHUD_TA.HandleGameStateChanged Current player match score = 950, UniqueId=(Epic|8818b4dba79a43d18b986f46e4d00392|0), with total match time = 343.9998 seconds, with total net time = 343.9998seconds
[1291.51] Party: Ranked Game Finished, Clear party member server
[1291.51] RankedReconnect: RankedReconnectSave_TA_0.ClearRankedReconnect()
[1292.12] DevOnline: PlayerDataStorage_WriteFile: Beginning to upload file. User=(8818b4dba79a43d18b986f46e4d00392) FileName=(RLSaveData)
[1292.50] EOSGameClips: EOSGameClips: Starting background recording: API Version 2, Clip Duration 30
[1293.08] DevOnline: PlayerDataStorage_WriteFile: Beginning to upload file. User=(8818b4dba79a43d18b986f46e4d00392) FileName=(RLSettingsData)
[1294.27] DevOnline: PlayerDataStorage_WriteFile: File upload complete. User=(8818b4dba79a43d18b986f46e4d00392) FileName=(RLSaveData) Success=(1)
[1294.77] DevOnline: PlayerDataStorage_WriteFile: File upload complete. User=(8818b4dba79a43d18b986f46e4d00392) FileName=(RLSettingsData) Success=(1)
[1294.77] SettingsExport: Settings data upload complete. Success: True
[1296.49] PsyNetStaticData: HandleCacheExpired
[1296.49] PsyNetStaticData: UpdateCacheTimerEnabled CacheTimer.bEnabled=(True)
[1296.49] XPProgression: GFxHUD_TA.HandleGameStateChanged Current player match score = 950, UniqueId=(Epic|8818b4dba79a43d18b986f46e4d00392|0), with total match time = 343.9998 seconds, with total net time = 343.9998seconds
[1296.49] Party: Ranked Game Finished, Clear party member server
[1296.49] RankedReconnect: RankedReconnectSave_TA_0.ClearRankedReconnect()
[1296.51] Online: TryToPlayOnline ControllerID=(-1)
[1296.51] Online: HandlePrivilegeCheckFinished PrivilegeCheck.bHasRestriction=(False)
[1296.51] Online: HandlePrivilegeCheck PrivilegeCheck.bHasRestriction=(False)
[1296.51] EOSGameClips: EOSGameClips: Recording changed from Recording to NotRecording.
[1296.52] DevOnline: WebRequest_X_76 SEND: https://config.psynet.gg/v2/Config/BattleCars/1210528741/Prod/Epic/INT/
[1296.70] DevOnline: EOSSDK-LogEOSGameClips: Missing encoder drain completed message.
[1296.87] Log: FSaveDataExportTask(0) wrote 1022515 bytes to memory
[1296.87] Log: SaveGameDataAsync game thread time: 7 ms
[1296.88] DevOnline: WebRequest_X_76 RECV: 304 
[1296.89] Log: Deleting old save file ..\..\TAGame\SaveDataEpic\DBE_Production\8818b4dba79a43d18b986f46e4d00392_2.save
[1296.89] Log: SaveDataExport(0): Finished - File:[..\..\TAGame\SaveDataEpic\DBE_Production\8818b4dba79a43d18b986f46e4d00392_1.save] Result:[1]
[1296.90] SettingsExport: CreateSnapshot Metadata {"userId":"Epic|8818b4dba79a43d18b986f46e4d00392|0","platformKey":"Epic","schemaVersion":0,"clientVersion":1532151,"timestampUtc":1774968026,"settingsVersion":7903,"checksum":1957666260 Payload Size  96834
[1296.90] SettingsExport: Payload changed. Notifying new Checksum: 1957666260
[1296.90] SettingsExport: Local settings updated, uploading data
[1308.87] Prime24121: StartSearch.PreferredRegions.Length 5
[1308.87] Matchmaking: OnlineGameMatchmaking_X_0 OnlineGameMatchmaking_X -> PingRegions
[1309.34] ScriptLog: RegionPinger_X_4 PingRegions ("18.156.216.150:7939","15.237.29.223:8181","13.50.39.128:7703","34.244.42.5:7867","18.133.164.28:7961","35.152.163.77:7831","3.238.60.87:8031","3.144.54.124:7703","13.244.210.2:7723","18.88.28.174:7715","44.234.81.223:7823","3.101.166.173:7971","15.228.134.116:7825","13.251.60.44:7707","18.163.127.191:7787","65.1.1.113:7861","35.76.42.117:7735","3.26.126.160:8185")
[1309.91] ScriptWarning: ScriptWarning, Accessed None 'GameEvent'
	Car_TA FF_Dusk_P.TheWorld:PersistentLevel.Car_TA_101
	Function TAGame.Car_TA:GetPreviewTeamIndex:0037
Script call stack:
	Function TAGame.Ball_TA:ReplicatedEvent
	Function TAGame.Ball_TA:Explode
	Function TAGame.Ball_TA:InitExplosionFX
	Function TAGame.ProductAsset_GoalExplosion_TA:GetExplosionFXActorForPRI
	Function TAGame.PaintedFXSelector_TA:GetFXActorForPRI
	Function TAGame.Car_TA:GetLoadoutTeamIndex
	Function TAGame.Car_TA:GetPreviewTeamIndex

[1309.91] ScriptWarning: ScriptWarning, Accessed array 'Default__PaintedFXSelector_TA.Loadouts' out of bounds (255/2)
	PaintedFXSelector_TA TAGame.Default__PaintedFXSelector_TA
	Function TAGame.PaintedFXSelector_TA:GetFXActorForPRI:0150
Script call stack:
	Function TAGame.Ball_TA:ReplicatedEvent
	Function TAGame.Ball_TA:Explode
	Function TAGame.Ball_TA:InitExplosionFX
	Function TAGame.ProductAsset_GoalExplosion_TA:GetExplosionFXActorForPRI
	Function TAGame.PaintedFXSelector_TA:GetFXActorForPRI

[1309.91] ScriptWarning: ScriptWarning, Accessed array 'Default__PaintedFXSelector_TA.Loadouts' out of bounds (255/2)
	PaintedFXSelector_TA TAGame.Default__PaintedFXSelector_TA
	Function TAGame.PaintedFXSelector_TA:GetFXActorForPRI:01EA
Script call stack:
	Function TAGame.Ball_TA:ReplicatedEvent
	Function TAGame.Ball_TA:Explode
	Function TAGame.Ball_TA:InitExplosionFX
	Function TAGame.ProductAsset_GoalExplosion_TA:GetExplosionFXActorForPRI
	Function TAGame.PaintedFXSelector_TA:GetFXActorForPRI

[1310.42] Matchmaking: All Regions Pinged: EU5 (0.0750),EU9 (0.0583),ME1 (1.0000),EU1 (0.0583),EU3 (0.0500),EU7 (0.0417),ME3 (0.0583),USE1 (0.1333),USE3 (0.1500),SAF1 (0.1917),USC1 (0.1417),USW3 (0.2000),USW1 (0.2000),SAM1 (0.2500),ASM1 (0.2083),ASC1 (0.2750),IND1 (0.2333),JPN1 (0.2583),OCE1 (0.3000),JPN (1.0000),ASC (1.0000),ASM (1.0000),EU (1.0000),IND (1.0000),ME (1.0000),ME2 (1.0000),OCE (1.0000),SAF (1.0000),SAM (1.0000),USC (1.0000),USE (1.0000),USW (1.0000)
[1310.42] Matchmaking: Failed to ping 'ME1'. Using cached ping '0.1010'
[1310.42] Log: FCacheExportTask(..\..\TAGame\Cache\RegionCache.cache) wrote 1803 bytes to memory
[1310.42] Matchmaking: OnlineGameMatchmaking_X_0 PingRegions -> Searching
[1310.42] Prime24121: HandleRegionsPinged.PreferredRegions.Length 5
[1310.42] Matchmaking: OnlineGameMatchmaking_X::RecordStart
[1310.42] Matchmaking: Pre-divide PartyLeaderMMR: 23.3785
[1310.42] Matchmaking: Post-divide PartyLeaderMMR: 23.3785
[1310.42] Matchmaking: PartyLeaderTier=(10)
[1310.42] Matchmaking: StartMatchmaking at 2026-03-31 14:40:39 in EU5,EU9,EU1,EU3,EU7 for playlists 10 on game server 130721202
[1310.42] Matchmaking: Creating RPC_StartMatchmaking_X
[1310.42] Matchmaking: PreferredRegions.Length=(5) PreferredPlaylists.Length=(1) Party.GetOrderedPartyMemberIDs().Length=(1)
[1310.42] Matchmaking: SecondsSearching=(1) CurrentServerID=(130721202) bDisableCrossplay=(False) bIgnoreSkill=(False)
[1310.61] Matchmaking: Matchmaking RPC succeeded.
[1310.61] Matchmaking: EstimatedQueueTime=(13.0000)
[1317.40] DevNet: URL: Adding default option Name=%e6%bc%a2+%e9%be%8d+%e7%8e%8b+%e7%a5%9e+%e9%97%87%e6%bc%a2+%e9%be%8d+%e7%8e%8b+%e7%a5%9e
[1317.41] DevNet: URL: Adding default option Name=%e6%bc%a2+%e9%be%8d+%e7%8e%8b+%e7%a5%9e+%e9%97%87%e6%bc%a2+%e9%be%8d+%e7%8e%8b+%e7%a5%9e
[1317.41] DevNet: Browse: cs_day_p?Game=TAGame.GameInfo_Soccar_TA?GameTags=Freeplay?Name=%e6%bc%a2+%e9%be%8d+%e7%8e%8b+%e7%a5%9e+%e9%97%87%e6%bc%a2+%e9%be%8d+%e7%8e%8b+%e7%a5%9e
[1317.47] Log: FSaveDataExportTask(0) wrote 1022513 bytes to memory
[1317.47] Log: SaveGameDataAsync game thread time: 7 ms
[1317.49] Log: Flushing async loaders.
[1317.49] Log: Deleting old save file ..\..\TAGame\SaveDataEpic\DBE_Production\8818b4dba79a43d18b986f46e4d00392.save
[1317.49] Log: SaveDataExport(0): Finished - File:[..\..\TAGame\SaveDataEpic\DBE_Production\8818b4dba79a43d18b986f46e4d00392_2.save] Result:[1]
[1317.49] Log: Flushed async loaders.
[1317.49] Log: LoadMap: cs_day_p?Game=TAGame.GameInfo_Soccar_TA?GameTags=Freeplay?Name=%e6%bc%a2+%e9%be%8d+%e7%8e%8b+%e7%a5%9e+%e9%97%87%e6%bc%a2+%e9%be%8d+%e7%8e%8b+%e7%a5%9e
[1317.49] Spawn: TextChatActor_TA_8 Destroyed
[1317.49] EOSGameClips: ShutDown : Shutting down EOSGameClipsController_TA. Self=(EOSGameClipsController_TA_7) PlayerOwner?.GetUniqueNetId()=(Epic|8818b4dba79a43d18b986f46e4d00392|0)
[1317.49] Spawn: TextChatActor_TA_9 Destroyed
[1317.49] Spawn: TextChatActor_TA_10 Destroyed
[1317.51] DevOnline: PsyNet Flush Start TimeoutSeconds=0.250000
[1317.71] DevOnline: RPCQueue_X_1 FAIL: PsyNetMessage_X_407->PsyNetMessage_X_409 PsyTime=1774968046 Error={NotMatchmaking ''} [Matchmaking/Heartbeat]
[1317.71] Log: RPC Error (failure): Service=Matchmaking/Heartbeat, Type=NotMatchmaking, Code=-1, Message=
[1317.73] Matchmaking: Matchmaking RPC failed.
[1317.73] Matchmaking: Creating RPC_StartMatchmaking_X
[1317.73] Matchmaking: PreferredRegions.Length=(5) PreferredPlaylists.Length=(1) Party.GetOrderedPartyMemberIDs().Length=(1)
[1317.73] Matchmaking: SecondsSearching=(8) CurrentServerID=(130721202) bDisableCrossplay=(False) bIgnoreSkill=(False)
[1317.76] DevOnline: PsyNet Flush End
[1317.77] NetComeGo: Close TcpipConnection_2 18.157.35.42:7758 31/03/2026 15:40:47 'Control channel cleanup'
[1317.77] NetComeGo: TcpipConnection_2 Control channel closed, reason=Control channel cleanup
[1317.78] Exit: TcpNetDriver_2 shut down
[1317.99] Log: Fully load package: ..\..\TAGame\CookedPCConsole\GameInfo_Soccar_SF.upk
[1318.09] Log: Fully load package: ..\..\TAGame\CookedPCConsole\GFxSounds_XP_SF.upk
[1318.09] Log: Fully load package: ..\..\TAGame\CookedPCConsole\GFx_XPProgressMenu_SF.upk
[1318.12] Log: Fully load package: ..\..\TAGame\CookedPCConsole\GFX_EndGameMenu_SF.upk
[1318.16] Log: Fully load package: ..\..\TAGame\CookedPCConsole\GFX_WinnerMenu_SF.upk
[1318.18] Log: Fully load package: ..\..\TAGame\CookedPCConsole\GFX_MidGameScoreboard_SF.upk
[1318.18] Log: Fully load package: ..\..\TAGame\CookedPCConsole\GFX_MidGameMenu_SF.upk
[1318.19] Log: Fully load package: ..\..\TAGame\CookedPCConsole\GFX_HudMatchInfo_SF.upk
[1318.21] Log: Fully load package: ..\..\TAGame\CookedPCConsole\GFX_Hud_SF.upk
[1318.24] Log: Fully load package: ..\..\TAGame\CookedPCConsole\Mutators_SF.upk
[1318.30] Log: Game class is 'GameInfo_Soccar_TA'
[1318.32] Log: Bringing World cs_day_p.TheWorld up for play (0) at 2026.03.31-15.40.47
[1318.32] Log: Flushing async loaders.
[1318.52] Log: Flushed async loaders.
[1318.52] ScriptLog: Destroying WebServer
[1318.52] MatchBroadcast: Init bBroadcastMatch=(False) MatchLog=(None)
[1318.52] ScriptLog: MatchTypeClass=(MatchType_Offline_TA)
[1318.61] RootMenu: [GFx] UIShellInstance - setting the shell instance
[1318.62] LTM: SettingsType=(CustomMatchSettingsType_PrivateMatch)
[1318.62] LTM: SettingsType=(CustomMatchSettingsType_PrivateMatch) InSettingsType=(CustomMatchSettingsType_LocalMatch)
[1318.63] LTM: SettingsType=(CustomMatchSettingsType_LocalMatch) InSettingsType=(CustomMatchSettingsType_LocalMatch)
[1318.63] Log: Bringing up level for play took: 0.335018
[1318.64] PartyChallenge: UpdateChallengeProgressForCompetitive bChallengesComplete=(True) ChallengeState=(Challenge_Success) bChallengeSync=(True) bChallengesAreValid=(True) bLegacyPlayer=(False) bGuestAccount=(False) Online_X.UniqueNetIDToString(Manager.Outer.PlayerID)=(Epic|8818b4dba79a43d18b986f46e4d00392|0) Complete
[1318.64] PartyChallenge: InitializeCompetitiveChallenges bGuestAccount=(False) bCompletedChallengesForCompetitive=(True) bLegacyPlayer=(False) Online_X.UniqueNetIDToString(OnlinePlayer.PlayerID)=(Epic|8818b4dba79a43d18b986f46e4d00392|0)
[1318.66] Spawn: TextChatActor_TA_11 OnOwnerChanged PlayerController_TA_8
[1318.66] EOSGameClips: Construct Constructed EOSGameClipsController_TA. Self=(EOSGameClipsController_TA_8)
[1318.66] ScriptLog: Uncached PlatformId for Epic|8818b4dba79a43d18b986f46e4d00392|0
[1318.70] RootMenu: [GFx] UIShellInstance - setting the shell instance
[1318.74] EOSVoice: Not requesting voice token, no MatchGUID
[1318.74] Log: ########### Finished loading level: 1.249896 seconds
[1318.75] MusicPlayer: PlayMusicTrack CurrentTrackPlayingID=(0) Track.Cue=(THIRST_ALLDAWAY)
[1318.75] MusicPlayer: PlayMusicTrack CurrentTrackPlayingID=(21003)
[1318.75] SettingsExport: CreateSnapshot Metadata {"userId":"Epic|8818b4dba79a43d18b986f46e4d00392|0","platformKey":"Epic","schemaVersion":0,"clientVersion":1532151,"timestampUtc":1774968047,"settingsVersion":7904,"checksum":-1631426530 Payload Size  96834
[1318.75] SettingsExport: Payload changed. Notifying new Checksum: -1631426530
[1318.75] SettingsExport: Local settings updated, uploading data
[1318.75] PsyNetBeaconDetail_X: PsyNetBeacon_X_0 ReserveConnection ReservationID=(41B2466CD25A4AE2A9741305BFB4A79F) ConnectionID=(eyJ0eXAiOiJKV1QiLCJhbGciOiJIUzUxMiJ9.eyJqdGkiOiIwMDEzMjk5ZjViYmI0ZWExYmY1NjkxZWY1YWI4M2M2MyIsImlzcyI6IlBzeU5ldCIsInBsYXllcl9pZCI6IkVwaWN8ODgxOGI0ZGJhNzlhNDNkMThiOTg2ZjQ2ZTRkMDAzOTJ8MCIsInNlcnZlcl9uYW1lIjoiRVU1LTBBRTIwQTE5QjFGMTNCRDE5LU5hbm8iLCJpYXQiOjE3NzQ5NjgwNDYsIm5iZiI6MTc3NDk2ODA0NiwiZXhwIjoxNzc0OTgyNDQ2fQ.27vSWX6U8q73VO_Dynu5NsWuYitp-hf1zUz_owFuacEiV_eS1BVCt1C2XckKyMKoTlKzxUlPOJ3uYydQarhgdA)
[1318.75] PsyNetBeaconDetail_X: PsyNetBeacon_X_0 ClientHandleMessage Message.MessageType=(ClientReservationMessage_X) Message.ReservationID=(41B2466CD25A4AE2A9741305BFB4A79F)
[1318.76] MusicPlayer: HandleTrackEnd CurrentTrackPlayingID=(21003) PlayingID=(12242)
[1318.76] MusicPlayer: HandleTrackEnd CurrentTrackPlayingID=(21003) PlayingID=(12242)
[1318.76] MusicPlayer: HandleTrackStart CurrentTrackPlayingID=(21003) PlayingID=(21003)
[1318.76] MusicPlayer: HandleTrackStart CurrentTrackPlayingID=(21003) PlayingID=(21003)
[1318.76] PsyNet: PsyNetServiceProvider_X_1 ExecuteService Complete, Service=DSR/ClientMessage 
[1319.06] Log: Flushing async loaders.
[1319.07] Log: Flushed async loaders.
[1319.10] Matchmaking: Matchmaking RPC succeeded.
[1319.10] Matchmaking: EstimatedQueueTime=(13.0000)
[1319.35] EOSGameClips: EOSGameClips: Starting background recording: API Version 2, Clip Duration 30
[1319.35] DevOnline: EOSSDK-LogEOSGameClips: Starting recording up to 30 seconds.
[1319.36] EOSGameClips: EOSGameClips: Recording changed from NotRecording to Recording.
[1322.28] DevOnline: EOSSDK-LogEOSRTC: TickTracker Tick is delayed. TimePeriod=[10.000254s]  TickIntervalThreshold=[0.100000s] MaxTickInterval=[0.296366s] MaxExecutionTime=[0.000023s] TicksCount=[978] ExpectedTicksCount=[1000]
[1324.42] PsyNet: PsyNetServiceProvider_X_1 ExecuteService Complete, Service=Players/Status 
[1325.32] EOSGameClips: EOSGameClips: Starting background recording: API Version 2, Clip Duration 30
[1327.18] SplitScreen: Press Start ControllerId=0 Player=LocalPlayer_TA_0
[1333.75] PsyNetBeacon_X: PsyNetBeacon_X_0 TimeoutConnections connection timed-out. Connections[Idx].ConnectionID=(eyJ0eXAiOiJKV1QiLCJhbGciOiJIUzUxMiJ9.eyJqdGkiOiIwMDEzMjk5ZjViYmI0ZWExYmY1NjkxZWY1YWI4M2M2MyIsImlzcyI6IlBzeU5ldCIsInBsYXllcl9pZCI6IkVwaWN8ODgxOGI0ZGJhNzlhNDNkMThiOTg2ZjQ2ZTRkMDAzOTJ8MCIsInNlcnZlcl9uYW1lIjoiRVU1LTBBRTIwQTE5QjFGMTNCRDE5LU5hbm8iLCJpYXQiOjE3NzQ5NjgwNDYsIm5iZiI6MTc3NDk2ODA0NiwiZXhwIjoxNzc0OTgyNDQ2fQ.27vSWX6U8q73VO_Dynu5NsWuYitp-hf1zUz_owFuacEiV_eS1BVCt1C2XckKyMKoTlKzxUlPOJ3uYydQarhgdA)
[1333.75] PsyNetBeaconDetail_X: PsyNetBeacon_X_0 CloseConnection Connection.ConnectionID=(eyJ0eXAiOiJKV1QiLCJhbGciOiJIUzUxMiJ9.eyJqdGkiOiIwMDEzMjk5ZjViYmI0ZWExYmY1NjkxZWY1YWI4M2M2MyIsImlzcyI6IlBzeU5ldCIsInBsYXllcl9pZCI6IkVwaWN8ODgxOGI0ZGJhNzlhNDNkMThiOTg2ZjQ2ZTRkMDAzOTJ8MCIsInNlcnZlcl9uYW1lIjoiRVU1LTBBRTIwQTE5QjFGMTNCRDE5LU5hbm8iLCJpYXQiOjE3NzQ5NjgwNDYsIm5iZiI6MTc3NDk2ODA0NiwiZXhwIjoxNzc0OTgyNDQ2fQ.27vSWX6U8q73VO_Dynu5NsWuYitp-hf1zUz_owFuacEiV_eS1BVCt1C2XckKyMKoTlKzxUlPOJ3uYydQarhgdA)
[1351.51] DevOnline: WebRequest_X_77 SEND: https://datarouter.ol.epicgames.com/datarouter/api/v1/public/data?AppID=RocketLeague.Release&AppVersion=1210528741&AppEnvironment=Prod&UploadType=eteventstream&UserID=|8818b4dba79a43d18b986f46e4d00392|||Epic|8818b4dba79a43d18b986f46e4d00392|0&SessionID=3160ACB646B5F0FF42875186A0A7F66A
[1351.65] DevOnline: WebRequest_X_77 RECV: 204 
[1357.86] PsyNetBeaconDetail_X: PsyNetBeacon_X_0 ReserveConnection ReservationID=(6FA73AB694604E16ADB1C3906381EB81) ConnectionID=(eyJ0eXAiOiJKV1QiLCJhbGciOiJIUzUxMiJ9.eyJqdGkiOiI3ODEzMGEzZWJlNGI0NTVjYWJlNjRhMTNmYTgxMjBiZCIsImlzcyI6IlBzeU5ldCIsInBsYXllcl9pZCI6IkVwaWN8ODgxOGI0ZGJhNzlhNDNkMThiOTg2ZjQ2ZTRkMDAzOTJ8MCIsInNlcnZlcl9uYW1lIjoiRVU1LTBGMjdERThGQTI3QzZBMzA5LU1hdzQiLCJpYXQiOjE3NzQ5NjgwODYsIm5iZiI6MTc3NDk2ODA4NiwiZXhwIjoxNzc0OTgyNDg2fQ.FgXoCrN6hoqD9_coZvMXTmJM4IE655cBzb5LsYj7uH2HHSVFYFTdOa3tDot43hT7N95IpQ0UHfrF9fyruP-kCg)
[1357.86] PsyNetBeaconDetail_X: PsyNetBeacon_X_0 ClientHandleMessage Message.MessageType=(ClientReservationMessage_X) Message.ReservationID=(6FA73AB694604E16ADB1C3906381EB81)
[1357.86] CheckReservation: Received game server from notification (v3) Message.Reservation=((ServerName="EU5-0F27DE8FA27C6A309-Maw4",Playlist=10,Region="EU",ReservationID="6FA73AB694604E16ADB1C3906381EB81",DSRToken="eyJ0eXAiOiJKV1QiLCJhbGciOiJIUzUxMiJ9.eyJqdGkiOiI3ODEzMGEzZWJlNGI0NTVjYWJlNjRhMTNmYTgxMjBiZCIsImlzcyI6IlBzeU5ldCIsInBsYXllcl9pZCI6IkVwaWN8ODgxOGI0ZGJhNzlhNDNkMThiOTg2ZjQ2ZTRkMDAzOTJ8MCIsInNlcnZlcl9uYW1lIjoiRVU1LTBGMjdERThGQTI3QzZBMzA5LU1hdzQiLCJpYXQiOjE3NzQ5NjgwODYsIm5iZiI6MTc3NDk2ODA4NiwiZXhwIjoxNzc0OTgyNDg2fQ.FgXoCrN6hoqD9_coZvMXTmJM4IE655cBzb5LsYj7uH2HHSVFYFTdOa3tDot43hT7N95IpQ0UHfrF9fyruP-kCg",JoinName="IKSK357EXEWK42H2",JoinPassword="3KKR5P2OQQFJUKO3"))
[1357.86] JoinGame: StartJoin Reservation=((ServerName="EU5-0F27DE8FA27C6A309-Maw4",Playlist=10,Region="EU",ReservationID="6FA73AB694604E16ADB1C3906381EB81",DSRToken="eyJ0eXAiOiJKV1QiLCJhbGciOiJIUzUxMiJ9.eyJqdGkiOiI3ODEzMGEzZWJlNGI0NTVjYWJlNjRhMTNmYTgxMjBiZCIsImlzcyI6IlBzeU5ldCIsInBsYXllcl9pZCI6IkVwaWN8ODgxOGI0ZGJhNzlhNDNkMThiOTg2ZjQ2ZTRkMDAzOTJ8MCIsInNlcnZlcl9uYW1lIjoiRVU1LTBGMjdERThGQTI3QzZBMzA5LU1hdzQiLCJpYXQiOjE3NzQ5NjgwODYsIm5iZiI6MTc3NDk2ODA4NiwiZXhwIjoxNzc0OTgyNDg2fQ.FgXoCrN6hoqD9_coZvMXTmJM4IE655cBzb5LsYj7uH2HHSVFYFTdOa3tDot43hT7N95IpQ0UHfrF9fyruP-kCg",JoinName="IKSK357EXEWK42H2",JoinPassword="3KKR5P2OQQFJUKO3")) JoinSettings=((PlaylistId=10))
[1357.86] JoinGame: GotoJoinGameState OnlineGameJoinGame_TA -> VerifyPrivileges
[1357.86] Online: TryToPlayOnline ControllerID=(-1)
[1357.86] Matchmaking: OnlineGameMatchmaking_X_0 Searching -> Joining
[1357.87] Online: HandlePrivilegeCheckFinished PrivilegeCheck.bHasRestriction=(False)
[1357.87] JoinGame: GotoJoinGameState VerifyPrivileges -> ReservingServerForMatchmaking
[1357.87] PsyNetBeaconDetail_X: PsyNetBeacon_X_0 SendMessageToServer Message=(AddReservationMessagePublic_X_3)
[1357.87] PsyNet: PsyNetServiceProvider_X_1 ExecuteService Complete, Service=DSR/ClientMessage 
[1358.37] PsyNetBeaconDetail_X: PsyNetBeacon_X_0 ClientHandleMessage Message.MessageType=(ReservationsWaitingMessage_X) Message.ReservationID=(6FA73AB694604E16ADB1C3906381EB81)
[1358.37] JoinGame: Waiting for more players to add reservations
[1358.37] Party: HandleServerReserved (Reservation=(ServerName="EU5-0F27DE8FA27C6A309-Maw4",Playlist=10,Region="EU",ReservationID="6FA73AB694604E16ADB1C3906381EB81",DSRToken="eyJ0eXAiOiJKV1QiLCJhbGciOiJIUzUxMiJ9.eyJqdGkiOiI3ODEzMGEzZWJlNGI0NTVjYWJlNjRhMTNmYTgxMjBiZCIsImlzcyI6IlBzeU5ldCIsInBsYXllcl9pZCI6IkVwaWN8ODgxOGI0ZGJhNzlhNDNkMThiOTg2ZjQ2ZTRkMDAzOTJ8MCIsInNlcnZlcl9uYW1lIjoiRVU1LTBGMjdERThGQTI3QzZBMzA5LU1hdzQiLCJpYXQiOjE3NzQ5NjgwODYsIm5iZiI6MTc3NDk2ODA4NiwiZXhwIjoxNzc0OTgyNDg2fQ.FgXoCrN6hoqD9_coZvMXTmJM4IE655cBzb5LsYj7uH2HHSVFYFTdOa3tDot43hT7N95IpQ0UHfrF9fyruP-kCg",JoinName="IKSK357EXEWK42H2",JoinPassword="3KKR5P2OQQFJUKO3"),JoinCredentials="IKSK357EXEWK42H2:3KKR5P2OQQFJUKO3")
[1358.37] PsyNet: PsyNetServiceProvider_X_1 ExecuteService Complete, Service=DSR/ClientMessage 
[1359.18] PsyNetBeaconDetail_X: PsyNetBeacon_X_0 ClientHandleMessage Message.MessageType=(ReservationsReadyMessage_X) Message.ReservationID=(6FA73AB694604E16ADB1C3906381EB81)
[1359.18] Party: HandleServerReserved (Reservation=(ServerName="EU5-0F27DE8FA27C6A309-Maw4",Playlist=10,Region="EU",ReservationID="6FA73AB694604E16ADB1C3906381EB81",DSRToken="eyJ0eXAiOiJKV1QiLCJhbGciOiJIUzUxMiJ9.eyJqdGkiOiI3ODEzMGEzZWJlNGI0NTVjYWJlNjRhMTNmYTgxMjBiZCIsImlzcyI6IlBzeU5ldCIsInBsYXllcl9pZCI6IkVwaWN8ODgxOGI0ZGJhNzlhNDNkMThiOTg2ZjQ2ZTRkMDAzOTJ8MCIsInNlcnZlcl9uYW1lIjoiRVU1LTBGMjdERThGQTI3QzZBMzA5LU1hdzQiLCJpYXQiOjE3NzQ5NjgwODYsIm5iZiI6MTc3NDk2ODA4NiwiZXhwIjoxNzc0OTgyNDg2fQ.FgXoCrN6hoqD9_coZvMXTmJM4IE655cBzb5LsYj7uH2HHSVFYFTdOa3tDot43hT7N95IpQ0UHfrF9fyruP-kCg",JoinName="IKSK357EXEWK42H2",JoinPassword="3KKR5P2OQQFJUKO3"),PingURL="18.156.223.99:8181",GameURL="18.156.223.99:8180",JoinCredentials="IKSK357EXEWK42H2:3KKR5P2OQQFJUKO3")
[1359.18] JoinGame: GotoJoinGameState ReservingServerForMatchmaking -> JoinCountdown
[1359.18] PsyNetBeaconDetail_X: PsyNetBeacon_X_0 SendMessageToServer Message=(PingMessage_X_6)
[1359.19] PsyNet: PsyNetServiceProvider_X_1 ExecuteService Complete, Service=DSR/ClientMessage 
[1359.56] PsyNetBeaconDetail_X: PsyNetBeacon_X_0 ClientHandleMessage Message.MessageType=(PingMessage_X) Message.ReservationID=(6FA73AB694604E16ADB1C3906381EB81)
[1359.57] PsyNet: PsyNetServiceProvider_X_1 ExecuteService Complete, Service=DSR/ClientMessage 
[1361.14] Log: FSaveDataExportTask(0) wrote 1022888 bytes to memory
[1361.14] Log: SaveGameDataAsync game thread time: 8 ms
[1361.16] Log: Deleting old save file ..\..\TAGame\SaveDataEpic\DBE_Production\8818b4dba79a43d18b986f46e4d00392_1.save
[1361.16] Log: SaveDataExport(0): Finished - File:[..\..\TAGame\SaveDataEpic\DBE_Production\8818b4dba79a43d18b986f46e4d00392.save] Result:[1]
[1361.16] SettingsExport: CreateSnapshot Metadata {"userId":"Epic|8818b4dba79a43d18b986f46e4d00392|0","platformKey":"Epic","schemaVersion":0,"clientVersion":1532151,"timestampUtc":1774968090,"settingsVersion":7905,"checksum":-78936596 Payload Size  96971
[1361.16] SettingsExport: Payload changed. Notifying new Checksum: -78936596
[1361.16] SettingsExport: Local settings updated, uploading data
[1362.19] JoinGame: GotoJoinGameState JoinCountdown -> OpeningLoadingScreen
[1362.19] RankedReconnect: OnlineGameJoinGame_TA_0::OpeningLoadingScreen.BeginState()
[1362.19] RankedReconnect: LocalPlayer_TA_0.UpdateRankedReconnect() RankedSoloDuel True 2 False
[1362.19] RankedReconnect: RankedReconnectSave_TA_0.ClearRankedReconnect()
[1362.19] DevNet: Browse: JoinGameTransition?game=TAGame.GameInfo_Transition_TA?GameTags=Freeplay?Name=%e6%bc%a2+%e9%be%8d+%e7%8e%8b+%e7%a5%9e+%e9%97%87%e6%bc%a2+%e9%be%8d+%e7%8e%8b+%e7%a5%9e
[1362.25] Log: FSaveDataExportTask(0) wrote 1022888 bytes to memory
[1362.25] Log: SaveGameDataAsync game thread time: 8 ms
[1362.25] Log: LoadMap: JoinGameTransition?game=TAGame.GameInfo_Transition_TA?GameTags=Freeplay?Name=%e6%bc%a2+%e9%be%8d+%e7%8e%8b+%e7%a5%9e+%e9%97%87%e6%bc%a2+%e9%be%8d+%e7%8e%8b+%e7%a5%9e
[1362.25] EOSVoice: Not requesting voice token, no MatchGUID
[1362.25] EOSGameClips: ShutDown : Shutting down EOSGameClipsController_TA. Self=(EOSGameClipsController_TA_8) PlayerOwner?.GetUniqueNetId()=(Epic|8818b4dba79a43d18b986f46e4d00392|0)
[1362.25] Spawn: TextChatActor_TA_11 Destroyed
[1362.26] Log: Deleting old save file ..\..\TAGame\SaveDataEpic\DBE_Production\8818b4dba79a43d18b986f46e4d00392_2.save
[1362.26] Log: SaveDataExport(0): Finished - File:[..\..\TAGame\SaveDataEpic\DBE_Production\8818b4dba79a43d18b986f46e4d00392_1.save] Result:[1]
[1362.26] DevOnline: PsyNet Flush Start TimeoutSeconds=0.250000
[1362.53] DevOnline: PsyNet Flush End
[1362.56] Log: Fully load package: ..\..\TAGame\CookedPCConsole\GameInfo_Transition_SF.upk
[1362.57] Log: Fully load package: ..\..\TAGame\CookedPCConsole\Mutators_SF.upk
[1362.63] Log: Game class is 'GameInfo_Transition_TA'
[1362.64] Log: Bringing World JoinGameTransition.TheWorld up for play (0) at 2026.03.31-15.41.31
[1362.64] Log: Bringing up level for play took: 0.002858
[1362.64] PartyChallenge: UpdateChallengeProgressForCompetitive bChallengesComplete=(True) ChallengeState=(Challenge_Success) bChallengeSync=(True) bChallengesAreValid=(True) bLegacyPlayer=(False) bGuestAccount=(False) Online_X.UniqueNetIDToString(Manager.Outer.PlayerID)=(Epic|8818b4dba79a43d18b986f46e4d00392|0) Complete
[1362.64] PartyChallenge: InitializeCompetitiveChallenges bGuestAccount=(False) bCompletedChallengesForCompetitive=(True) bLegacyPlayer=(False) Online_X.UniqueNetIDToString(OnlinePlayer.PlayerID)=(Epic|8818b4dba79a43d18b986f46e4d00392|0)
[1362.64] JoinGame: GotoJoinGameState OpeningLoadingScreen -> JoiningNewServer
[1362.64] DevNet: SetProgress, MessageType=1, Title=, Message=Connecting...
[1362.64] Log: ########### Finished loading level: 0.388699 seconds
[1362.64] DevOnline: EOSSDK-LogEOSRTC: TickTracker Tick is delayed. TimePeriod=[10.349318s]  TickIntervalThreshold=[0.100000s] MaxTickInterval=[0.451365s] MaxExecutionTime=[0.000023s] TicksCount=[1182] ExpectedTicksCount=[1034]
[1362.64] SettingsExport: CreateSnapshot Metadata {"userId":"Epic|8818b4dba79a43d18b986f46e4d00392|0","platformKey":"Epic","schemaVersion":0,"clientVersion":1532151,"timestampUtc":1774968091,"settingsVersion":7906,"checksum":276651190 Payload Size  96971
[1362.64] SettingsExport: Payload changed. Notifying new Checksum: 276651190
[1362.64] SettingsExport: Local settings updated, uploading data
[1362.64] DevNet: Browse: 18.156.223.99:8180/MENU_Main_p?Name=%e6%bc%a2+%e9%be%8d+%e7%8e%8b+%e7%a5%9e+%e9%97%87%e6%bc%a2+%e9%be%8d+%e7%8e%8b+%e7%a5%9e
[1362.64] DevNet: Game client on port 8180, rate 15000
[1362.64] NetComeGo: SEND first packet Length=80 CRC=435868637
[1362.65] EOSGameClips: EOSGameClips: Recording changed from Recording to NotRecording.
[1362.76] NetComeGo: TcpipConnection_3 RECV first packet IP=18.156.223.99:8180 Length=15 CRC=390432998 HandshakeStatus=0 bUseSessionUID=1 InSessionUID=(0 0 0) SessionUID=(0 0 0)
[1362.76] NetComeGo: Client set SessionUID to: 37 156 158
[1362.84] DevOnline: EOSSDK-LogEOSGameClips: Missing encoder drain completed message.
[1363.13] DevNet: Welcomed by server (Level: NeoTokyo_Standard_P, Game: TAGame.GameInfo_Soccar_TA, GameTags: )
[1363.14] Log: FSaveDataExportTask(0) wrote 1022888 bytes to memory
[1363.14] Log: SaveGameDataAsync game thread time: 8 ms
[1363.14] Log: Flushing async loaders.
[1363.15] Log: Flushed async loaders.
[1363.15] Log: LoadMap: 18.156.223.99:8180/NeoTokyo_Standard_P?Name=%e6%bc%a2+%e9%be%8d+%e7%8e%8b+%e7%a5%9e+%e9%97%87%e6%bc%a2+%e9%be%8d+%e7%8e%8b+%e7%a5%9e?game=TAGame.GameInfo_Soccar_TA
[1363.16] Log: Deleting old save file ..\..\TAGame\SaveDataEpic\DBE_Production\8818b4dba79a43d18b986f46e4d00392.save
[1363.16] Log: SaveDataExport(0): Finished - File:[..\..\TAGame\SaveDataEpic\DBE_Production\8818b4dba79a43d18b986f46e4d00392_2.save] Result:[1]
[1363.16] DevOnline: PsyNet Flush Start TimeoutSeconds=0.250000
[1363.41] DevOnline: PsyNet Flush End
[1363.42] Log: Fully load package: ..\..\TAGame\CookedPCConsole\GameInfo_Soccar_SF.upk
[1363.50] Log: Fully load package: ..\..\TAGame\CookedPCConsole\GFxSounds_XP_SF.upk
[1363.51] Log: Fully load package: ..\..\TAGame\CookedPCConsole\GFx_XPProgressMenu_SF.upk
[1363.53] Log: Fully load package: ..\..\TAGame\CookedPCConsole\GFX_EndGameMenu_SF.upk
[1363.57] Log: Fully load package: ..\..\TAGame\CookedPCConsole\GFX_WinnerMenu_SF.upk
[1363.59] Log: Fully load package: ..\..\TAGame\CookedPCConsole\GFX_MidGameScoreboard_SF.upk
[1363.59] Log: Fully load package: ..\..\TAGame\CookedPCConsole\GFX_MidGameMenu_SF.upk
[1363.61] Log: Fully load package: ..\..\TAGame\CookedPCConsole\GFX_HudMatchInfo_SF.upk
[1363.62] Log: Fully load package: ..\..\TAGame\CookedPCConsole\GFX_Hud_SF.upk
[1364.12] Log: Bringing World NeoTokyo_Standard_P.TheWorld up for play (0) at 2026.03.31-15.41.33
[1364.12] Log: Bringing up level for play took: 0.106732
[1364.29] RootMenu: [GFx] UIShellInstance - setting the shell instance
[1364.32] PartyChallenge: UpdateChallengeProgressForCompetitive bChallengesComplete=(True) ChallengeState=(Challenge_Success) bChallengeSync=(True) bChallengesAreValid=(True) bLegacyPlayer=(False) bGuestAccount=(False) Online_X.UniqueNetIDToString(Manager.Outer.PlayerID)=(Epic|8818b4dba79a43d18b986f46e4d00392|0) Complete
[1364.32] PartyChallenge: InitializeCompetitiveChallenges bGuestAccount=(False) bCompletedChallengesForCompetitive=(True) bLegacyPlayer=(False) Online_X.UniqueNetIDToString(OnlinePlayer.PlayerID)=(Epic|8818b4dba79a43d18b986f46e4d00392|0)
[1364.32] JoinGame: OnJoinGameComplete bSuccess=(True) FailReason=()
[1364.32] JoinGame: GotoJoinGameState JoiningNewServer -> None
[1364.32] PsyNetBeaconDetail_X: PsyNetBeacon_X_0 Close
[1364.32] PsyNetBeaconDetail_X: PsyNetBeacon_X_0 CloseConnection Connection.ConnectionID=(eyJ0eXAiOiJKV1QiLCJhbGciOiJIUzUxMiJ9.eyJqdGkiOiI3ODEzMGEzZWJlNGI0NTVjYWJlNjRhMTNmYTgxMjBiZCIsImlzcyI6IlBzeU5ldCIsInBsYXllcl9pZCI6IkVwaWN8ODgxOGI0ZGJhNzlhNDNkMThiOTg2ZjQ2ZTRkMDAzOTJ8MCIsInNlcnZlcl9uYW1lIjoiRVU1LTBGMjdERThGQTI3QzZBMzA5LU1hdzQiLCJpYXQiOjE3NzQ5NjgwODYsIm5iZiI6MTc3NDk2ODA4NiwiZXhwIjoxNzc0OTgyNDg2fQ.FgXoCrN6hoqD9_coZvMXTmJM4IE655cBzb5LsYj7uH2HHSVFYFTdOa3tDot43hT7N95IpQ0UHfrF9fyruP-kCg)
[1364.32] Matchmaking: OnlineGameMatchmaking_X_0 Joining -> None
[1364.32] Spawn: TextChatActor_TA_12 OnOwnerChanged PlayerController_TA_9
[1364.32] EOSGameClips: Construct Constructed EOSGameClipsController_TA. Self=(EOSGameClipsController_TA_9)
[1364.32] Log: ########### Finished loading level: 1.174517 seconds
[1364.36] ScriptWarning: ScriptWarning, Accessed None 'PRI'
	PlayerController_TA NeoTokyo_Standard_P.TheWorld:PersistentLevel.PlayerController_TA_9
	Function TAGame.PlayerController_TA:ReadyUp:0011
Script call stack:
	Function TAGame.PlayerController_TA:ReadyUp

[1364.36] SettingsExport: Settings content not changed. Will not update the Settings Online
[1364.65] EOSGameClips: ShutDown : Shutting down EOSGameClipsController_TA. Self=(EOSGameClipsController_TA_9) PlayerOwner?.GetUniqueNetId()=(Epic|8818b4dba79a43d18b986f46e4d00392|0)
[1364.66] PartyChallenge: UpdateChallengeProgressForCompetitive bChallengesComplete=(True) ChallengeState=(Challenge_Success) bChallengeSync=(True) bChallengesAreValid=(True) bLegacyPlayer=(False) bGuestAccount=(False) Online_X.UniqueNetIDToString(Manager.Outer.PlayerID)=(Epic|8818b4dba79a43d18b986f46e4d00392|0) Complete
[1364.66] PartyChallenge: InitializeCompetitiveChallenges bGuestAccount=(False) bCompletedChallengesForCompetitive=(True) bLegacyPlayer=(False) Online_X.UniqueNetIDToString(OnlinePlayer.PlayerID)=(Epic|8818b4dba79a43d18b986f46e4d00392|0)
[1364.66] EOSGameClips: Construct Constructed EOSGameClipsController_TA. Self=(EOSGameClipsController_TA_10)
[1364.66] ScriptLog: Client InputRate=60
[1364.66] DevNet: PlayerController_TA_10 setplayer LocalPlayer_TA_0
[1364.66] PsyNetStaticData: UpdateCacheTimerEnabled CacheTimer.bEnabled=(False)
[1364.66] MatchBroadcast: Init bBroadcastMatch=(False) MatchLog=(None)
[1364.70] ScriptLog: MatchGUID: B276704611F12D0F5953149060D4B411
[1364.70] Spawn: TextChatActor_TA_13 OnOwnerChanged PlayerController_TA_10
[1364.70] ScriptLog: Uncached PlatformId for Epic|8818b4dba79a43d18b986f46e4d00392|0
[1364.77] RootMenu: [GFx] UIShellInstance - setting the shell instance
[1364.86] LTM: SettingsType=(CustomMatchSettingsType_PrivateMatch)
[1364.92] MusicPlayer: HandleTrackEnd CurrentTrackPlayingID=(0) PlayingID=(21003)
[1364.92] MusicPlayer: HandleTrackEnd CurrentTrackPlayingID=(0) PlayingID=(21003)
[1364.95] EOSVoice: Voice not enabled for current playlist
[1365.88] EOSGameClips: EOSGameClips: Currently recording: false
[1365.88] EOSGameClips: CaptureClipPressed Game clips is currently not recording.
[1367.57] EOSGameClips: EOSGameClips: Currently recording: false
[1367.57] EOSGameClips: CaptureClipPressed Game clips is currently not recording.
[1371.57] EOSGameClips: EOSGameClips: Starting background recording: API Version 2, Clip Duration 30
[1371.57] DevOnline: EOSSDK-LogEOSGameClips: Starting recording up to 30 seconds.
[1371.58] EOSGameClips: EOSGameClips: Recording changed from NotRecording to Recording.
[1372.64] DevOnline: EOSSDK-LogEOSRTC: TickTracker Tick is delayed. TimePeriod=[10.006009s]  TickIntervalThreshold=[0.100000s] MaxTickInterval=[0.112396s] MaxExecutionTime=[0.000052s] TicksCount=[930] ExpectedTicksCount=[1000]
[1375.56] EOSGameClips: EOSGameClips: Starting background recording: API Version 2, Clip Duration 30
[1406.90] EOSGameClips: EOSGameClips: Starting background recording: API Version 2, Clip Duration 30
[1409.42] EOSGameClips: EOSGameClips: Currently recording: true
[1410.22] EOSGameClips: EOSGameClips: Currently recording: true
[1410.92] SplitScreen: Press Start ControllerId=0 Player=LocalPlayer_TA_0
[1411.12] EOSGameClips: EOSGameClips: Starting background recording: API Version 2, Clip Duration 30
[1411.33] Online: TryToPlayOnline ControllerID=(-1)
[1411.34] Online: HandlePrivilegeCheckFinished PrivilegeCheck.bHasRestriction=(False)
[1411.34] Online: HandlePrivilegeCheck PrivilegeCheck.bHasRestriction=(False)
[1412.14] Log: FSaveDataExportTask(0) wrote 1024853 bytes to memory
[1412.14] Log: SaveGameDataAsync game thread time: 7 ms
[1412.16] Log: Deleting old save file ..\..\TAGame\SaveDataEpic\DBE_Production\8818b4dba79a43d18b986f46e4d00392_1.save
[1412.16] Log: SaveDataExport(0): Finished - File:[..\..\TAGame\SaveDataEpic\DBE_Production\8818b4dba79a43d18b986f46e4d00392.save] Result:[1]
[1412.16] SettingsExport: CreateSnapshot Metadata {"userId":"Epic|8818b4dba79a43d18b986f46e4d00392|0","platformKey":"Epic","schemaVersion":0,"clientVersion":1532151,"timestampUtc":1774968141,"settingsVersion":7908,"checksum":1197042815 Payload Size  96970
[1412.16] SettingsExport: Payload changed. Notifying new Checksum: 1197042815
[1412.16] SettingsExport: Local settings updated, uploading data
[1412.34] DevOnline: WebRequest_X_78 SEND: https://datarouter.ol.epicgames.com/datarouter/api/v1/public/data?AppID=RocketLeague.Release&AppVersion=1210528741&AppEnvironment=Prod&UploadType=eteventstream&UserID=|8818b4dba79a43d18b986f46e4d00392|||Epic|8818b4dba79a43d18b986f46e4d00392|0&SessionID=3160ACB646B5F0FF42875186A0A7F66A
[1412.53] DevOnline: WebRequest_X_78 RECV: 204 
[1415.11] EOSGameClips: EOSGameClips: Starting background recording: API Version 2, Clip Duration 30
[1472.34] DevOnline: WebRequest_X_79 SEND: https://datarouter.ol.epicgames.com/datarouter/api/v1/public/data?AppID=RocketLeague.Release&AppVersion=1210528741&AppEnvironment=Prod&UploadType=eteventstream&UserID=|8818b4dba79a43d18b986f46e4d00392|||Epic|8818b4dba79a43d18b986f46e4d00392|0&SessionID=3160ACB646B5F0FF42875186A0A7F66A
[1472.46] DevOnline: WebRequest_X_79 RECV: 204 
[1504.47] EOSGameClips: EOSGameClips: Starting background recording: API Version 2, Clip Duration 30
[1507.02] EOSGameClips: EOSGameClips: Currently recording: true
[1507.74] EOSGameClips: EOSGameClips: Currently recording: true
[1507.74] EOSGameClips: CaptureClipPressed Capture clip called for player:  GetEpicAccountId()=(8818b4dba79a43d18b986f46e4d00392) InGameClipInputType=(GoalReplay)
[1508.01] EOSGameClips: EOSGameClips: Starting background recording: API Version 2, Clip Duration 30
[1508.21] EOSGameClips: CaptureClipPressed We are currently in a goal replay and can't clip yet.
[1509.69] EOSGameClips: CaptureClipPressed We are currently in a goal replay and can't clip yet.
[1509.99] EOSGameClips: CaptureClipPressed We are currently in a goal replay and can't clip yet.
[1510.07] EOSGameClips: EOSGameClips: Currently recording: true
[1510.07] EOSGameClips: EOSGameClips: Take a clip! Account: 8818b4dba79a43d18b986f46e4d00392
[1510.07] EOSGameClips: CreateClip Attempting to clip for account:  ClipId=(5) AccountId=(8818b4dba79a43d18b986f46e4d00392) InGameClipInputType=(GoalReplay)
[1510.08] DevOnline: EOSSDK-LogEOSGameClips: Failed to create clip: 
[1510.08] DevOnline: EOSSDK-LogEOSGameClips: Clip '31422A874A736B9727458C956503EC5A': Clip 5 failed: Not enough frames recorded
[1510.08] EOSGameClips: EOSGameClips: Clip progress callback. ClipId: 5, ERROR - Result Code: EOS_GameClips_CreateFailed
[1510.08] EOSGameClips: EOSGameClips: Setting clip upload finished for user: 8818b4dba79a43d18b986f46e4d00392, clip: 5
[1510.08] Warning: EOSGameClips: Could not find clip with id: 5. The clip may be corrupt.
[1510.08] EOSGameClips: EOSGameClipsMetrics_TA_0.RecordClipInfo()  - Errors[0] InClipInfoMetric.Errors[Index]=(GameClipsFailedToUpload)
[1510.23] EOSGameClips: EOSGameClips: Currently recording: true
[1510.44] EOSGameClips: EOSGameClips: Currently recording: true
[1510.64] EOSGameClips: EOSGameClips: Currently recording: true
[1510.86] EOSGameClips: EOSGameClips: Currently recording: true
[1511.05] EOSGameClips: EOSGameClips: Starting background recording: API Version 2, Clip Duration 30
[1511.76] EOSGameClips: EOSGameClips: Currently recording: true
[1515.09] EOSGameClips: EOSGameClips: Starting background recording: API Version 2, Clip Duration 30
[1532.34] DevOnline: WebRequest_X_80 SEND: https://datarouter.ol.epicgames.com/datarouter/api/v1/public/data?AppID=RocketLeague.Release&AppVersion=1210528741&AppEnvironment=Prod&UploadType=eteventstream&UserID=|8818b4dba79a43d18b986f46e4d00392|||Epic|8818b4dba79a43d18b986f46e4d00392|0&SessionID=3160ACB646B5F0FF42875186A0A7F66A
[1532.49] DevOnline: WebRequest_X_80 RECV: 204 
[1553.75] EOSGameClips: EOSGameClips: Currently recording: true
[1592.33] DevOnline: WebRequest_X_81 SEND: https://datarouter.ol.epicgames.com/datarouter/api/v1/public/data?AppID=RocketLeague.Release&AppVersion=1210528741&AppEnvironment=Prod&UploadType=eteventstream&UserID=|8818b4dba79a43d18b986f46e4d00392|||Epic|8818b4dba79a43d18b986f46e4d00392|0&SessionID=3160ACB646B5F0FF42875186A0A7F66A
[1592.51] DevOnline: WebRequest_X_81 RECV: 204 
[1633.19] EOSGameClips: EOSGameClips: Starting background recording: API Version 2, Clip Duration 30
[1635.74] EOSGameClips: EOSGameClips: Currently recording: true
[1636.73] EOSGameClips: EOSGameClips: Starting background recording: API Version 2, Clip Duration 30
[1638.45] EOSGameClips: EOSGameClips: Currently recording: true
[1638.45] EOSGameClips: CaptureClipPressed Capture clip called for player:  GetEpicAccountId()=(8818b4dba79a43d18b986f46e4d00392) InGameClipInputType=(GoalReplay)
[1638.96] SplitScreen: Press Start ControllerId=0 Player=LocalPlayer_TA_0
[1640.08] Log: FSaveDataExportTask(0) wrote 1024853 bytes to memory
[1640.08] Log: SaveGameDataAsync game thread time: 8 ms
[1640.10] Log: Deleting old save file ..\..\TAGame\SaveDataEpic\DBE_Production\8818b4dba79a43d18b986f46e4d00392_2.save
[1640.10] Log: SaveDataExport(0): Finished - File:[..\..\TAGame\SaveDataEpic\DBE_Production\8818b4dba79a43d18b986f46e4d00392_1.save] Result:[1]
[1640.10] SettingsExport: Settings content not changed. Will not update the Settings Online
[1640.20] EOSGameClips: EOSGameClips: Currently recording: true
[1640.20] EOSGameClips: EOSGameClips: Take a clip! Account: 8818b4dba79a43d18b986f46e4d00392
[1640.20] EOSGameClips: CreateClip Attempting to clip for account:  ClipId=(6) AccountId=(8818b4dba79a43d18b986f46e4d00392) InGameClipInputType=(GoalReplay)
[1640.21] DevOnline: EOSSDK-LogEOSGameClips: Failed to create clip: 
[1640.21] DevOnline: EOSSDK-LogEOSGameClips: Clip '4C6E37FB481984489EA5BA9487796D19': Clip 6 failed: Not enough frames recorded
[1640.21] EOSGameClips: EOSGameClips: Clip progress callback. ClipId: 6, ERROR - Result Code: EOS_GameClips_CreateFailed
[1640.21] EOSGameClips: EOSGameClips: Setting clip upload finished for user: 8818b4dba79a43d18b986f46e4d00392, clip: 6
[1640.21] Warning: EOSGameClips: Could not find clip with id: 6. The clip may be corrupt.
[1640.21] EOSGameClips: EOSGameClipsMetrics_TA_0.RecordClipInfo()  - Errors[0] InClipInfoMetric.Errors[Index]=(GameClipsFailedToUpload)
[1641.19] EOSGameClips: EOSGameClips: Starting background recording: API Version 2, Clip Duration 30
[1642.00] EOSGameClips: EOSGameClips: Currently recording: true
[1645.20] EOSGameClips: EOSGameClips: Starting background recording: API Version 2, Clip Duration 30
[1652.33] DevOnline: WebRequest_X_82 SEND: https://datarouter.ol.epicgames.com/datarouter/api/v1/public/data?AppID=RocketLeague.Release&AppVersion=1210528741&AppEnvironment=Prod&UploadType=eteventstream&UserID=|8818b4dba79a43d18b986f46e4d00392|||Epic|8818b4dba79a43d18b986f46e4d00392|0&SessionID=3160ACB646B5F0FF42875186A0A7F66A
[1652.46] DevOnline: WebRequest_X_82 RECV: 204 
[1678.87] EOSGameClips: EOSGameClips: Starting background recording: API Version 2, Clip Duration 30
[1681.40] EOSGameClips: EOSGameClips: Currently recording: true
[1682.39] EOSGameClips: EOSGameClips: Starting background recording: API Version 2, Clip Duration 30
[1688.36] EOSGameClips: EOSGameClips: Currently recording: true
[1689.06] SplitScreen: Press Start ControllerId=0 Player=LocalPlayer_TA_0
[1689.21] EOSGameClips: EOSGameClips: Starting background recording: API Version 2, Clip Duration 30
[1691.10] EOSGameClips: EOSGameClips: Currently recording: true
[1693.18] EOSGameClips: EOSGameClips: Starting background recording: API Version 2, Clip Duration 30
[1700.72] SplitScreen: Press Start ControllerId=0 Player=LocalPlayer_TA_0
[1702.22] EOSGameClips: EOSGameClips: Starting background recording: API Version 2, Clip Duration 30
[1702.83] Online: TryToPlayOnline ControllerID=(-1)
[1702.84] Online: HandlePrivilegeCheckFinished PrivilegeCheck.bHasRestriction=(False)
[1703.06] Party: OnPartyCreated bWasSuccessful=(True) InPartyId:'PsyNet-kYkrgkTG' 
[1703.06] Party: HandleJoinLobby bWasSuccessful=(True) LobbyUID:'PsyNet-kYkrgkTG' 
[1703.06] Party: HandleLobbyMemberStatusUpdate LobbyUID=PsyNet-kYkrgkTG Members=1 MemberIndex=0 MemberID=Epic|8818b4dba79a43d18b986f46e4d00392|0
[1703.06] PsyNet: PsyNetChannel_X_0 Init party:kYkrgkTG
[1703.06] PsyNet: PsyNetChannel_X_0 Open party:kYkrgkTG
[1703.06] PsyNet: PsyNetChannel_X_0 party:kYkrgkTG waiting for first channel message
[1703.16] PartyChallenge: UpdateLevelAndChallengesForPlayer InPlayerId=(Epic|8818b4dba79a43d18b986f46e4d00392|0) InXPLevel=(334) bInCompletedChallenges=(True) bInLegacyPlayer=(False) bInGuestAccount=(False)
[1703.16] Eula: RequiresAcceptance? EulaConfig?.bRequiresAcceptance=(True) GetUISave()?.Contains('bAcceptedOfflineEULA')=(True) Eula.SyncState=(LSS_Accepted)
[1703.16] Party: BroadcastMatchmakingAvailabilityDelayed PartyMemberID:'Epic|8818b4dba79a43d18b986f46e4d00392|0' MatchmakeRestrictions=(0)
[1703.16] Party: SetAvailableForMatchmakingForMember PartyMemberID:'Epic|8818b4dba79a43d18b986f46e4d00392|0' MatchmakeRestrictions=(0)
[1703.16] Party: BroadcastDisableCrossPlay PartyMemberID:'Epic|8818b4dba79a43d18b986f46e4d00392|0' PartyMembers[ PartyMemberIndex ].bDisableCrossPlay=(False)
[1703.16] Party: BroadcastCrossTextChatState PartyMemberID:'Epic|8818b4dba79a43d18b986f46e4d00392|0' PartyMembers[PartyMemberIndex].CrossChatState=(PCCS_Everybody)
[1703.26] PartyChallenge: UpdateLevelAndChallengesForPlayer InPlayerId=(Epic|8818b4dba79a43d18b986f46e4d00392|0) InXPLevel=(334) bInCompletedChallenges=(True) bInLegacyPlayer=(False) bInGuestAccount=(False)
[1703.49] EOSVoice: Joining room kYkrgkTG
[1703.49] PsyNet: PsyNetChannel_X_0 party:kYkrgkTG first channel message MessageID=1
[1703.49] PsyNet: PsyNetChannel_X_0 party:kYkrgkTG executing MessageID=1
[1703.50] PsyNet: PsyNetServiceProvider_X_1 ExecuteService Complete, Service=Party/System 
[1703.55] PsyNet: PsyNetChannel_X_0 party:kYkrgkTG receive message MessageID=4
[1703.55] PsyNet: PsyNetChannel_X_0 party:kYkrgkTG waiting for 2
[1703.55] PsyNet: PsyNetChannel_X_0 party:kYkrgkTG receive message MessageID=2
[1703.55] PsyNet: PsyNetChannel_X_0 party:kYkrgkTG executing MessageID=2
[1703.55] PsyNet: PsyNetChannel_X_0 party:kYkrgkTG waiting for 3
[1703.56] PsyNet: PsyNetServiceProvider_X_1 ExecuteService Complete, Service=Party/System 
[1703.56] PsyNet: PsyNetChannel_X_0 party:kYkrgkTG receive message MessageID=3
[1703.56] PsyNet: PsyNetChannel_X_0 party:kYkrgkTG executing MessageID=3
[1703.56] PsyNet: PsyNetChannel_X_0 party:kYkrgkTG executing MessageID=4
[1703.57] PsyNet: PsyNetServiceProvider_X_1 ExecuteService Complete, Service=Party/System 
[1703.57] PsyNet: PsyNetServiceProvider_X_1 ExecuteService Complete, Service=Party/System 
[1703.60] PsyNet: PsyNetChannel_X_0 party:kYkrgkTG receive message MessageID=5
[1703.60] PsyNet: PsyNetChannel_X_0 party:kYkrgkTG executing MessageID=5
[1703.61] PsyNet: PsyNetServiceProvider_X_1 ExecuteService Complete, Service=Party/System 
[1703.62] PsyNet: PsyNetChannel_X_0 party:kYkrgkTG receive message MessageID=6
[1703.62] PsyNet: PsyNetChannel_X_0 party:kYkrgkTG executing MessageID=6
[1703.63] PsyNet: PsyNetServiceProvider_X_1 ExecuteService Complete, Service=Party/System 
[1703.64] PsyNet: PsyNetChannel_X_0 party:kYkrgkTG receive message MessageID=7
[1703.64] PsyNet: PsyNetChannel_X_0 party:kYkrgkTG executing MessageID=7
[1703.65] PsyNet: PsyNetServiceProvider_X_1 ExecuteService Complete, Service=Party/System 
[1703.65] PsyNet: PsyNetChannel_X_0 party:kYkrgkTG receive message MessageID=8
[1703.65] PsyNet: PsyNetChannel_X_0 party:kYkrgkTG executing MessageID=8
[1703.66] PsyNet: PsyNetServiceProvider_X_1 ExecuteService Complete, Service=Party/System 
[1703.68] PsyNet: PsyNetChannel_X_0 party:kYkrgkTG receive message MessageID=9
[1703.68] PsyNet: PsyNetChannel_X_0 party:kYkrgkTG executing MessageID=9
[1703.69] PsyNet: PsyNetServiceProvider_X_1 ExecuteService Complete, Service=Party/System 
[1703.69] PsyNet: PsyNetChannel_X_0 party:kYkrgkTG receive message MessageID=10
[1703.69] PsyNet: PsyNetChannel_X_0 party:kYkrgkTG executing MessageID=10
[1703.70] PsyNet: PsyNetServiceProvider_X_1 ExecuteService Complete, Service=Party/System 
[1704.09] PsyNet: PsyNetChannel_X_0 party:kYkrgkTG receive message MessageID=11
[1704.09] PsyNet: PsyNetChannel_X_0 party:kYkrgkTG executing MessageID=11
[1704.10] PsyNet: PsyNetServiceProvider_X_1 ExecuteService Complete, Service=Party/System 
[1704.41] EOSVoice: SetPlayerMuteStatus for player 8818b4dba79a43d18b986f46e4d00392 in room kYkrgkTG to False
[1704.73] EOSGameClips: EOSGameClips: Currently recording: true
[1704.78] PsyNet: PsyNetChannel_X_0 party:kYkrgkTG receive message MessageID=12
[1704.78] PsyNet: PsyNetChannel_X_0 party:kYkrgkTG executing MessageID=12
[1704.79] PsyNet: PsyNetServiceProvider_X_1 ExecuteService Complete, Service=Party/System 
[1705.51] EOSGameClips: EOSGameClips: Currently recording: true
[1705.51] EOSGameClips: CaptureClipPressed Capture clip called for player:  GetEpicAccountId()=(8818b4dba79a43d18b986f46e4d00392) InGameClipInputType=(GoalReplay)
[1705.71] EOSGameClips: EOSGameClips: Starting background recording: API Version 2, Clip Duration 30
[1705.84] XPProgression: GFxHUD_TA.HandleGameStateChanged Current player match score = 741, UniqueId=(Epic|8818b4dba79a43d18b986f46e4d00392|0), with total match time = 269.8226 seconds, with total net time = 269.8226seconds
[1705.84] Party: Ranked Game Finished, Clear party member server
[1705.84] RankedReconnect: RankedReconnectSave_TA_0.ClearRankedReconnect()
[1705.85] EOSGameClips: EOSGameClips: Currently recording: true
[1705.85] EOSGameClips: EOSGameClips: Take a clip! Account: 8818b4dba79a43d18b986f46e4d00392
[1705.85] EOSGameClips: CreateClip Attempting to clip for account:  ClipId=(7) AccountId=(8818b4dba79a43d18b986f46e4d00392) InGameClipInputType=(GoalReplay)
[1705.86] DevOnline: EOSSDK-LogEOSGameClips: Failed to create clip: 
[1705.86] DevOnline: EOSSDK-LogEOSGameClips: Clip '19B844C54E5361EC65B894B5CA5B22C0': Clip 7 failed: Not enough frames recorded
[1705.86] EOSGameClips: EOSGameClips: Clip progress callback. ClipId: 7, ERROR - Result Code: EOS_GameClips_CreateFailed
[1705.86] EOSGameClips: EOSGameClips: Setting clip upload finished for user: 8818b4dba79a43d18b986f46e4d00392, clip: 7
[1705.86] Warning: EOSGameClips: Could not find clip with id: 7. The clip may be corrupt.
[1705.86] EOSGameClips: EOSGameClipsMetrics_TA_0.RecordClipInfo()  - Errors[0] InClipInfoMetric.Errors[Index]=(GameClipsFailedToUpload)
[1706.04] Prime24121: StartSearch.PreferredRegions.Length 5
[1706.04] Matchmaking: OnlineGameMatchmaking_X_0 OnlineGameMatchmaking_X -> PingRegions
[1706.04] Party: UpdatePartyLock NewLockStatus=(True)
[1706.22] PartyChallenge: UpdateChallengeProgressForCompetitive bChallengesComplete=(True) ChallengeState=(Challenge_Success) bChallengeSync=(True) bChallengesAreValid=(True) bLegacyPlayer=(False) bGuestAccount=(False) Online_X.UniqueNetIDToString(Manager.Outer.PlayerID)=(Epic|8818b4dba79a43d18b986f46e4d00392|0) Complete
[1706.23] PsyNet: PsyNetServiceProvider_X_1 ExecuteService Complete, Service=Challenges/PlayerProgress 
[1706.25] XPProgression: SaveData_TA.HandleRewardDropNotification PsyNetService_RewardDropReceived_TA returned Total XP Earned = 3788.0000, in match with ID = B276704611F12D0F5953149060D4B411 , Current player match score = 741, UniqueId=(Epic|8818b4dba79a43d18b986f46e4d00392|0), with total match time = 269.8226 seconds, with total net time = 269.8226seconds
[1706.26] PartyChallenge: UpdateXPLevelForPlayer InPlayerId=(Epic|8818b4dba79a43d18b986f46e4d00392|0) InXPLevel=(335)
[1706.26] PsyNet: PsyNetServiceProvider_X_1 ExecuteService Complete, Service=Reward/RewardResult 
[1706.26] ScriptLog: GetDLCProducts, UnlockedDLCList=
[1706.50] ScriptLog: RegionPinger_X_5 PingRegions ("18.157.2.90:7787","15.236.255.144:7837","13.50.37.95:8189","3.248.204.91:8089","18.168.145.151:7975","15.160.47.89:7829","3.239.144.68:8137","3.148.37.57:7733","13.244.210.19:7705","18.88.20.134:7883","44.234.81.84:8151","3.101.166.173:8101","15.229.134.213:7865","13.251.60.44:7913","18.163.127.191:7745","13.232.43.65:7817","35.76.138.64:7995","3.25.182.52:8013")
[1706.57] PsyNet: PsyNetChannel_X_0 party:kYkrgkTG receive message MessageID=13
[1706.57] PsyNet: PsyNetChannel_X_0 party:kYkrgkTG executing MessageID=13
[1706.58] PsyNet: PsyNetServiceProvider_X_1 ExecuteService Complete, Service=Party/System 
[1706.59] PsyNet: PsyNetChannel_X_0 party:kYkrgkTG receive message MessageID=14
[1706.59] PsyNet: PsyNetChannel_X_0 party:kYkrgkTG executing MessageID=14
[1706.60] PsyNet: PsyNetServiceProvider_X_1 ExecuteService Complete, Service=Party/System 
[1706.69] Matchmaking: OnlineGameMatchmaking_X_0::PingRegions.Cancel()
[1706.69] Matchmaking: OnlineGameMatchmaking_X_0 PingRegions -> None
[1706.69] Party: UpdatePartyLock NewLockStatus=(False)
[1706.84] DevOnline: PlayerDataStorage_WriteFile: Beginning to upload file. User=(8818b4dba79a43d18b986f46e4d00392) FileName=(RLSaveData)
[1706.84] EOSGameClips: EOSGameClips: Starting background recording: API Version 2, Clip Duration 30
[1706.99] PsyNet: PsyNetChannel_X_0 party:kYkrgkTG receive message MessageID=15
[1706.99] PsyNet: PsyNetChannel_X_0 party:kYkrgkTG executing MessageID=15
[1707.00] Prime24121: StartSearch.PreferredRegions.Length 5
[1707.00] Matchmaking: OnlineGameMatchmaking_X_0 OnlineGameMatchmaking_X -> PingRegions
[1707.00] Party: UpdatePartyLock NewLockStatus=(True)
[1707.00] PsyNet: PsyNetServiceProvider_X_1 ExecuteService Complete, Service=Party/System 
[1707.35] Matchmaking: OnlineGameMatchmaking_X_0::PingRegions.Cancel()
[1707.35] Matchmaking: OnlineGameMatchmaking_X_0 PingRegions -> None
[1707.35] Party: UpdatePartyLock NewLockStatus=(False)
[1707.40] PsyNet: PsyNetChannel_X_0 party:kYkrgkTG receive message MessageID=16
[1707.40] PsyNet: PsyNetChannel_X_0 party:kYkrgkTG executing MessageID=16
[1707.40] PsyNet: PsyNetServiceProvider_X_1 ExecuteService Complete, Service=Party/System 
[1707.60] Prime24121: StartSearch.PreferredRegions.Length 5
[1707.60] Matchmaking: OnlineGameMatchmaking_X_0 OnlineGameMatchmaking_X -> PingRegions
[1707.60] Party: UpdatePartyLock NewLockStatus=(True)
[1707.79] PsyNet: PsyNetChannel_X_0 party:kYkrgkTG receive message MessageID=17
[1707.79] PsyNet: PsyNetChannel_X_0 party:kYkrgkTG executing MessageID=17
[1707.80] PsyNet: PsyNetServiceProvider_X_1 ExecuteService Complete, Service=Party/System 
[1708.19] PsyNet: PsyNetChannel_X_0 party:kYkrgkTG receive message MessageID=18
[1708.19] PsyNet: PsyNetChannel_X_0 party:kYkrgkTG executing MessageID=18
[1708.20] PsyNet: PsyNetServiceProvider_X_1 ExecuteService Complete, Service=Party/System 
[1708.23] Matchmaking: All Regions Pinged: EU5 (0.0750),EU9 (0.0750),ME1 (1.0000),EU1 (0.0917),EU3 (0.0750),EU7 (0.0667),ME3 (0.0917),USE1 (0.1417),USE3 (0.1500),SAF1 (0.2083),USC1 (0.1750),USW3 (0.2167),USW1 (0.2167),SAM1 (0.2750),ASM1 (0.2250),ASC1 (1.0000),IND1 (0.2333),JPN1 (0.2750),OCE1 (0.3206),JPN (1.0000),ASC (1.0000),ASM (1.0000),EU (1.0000),IND (1.0000),ME (1.0000),ME2 (1.0000),OCE (1.0000),SAF (1.0000),SAM (1.0000),USC (1.0000),USE (1.0000),USW (1.0000)
[1708.23] Matchmaking: Failed to ping 'ME1'. Using cached ping '0.1010'
[1708.23] Matchmaking: Failed to ping 'ASC1'. Using cached ping '0.2784'
[1708.23] Log: FCacheExportTask(..\..\TAGame\Cache\RegionCache.cache) wrote 1803 bytes to memory
[1708.23] Matchmaking: OnlineGameMatchmaking_X_0 PingRegions -> Searching
[1708.23] Prime24121: HandleRegionsPinged.PreferredRegions.Length 5
[1708.23] Matchmaking: OnlineGameMatchmaking_X::RecordStart
[1708.23] Matchmaking: Pre-divide PartyLeaderMMR: 24.1546
[1708.23] Matchmaking: Post-divide PartyLeaderMMR: 24.1546
[1708.23] Matchmaking: PartyLeaderTier=(10)
[1708.23] Matchmaking: StartMatchmaking at 2026-03-31 14:47:17 in EU5,EU9,EU1,EU3,EU7 for playlists 10 on game server 130660556
[1708.23] Matchmaking: Creating RPC_StartMatchmaking_X
[1708.23] Matchmaking: PreferredRegions.Length=(5) PreferredPlaylists.Length=(1) Party.GetOrderedPartyMemberIDs().Length=(1)
[1708.23] Matchmaking: SecondsSearching=(0) CurrentServerID=(130660556) bDisableCrossplay=(False) bIgnoreSkill=(False)
[1708.23] Party: UpdatePartyLock NewLockStatus=(True)
[1708.42] Matchmaking: Matchmaking RPC succeeded.
[1708.42] Matchmaking: EstimatedQueueTime=(14.0000)
[1708.58] PsyNet: PsyNetChannel_X_0 party:kYkrgkTG receive message MessageID=19
[1708.58] PsyNet: PsyNetChannel_X_0 party:kYkrgkTG executing MessageID=19
[1708.59] PsyNet: PsyNetServiceProvider_X_1 ExecuteService Complete, Service=Party/System 
[1708.73] DevOnline: PlayerDataStorage_WriteFile: Beginning to upload file. User=(8818b4dba79a43d18b986f46e4d00392) FileName=(RLSettingsData)
[1708.86] ScriptWarning: ScriptWarning, Accessed None 'Car'
	CarComponent_Boost_TA NeoTokyo_Standard_P.TheWorld:PersistentLevel.CarComponent_Boost_TA_131
	Function TAGame.CarComponent_Boost_TA:GiveBoost:01A5
Script call stack:
	Function TAGame.CarComponent_Boost_TA:ClientGiveBoost
	Function TAGame.CarComponent_Boost_TA:GiveBoost

[1708.86] XPProgression: GFxHUD_TA.HandleGameStateChanged Current player match score = 741, UniqueId=(Epic|8818b4dba79a43d18b986f46e4d00392|0), with total match time = 269.8226 seconds, with total net time = 269.8226seconds
[1708.86] Party: Ranked Game Finished, Clear party member server
[1708.86] RankedReconnect: RankedReconnectSave_TA_0.ClearRankedReconnect()
[1708.99] DevOnline: PlayerDataStorage_WriteFile: File upload complete. User=(8818b4dba79a43d18b986f46e4d00392) FileName=(RLSaveData) Success=(1)
[1709.48] DevOnline: PlayerDataStorage_WriteFile: File upload complete. User=(8818b4dba79a43d18b986f46e4d00392) FileName=(RLSettingsData) Success=(1)
[1709.48] SettingsExport: Settings data upload complete. Success: True
[1709.85] EOSGameClips: EOSGameClips: Starting background recording: API Version 2, Clip Duration 30
[1712.33] DevOnline: WebRequest_X_83 SEND: https://datarouter.ol.epicgames.com/datarouter/api/v1/public/data?AppID=RocketLeague.Release&AppVersion=1210528741&AppEnvironment=Prod&UploadType=eteventstream&UserID=|8818b4dba79a43d18b986f46e4d00392|||Epic|8818b4dba79a43d18b986f46e4d00392|0&SessionID=3160ACB646B5F0FF42875186A0A7F66A
[1712.48] DevOnline: WebRequest_X_83 RECV: 204 
[1713.87] PsyNetStaticData: HandleCacheExpired
[1713.87] PsyNetStaticData: UpdateCacheTimerEnabled CacheTimer.bEnabled=(True)
[1713.87] XPProgression: GFxHUD_TA.HandleGameStateChanged Current player match score = 741, UniqueId=(Epic|8818b4dba79a43d18b986f46e4d00392|0), with total match time = 269.8226 seconds, with total net time = 269.8226seconds
[1713.87] Party: Ranked Game Finished, Clear party member server
[1713.87] RankedReconnect: RankedReconnectSave_TA_0.ClearRankedReconnect()
[1713.89] Online: TryToPlayOnline ControllerID=(-1)
[1713.89] Online: HandlePrivilegeCheckFinished PrivilegeCheck.bHasRestriction=(False)
[1713.89] Online: HandlePrivilegeCheck PrivilegeCheck.bHasRestriction=(False)
[1713.89] EOSGameClips: EOSGameClips: Recording changed from Recording to NotRecording.
[1713.89] DevOnline: WebRequest_X_84 SEND: https://config.psynet.gg/v2/Config/BattleCars/1210528741/Prod/Epic/INT/
[1713.93] Log: FSaveDataExportTask(0) wrote 1025425 bytes to memory
[1713.93] Log: SaveGameDataAsync game thread time: 8 ms
[1713.95] Log: Deleting old save file ..\..\TAGame\SaveDataEpic\DBE_Production\8818b4dba79a43d18b986f46e4d00392.save
[1713.95] Log: SaveDataExport(0): Finished - File:[..\..\TAGame\SaveDataEpic\DBE_Production\8818b4dba79a43d18b986f46e4d00392_2.save] Result:[1]
[1713.95] SettingsExport: CreateSnapshot Metadata {"userId":"Epic|8818b4dba79a43d18b986f46e4d00392|0","platformKey":"Epic","schemaVersion":0,"clientVersion":1532151,"timestampUtc":1774968442,"settingsVersion":7910,"checksum":1603089725 Payload Size  96971
[1713.95] SettingsExport: Payload changed. Notifying new Checksum: 1603089725
[1713.95] SettingsExport: Local settings updated, uploading data
[1714.07] DevOnline: EOSSDK-LogEOSGameClips: Missing encoder drain completed message.
[1714.18] DevOnline: WebRequest_X_84 RECV: 304 
[1714.77] Loadout: Could not find package for asset title_generic_T_SF
[1716.93] Log: FSaveDataExportTask(0) wrote 1025425 bytes to memory
[1716.93] Log: SaveGameDataAsync game thread time: 7 ms
[1716.95] Log: Deleting old save file ..\..\TAGame\SaveDataEpic\DBE_Production\8818b4dba79a43d18b986f46e4d00392_1.save
[1716.96] Log: SaveDataExport(0): Finished - File:[..\..\TAGame\SaveDataEpic\DBE_Production\8818b4dba79a43d18b986f46e4d00392.save] Result:[1]
[1716.96] SettingsExport: Settings content not changed. Will not update the Settings Online
[1720.47] PsyNetBeaconDetail_X: PsyNetBeacon_X_0 ReserveConnection ReservationID=(6590F3314FD3448C8459A9A7D9DE0CC5) ConnectionID=(eyJ0eXAiOiJKV1QiLCJhbGciOiJIUzUxMiJ9.eyJqdGkiOiIzMzI5ZTJmNzQxNDM0MmNlODIxM2U3MjhjZTNmZTk0MCIsImlzcyI6IlBzeU5ldCIsInBsYXllcl9pZCI6IkVwaWN8ODgxOGI0ZGJhNzlhNDNkMThiOTg2ZjQ2ZTRkMDAzOTJ8MCIsInNlcnZlcl9uYW1lIjoiRVU1LTBBRTIwQTE5QjFGMTNCRDE5LU5pdHJvIiwiaWF0IjoxNzc0OTY4NDQ5LCJuYmYiOjE3NzQ5Njg0NDksImV4cCI6MTc3NDk4Mjg0OX0.t2EcDCDo6dBYCq-CM5JOcaIgQSw1hMGULlomNISkWpKALVgUmiazqVnhIcKr9sFVzrQ_43nLC7RL7BIp4epvqA)
[1720.47] PsyNetBeaconDetail_X: PsyNetBeacon_X_0 ClientHandleMessage Message.MessageType=(ClientReservationMessage_X) Message.ReservationID=(6590F3314FD3448C8459A9A7D9DE0CC5)
[1720.48] CheckReservation: Received game server from notification (v3) Message.Reservation=((ServerName="EU5-0AE20A19B1F13BD19-Nitro",Playlist=10,Region="EU",ReservationID="6590F3314FD3448C8459A9A7D9DE0CC5",DSRToken="eyJ0eXAiOiJKV1QiLCJhbGciOiJIUzUxMiJ9.eyJqdGkiOiIzMzI5ZTJmNzQxNDM0MmNlODIxM2U3MjhjZTNmZTk0MCIsImlzcyI6IlBzeU5ldCIsInBsYXllcl9pZCI6IkVwaWN8ODgxOGI0ZGJhNzlhNDNkMThiOTg2ZjQ2ZTRkMDAzOTJ8MCIsInNlcnZlcl9uYW1lIjoiRVU1LTBBRTIwQTE5QjFGMTNCRDE5LU5pdHJvIiwiaWF0IjoxNzc0OTY4NDQ5LCJuYmYiOjE3NzQ5Njg0NDksImV4cCI6MTc3NDk4Mjg0OX0.t2EcDCDo6dBYCq-CM5JOcaIgQSw1hMGULlomNISkWpKALVgUmiazqVnhIcKr9sFVzrQ_43nLC7RL7BIp4epvqA",JoinName="50ZR1MQOACTKZG8W",JoinPassword="2XD88CPVGVZK0LJV"))
[1720.48] JoinGame: StartJoin Reservation=((ServerName="EU5-0AE20A19B1F13BD19-Nitro",Playlist=10,Region="EU",ReservationID="6590F3314FD3448C8459A9A7D9DE0CC5",DSRToken="eyJ0eXAiOiJKV1QiLCJhbGciOiJIUzUxMiJ9.eyJqdGkiOiIzMzI5ZTJmNzQxNDM0MmNlODIxM2U3MjhjZTNmZTk0MCIsImlzcyI6IlBzeU5ldCIsInBsYXllcl9pZCI6IkVwaWN8ODgxOGI0ZGJhNzlhNDNkMThiOTg2ZjQ2ZTRkMDAzOTJ8MCIsInNlcnZlcl9uYW1lIjoiRVU1LTBBRTIwQTE5QjFGMTNCRDE5LU5pdHJvIiwiaWF0IjoxNzc0OTY4NDQ5LCJuYmYiOjE3NzQ5Njg0NDksImV4cCI6MTc3NDk4Mjg0OX0.t2EcDCDo6dBYCq-CM5JOcaIgQSw1hMGULlomNISkWpKALVgUmiazqVnhIcKr9sFVzrQ_43nLC7RL7BIp4epvqA",JoinName="50ZR1MQOACTKZG8W",JoinPassword="2XD88CPVGVZK0LJV")) JoinSettings=((PlaylistId=10))
[1720.48] JoinGame: GotoJoinGameState OnlineGameJoinGame_TA -> VerifyPrivileges
[1720.48] Online: TryToPlayOnline ControllerID=(-1)
[1720.48] Matchmaking: OnlineGameMatchmaking_X_0 Searching -> Joining
[1720.48] Party: UpdatePartyLock NewLockStatus=(True)
[1720.48] Online: HandlePrivilegeCheckFinished PrivilegeCheck.bHasRestriction=(False)
[1720.48] JoinGame: GotoJoinGameState VerifyPrivileges -> ReservingServerForMatchmaking
[1720.48] PsyNetBeaconDetail_X: PsyNetBeacon_X_0 SendMessageToServer Message=(AddReservationMessagePublic_X_4)
[1720.48] PsyNet: PsyNetServiceProvider_X_1 ExecuteService Complete, Service=DSR/ClientMessage 
[1721.00] PsyNet: PsyNetChannel_X_0 party:kYkrgkTG receive message MessageID=20
[1721.00] PsyNet: PsyNetChannel_X_0 party:kYkrgkTG executing MessageID=20
[1721.01] PsyNet: PsyNetServiceProvider_X_1 ExecuteService Complete, Service=Party/System 
[1721.02] PsyNetBeaconDetail_X: PsyNetBeacon_X_0 ClientHandleMessage Message.MessageType=(ReservationsWaitingMessage_X) Message.ReservationID=(6590F3314FD3448C8459A9A7D9DE0CC5)
[1721.02] JoinGame: Waiting for more players to add reservations
[1721.02] Party: HandleServerReserved (Reservation=(ServerName="EU5-0AE20A19B1F13BD19-Nitro",Playlist=10,Region="EU",ReservationID="6590F3314FD3448C8459A9A7D9DE0CC5",DSRToken="eyJ0eXAiOiJKV1QiLCJhbGciOiJIUzUxMiJ9.eyJqdGkiOiIzMzI5ZTJmNzQxNDM0MmNlODIxM2U3MjhjZTNmZTk0MCIsImlzcyI6IlBzeU5ldCIsInBsYXllcl9pZCI6IkVwaWN8ODgxOGI0ZGJhNzlhNDNkMThiOTg2ZjQ2ZTRkMDAzOTJ8MCIsInNlcnZlcl9uYW1lIjoiRVU1LTBBRTIwQTE5QjFGMTNCRDE5LU5pdHJvIiwiaWF0IjoxNzc0OTY4NDQ5LCJuYmYiOjE3NzQ5Njg0NDksImV4cCI6MTc3NDk4Mjg0OX0.t2EcDCDo6dBYCq-CM5JOcaIgQSw1hMGULlomNISkWpKALVgUmiazqVnhIcKr9sFVzrQ_43nLC7RL7BIp4epvqA",JoinName="50ZR1MQOACTKZG8W",JoinPassword="2XD88CPVGVZK0LJV"),JoinCredentials="50ZR1MQOACTKZG8W:2XD88CPVGVZK0LJV")
[1721.03] PsyNet: PsyNetServiceProvider_X_1 ExecuteService Complete, Service=DSR/ClientMessage 
[1721.38] PsyNet: PsyNetChannel_X_0 party:kYkrgkTG receive message MessageID=21
[1721.38] PsyNet: PsyNetChannel_X_0 party:kYkrgkTG executing MessageID=21
[1721.39] PsyNet: PsyNetServiceProvider_X_1 ExecuteService Complete, Service=Party/System 
[1721.79] PsyNetBeaconDetail_X: PsyNetBeacon_X_0 ClientHandleMessage Message.MessageType=(ReservationsReadyMessage_X) Message.ReservationID=(6590F3314FD3448C8459A9A7D9DE0CC5)
[1721.79] Party: HandleServerReserved (Reservation=(ServerName="EU5-0AE20A19B1F13BD19-Nitro",Playlist=10,Region="EU",ReservationID="6590F3314FD3448C8459A9A7D9DE0CC5",DSRToken="eyJ0eXAiOiJKV1QiLCJhbGciOiJIUzUxMiJ9.eyJqdGkiOiIzMzI5ZTJmNzQxNDM0MmNlODIxM2U3MjhjZTNmZTk0MCIsImlzcyI6IlBzeU5ldCIsInBsYXllcl9pZCI6IkVwaWN8ODgxOGI0ZGJhNzlhNDNkMThiOTg2ZjQ2ZTRkMDAzOTJ8MCIsInNlcnZlcl9uYW1lIjoiRVU1LTBBRTIwQTE5QjFGMTNCRDE5LU5pdHJvIiwiaWF0IjoxNzc0OTY4NDQ5LCJuYmYiOjE3NzQ5Njg0NDksImV4cCI6MTc3NDk4Mjg0OX0.t2EcDCDo6dBYCq-CM5JOcaIgQSw1hMGULlomNISkWpKALVgUmiazqVnhIcKr9sFVzrQ_43nLC7RL7BIp4epvqA",JoinName="50ZR1MQOACTKZG8W",JoinPassword="2XD88CPVGVZK0LJV"),PingURL="18.157.15.131:7777",GameURL="18.157.15.131:7776",JoinCredentials="50ZR1MQOACTKZG8W:2XD88CPVGVZK0LJV")
[1721.79] JoinGame: GotoJoinGameState ReservingServerForMatchmaking -> JoinCountdown
[1721.79] PsyNetBeaconDetail_X: PsyNetBeacon_X_0 SendMessageToServer Message=(PingMessage_X_8)
[1721.80] PsyNet: PsyNetServiceProvider_X_1 ExecuteService Complete, Service=DSR/ClientMessage 
[1722.15] PsyNetBeaconDetail_X: PsyNetBeacon_X_0 ClientHandleMessage Message.MessageType=(PingMessage_X) Message.ReservationID=(6590F3314FD3448C8459A9A7D9DE0CC5)
[1722.16] PsyNet: PsyNetServiceProvider_X_1 ExecuteService Complete, Service=DSR/ClientMessage 
[1722.17] PsyNet: PsyNetChannel_X_0 party:kYkrgkTG receive message MessageID=22
[1722.17] PsyNet: PsyNetChannel_X_0 party:kYkrgkTG executing MessageID=22
[1722.17] PsyNet: PsyNetServiceProvider_X_1 ExecuteService Complete, Service=Party/System 
[1724.79] JoinGame: GotoJoinGameState JoinCountdown -> OpeningLoadingScreen
[1724.79] RankedReconnect: OnlineGameJoinGame_TA_0::OpeningLoadingScreen.BeginState()
[1724.79] RankedReconnect: LocalPlayer_TA_0.UpdateRankedReconnect() RankedSoloDuel True 2 False
[1724.79] RankedReconnect: RankedReconnectSave_TA_0.ClearRankedReconnect()
[1724.79] DevNet: Browse: JoinGameTransition?Name=%e6%bc%a2+%e9%be%8d+%e7%8e%8b+%e7%a5%9e+%e9%97%87%e6%bc%a2+%e9%be%8d+%e7%8e%8b+%e7%a5%9e?game=TAGame.GameInfo_Transition_TA
[1724.85] Log: FSaveDataExportTask(0) wrote 1025425 bytes to memory
[1724.85] Log: SaveGameDataAsync game thread time: 8 ms
[1724.85] Log: LoadMap: JoinGameTransition?Name=%e6%bc%a2+%e9%be%8d+%e7%8e%8b+%e7%a5%9e+%e9%97%87%e6%bc%a2+%e9%be%8d+%e7%8e%8b+%e7%a5%9e?game=TAGame.GameInfo_Transition_TA
[1724.85] Spawn: TextChatActor_TA_12 Destroyed
[1724.85] EOSGameClips: ShutDown : Shutting down EOSGameClipsController_TA. Self=(EOSGameClipsController_TA_10) PlayerOwner?.GetUniqueNetId()=(Epic|8818b4dba79a43d18b986f46e4d00392|0)
[1724.86] Spawn: TextChatActor_TA_13 Destroyed
[1724.86] Spawn: TextChatActor_TA_14 Destroyed
[1724.87] Log: Deleting old save file ..\..\TAGame\SaveDataEpic\DBE_Production\8818b4dba79a43d18b986f46e4d00392_2.save
[1724.87] Log: SaveDataExport(0): Finished - File:[..\..\TAGame\SaveDataEpic\DBE_Production\8818b4dba79a43d18b986f46e4d00392_1.save] Result:[1]
[1724.87] DevOnline: PsyNet Flush Start TimeoutSeconds=0.250000
[1725.11] DevOnline: PsyNet Flush End
[1725.12] NetComeGo: Close TcpipConnection_3 18.156.223.99:8180 31/03/2026 15:47:34 'Control channel cleanup'
[1725.12] NetComeGo: TcpipConnection_3 Control channel closed, reason=Control channel cleanup
[1725.13] Exit: TcpNetDriver_3 shut down
[1725.13] Log: Fully load package: ..\..\TAGame\CookedPCConsole\GameInfo_Transition_SF.upk
[1725.14] Log: Game class is 'GameInfo_Transition_TA'
[1725.18] Log: Bringing World JoinGameTransition.TheWorld up for play (0) at 2026.03.31-15.47.34
[1725.18] Log: Bringing up level for play took: 0.042073
[1725.18] PartyChallenge: UpdateChallengeProgressForCompetitive bChallengesComplete=(True) ChallengeState=(Challenge_Success) bChallengeSync=(True) bChallengesAreValid=(True) bLegacyPlayer=(False) bGuestAccount=(False) Online_X.UniqueNetIDToString(Manager.Outer.PlayerID)=(Epic|8818b4dba79a43d18b986f46e4d00392|0) Complete
[1725.18] PartyChallenge: InitializeCompetitiveChallenges bGuestAccount=(False) bCompletedChallengesForCompetitive=(True) bLegacyPlayer=(False) Online_X.UniqueNetIDToString(OnlinePlayer.PlayerID)=(Epic|8818b4dba79a43d18b986f46e4d00392|0)
[1725.18] JoinGame: GotoJoinGameState OpeningLoadingScreen -> JoiningNewServer
[1725.18] DevNet: SetProgress, MessageType=1, Title=, Message=Connecting...
[1725.18] Log: ########### Finished loading level: 0.324938 seconds
[1725.18] SettingsExport: CreateSnapshot Metadata {"userId":"Epic|8818b4dba79a43d18b986f46e4d00392|0","platformKey":"Epic","schemaVersion":0,"clientVersion":1532151,"timestampUtc":1774968454,"settingsVersion":7912,"checksum":430693612 Payload Size  96971
[1725.18] SettingsExport: Payload changed. Notifying new Checksum: 430693612
[1725.18] SettingsExport: Local settings updated, uploading data
[1725.18] DevNet: Browse: 18.157.15.131:7776/MENU_Main_p?Name=%e6%bc%a2+%e9%be%8d+%e7%8e%8b+%e7%a5%9e+%e9%97%87%e6%bc%a2+%e9%be%8d+%e7%8e%8b+%e7%a5%9e
[1725.18] DevNet: Game client on port 7776, rate 15000
[1725.18] NetComeGo: SEND first packet Length=80 CRC=-1783857823
[1725.27] NetComeGo: TcpipConnection_4 RECV first packet IP=18.157.15.131:7776 Length=15 CRC=1495334069 HandshakeStatus=0 bUseSessionUID=1 InSessionUID=(0 0 0) SessionUID=(0 0 0)
[1725.27] NetComeGo: Client set SessionUID to: 50 195 41
[1725.47] DevNet: Welcomed by server (Level: FF_Dusk_P, Game: TAGame.GameInfo_Soccar_TA, GameTags: )
[1725.48] Log: FSaveDataExportTask(0) wrote 1025425 bytes to memory
[1725.48] Log: SaveGameDataAsync game thread time: 8 ms
[1725.49] Log: Deleting old save file ..\..\TAGame\SaveDataEpic\DBE_Production\8818b4dba79a43d18b986f46e4d00392.save
[1725.49] Log: SaveDataExport(0): Finished - File:[..\..\TAGame\SaveDataEpic\DBE_Production\8818b4dba79a43d18b986f46e4d00392_2.save] Result:[1]
[1725.49] Log: Flushing async loaders.
[1725.50] Log: Flushed async loaders.
[1725.50] Log: LoadMap: 18.157.15.131:7776/FF_Dusk_P?Name=%e6%bc%a2+%e9%be%8d+%e7%8e%8b+%e7%a5%9e+%e9%97%87%e6%bc%a2+%e9%be%8d+%e7%8e%8b+%e7%a5%9e?game=TAGame.GameInfo_Soccar_TA
[1725.51] DevOnline: PsyNet Flush Start TimeoutSeconds=0.250000
[1725.69] DevOnline: PsyNet Flush End
[1725.70] Log: Fully load package: ..\..\TAGame\CookedPCConsole\GameInfo_Soccar_SF.upk
[1725.79] Log: Fully load package: ..\..\TAGame\CookedPCConsole\GFxSounds_XP_SF.upk
[1725.79] Log: Fully load package: ..\..\TAGame\CookedPCConsole\GFx_XPProgressMenu_SF.upk
[1725.82] Log: Fully load package: ..\..\TAGame\CookedPCConsole\GFX_EndGameMenu_SF.upk
[1725.86] Log: Fully load package: ..\..\TAGame\CookedPCConsole\GFX_WinnerMenu_SF.upk
[1725.88] Log: Fully load package: ..\..\TAGame\CookedPCConsole\GFX_MidGameScoreboard_SF.upk
[1725.88] Log: Fully load package: ..\..\TAGame\CookedPCConsole\GFX_MidGameMenu_SF.upk
[1725.89] Log: Fully load package: ..\..\TAGame\CookedPCConsole\GFX_HudMatchInfo_SF.upk
[1725.90] Log: Fully load package: ..\..\TAGame\CookedPCConsole\GFX_Hud_SF.upk
[1726.68] Log: Bringing World FF_Dusk_P.TheWorld up for play (0) at 2026.03.31-15.47.35
[1726.68] Log: Octree Warning (AddPrimitive): StaticMeshActor_SMC_136 (Owner: FF_Dusk_DriftMtn.TheWorld:PersistentLevel.MeshCollector2) Outside World.
[1726.69] Log: Bringing up level for play took: 0.034809
[1726.78] RootMenu: [GFx] UIShellInstance - setting the shell instance
[1726.80] PartyChallenge: UpdateChallengeProgressForCompetitive bChallengesComplete=(True) ChallengeState=(Challenge_Success) bChallengeSync=(True) bChallengesAreValid=(True) bLegacyPlayer=(False) bGuestAccount=(False) Online_X.UniqueNetIDToString(Manager.Outer.PlayerID)=(Epic|8818b4dba79a43d18b986f46e4d00392|0) Complete
[1726.80] PartyChallenge: InitializeCompetitiveChallenges bGuestAccount=(False) bCompletedChallengesForCompetitive=(True) bLegacyPlayer=(False) Online_X.UniqueNetIDToString(OnlinePlayer.PlayerID)=(Epic|8818b4dba79a43d18b986f46e4d00392|0)
[1726.80] JoinGame: OnJoinGameComplete bSuccess=(True) FailReason=()
[1726.80] JoinGame: GotoJoinGameState JoiningNewServer -> None
[1726.80] PsyNetBeaconDetail_X: PsyNetBeacon_X_0 Close
[1726.80] PsyNetBeaconDetail_X: PsyNetBeacon_X_0 CloseConnection Connection.ConnectionID=(eyJ0eXAiOiJKV1QiLCJhbGciOiJIUzUxMiJ9.eyJqdGkiOiIzMzI5ZTJmNzQxNDM0MmNlODIxM2U3MjhjZTNmZTk0MCIsImlzcyI6IlBzeU5ldCIsInBsYXllcl9pZCI6IkVwaWN8ODgxOGI0ZGJhNzlhNDNkMThiOTg2ZjQ2ZTRkMDAzOTJ8MCIsInNlcnZlcl9uYW1lIjoiRVU1LTBBRTIwQTE5QjFGMTNCRDE5LU5pdHJvIiwiaWF0IjoxNzc0OTY4NDQ5LCJuYmYiOjE3NzQ5Njg0NDksImV4cCI6MTc3NDk4Mjg0OX0.t2EcDCDo6dBYCq-CM5JOcaIgQSw1hMGULlomNISkWpKALVgUmiazqVnhIcKr9sFVzrQ_43nLC7RL7BIp4epvqA)
[1726.80] Matchmaking: OnlineGameMatchmaking_X_0 Joining -> None
[1726.80] Party: UpdatePartyLock NewLockStatus=(False)
[1726.80] Spawn: TextChatActor_TA_15 OnOwnerChanged PlayerController_TA_11
[1726.80] EOSGameClips: Construct Constructed EOSGameClipsController_TA. Self=(EOSGameClipsController_TA_11)
[1726.80] Log: ########### Finished loading level: 1.305665 seconds
[1726.80] MusicPlayer: HandleTrackEnd CurrentTrackPlayingID=(0) PlayingID=(21375)
[1726.80] MusicPlayer: HandleTrackEnd CurrentTrackPlayingID=(0) PlayingID=(21375)
[1726.81] SettingsExport: Settings content not changed. Will not update the Settings Online
[1727.07] EOSGameClips: ShutDown : Shutting down EOSGameClipsController_TA. Self=(EOSGameClipsController_TA_11) PlayerOwner?.GetUniqueNetId()=(Epic|8818b4dba79a43d18b986f46e4d00392|0)
[1727.07] PartyChallenge: UpdateChallengeProgressForCompetitive bChallengesComplete=(True) ChallengeState=(Challenge_Success) bChallengeSync=(True) bChallengesAreValid=(True) bLegacyPlayer=(False) bGuestAccount=(False) Online_X.UniqueNetIDToString(Manager.Outer.PlayerID)=(Epic|8818b4dba79a43d18b986f46e4d00392|0) Complete
[1727.07] PartyChallenge: InitializeCompetitiveChallenges bGuestAccount=(False) bCompletedChallengesForCompetitive=(True) bLegacyPlayer=(False) Online_X.UniqueNetIDToString(OnlinePlayer.PlayerID)=(Epic|8818b4dba79a43d18b986f46e4d00392|0)
[1727.07] EOSGameClips: Construct Constructed EOSGameClipsController_TA. Self=(EOSGameClipsController_TA_12)
[1727.07] ScriptLog: Client InputRate=60
[1727.07] DevNet: PlayerController_TA_12 setplayer LocalPlayer_TA_0
[1727.07] PsyNetStaticData: UpdateCacheTimerEnabled CacheTimer.bEnabled=(False)
[1727.07] MatchBroadcast: Init bBroadcastMatch=(False) MatchLog=(None)
[1727.10] Party: UpdatePartyLock NewLockStatus=(False)
[1727.10] ScriptLog: MatchGUID: 8A9A187411F12D106E054BA563E6D63F
[1727.10] Party: UpdatePartyLock NewLockStatus=(False)
[1727.10] ScriptLog: Uncached PlatformId for Epic|8818b4dba79a43d18b986f46e4d00392|0
[1727.10] Spawn: TextChatActor_TA_16 OnOwnerChanged PlayerController_TA_12
[1727.13] RootMenu: [GFx] UIShellInstance - setting the shell instance
[1727.17] Eula: RequiresAcceptance? EulaConfig?.bRequiresAcceptance=(True) GetUISave()?.Contains('bAcceptedOfflineEULA')=(True) Eula.SyncState=(LSS_Accepted)
[1727.17] Party: BroadcastMatchmakingAvailabilityDelayed PartyMemberID:'Epic|8818b4dba79a43d18b986f46e4d00392|0' MatchmakeRestrictions=(0)
[1727.17] Party: SetAvailableForMatchmakingForMember PartyMemberID:'Epic|8818b4dba79a43d18b986f46e4d00392|0' MatchmakeRestrictions=(0)
[1727.19] LTM: SettingsType=(CustomMatchSettingsType_PrivateMatch)
[1727.24] EOSVoice: Voice not enabled for current playlist
[1727.41] PsyNet: PsyNetChannel_X_0 party:kYkrgkTG receive message MessageID=23
[1727.41] PsyNet: PsyNetChannel_X_0 party:kYkrgkTG executing MessageID=23
[1727.42] PsyNet: PsyNetServiceProvider_X_1 ExecuteService Complete, Service=Party/System 
[1727.78] ScriptLog: Uncached PlatformId for Epic|66368e6ff220424c90eb19cc06b5d61a|0
[1727.79] PsyNet: PsyNetChannel_X_0 party:kYkrgkTG receive message MessageID=24
[1727.79] PsyNet: PsyNetChannel_X_0 party:kYkrgkTG executing MessageID=24
[1727.80] PsyNet: PsyNetServiceProvider_X_1 ExecuteService Complete, Service=Party/System 
[1731.23] EOSGameClips: EOSGameClips: Starting background recording: API Version 2, Clip Duration 30
[1731.23] DevOnline: EOSSDK-LogEOSGameClips: Starting recording up to 30 seconds.
[1731.24] EOSGameClips: EOSGameClips: Recording changed from NotRecording to Recording.
[1731.96] EOSGameClips: EOSGameClips: Currently recording: true
[1732.72] DevOnline: EOSSDK-LogEOSRTC: TickTracker Tick is delayed. TimePeriod=[10.005676s]  TickIntervalThreshold=[0.100000s] MaxTickInterval=[0.361301s] MaxExecutionTime=[0.000051s] TicksCount=[919] ExpectedTicksCount=[1000]
[1735.25] EOSGameClips: EOSGameClips: Starting background recording: API Version 2, Clip Duration 30
[1744.72] EOSGameClips: EOSGameClips: Starting background recording: API Version 2, Clip Duration 30
[1747.31] EOSGameClips: EOSGameClips: Currently recording: true
[1748.19] EOSGameClips: EOSGameClips: Currently recording: true
[1748.19] EOSGameClips: CaptureClipPressed Capture clip called for player:  GetEpicAccountId()=(8818b4dba79a43d18b986f46e4d00392) InGameClipInputType=(GoalReplay)
[1748.30] EOSGameClips: EOSGameClips: Starting background recording: API Version 2, Clip Duration 30
[1748.66] EOSGameClips: EOSGameClips: Currently recording: true
[1748.66] EOSGameClips: EOSGameClips: Take a clip! Account: 8818b4dba79a43d18b986f46e4d00392
[1748.66] EOSGameClips: CreateClip Attempting to clip for account:  ClipId=(8) AccountId=(8818b4dba79a43d18b986f46e4d00392) InGameClipInputType=(GoalReplay)
[1748.67] DevOnline: EOSSDK-LogEOSGameClips: Failed to create clip: 
[1748.67] DevOnline: EOSSDK-LogEOSGameClips: Clip 'FCF022AA40B13E6D869EA6A3F612C3DC': Clip 8 failed: Not enough frames recorded
[1748.67] EOSGameClips: EOSGameClips: Clip progress callback. ClipId: 8, ERROR - Result Code: EOS_GameClips_CreateFailed
[1748.67] EOSGameClips: EOSGameClips: Setting clip upload finished for user: 8818b4dba79a43d18b986f46e4d00392, clip: 8
[1748.67] Warning: EOSGameClips: Could not find clip with id: 8. The clip may be corrupt.
[1748.67] EOSGameClips: EOSGameClipsMetrics_TA_0.RecordClipInfo()  - Errors[0] InClipInfoMetric.Errors[Index]=(GameClipsFailedToUpload)
[1749.09] EOSGameClips: EOSGameClips: Currently recording: true
[1749.47] EOSGameClips: EOSGameClips: Currently recording: true
[1749.64] EOSGameClips: EOSGameClips: Starting background recording: API Version 2, Clip Duration 30
[1753.67] EOSGameClips: EOSGameClips: Starting background recording: API Version 2, Clip Duration 30
[1773.25] DevOnline: WebRequest_X_85 SEND: https://datarouter.ol.epicgames.com/datarouter/api/v1/public/data?AppID=RocketLeague.Release&AppVersion=1210528741&AppEnvironment=Prod&UploadType=eteventstream&UserID=|8818b4dba79a43d18b986f46e4d00392|||Epic|8818b4dba79a43d18b986f46e4d00392|0&SessionID=3160ACB646B5F0FF42875186A0A7F66A
[1773.41] DevOnline: WebRequest_X_85 RECV: 204 
[1784.68] EOSGameClips: EOSGameClips: Starting background recording: API Version 2, Clip Duration 30
[1787.24] EOSGameClips: EOSGameClips: Currently recording: true
[1787.93] EOSGameClips: EOSGameClips: Currently recording: true
[1788.86] EOSGameClips: EOSGameClips: Starting background recording: API Version 2, Clip Duration 30
[1789.01] EOSGameClips: EOSGameClips: Currently recording: true
[1792.86] EOSGameClips: EOSGameClips: Starting background recording: API Version 2, Clip Duration 30
[1833.25] DevOnline: WebRequest_X_86 SEND: https://datarouter.ol.epicgames.com/datarouter/api/v1/public/data?AppID=RocketLeague.Release&AppVersion=1210528741&AppEnvironment=Prod&UploadType=eteventstream&UserID=|8818b4dba79a43d18b986f46e4d00392|||Epic|8818b4dba79a43d18b986f46e4d00392|0&SessionID=3160ACB646B5F0FF42875186A0A7F66A
[1833.41] DevOnline: WebRequest_X_86 RECV: 204 
[1873.25] EOSGameClips: EOSGameClips: Starting background recording: API Version 2, Clip Duration 30
[1875.86] EOSGameClips: EOSGameClips: Currently recording: true
[1876.84] EOSGameClips: EOSGameClips: Starting background recording: API Version 2, Clip Duration 30
[1877.19] EOSGameClips: EOSGameClips: Currently recording: true
[1877.97] SplitScreen: Press Start ControllerId=0 Player=LocalPlayer_TA_0
[1878.04] EOSGameClips: EOSGameClips: Starting background recording: API Version 2, Clip Duration 30
[1878.41] Online: TryToPlayOnline ControllerID=(-1)
[1878.41] Online: HandlePrivilegeCheckFinished PrivilegeCheck.bHasRestriction=(False)
[1878.41] Online: HandlePrivilegeCheck PrivilegeCheck.bHasRestriction=(False)
[1878.69] Log: FSaveDataExportTask(0) wrote 1027435 bytes to memory
[1878.69] Log: SaveGameDataAsync game thread time: 7 ms
[1878.71] Log: Deleting old save file ..\..\TAGame\SaveDataEpic\DBE_Production\8818b4dba79a43d18b986f46e4d00392_1.save
[1878.71] Log: SaveDataExport(0): Finished - File:[..\..\TAGame\SaveDataEpic\DBE_Production\8818b4dba79a43d18b986f46e4d00392.save] Result:[1]
[1878.71] SettingsExport: Settings content not changed. Will not update the Settings Online
[1882.01] EOSGameClips: EOSGameClips: Starting background recording: API Version 2, Clip Duration 30
[1887.11] EOSGameClips: EOSGameClips: Starting background recording: API Version 2, Clip Duration 30
[1888.45] EOSGameClips: EOSGameClips: Currently recording: true
[1889.68] EOSGameClips: EOSGameClips: Currently recording: true
[1890.24] EOSGameClips: EOSGameClips: Currently recording: true
[1891.08] EOSGameClips: EOSGameClips: Starting background recording: API Version 2, Clip Duration 30
[1893.25] DevOnline: WebRequest_X_87 SEND: https://datarouter.ol.epicgames.com/datarouter/api/v1/public/data?AppID=RocketLeague.Release&AppVersion=1210528741&AppEnvironment=Prod&UploadType=eteventstream&UserID=|8818b4dba79a43d18b986f46e4d00392|||Epic|8818b4dba79a43d18b986f46e4d00392|0&SessionID=3160ACB646B5F0FF42875186A0A7F66A
[1893.40] DevOnline: WebRequest_X_87 RECV: 204 
[1895.06] EOSGameClips: EOSGameClips: Starting background recording: API Version 2, Clip Duration 30
[1953.24] DevOnline: WebRequest_X_88 SEND: https://datarouter.ol.epicgames.com/datarouter/api/v1/public/data?AppID=RocketLeague.Release&AppVersion=1210528741&AppEnvironment=Prod&UploadType=eteventstream&UserID=|8818b4dba79a43d18b986f46e4d00392|||Epic|8818b4dba79a43d18b986f46e4d00392|0&SessionID=3160ACB646B5F0FF42875186A0A7F66A
[1953.37] DevOnline: WebRequest_X_88 RECV: 204 
[1964.86] EOSGameClips: EOSGameClips: Starting background recording: API Version 2, Clip Duration 30
[1967.38] EOSGameClips: EOSGameClips: Currently recording: true
[1968.37] EOSGameClips: EOSGameClips: Starting background recording: API Version 2, Clip Duration 30
[1969.45] EOSGameClips: EOSGameClips: Currently recording: true
[1970.29] EOSGameClips: EOSGameClips: Starting background recording: API Version 2, Clip Duration 30
[1970.50] EOSGameClips: EOSGameClips: Currently recording: true
[1974.31] EOSGameClips: EOSGameClips: Starting background recording: API Version 2, Clip Duration 30
[2000.41] EOSGameClips: EOSGameClips: Starting background recording: API Version 2, Clip Duration 30
[2002.99] EOSGameClips: EOSGameClips: Currently recording: true
[2003.97] EOSGameClips: EOSGameClips: Starting background recording: API Version 2, Clip Duration 30
[2004.06] Party: Party Time out occurred and no one is in the party
[2004.07] DevOnline: EOS_RTC_AddNotifyDisconnected 'EOS_Success'
[2004.07] DevOnline: Voice - Left voice room: kYkrgkTG
[2004.16] XPGatedPlaylists: Not currently in a party.
[2008.36] EOSGameClips: EOSGameClips: Currently recording: true
[2009.26] EOSGameClips: EOSGameClips: Starting background recording: API Version 2, Clip Duration 30
[2009.33] EOSGameClips: EOSGameClips: Currently recording: true
[2013.24] DevOnline: WebRequest_X_89 SEND: https://datarouter.ol.epicgames.com/datarouter/api/v1/public/data?AppID=RocketLeague.Release&AppVersion=1210528741&AppEnvironment=Prod&UploadType=eteventstream&UserID=|8818b4dba79a43d18b986f46e4d00392|||Epic|8818b4dba79a43d18b986f46e4d00392|0&SessionID=3160ACB646B5F0FF42875186A0A7F66A
[2013.28] EOSGameClips: EOSGameClips: Starting background recording: API Version 2, Clip Duration 30
[2013.39] DevOnline: WebRequest_X_89 RECV: 204 
[2072.39] EOSGameClips: EOSGameClips: Starting background recording: API Version 2, Clip Duration 30
[2073.23] DevOnline: WebRequest_X_90 SEND: https://datarouter.ol.epicgames.com/datarouter/api/v1/public/data?AppID=RocketLeague.Release&AppVersion=1210528741&AppEnvironment=Prod&UploadType=eteventstream&UserID=|8818b4dba79a43d18b986f46e4d00392|||Epic|8818b4dba79a43d18b986f46e4d00392|0&SessionID=3160ACB646B5F0FF42875186A0A7F66A
[2073.40] DevOnline: WebRequest_X_90 RECV: 204 
[2074.97] EOSGameClips: EOSGameClips: Currently recording: true
[2076.45] EOSGameClips: EOSGameClips: Starting background recording: API Version 2, Clip Duration 30
[2076.72] EOSGameClips: EOSGameClips: Currently recording: true
[2080.45] EOSGameClips: EOSGameClips: Starting background recording: API Version 2, Clip Duration 30
[2085.57] EOSGameClips: EOSGameClips: Starting background recording: API Version 2, Clip Duration 30
[2088.07] EOSGameClips: EOSGameClips: Currently recording: true
[2088.87] EOSGameClips: EOSGameClips: Currently recording: true
[2088.87] EOSGameClips: CaptureClipPressed Capture clip called for player:  GetEpicAccountId()=(8818b4dba79a43d18b986f46e4d00392) InGameClipInputType=(GoalReplay)
[2089.06] EOSGameClips: EOSGameClips: Starting background recording: API Version 2, Clip Duration 30
[2089.22] EOSGameClips: EOSGameClips: Currently recording: true
[2089.22] EOSGameClips: EOSGameClips: Take a clip! Account: 8818b4dba79a43d18b986f46e4d00392
[2089.22] EOSGameClips: CreateClip Attempting to clip for account:  ClipId=(9) AccountId=(8818b4dba79a43d18b986f46e4d00392) InGameClipInputType=(GoalReplay)
[2089.23] DevOnline: EOSSDK-LogEOSGameClips: Failed to create clip: 
[2089.23] DevOnline: EOSSDK-LogEOSGameClips: Clip 'ED52C61C4AADECBF6CE032B39F2C07F9': Clip 9 failed: Not enough frames recorded
[2089.23] EOSGameClips: EOSGameClips: Clip progress callback. ClipId: 9, ERROR - Result Code: EOS_GameClips_CreateFailed
[2089.23] EOSGameClips: EOSGameClips: Setting clip upload finished for user: 8818b4dba79a43d18b986f46e4d00392, clip: 9
[2089.23] Warning: EOSGameClips: Could not find clip with id: 9. The clip may be corrupt.
[2089.23] EOSGameClips: EOSGameClipsMetrics_TA_0.RecordClipInfo()  - Errors[0] InClipInfoMetric.Errors[Index]=(GameClipsFailedToUpload)
[2089.66] SplitScreen: Press Start ControllerId=0 Player=LocalPlayer_TA_0
[2089.95] Log: FSaveDataExportTask(0) wrote 1027489 bytes to memory
[2089.95] Log: SaveGameDataAsync game thread time: 8 ms
[2089.97] Log: Deleting old save file ..\..\TAGame\SaveDataEpic\DBE_Production\8818b4dba79a43d18b986f46e4d00392_2.save
[2089.97] Log: SaveDataExport(0): Finished - File:[..\..\TAGame\SaveDataEpic\DBE_Production\8818b4dba79a43d18b986f46e4d00392_1.save] Result:[1]
[2089.97] SettingsExport: CreateSnapshot Metadata {"userId":"Epic|8818b4dba79a43d18b986f46e4d00392|0","platformKey":"Epic","schemaVersion":0,"clientVersion":1532151,"timestampUtc":1774968819,"settingsVersion":7915,"checksum":646896009 Payload Size  96970
[2089.97] SettingsExport: Payload changed. Notifying new Checksum: 646896009
[2089.97] SettingsExport: Local settings updated, uploading data
[2090.20] EOSGameClips: EOSGameClips: Starting background recording: API Version 2, Clip Duration 30
[2091.93] EOSGameClips: EOSGameClips: Currently recording: true
[2094.14] EOSGameClips: EOSGameClips: Starting background recording: API Version 2, Clip Duration 30
[2120.02] EOSGameClips: EOSGameClips: Starting background recording: API Version 2, Clip Duration 30
[2122.55] EOSGameClips: EOSGameClips: Currently recording: true
[2123.39] EOSGameClips: EOSGameClips: Currently recording: true
[2124.29] EOSGameClips: EOSGameClips: Starting background recording: API Version 2, Clip Duration 30
[2126.11] EOSGameClips: EOSGameClips: Currently recording: true
[2128.26] EOSGameClips: EOSGameClips: Starting background recording: API Version 2, Clip Duration 30
[2133.23] DevOnline: WebRequest_X_91 SEND: https://datarouter.ol.epicgames.com/datarouter/api/v1/public/data?AppID=RocketLeague.Release&AppVersion=1210528741&AppEnvironment=Prod&UploadType=eteventstream&UserID=|8818b4dba79a43d18b986f46e4d00392|||Epic|8818b4dba79a43d18b986f46e4d00392|0&SessionID=3160ACB646B5F0FF42875186A0A7F66A
[2133.39] DevOnline: WebRequest_X_91 RECV: 204 
[2143.30] XPProgression: GFxHUD_TA.HandleGameStateChanged Current player match score = 1040, UniqueId=(Epic|8818b4dba79a43d18b986f46e4d00392|0), with total match time = 304.5807 seconds, with total net time = 304.5807seconds
[2143.30] Party: Ranked Game Finished, Clear party member server
[2143.30] RankedReconnect: RankedReconnectSave_TA_0.ClearRankedReconnect()
[2143.55] PartyChallenge: UpdateChallengeProgressForCompetitive bChallengesComplete=(True) ChallengeState=(Challenge_Success) bChallengeSync=(True) bChallengesAreValid=(True) bLegacyPlayer=(False) bGuestAccount=(False) Online_X.UniqueNetIDToString(Manager.Outer.PlayerID)=(Epic|8818b4dba79a43d18b986f46e4d00392|0) Complete
[2143.56] PsyNet: PsyNetServiceProvider_X_1 ExecuteService Complete, Service=Challenges/PlayerProgress 
[2143.60] XPProgression: SaveData_TA.HandleRewardDropNotification PsyNetService_RewardDropReceived_TA returned Total XP Earned = 1934.0000, in match with ID = 8A9A187411F12D106E054BA563E6D63F , Current player match score = 1040, UniqueId=(Epic|8818b4dba79a43d18b986f46e4d00392|0), with total match time = 305.2869 seconds, with total net time = 305.2869seconds
[2143.61] PsyNet: PsyNetServiceProvider_X_1 ExecuteService Complete, Service=Reward/RewardResult 
[2143.69] Prime24121: StartSearch.PreferredRegions.Length 5
[2143.69] Matchmaking: OnlineGameMatchmaking_X_0 OnlineGameMatchmaking_X -> PingRegions
[2144.13] ScriptLog: RegionPinger_X_6 PingRegions ("18.157.7.6:8021","13.38.192.159:8179","13.50.39.55:8105","52.19.183.94:7729","18.170.198.94:8137","35.152.230.35:7733","3.237.166.121:7993","3.148.36.225:7747","13.244.193.194:7753","18.88.20.134:7941","44.234.81.223:7775","3.101.168.215:7825","15.229.132.77:7937","13.251.114.21:7799","54.46.76.7:7707","65.1.168.177:8017","35.76.42.117:7743","3.26.119.83:8137")
[2144.29] EOSGameClips: EOSGameClips: Starting background recording: API Version 2, Clip Duration 30
[2144.39] DevOnline: PlayerDataStorage_WriteFile: Beginning to upload file. User=(8818b4dba79a43d18b986f46e4d00392) FileName=(RLSaveData)
[2145.22] Matchmaking: All Regions Pinged: EU5 (0.0750),EU9 (0.0833),ME1 (1.0000),EU1 (0.0750),EU3 (0.0750),EU7 (0.0583),ME3 (0.0833),USE1 (0.1417),USE3 (0.1500),SAF1 (0.1833),USC1 (0.1750),USW3 (0.2083),USW1 (0.2167),SAM1 (0.2500),ASM1 (0.2083),ASC1 (0.3056),IND1 (0.2500),JPN1 (0.2972),OCE1 (0.3306),JPN (1.0000),ASC (1.0000),ASM (1.0000),EU (1.0000),IND (1.0000),ME (1.0000),ME2 (1.0000),OCE (1.0000),SAF (1.0000),SAM (1.0000),USC (1.0000),USE (1.0000),USW (1.0000)
[2145.22] Matchmaking: Failed to ping 'ME1'. Using cached ping '0.1010'
[2145.22] Log: FCacheExportTask(..\..\TAGame\Cache\RegionCache.cache) wrote 1803 bytes to memory
[2145.22] Matchmaking: OnlineGameMatchmaking_X_0 PingRegions -> Searching
[2145.22] Prime24121: HandleRegionsPinged.PreferredRegions.Length 5
[2145.22] Matchmaking: OnlineGameMatchmaking_X::RecordStart
[2145.22] Matchmaking: Pre-divide PartyLeaderMMR: 23.3696
[2145.22] Matchmaking: Post-divide PartyLeaderMMR: 23.3696
[2145.22] Matchmaking: PartyLeaderTier=(10)
[2145.22] Matchmaking: StartMatchmaking at 2026-03-31 14:54:34 in EU5,EU9,EU1,EU3,EU7 for playlists 10 on game server 130679120
[2145.22] Matchmaking: Creating RPC_StartMatchmaking_X
[2145.22] Matchmaking: PreferredRegions.Length=(5) PreferredPlaylists.Length=(1) Party.GetOrderedPartyMemberIDs().Length=(1)
[2145.22] Matchmaking: SecondsSearching=(1) CurrentServerID=(130679120) bDisableCrossplay=(False) bIgnoreSkill=(False)
[2145.42] Matchmaking: Matchmaking RPC succeeded.
[2145.42] Matchmaking: EstimatedQueueTime=(13.0000)
[2146.04] DevOnline: PlayerDataStorage_WriteFile: Beginning to upload file. User=(8818b4dba79a43d18b986f46e4d00392) FileName=(RLSettingsData)
[2146.28] XPProgression: GFxHUD_TA.HandleGameStateChanged Current player match score = 1040, UniqueId=(Epic|8818b4dba79a43d18b986f46e4d00392|0), with total match time = 305.2869 seconds, with total net time = 305.2869seconds
[2146.28] Party: Ranked Game Finished, Clear party member server
[2146.28] RankedReconnect: RankedReconnectSave_TA_0.ClearRankedReconnect()
[2146.58] DevOnline: PlayerDataStorage_WriteFile: File upload complete. User=(8818b4dba79a43d18b986f46e4d00392) FileName=(RLSaveData) Success=(1)
[2147.28] EOSGameClips: EOSGameClips: Starting background recording: API Version 2, Clip Duration 30
[2147.53] DevOnline: PlayerDataStorage_WriteFile: File upload complete. User=(8818b4dba79a43d18b986f46e4d00392) FileName=(RLSettingsData) Success=(1)
[2147.53] SettingsExport: Settings data upload complete. Success: True
[2151.31] PsyNetStaticData: HandleCacheExpired
[2151.31] PsyNetStaticData: UpdateCacheTimerEnabled CacheTimer.bEnabled=(True)
[2151.31] XPProgression: GFxHUD_TA.HandleGameStateChanged Current player match score = 1040, UniqueId=(Epic|8818b4dba79a43d18b986f46e4d00392|0), with total match time = 305.2869 seconds, with total net time = 305.2869seconds
[2151.31] Party: Ranked Game Finished, Clear party member server
[2151.31] RankedReconnect: RankedReconnectSave_TA_0.ClearRankedReconnect()
[2151.33] Online: TryToPlayOnline ControllerID=(-1)
[2151.33] Online: HandlePrivilegeCheckFinished PrivilegeCheck.bHasRestriction=(False)
[2151.33] Online: HandlePrivilegeCheck PrivilegeCheck.bHasRestriction=(False)
[2151.33] EOSGameClips: EOSGameClips: Recording changed from Recording to NotRecording.
[2151.34] DevOnline: WebRequest_X_92 SEND: https://config.psynet.gg/v2/Config/BattleCars/1210528741/Prod/Epic/INT/
[2151.51] DevOnline: EOSSDK-LogEOSGameClips: Missing encoder drain completed message.
[2151.72] DevOnline: WebRequest_X_92 RECV: 304 
[2152.16] Log: FSaveDataExportTask(0) wrote 1027442 bytes to memory
[2152.16] Log: SaveGameDataAsync game thread time: 8 ms
[2152.18] Log: Deleting old save file ..\..\TAGame\SaveDataEpic\DBE_Production\8818b4dba79a43d18b986f46e4d00392.save
[2152.18] Log: SaveDataExport(0): Finished - File:[..\..\TAGame\SaveDataEpic\DBE_Production\8818b4dba79a43d18b986f46e4d00392_2.save] Result:[1]
[2152.18] SettingsExport: CreateSnapshot Metadata {"userId":"Epic|8818b4dba79a43d18b986f46e4d00392|0","platformKey":"Epic","schemaVersion":0,"clientVersion":1532151,"timestampUtc":1774968881,"settingsVersion":7916,"checksum":1712631310 Payload Size  96970
[2152.18] SettingsExport: Payload changed. Notifying new Checksum: 1712631310
[2152.18] SettingsExport: Local settings updated, uploading data
[2153.02] PsyNetBeaconDetail_X: PsyNetBeacon_X_0 ReserveConnection ReservationID=(C51B4B2C798F40E3A905FE278754F660) ConnectionID=(eyJ0eXAiOiJKV1QiLCJhbGciOiJIUzUxMiJ9.eyJqdGkiOiJjZjZmYzZhMzM1MjI0ZGVlOWJiYjQ3MzA0YjE4MGVkNSIsImlzcyI6IlBzeU5ldCIsInBsYXllcl9pZCI6IkVwaWN8ODgxOGI0ZGJhNzlhNDNkMThiOTg2ZjQ2ZTRkMDAzOTJ8MCIsInNlcnZlcl9uYW1lIjoiRVU1LTA3QTAzMjAzQUIyNzVDMUI0LUF1cm9yYSIsImlhdCI6MTc3NDk2ODg4MSwibmJmIjoxNzc0OTY4ODgxLCJleHAiOjE3NzQ5ODMyODF9.fvNopU6KWdBf_kdcMo-ijWwBpqzePdL_7lIlwNjQ4IJCTMpgeXxC56h7PhzcwCXCjtyRx8bgoNId1MfhiYYbsw)
[2153.02] PsyNetBeaconDetail_X: PsyNetBeacon_X_0 ClientHandleMessage Message.MessageType=(ClientReservationMessage_X) Message.ReservationID=(C51B4B2C798F40E3A905FE278754F660)
[2153.02] CheckReservation: Received game server from notification (v3) Message.Reservation=((ServerName="EU5-07A03203AB275C1B4-Aurora",Playlist=10,Region="EU",ReservationID="C51B4B2C798F40E3A905FE278754F660",DSRToken="eyJ0eXAiOiJKV1QiLCJhbGciOiJIUzUxMiJ9.eyJqdGkiOiJjZjZmYzZhMzM1MjI0ZGVlOWJiYjQ3MzA0YjE4MGVkNSIsImlzcyI6IlBzeU5ldCIsInBsYXllcl9pZCI6IkVwaWN8ODgxOGI0ZGJhNzlhNDNkMThiOTg2ZjQ2ZTRkMDAzOTJ8MCIsInNlcnZlcl9uYW1lIjoiRVU1LTA3QTAzMjAzQUIyNzVDMUI0LUF1cm9yYSIsImlhdCI6MTc3NDk2ODg4MSwibmJmIjoxNzc0OTY4ODgxLCJleHAiOjE3NzQ5ODMyODF9.fvNopU6KWdBf_kdcMo-ijWwBpqzePdL_7lIlwNjQ4IJCTMpgeXxC56h7PhzcwCXCjtyRx8bgoNId1MfhiYYbsw",JoinName="0JG4XXWJI1668HSR",JoinPassword="P7TF11BJ8MJ1KADA"))
[2153.02] JoinGame: StartJoin Reservation=((ServerName="EU5-07A03203AB275C1B4-Aurora",Playlist=10,Region="EU",ReservationID="C51B4B2C798F40E3A905FE278754F660",DSRToken="eyJ0eXAiOiJKV1QiLCJhbGciOiJIUzUxMiJ9.eyJqdGkiOiJjZjZmYzZhMzM1MjI0ZGVlOWJiYjQ3MzA0YjE4MGVkNSIsImlzcyI6IlBzeU5ldCIsInBsYXllcl9pZCI6IkVwaWN8ODgxOGI0ZGJhNzlhNDNkMThiOTg2ZjQ2ZTRkMDAzOTJ8MCIsInNlcnZlcl9uYW1lIjoiRVU1LTA3QTAzMjAzQUIyNzVDMUI0LUF1cm9yYSIsImlhdCI6MTc3NDk2ODg4MSwibmJmIjoxNzc0OTY4ODgxLCJleHAiOjE3NzQ5ODMyODF9.fvNopU6KWdBf_kdcMo-ijWwBpqzePdL_7lIlwNjQ4IJCTMpgeXxC56h7PhzcwCXCjtyRx8bgoNId1MfhiYYbsw",JoinName="0JG4XXWJI1668HSR",JoinPassword="P7TF11BJ8MJ1KADA")) JoinSettings=((PlaylistId=10))
[2153.02] JoinGame: GotoJoinGameState OnlineGameJoinGame_TA -> VerifyPrivileges
[2153.02] Online: TryToPlayOnline ControllerID=(-1)
[2153.02] Matchmaking: OnlineGameMatchmaking_X_0 Searching -> Joining
[2153.03] Online: HandlePrivilegeCheckFinished PrivilegeCheck.bHasRestriction=(False)
[2153.03] JoinGame: GotoJoinGameState VerifyPrivileges -> ReservingServerForMatchmaking
[2153.03] PsyNetBeaconDetail_X: PsyNetBeacon_X_0 SendMessageToServer Message=(AddReservationMessagePublic_X_5)
[2153.03] PsyNet: PsyNetServiceProvider_X_1 ExecuteService Complete, Service=DSR/ClientMessage 
[2153.51] PsyNetBeaconDetail_X: PsyNetBeacon_X_0 ClientHandleMessage Message.MessageType=(ReservationsWaitingMessage_X) Message.ReservationID=(C51B4B2C798F40E3A905FE278754F660)
[2153.51] JoinGame: Waiting for more players to add reservations
[2153.51] Party: HandleServerReserved (Reservation=(ServerName="EU5-07A03203AB275C1B4-Aurora",Playlist=10,Region="EU",ReservationID="C51B4B2C798F40E3A905FE278754F660",DSRToken="eyJ0eXAiOiJKV1QiLCJhbGciOiJIUzUxMiJ9.eyJqdGkiOiJjZjZmYzZhMzM1MjI0ZGVlOWJiYjQ3MzA0YjE4MGVkNSIsImlzcyI6IlBzeU5ldCIsInBsYXllcl9pZCI6IkVwaWN8ODgxOGI0ZGJhNzlhNDNkMThiOTg2ZjQ2ZTRkMDAzOTJ8MCIsInNlcnZlcl9uYW1lIjoiRVU1LTA3QTAzMjAzQUIyNzVDMUI0LUF1cm9yYSIsImlhdCI6MTc3NDk2ODg4MSwibmJmIjoxNzc0OTY4ODgxLCJleHAiOjE3NzQ5ODMyODF9.fvNopU6KWdBf_kdcMo-ijWwBpqzePdL_7lIlwNjQ4IJCTMpgeXxC56h7PhzcwCXCjtyRx8bgoNId1MfhiYYbsw",JoinName="0JG4XXWJI1668HSR",JoinPassword="P7TF11BJ8MJ1KADA"),JoinCredentials="0JG4XXWJI1668HSR:P7TF11BJ8MJ1KADA")
[2153.52] PsyNet: PsyNetServiceProvider_X_1 ExecuteService Complete, Service=DSR/ClientMessage 
[2154.36] PsyNetBeaconDetail_X: PsyNetBeacon_X_0 ClientHandleMessage Message.MessageType=(ReservationsReadyMessage_X) Message.ReservationID=(C51B4B2C798F40E3A905FE278754F660)
[2154.37] Party: HandleServerReserved (Reservation=(ServerName="EU5-07A03203AB275C1B4-Aurora",Playlist=10,Region="EU",ReservationID="C51B4B2C798F40E3A905FE278754F660",DSRToken="eyJ0eXAiOiJKV1QiLCJhbGciOiJIUzUxMiJ9.eyJqdGkiOiJjZjZmYzZhMzM1MjI0ZGVlOWJiYjQ3MzA0YjE4MGVkNSIsImlzcyI6IlBzeU5ldCIsInBsYXllcl9pZCI6IkVwaWN8ODgxOGI0ZGJhNzlhNDNkMThiOTg2ZjQ2ZTRkMDAzOTJ8MCIsInNlcnZlcl9uYW1lIjoiRVU1LTA3QTAzMjAzQUIyNzVDMUI0LUF1cm9yYSIsImlhdCI6MTc3NDk2ODg4MSwibmJmIjoxNzc0OTY4ODgxLCJleHAiOjE3NzQ5ODMyODF9.fvNopU6KWdBf_kdcMo-ijWwBpqzePdL_7lIlwNjQ4IJCTMpgeXxC56h7PhzcwCXCjtyRx8bgoNId1MfhiYYbsw",JoinName="0JG4XXWJI1668HSR",JoinPassword="P7TF11BJ8MJ1KADA"),PingURL="18.156.228.248:7735",GameURL="18.156.228.248:7734",JoinCredentials="0JG4XXWJI1668HSR:P7TF11BJ8MJ1KADA")
[2154.37] JoinGame: GotoJoinGameState ReservingServerForMatchmaking -> JoinCountdown
[2154.37] PsyNetBeaconDetail_X: PsyNetBeacon_X_0 SendMessageToServer Message=(PingMessage_X_10)
[2154.37] PsyNet: PsyNetServiceProvider_X_1 ExecuteService Complete, Service=DSR/ClientMessage 
[2154.86] DevNet: Bad connection: IP=18.157.15.131:7776 Name="  ‹ ^ Ç"  ‹ ^ State=3 Ping=0.429331 ReceiveTime=0.000000 AckTime=0.000000
[2155.10] PsyNetBeaconDetail_X: PsyNetBeacon_X_0 ClientHandleMessage Message.MessageType=(PingMessage_X) Message.ReservationID=(C51B4B2C798F40E3A905FE278754F660)
[2155.11] PsyNet: PsyNetServiceProvider_X_1 ExecuteService Complete, Service=DSR/ClientMessage 
[2157.37] JoinGame: GotoJoinGameState JoinCountdown -> OpeningLoadingScreen
[2157.37] RankedReconnect: OnlineGameJoinGame_TA_0::OpeningLoadingScreen.BeginState()
[2157.37] RankedReconnect: LocalPlayer_TA_0.UpdateRankedReconnect() RankedSoloDuel True 2 False
[2157.37] RankedReconnect: RankedReconnectSave_TA_0.ClearRankedReconnect()
[2157.37] DevNet: Browse: JoinGameTransition?Name=%e6%bc%a2+%e9%be%8d+%e7%8e%8b+%e7%a5%9e+%e9%97%87%e6%bc%a2+%e9%be%8d+%e7%8e%8b+%e7%a5%9e?game=TAGame.GameInfo_Transition_TA
[2157.43] Log: FSaveDataExportTask(0) wrote 1027442 bytes to memory
[2157.43] Log: SaveGameDataAsync game thread time: 7 ms
[2157.43] Log: LoadMap: JoinGameTransition?Name=%e6%bc%a2+%e9%be%8d+%e7%8e%8b+%e7%a5%9e+%e9%97%87%e6%bc%a2+%e9%be%8d+%e7%8e%8b+%e7%a5%9e?game=TAGame.GameInfo_Transition_TA
[2157.43] Spawn: TextChatActor_TA_15 Destroyed
[2157.43] EOSGameClips: ShutDown : Shutting down EOSGameClipsController_TA. Self=(EOSGameClipsController_TA_12) PlayerOwner?.GetUniqueNetId()=(Epic|8818b4dba79a43d18b986f46e4d00392|0)
[2157.43] Spawn: TextChatActor_TA_16 Destroyed
[2157.43] Spawn: TextChatActor_TA_17 Destroyed
[2157.45] Log: Deleting old save file ..\..\TAGame\SaveDataEpic\DBE_Production\8818b4dba79a43d18b986f46e4d00392_1.save
[2157.45] Log: SaveDataExport(0): Finished - File:[..\..\TAGame\SaveDataEpic\DBE_Production\8818b4dba79a43d18b986f46e4d00392.save] Result:[1]
[2157.45] DevOnline: PsyNet Flush Start TimeoutSeconds=0.250000
[2157.72] DevOnline: PsyNet Flush End
[2157.73] NetComeGo: Close TcpipConnection_4 18.157.15.131:7776 31/03/2026 15:54:47 'Control channel cleanup'
[2157.73] NetComeGo: TcpipConnection_4 Control channel closed, reason=Control channel cleanup
[2157.74] Exit: TcpNetDriver_4 shut down
[2157.74] Log: Fully load package: ..\..\TAGame\CookedPCConsole\GameInfo_Transition_SF.upk
[2157.75] Log: Game class is 'GameInfo_Transition_TA'
[2157.79] Log: Bringing World JoinGameTransition.TheWorld up for play (0) at 2026.03.31-15.54.47
[2157.79] Log: Bringing up level for play took: 0.042386
[2157.79] PartyChallenge: UpdateChallengeProgressForCompetitive bChallengesComplete=(True) ChallengeState=(Challenge_Success) bChallengeSync=(True) bChallengesAreValid=(True) bLegacyPlayer=(False) bGuestAccount=(False) Online_X.UniqueNetIDToString(Manager.Outer.PlayerID)=(Epic|8818b4dba79a43d18b986f46e4d00392|0) Complete
[2157.79] PartyChallenge: InitializeCompetitiveChallenges bGuestAccount=(False) bCompletedChallengesForCompetitive=(True) bLegacyPlayer=(False) Online_X.UniqueNetIDToString(OnlinePlayer.PlayerID)=(Epic|8818b4dba79a43d18b986f46e4d00392|0)
[2157.79] JoinGame: GotoJoinGameState OpeningLoadingScreen -> JoiningNewServer
[2157.79] DevNet: SetProgress, MessageType=1, Title=, Message=Connecting...
[2157.79] Log: ########### Finished loading level: 0.358022 seconds
[2157.79] SettingsExport: CreateSnapshot Metadata {"userId":"Epic|8818b4dba79a43d18b986f46e4d00392|0","platformKey":"Epic","schemaVersion":0,"clientVersion":1532151,"timestampUtc":1774968887,"settingsVersion":7917,"checksum":-204185383 Payload Size  96970
[2157.79] SettingsExport: Payload changed. Notifying new Checksum: -204185383
[2157.79] SettingsExport: Local settings updated, uploading data
[2157.79] DevNet: Browse: 18.156.228.248:7734/MENU_Main_p?Name=%e6%bc%a2+%e9%be%8d+%e7%8e%8b+%e7%a5%9e+%e9%97%87%e6%bc%a2+%e9%be%8d+%e7%8e%8b+%e7%a5%9e
[2157.79] DevNet: Game client on port 7734, rate 15000
[2157.79] NetComeGo: SEND first packet Length=80 CRC=371844814
[2157.88] NetComeGo: TcpipConnection_5 RECV first packet IP=18.156.228.248:7734 Length=15 CRC=-322919933 HandshakeStatus=0 bUseSessionUID=1 InSessionUID=(0 0 0) SessionUID=(0 0 0)
[2157.88] NetComeGo: Client set SessionUID to: 92 62 146
[2158.18] DevNet: Welcomed by server (Level: Paname_Dusk_P, Game: TAGame.GameInfo_Soccar_TA, GameTags: )
[2158.19] Log: FSaveDataExportTask(0) wrote 1027442 bytes to memory
[2158.19] Log: SaveGameDataAsync game thread time: 8 ms
[2158.20] Log: Deleting old save file ..\..\TAGame\SaveDataEpic\DBE_Production\8818b4dba79a43d18b986f46e4d00392_2.save
[2158.21] Log: SaveDataExport(0): Finished - File:[..\..\TAGame\SaveDataEpic\DBE_Production\8818b4dba79a43d18b986f46e4d00392_1.save] Result:[1]
[2158.22] Log: Flushing async loaders.
[2158.23] Log: Flushed async loaders.
[2158.23] Log: LoadMap: 18.156.228.248:7734/Paname_Dusk_P?Name=%e6%bc%a2+%e9%be%8d+%e7%8e%8b+%e7%a5%9e+%e9%97%87%e6%bc%a2+%e9%be%8d+%e7%8e%8b+%e7%a5%9e?game=TAGame.GameInfo_Soccar_TA
[2158.24] DevOnline: PsyNet Flush Start TimeoutSeconds=0.250000
[2158.48] DevOnline: PsyNet Flush End
[2158.49] Log: Fully load package: ..\..\TAGame\CookedPCConsole\GameInfo_Soccar_SF.upk
[2158.58] Log: Fully load package: ..\..\TAGame\CookedPCConsole\GFxSounds_XP_SF.upk
[2158.58] Log: Fully load package: ..\..\TAGame\CookedPCConsole\GFx_XPProgressMenu_SF.upk
[2158.60] Log: Fully load package: ..\..\TAGame\CookedPCConsole\GFX_EndGameMenu_SF.upk
[2158.65] Log: Fully load package: ..\..\TAGame\CookedPCConsole\GFX_WinnerMenu_SF.upk
[2158.67] Log: Fully load package: ..\..\TAGame\CookedPCConsole\GFX_MidGameScoreboard_SF.upk
[2158.67] Log: Fully load package: ..\..\TAGame\CookedPCConsole\GFX_MidGameMenu_SF.upk
[2158.69] Log: Fully load package: ..\..\TAGame\CookedPCConsole\GFX_HudMatchInfo_SF.upk
[2158.70] Log: Fully load package: ..\..\TAGame\CookedPCConsole\GFX_Hud_SF.upk
[2159.81] Log: Bringing World Paname_Dusk_P.TheWorld up for play (0) at 2026.03.31-15.54.49
[2159.81] Log: Bringing up level for play took: 0.265121
[2159.99] RootMenu: [GFx] UIShellInstance - setting the shell instance
[2160.01] PartyChallenge: UpdateChallengeProgressForCompetitive bChallengesComplete=(True) ChallengeState=(Challenge_Success) bChallengeSync=(True) bChallengesAreValid=(True) bLegacyPlayer=(False) bGuestAccount=(False) Online_X.UniqueNetIDToString(Manager.Outer.PlayerID)=(Epic|8818b4dba79a43d18b986f46e4d00392|0) Complete
[2160.01] PartyChallenge: InitializeCompetitiveChallenges bGuestAccount=(False) bCompletedChallengesForCompetitive=(True) bLegacyPlayer=(False) Online_X.UniqueNetIDToString(OnlinePlayer.PlayerID)=(Epic|8818b4dba79a43d18b986f46e4d00392|0)
[2160.01] JoinGame: OnJoinGameComplete bSuccess=(True) FailReason=()
[2160.01] JoinGame: GotoJoinGameState JoiningNewServer -> None
[2160.01] PsyNetBeaconDetail_X: PsyNetBeacon_X_0 Close
[2160.01] PsyNetBeaconDetail_X: PsyNetBeacon_X_0 CloseConnection Connection.ConnectionID=(eyJ0eXAiOiJKV1QiLCJhbGciOiJIUzUxMiJ9.eyJqdGkiOiJjZjZmYzZhMzM1MjI0ZGVlOWJiYjQ3MzA0YjE4MGVkNSIsImlzcyI6IlBzeU5ldCIsInBsYXllcl9pZCI6IkVwaWN8ODgxOGI0ZGJhNzlhNDNkMThiOTg2ZjQ2ZTRkMDAzOTJ8MCIsInNlcnZlcl9uYW1lIjoiRVU1LTA3QTAzMjAzQUIyNzVDMUI0LUF1cm9yYSIsImlhdCI6MTc3NDk2ODg4MSwibmJmIjoxNzc0OTY4ODgxLCJleHAiOjE3NzQ5ODMyODF9.fvNopU6KWdBf_kdcMo-ijWwBpqzePdL_7lIlwNjQ4IJCTMpgeXxC56h7PhzcwCXCjtyRx8bgoNId1MfhiYYbsw)
[2160.02] Matchmaking: OnlineGameMatchmaking_X_0 Joining -> None
[2160.02] Spawn: TextChatActor_TA_18 OnOwnerChanged PlayerController_TA_13
[2160.02] EOSGameClips: Construct Constructed EOSGameClipsController_TA. Self=(EOSGameClipsController_TA_13)
[2160.02] Log: ########### Finished loading level: 1.789761 seconds
[2160.02] SettingsExport: Settings content not changed. Will not update the Settings Online
[2160.28] EOSGameClips: ShutDown : Shutting down EOSGameClipsController_TA. Self=(EOSGameClipsController_TA_13) PlayerOwner?.GetUniqueNetId()=(Epic|8818b4dba79a43d18b986f46e4d00392|0)
[2160.28] PartyChallenge: UpdateChallengeProgressForCompetitive bChallengesComplete=(True) ChallengeState=(Challenge_Success) bChallengeSync=(True) bChallengesAreValid=(True) bLegacyPlayer=(False) bGuestAccount=(False) Online_X.UniqueNetIDToString(Manager.Outer.PlayerID)=(Epic|8818b4dba79a43d18b986f46e4d00392|0) Complete
[2160.28] PartyChallenge: InitializeCompetitiveChallenges bGuestAccount=(False) bCompletedChallengesForCompetitive=(True) bLegacyPlayer=(False) Online_X.UniqueNetIDToString(OnlinePlayer.PlayerID)=(Epic|8818b4dba79a43d18b986f46e4d00392|0)
[2160.28] EOSGameClips: Construct Constructed EOSGameClipsController_TA. Self=(EOSGameClipsController_TA_14)
[2160.28] ScriptLog: Client InputRate=60
[2160.28] DevNet: PlayerController_TA_14 setplayer LocalPlayer_TA_0
[2160.29] PsyNetStaticData: UpdateCacheTimerEnabled CacheTimer.bEnabled=(False)
[2160.29] MatchBroadcast: Init bBroadcastMatch=(False) MatchLog=(None)
[2160.31] ScriptLog: Uncached PlatformId for Epic|8818b4dba79a43d18b986f46e4d00392|0
[2160.31] Spawn: TextChatActor_TA_19 OnOwnerChanged PlayerController_TA_14
[2160.35] RootMenu: [GFx] UIShellInstance - setting the shell instance
[2160.40] LTM: SettingsType=(CustomMatchSettingsType_PrivateMatch)
[2160.48] ScriptWarning: ScriptWarning, Accessed None 'GRI'
	PlayerController_TA Paname_Dusk_P.TheWorld:PersistentLevel.PlayerController_TA_14
	Function TAGame.PlayerController_TA:GetDebugMutePlayerName:0024
Script call stack:
	Function TAGame.PlayerController_TA:ClientMutePlayer
	Function TAGame.PlayerController_TA:GetDebugMutePlayerName

[2160.49] ScriptLog: MatchGUID: 8C6505D211F12D119065CFB82ADC5625
[2160.49] EOSVoice: Voice not enabled for current playlist
[2160.94] ScriptLog: Uncached PlatformId for Epic|735f8ff6adca47ac831c68a19ae1b63c|0
[2162.83] DevOnline: EOSSDK-LogEOSRTC: TickTracker Tick is delayed. TimePeriod=[10.002074s]  TickIntervalThreshold=[0.100000s] MaxTickInterval=[0.355567s] MaxExecutionTime=[0.000058s] TicksCount=[849] ExpectedTicksCount=[1000]
[2164.46] EOSGameClips: EOSGameClips: Starting background recording: API Version 2, Clip Duration 30
[2164.46] DevOnline: EOSSDK-LogEOSGameClips: Starting recording up to 30 seconds.
[2164.47] EOSGameClips: EOSGameClips: Recording changed from NotRecording to Recording.
[2168.48] EOSGameClips: EOSGameClips: Starting background recording: API Version 2, Clip Duration 30
[2187.28] EOSGameClips: EOSGameClips: Starting background recording: API Version 2, Clip Duration 30
[2189.82] EOSGameClips: EOSGameClips: Currently recording: true
[2190.81] EOSGameClips: EOSGameClips: Starting background recording: API Version 2, Clip Duration 30
[2194.67] DevOnline: WebRequest_X_93 SEND: https://datarouter.ol.epicgames.com/datarouter/api/v1/public/data?AppID=RocketLeague.Release&AppVersion=1210528741&AppEnvironment=Prod&UploadType=eteventstream&UserID=|8818b4dba79a43d18b986f46e4d00392|||Epic|8818b4dba79a43d18b986f46e4d00392|0&SessionID=3160ACB646B5F0FF42875186A0A7F66A
[2194.84] DevOnline: WebRequest_X_93 RECV: 204 
[2195.39] EOSGameClips: EOSGameClips: Starting background recording: API Version 2, Clip Duration 30
[2195.83] EOSGameClips: EOSGameClips: Currently recording: true
[2197.55] EOSGameClips: EOSGameClips: Currently recording: true
[2199.37] EOSGameClips: EOSGameClips: Starting background recording: API Version 2, Clip Duration 30
[2220.42] EOSGameClips: EOSGameClips: Starting background recording: API Version 2, Clip Duration 30
[2223.00] EOSGameClips: EOSGameClips: Currently recording: true
[2223.89] EOSGameClips: EOSGameClips: Currently recording: true
[2223.89] EOSGameClips: CaptureClipPressed Capture clip called for player:  GetEpicAccountId()=(8818b4dba79a43d18b986f46e4d00392) InGameClipInputType=(GoalReplay)
[2223.98] EOSGameClips: EOSGameClips: Starting background recording: API Version 2, Clip Duration 30
[2224.86] EOSGameClips: CaptureClipPressed We are currently in a goal replay and can't clip yet.
[2227.12] EOSGameClips: EOSGameClips: Currently recording: true
[2227.12] EOSGameClips: EOSGameClips: Take a clip! Account: 8818b4dba79a43d18b986f46e4d00392
[2227.12] EOSGameClips: CreateClip Attempting to clip for account:  ClipId=(10) AccountId=(8818b4dba79a43d18b986f46e4d00392) InGameClipInputType=(GoalReplay)
[2227.13] DevOnline: EOSSDK-LogEOSGameClips: Failed to create clip: 
[2227.13] DevOnline: EOSSDK-LogEOSGameClips: Clip 'E3DF659C45AC29E2E1799BAA4C36904A': Clip 10 failed: Not enough frames recorded
[2227.13] EOSGameClips: EOSGameClips: Clip progress callback. ClipId: 10, ERROR - Result Code: EOS_GameClips_CreateFailed
[2227.13] EOSGameClips: EOSGameClips: Setting clip upload finished for user: 8818b4dba79a43d18b986f46e4d00392, clip: 10
[2227.13] Warning: EOSGameClips: Could not find clip with id: 10. The clip may be corrupt.
[2227.14] EOSGameClips: EOSGameClipsMetrics_TA_0.RecordClipInfo()  - Errors[0] InClipInfoMetric.Errors[Index]=(GameClipsFailedToUpload)
[2228.11] EOSGameClips: EOSGameClips: Starting background recording: API Version 2, Clip Duration 30
[2228.37] EOSGameClips: EOSGameClips: Currently recording: true
[2232.18] EOSGameClips: EOSGameClips: Starting background recording: API Version 2, Clip Duration 30
[2254.67] DevOnline: WebRequest_X_94 SEND: https://datarouter.ol.epicgames.com/datarouter/api/v1/public/data?AppID=RocketLeague.Release&AppVersion=1210528741&AppEnvironment=Prod&UploadType=eteventstream&UserID=|8818b4dba79a43d18b986f46e4d00392|||Epic|8818b4dba79a43d18b986f46e4d00392|0&SessionID=3160ACB646B5F0FF42875186A0A7F66A
[2254.83] DevOnline: WebRequest_X_94 RECV: 204 
[2297.45] EOSGameClips: EOSGameClips: Starting background recording: API Version 2, Clip Duration 30
[2300.01] EOSGameClips: EOSGameClips: Currently recording: true
[2301.00] EOSGameClips: EOSGameClips: Starting background recording: API Version 2, Clip Duration 30
[2306.97] EOSGameClips: EOSGameClips: Currently recording: true
[2307.64] SplitScreen: Press Start ControllerId=0 Player=LocalPlayer_TA_0
[2307.87] EOSGameClips: EOSGameClips: Starting background recording: API Version 2, Clip Duration 30
[2308.06] Log: FSaveDataExportTask(0) wrote 1055112 bytes to memory
[2308.06] Log: SaveGameDataAsync game thread time: 8 ms
[2308.07] Online: TryToPlayOnline ControllerID=(-1)
[2308.07] Log: Deleting old save file ..\..\TAGame\SaveDataEpic\DBE_Production\8818b4dba79a43d18b986f46e4d00392.save
[2308.07] Log: SaveDataExport(0): Finished - File:[..\..\TAGame\SaveDataEpic\DBE_Production\8818b4dba79a43d18b986f46e4d00392_2.save] Result:[1]
[2308.07] Online: HandlePrivilegeCheckFinished PrivilegeCheck.bHasRestriction=(False)
[2308.07] Online: HandlePrivilegeCheck PrivilegeCheck.bHasRestriction=(False)
[2308.09] SettingsExport: Settings content not changed. Will not update the Settings Online
[2309.34] EOSGameClips: EOSGameClips: Currently recording: true
[2311.80] EOSGameClips: EOSGameClips: Starting background recording: API Version 2, Clip Duration 30
[2314.66] DevOnline: WebRequest_X_95 SEND: https://datarouter.ol.epicgames.com/datarouter/api/v1/public/data?AppID=RocketLeague.Release&AppVersion=1210528741&AppEnvironment=Prod&UploadType=eteventstream&UserID=|8818b4dba79a43d18b986f46e4d00392|||Epic|8818b4dba79a43d18b986f46e4d00392|0&SessionID=3160ACB646B5F0FF42875186A0A7F66A
[2314.83] DevOnline: WebRequest_X_95 RECV: 204 
[2374.66] DevOnline: WebRequest_X_96 SEND: https://datarouter.ol.epicgames.com/datarouter/api/v1/public/data?AppID=RocketLeague.Release&AppVersion=1210528741&AppEnvironment=Prod&UploadType=eteventstream&UserID=|8818b4dba79a43d18b986f46e4d00392|||Epic|8818b4dba79a43d18b986f46e4d00392|0&SessionID=3160ACB646B5F0FF42875186A0A7F66A
[2374.85] DevOnline: WebRequest_X_96 RECV: 204 
[2392.53] EOSGameClips: EOSGameClips: Starting background recording: API Version 2, Clip Duration 30
[2395.04] EOSGameClips: EOSGameClips: Currently recording: true
[2396.02] EOSGameClips: EOSGameClips: Starting background recording: API Version 2, Clip Duration 30
[2396.59] EOSGameClips: EOSGameClips: Currently recording: true
[2396.59] EOSGameClips: CaptureClipPressed Capture clip called for player:  GetEpicAccountId()=(8818b4dba79a43d18b986f46e4d00392) InGameClipInputType=(GoalReplay)
[2397.20] EOSGameClips: EOSGameClips: Currently recording: true
[2397.20] EOSGameClips: EOSGameClips: Take a clip! Account: 8818b4dba79a43d18b986f46e4d00392
[2397.20] EOSGameClips: CreateClip Attempting to clip for account:  ClipId=(11) AccountId=(8818b4dba79a43d18b986f46e4d00392) InGameClipInputType=(GoalReplay)
[2397.20] DevOnline: EOSSDK-LogEOSGameClips: Failed to create clip: 
[2397.20] DevOnline: EOSSDK-LogEOSGameClips: Clip '69ADE3D942AEC5FFF2B500B881E5607F': Clip 11 failed: Not enough frames recorded
[2397.20] EOSGameClips: EOSGameClips: Clip progress callback. ClipId: 11, ERROR - Result Code: EOS_GameClips_CreateFailed
[2397.20] EOSGameClips: EOSGameClips: Setting clip upload finished for user: 8818b4dba79a43d18b986f46e4d00392, clip: 11
[2397.20] Warning: EOSGameClips: Could not find clip with id: 11. The clip may be corrupt.
[2397.21] EOSGameClips: EOSGameClipsMetrics_TA_0.RecordClipInfo()  - Errors[0] InClipInfoMetric.Errors[Index]=(GameClipsFailedToUpload)
[2397.23] SplitScreen: Press Start ControllerId=0 Player=LocalPlayer_TA_0
[2397.58] Log: FSaveDataExportTask(0) wrote 1029447 bytes to memory
[2397.58] Log: SaveGameDataAsync game thread time: 7 ms
[2397.59] Log: Deleting old save file ..\..\TAGame\SaveDataEpic\DBE_Production\8818b4dba79a43d18b986f46e4d00392_1.save
[2397.59] Log: SaveDataExport(0): Finished - File:[..\..\TAGame\SaveDataEpic\DBE_Production\8818b4dba79a43d18b986f46e4d00392.save] Result:[1]
[2397.60] SettingsExport: Settings content not changed. Will not update the Settings Online
[2398.18] EOSGameClips: EOSGameClips: Starting background recording: API Version 2, Clip Duration 30
[2399.61] EOSGameClips: EOSGameClips: Currently recording: true
[2402.18] EOSGameClips: EOSGameClips: Starting background recording: API Version 2, Clip Duration 30
[2434.66] DevOnline: WebRequest_X_97 SEND: https://datarouter.ol.epicgames.com/datarouter/api/v1/public/data?AppID=RocketLeague.Release&AppVersion=1210528741&AppEnvironment=Prod&UploadType=eteventstream&UserID=|8818b4dba79a43d18b986f46e4d00392|||Epic|8818b4dba79a43d18b986f46e4d00392|0&SessionID=3160ACB646B5F0FF42875186A0A7F66A
[2434.81] DevOnline: WebRequest_X_97 RECV: 204 
[2466.35] EOSGameClips: EOSGameClips: Starting background recording: API Version 2, Clip Duration 30
[2468.91] EOSGameClips: EOSGameClips: Currently recording: true
[2469.69] EOSGameClips: EOSGameClips: Currently recording: true
[2469.69] EOSGameClips: CaptureClipPressed Capture clip called for player:  GetEpicAccountId()=(8818b4dba79a43d18b986f46e4d00392) InGameClipInputType=(GoalReplay)
[2469.71] EOSGameClips: EOSGameClips: Currently recording: true
[2469.71] EOSGameClips: EOSGameClips: Take a clip! Account: 8818b4dba79a43d18b986f46e4d00392
[2469.71] EOSGameClips: CreateClip Attempting to clip for account:  ClipId=(12) AccountId=(8818b4dba79a43d18b986f46e4d00392) InGameClipInputType=(GoalReplay)
[2469.72] DevOnline: EOSSDK-LogEOSGameClips: Failed to create clip: 
[2469.72] DevOnline: EOSSDK-LogEOSGameClips: Clip '566EB41E4C031042964B6F937CC962A4': Clip 12 failed: Not enough frames recorded
[2469.72] EOSGameClips: EOSGameClips: Clip progress callback. ClipId: 12, ERROR - Result Code: EOS_GameClips_CreateFailed
[2469.72] EOSGameClips: EOSGameClips: Setting clip upload finished for user: 8818b4dba79a43d18b986f46e4d00392, clip: 12
[2469.72] Warning: EOSGameClips: Could not find clip with id: 12. The clip may be corrupt.
[2469.72] EOSGameClips: EOSGameClipsMetrics_TA_0.RecordClipInfo()  - Errors[0] InClipInfoMetric.Errors[Index]=(GameClipsFailedToUpload)
[2470.46] SplitScreen: Press Start ControllerId=0 Player=LocalPlayer_TA_0
[2470.69] EOSGameClips: EOSGameClips: Starting background recording: API Version 2, Clip Duration 30
[2472.96] EOSGameClips: EOSGameClips: Currently recording: true
[2474.71] EOSGameClips: EOSGameClips: Starting background recording: API Version 2, Clip Duration 30
[2483.47] EOSGameClips: EOSGameClips: Starting background recording: API Version 2, Clip Duration 30
[2485.98] EOSGameClips: EOSGameClips: Currently recording: true
[2486.97] EOSGameClips: EOSGameClips: Starting background recording: API Version 2, Clip Duration 30
[2489.50] EOSGameClips: EOSGameClips: Currently recording: true
[2490.35] EOSGameClips: EOSGameClips: Starting background recording: API Version 2, Clip Duration 30
[2490.41] SplitScreen: Press Start ControllerId=0 Player=LocalPlayer_TA_0
[2490.76] Log: FSaveDataExportTask(0) wrote 1029447 bytes to memory
[2490.76] Log: SaveGameDataAsync game thread time: 7 ms
[2490.78] Log: Deleting old save file ..\..\TAGame\SaveDataEpic\DBE_Production\8818b4dba79a43d18b986f46e4d00392_2.save
[2490.78] Log: SaveDataExport(0): Finished - File:[..\..\TAGame\SaveDataEpic\DBE_Production\8818b4dba79a43d18b986f46e4d00392_1.save] Result:[1]
[2490.78] SettingsExport: Settings content not changed. Will not update the Settings Online
[2494.31] EOSGameClips: EOSGameClips: Starting background recording: API Version 2, Clip Duration 30
[2494.65] DevOnline: WebRequest_X_98 SEND: https://datarouter.ol.epicgames.com/datarouter/api/v1/public/data?AppID=RocketLeague.Release&AppVersion=1210528741&AppEnvironment=Prod&UploadType=eteventstream&UserID=|8818b4dba79a43d18b986f46e4d00392|||Epic|8818b4dba79a43d18b986f46e4d00392|0&SessionID=3160ACB646B5F0FF42875186A0A7F66A
[2494.79] DevOnline: WebRequest_X_98 RECV: 204 
[2505.39] EOSGameClips: EOSGameClips: Starting background recording: API Version 2, Clip Duration 30
[2507.89] EOSGameClips: EOSGameClips: Currently recording: true
[2508.87] EOSGameClips: EOSGameClips: Starting background recording: API Version 2, Clip Duration 30
[2514.29] EOSGameClips: EOSGameClips: Currently recording: true
[2515.11] EOSGameClips: EOSGameClips: Starting background recording: API Version 2, Clip Duration 30
[2515.43] SplitScreen: Press Start ControllerId=0 Player=LocalPlayer_TA_0
[2519.12] EOSGameClips: EOSGameClips: Starting background recording: API Version 2, Clip Duration 30
[2529.61] EOSGameClips: EOSGameClips: Starting background recording: API Version 2, Clip Duration 30
[2532.17] EOSGameClips: EOSGameClips: Currently recording: true
[2532.89] EOSGameClips: EOSGameClips: Currently recording: true
[2532.89] EOSGameClips: CaptureClipPressed Capture clip called for player:  GetEpicAccountId()=(8818b4dba79a43d18b986f46e4d00392) InGameClipInputType=(GoalReplay)
[2533.15] EOSGameClips: EOSGameClips: Starting background recording: API Version 2, Clip Duration 30
[2534.13] EOSGameClips: CaptureClipPressed We are currently in a goal replay and can't clip yet.
[2534.24] EOSGameClips: EOSGameClips: Currently recording: true
[2534.24] EOSGameClips: EOSGameClips: Take a clip! Account: 8818b4dba79a43d18b986f46e4d00392
[2534.24] EOSGameClips: CreateClip Attempting to clip for account:  ClipId=(13) AccountId=(8818b4dba79a43d18b986f46e4d00392) InGameClipInputType=(GoalReplay)
[2534.25] DevOnline: EOSSDK-LogEOSGameClips: Failed to create clip: 
[2534.25] DevOnline: EOSSDK-LogEOSGameClips: Clip 'A6CA8EFA49B0F67EE20FB5A8717F3C5B': Clip 13 failed: Not enough frames recorded
[2534.25] EOSGameClips: EOSGameClips: Clip progress callback. ClipId: 13, ERROR - Result Code: EOS_GameClips_CreateFailed
[2534.25] EOSGameClips: EOSGameClips: Setting clip upload finished for user: 8818b4dba79a43d18b986f46e4d00392, clip: 13
[2534.25] Warning: EOSGameClips: Could not find clip with id: 13. The clip may be corrupt.
[2534.25] EOSGameClips: EOSGameClipsMetrics_TA_0.RecordClipInfo()  - Errors[0] InClipInfoMetric.Errors[Index]=(GameClipsFailedToUpload)
[2535.22] EOSGameClips: EOSGameClips: Starting background recording: API Version 2, Clip Duration 30
[2536.30] EOSGameClips: EOSGameClips: Currently recording: true
[2539.21] EOSGameClips: EOSGameClips: Starting background recording: API Version 2, Clip Duration 30
[2554.65] DevOnline: WebRequest_X_99 SEND: https://datarouter.ol.epicgames.com/datarouter/api/v1/public/data?AppID=RocketLeague.Release&AppVersion=1210528741&AppEnvironment=Prod&UploadType=eteventstream&UserID=|8818b4dba79a43d18b986f46e4d00392|||Epic|8818b4dba79a43d18b986f46e4d00392|0&SessionID=3160ACB646B5F0FF42875186A0A7F66A
[2554.82] DevOnline: WebRequest_X_99 RECV: 204 
[2571.12] EOSGameClips: EOSGameClips: Starting background recording: API Version 2, Clip Duration 30
[2573.66] EOSGameClips: EOSGameClips: Currently recording: true
[2574.64] EOSGameClips: EOSGameClips: Starting background recording: API Version 2, Clip Duration 30
[2575.33] EOSGameClips: EOSGameClips: Currently recording: true
[2578.05] EOSGameClips: EOSGameClips: Starting background recording: API Version 2, Clip Duration 30
[2582.06] EOSGameClips: EOSGameClips: Starting background recording: API Version 2, Clip Duration 30
[2598.45] XPProgression: GFxHUD_TA.HandleGameStateChanged Current player match score = 1193, UniqueId=(Epic|8818b4dba79a43d18b986f46e4d00392|0), with total match time = 306.9619 seconds, with total net time = 306.9619seconds
[2598.45] Party: Ranked Game Finished, Clear party member server
[2598.45] RankedReconnect: RankedReconnectSave_TA_0.ClearRankedReconnect()
[2598.66] PartyChallenge: UpdateChallengeProgressForCompetitive bChallengesComplete=(True) ChallengeState=(Challenge_Success) bChallengeSync=(True) bChallengesAreValid=(True) bLegacyPlayer=(False) bGuestAccount=(False) Online_X.UniqueNetIDToString(Manager.Outer.PlayerID)=(Epic|8818b4dba79a43d18b986f46e4d00392|0) Complete
[2598.66] PsyNet: PsyNetServiceProvider_X_1 ExecuteService Complete, Service=Challenges/PlayerProgress 
[2598.71] XPProgression: SaveData_TA.HandleRewardDropNotification PsyNetService_RewardDropReceived_TA returned Total XP Earned = 2061.0000, in match with ID = 8C6505D211F12D119065CFB82ADC5625 , Current player match score = 1193, UniqueId=(Epic|8818b4dba79a43d18b986f46e4d00392|0), with total match time = 307.0812 seconds, with total net time = 307.0812seconds
[2598.71] PsyNet: PsyNetServiceProvider_X_1 ExecuteService Complete, Service=Reward/RewardResult 
[2598.85] Prime24121: StartSearch.PreferredRegions.Length 5
[2598.85] Matchmaking: OnlineGameMatchmaking_X_0 OnlineGameMatchmaking_X -> PingRegions
[2599.22] DevOnline: PlayerDataStorage_WriteFile: Beginning to upload file. User=(8818b4dba79a43d18b986f46e4d00392) FileName=(RLSettingsData)
[2599.23] ScriptLog: RegionPinger_X_7 PingRegions ("18.157.10.135:7885","15.237.31.110:7917","13.50.34.158:7765","3.252.74.32:8037","18.168.69.40:7823","51.118.107.122:7741","3.237.165.236:8017","3.129.219.47:7759","13.244.211.27:7767","18.88.14.172:7809","44.234.81.84:8021","3.101.219.249:7763","15.229.122.169:8057","13.251.114.21:7937","18.163.127.191:7927","13.232.43.65:7879","35.73.58.212:7895","3.25.182.65:7725")
[2599.39] DevOnline: PlayerDataStorage_WriteFile: Beginning to upload file. User=(8818b4dba79a43d18b986f46e4d00392) FileName=(RLSaveData)
[2599.45] EOSGameClips: EOSGameClips: Starting background recording: API Version 2, Clip Duration 30
[2600.32] Matchmaking: All Regions Pinged: EU5 (0.0333),EU9 (0.0250),ME1 (1.0000),EU1 (0.0500),EU3 (0.0333),EU7 (0.0250),ME3 (0.0500),USE1 (0.1250),USE3 (0.1333),SAF1 (0.1667),USC1 (0.1417),USW3 (0.1667),USW1 (0.1750),SAM1 (0.2333),ASM1 (0.1917),ASC1 (0.2807),IND1 (0.2167),JPN1 (0.2724),OCE1 (0.2924),JPN (1.0000),ASC (1.0000),ASM (1.0000),EU (1.0000),IND (1.0000),ME (1.0000),ME2 (1.0000),OCE (1.0000),SAF (1.0000),SAM (1.0000),USC (1.0000),USE (1.0000),USW (1.0000)
[2600.32] Matchmaking: Failed to ping 'ME1'. Using cached ping '0.1010'
[2600.32] Log: FCacheExportTask(..\..\TAGame\Cache\RegionCache.cache) wrote 1803 bytes to memory
[2600.32] Matchmaking: OnlineGameMatchmaking_X_0 PingRegions -> Searching
[2600.32] Prime24121: HandleRegionsPinged.PreferredRegions.Length 5
[2600.32] Matchmaking: OnlineGameMatchmaking_X::RecordStart
[2600.32] Matchmaking: Pre-divide PartyLeaderMMR: 24.0674
[2600.32] Matchmaking: Post-divide PartyLeaderMMR: 24.0674
[2600.32] Matchmaking: PartyLeaderTier=(10)
[2600.32] Matchmaking: StartMatchmaking at 2026-03-31 15:02:09 in EU5,EU9,EU1,EU3,EU7 for playlists 10 on game server 130729411
[2600.32] Matchmaking: Creating RPC_StartMatchmaking_X
[2600.32] Matchmaking: PreferredRegions.Length=(5) PreferredPlaylists.Length=(1) Party.GetOrderedPartyMemberIDs().Length=(1)
[2600.32] Matchmaking: SecondsSearching=(1) CurrentServerID=(130729411) bDisableCrossplay=(False) bIgnoreSkill=(False)
[2600.52] Matchmaking: Matchmaking RPC succeeded.
[2600.52] Matchmaking: EstimatedQueueTime=(14.0000)
[2600.59] DevOnline: PlayerDataStorage_WriteFile: File upload complete. User=(8818b4dba79a43d18b986f46e4d00392) FileName=(RLSettingsData) Success=(1)
[2600.59] SettingsExport: Settings data upload complete. Success: True
[2601.41] DevOnline: PlayerDataStorage_WriteFile: File upload complete. User=(8818b4dba79a43d18b986f46e4d00392) FileName=(RLSaveData) Success=(1)
[2601.44] ScriptWarning: ScriptWarning, Accessed None 'Car'
	CarComponent_Boost_TA Paname_Dusk_P.TheWorld:PersistentLevel.CarComponent_Boost_TA_217
	Function TAGame.CarComponent_Boost_TA:GiveBoost:01A5
Script call stack:
	Function TAGame.CarComponent_Boost_TA:ClientGiveBoost
	Function TAGame.CarComponent_Boost_TA:GiveBoost

[2601.44] XPProgression: GFxHUD_TA.HandleGameStateChanged Current player match score = 1193, UniqueId=(Epic|8818b4dba79a43d18b986f46e4d00392|0), with total match time = 307.0812 seconds, with total net time = 307.0812seconds
[2601.44] Party: Ranked Game Finished, Clear party member server
[2601.44] RankedReconnect: RankedReconnectSave_TA_0.ClearRankedReconnect()
[2602.43] EOSGameClips: EOSGameClips: Starting background recording: API Version 2, Clip Duration 30
[2604.69] PsyNetBeaconDetail_X: PsyNetBeacon_X_0 ReserveConnection ReservationID=(B565076194DB43DEA0D58AD34F657316) ConnectionID=(eyJ0eXAiOiJKV1QiLCJhbGciOiJIUzUxMiJ9.eyJqdGkiOiJlZTBhMGYyZjgzZjQ0OGQzYmE2MTEwZmNhYmFmYjMzYSIsImlzcyI6IlBzeU5ldCIsInBsYXllcl9pZCI6IkVwaWN8ODgxOGI0ZGJhNzlhNDNkMThiOTg2ZjQ2ZTRkMDAzOTJ8MCIsInNlcnZlcl9uYW1lIjoiRVU1LTAzQzM3MkQ5MUYwODE0MTNFLU1hc2FtdW5lMiIsImlhdCI6MTc3NDk2OTMzMywibmJmIjoxNzc0OTY5MzMzLCJleHAiOjE3NzQ5ODM3MzN9.yto3CIQbPhC2TvacbZTaoHsHhltjWJ8dUnXedO13QFPhHmX2h5TLQBey0MfZybS2L3oRyh5GTg1BewowXfm7hw)
[2604.69] PsyNetBeaconDetail_X: PsyNetBeacon_X_0 ClientHandleMessage Message.MessageType=(ClientReservationMessage_X) Message.ReservationID=(B565076194DB43DEA0D58AD34F657316)
[2604.69] CheckReservation: Received game server from notification (v3) Message.Reservation=((ServerName="EU5-03C372D91F081413E-Masamune2",Playlist=10,Region="EU",ReservationID="B565076194DB43DEA0D58AD34F657316",DSRToken="eyJ0eXAiOiJKV1QiLCJhbGciOiJIUzUxMiJ9.eyJqdGkiOiJlZTBhMGYyZjgzZjQ0OGQzYmE2MTEwZmNhYmFmYjMzYSIsImlzcyI6IlBzeU5ldCIsInBsYXllcl9pZCI6IkVwaWN8ODgxOGI0ZGJhNzlhNDNkMThiOTg2ZjQ2ZTRkMDAzOTJ8MCIsInNlcnZlcl9uYW1lIjoiRVU1LTAzQzM3MkQ5MUYwODE0MTNFLU1hc2FtdW5lMiIsImlhdCI6MTc3NDk2OTMzMywibmJmIjoxNzc0OTY5MzMzLCJleHAiOjE3NzQ5ODM3MzN9.yto3CIQbPhC2TvacbZTaoHsHhltjWJ8dUnXedO13QFPhHmX2h5TLQBey0MfZybS2L3oRyh5GTg1BewowXfm7hw",JoinName="71XDKWJEVHYBEPB0",JoinPassword="ET75HQG1DILSXTKU"))
[2604.69] JoinGame: StartJoin Reservation=((ServerName="EU5-03C372D91F081413E-Masamune2",Playlist=10,Region="EU",ReservationID="B565076194DB43DEA0D58AD34F657316",DSRToken="eyJ0eXAiOiJKV1QiLCJhbGciOiJIUzUxMiJ9.eyJqdGkiOiJlZTBhMGYyZjgzZjQ0OGQzYmE2MTEwZmNhYmFmYjMzYSIsImlzcyI6IlBzeU5ldCIsInBsYXllcl9pZCI6IkVwaWN8ODgxOGI0ZGJhNzlhNDNkMThiOTg2ZjQ2ZTRkMDAzOTJ8MCIsInNlcnZlcl9uYW1lIjoiRVU1LTAzQzM3MkQ5MUYwODE0MTNFLU1hc2FtdW5lMiIsImlhdCI6MTc3NDk2OTMzMywibmJmIjoxNzc0OTY5MzMzLCJleHAiOjE3NzQ5ODM3MzN9.yto3CIQbPhC2TvacbZTaoHsHhltjWJ8dUnXedO13QFPhHmX2h5TLQBey0MfZybS2L3oRyh5GTg1BewowXfm7hw",JoinName="71XDKWJEVHYBEPB0",JoinPassword="ET75HQG1DILSXTKU")) JoinSettings=((PlaylistId=10))
[2604.69] JoinGame: GotoJoinGameState OnlineGameJoinGame_TA -> VerifyPrivileges
[2604.69] Online: TryToPlayOnline ControllerID=(-1)
[2604.69] Matchmaking: OnlineGameMatchmaking_X_0 Searching -> Joining
[2604.70] Online: HandlePrivilegeCheckFinished PrivilegeCheck.bHasRestriction=(False)
[2604.70] JoinGame: GotoJoinGameState VerifyPrivileges -> ReservingServerForMatchmaking
[2604.70] PsyNetBeaconDetail_X: PsyNetBeacon_X_0 SendMessageToServer Message=(AddReservationMessagePublic_X_6)
[2604.70] PsyNet: PsyNetServiceProvider_X_1 ExecuteService Complete, Service=DSR/ClientMessage 
[2605.99] PsyNetBeaconDetail_X: PsyNetBeacon_X_0 ClientHandleMessage Message.MessageType=(ReservationsReadyMessage_X) Message.ReservationID=(B565076194DB43DEA0D58AD34F657316)
[2605.99] Party: HandleServerReserved (Reservation=(ServerName="EU5-03C372D91F081413E-Masamune2",Playlist=10,Region="EU",ReservationID="B565076194DB43DEA0D58AD34F657316",DSRToken="eyJ0eXAiOiJKV1QiLCJhbGciOiJIUzUxMiJ9.eyJqdGkiOiJlZTBhMGYyZjgzZjQ0OGQzYmE2MTEwZmNhYmFmYjMzYSIsImlzcyI6IlBzeU5ldCIsInBsYXllcl9pZCI6IkVwaWN8ODgxOGI0ZGJhNzlhNDNkMThiOTg2ZjQ2ZTRkMDAzOTJ8MCIsInNlcnZlcl9uYW1lIjoiRVU1LTAzQzM3MkQ5MUYwODE0MTNFLU1hc2FtdW5lMiIsImlhdCI6MTc3NDk2OTMzMywibmJmIjoxNzc0OTY5MzMzLCJleHAiOjE3NzQ5ODM3MzN9.yto3CIQbPhC2TvacbZTaoHsHhltjWJ8dUnXedO13QFPhHmX2h5TLQBey0MfZybS2L3oRyh5GTg1BewowXfm7hw",JoinName="71XDKWJEVHYBEPB0",JoinPassword="ET75HQG1DILSXTKU"),PingURL="18.156.234.104:7947",GameURL="18.156.234.104:7946",JoinCredentials="71XDKWJEVHYBEPB0:ET75HQG1DILSXTKU")
[2605.99] JoinGame: GotoJoinGameState ReservingServerForMatchmaking -> JoinCountdown
[2605.99] PsyNetBeaconDetail_X: PsyNetBeacon_X_0 SendMessageToServer Message=(PingMessage_X_12)
[2606.00] PsyNet: PsyNetServiceProvider_X_1 ExecuteService Complete, Service=DSR/ClientMessage 
[2606.33] PsyNetBeaconDetail_X: PsyNetBeacon_X_0 ClientHandleMessage Message.MessageType=(PingMessage_X) Message.ReservationID=(B565076194DB43DEA0D58AD34F657316)
[2606.33] PsyNet: PsyNetServiceProvider_X_1 ExecuteService Complete, Service=DSR/ClientMessage 
[2606.45] PsyNetStaticData: HandleCacheExpired
[2606.45] PsyNetStaticData: UpdateCacheTimerEnabled CacheTimer.bEnabled=(True)
[2606.45] XPProgression: GFxHUD_TA.HandleGameStateChanged Current player match score = 1193, UniqueId=(Epic|8818b4dba79a43d18b986f46e4d00392|0), with total match time = 307.0812 seconds, with total net time = 307.0812seconds
[2606.45] Party: Ranked Game Finished, Clear party member server
[2606.45] RankedReconnect: RankedReconnectSave_TA_0.ClearRankedReconnect()
[2606.49] Online: TryToPlayOnline ControllerID=(-1)
[2606.49] Online: HandlePrivilegeCheckFinished PrivilegeCheck.bHasRestriction=(False)
[2606.49] Online: HandlePrivilegeCheck PrivilegeCheck.bHasRestriction=(False)
[2606.49] EOSGameClips: EOSGameClips: Recording changed from Recording to NotRecording.
[2606.50] DevOnline: WebRequest_X_100 SEND: https://config.psynet.gg/v2/Config/BattleCars/1210528741/Prod/Epic/INT/
[2606.66] Log: FSaveDataExportTask(0) wrote 1029666 bytes to memory
[2606.66] Log: SaveGameDataAsync game thread time: 9 ms
[2606.66] DevOnline: EOSSDK-LogEOSGameClips: Missing encoder drain completed message.
[2606.68] Log: Deleting old save file ..\..\TAGame\SaveDataEpic\DBE_Production\8818b4dba79a43d18b986f46e4d00392.save
[2606.68] Log: SaveDataExport(0): Finished - File:[..\..\TAGame\SaveDataEpic\DBE_Production\8818b4dba79a43d18b986f46e4d00392_2.save] Result:[1]
[2606.68] SettingsExport: CreateSnapshot Metadata {"userId":"Epic|8818b4dba79a43d18b986f46e4d00392|0","platformKey":"Epic","schemaVersion":0,"clientVersion":1532151,"timestampUtc":1774969335,"settingsVersion":7922,"checksum":1703016371 Payload Size  97006
[2606.68] SettingsExport: Payload changed. Notifying new Checksum: 1703016371
[2606.68] SettingsExport: Local settings updated, uploading data
[2606.78] DevOnline: WebRequest_X_100 RECV: 304 
[2608.99] JoinGame: GotoJoinGameState JoinCountdown -> OpeningLoadingScreen
[2608.99] RankedReconnect: OnlineGameJoinGame_TA_0::OpeningLoadingScreen.BeginState()
[2608.99] RankedReconnect: LocalPlayer_TA_0.UpdateRankedReconnect() RankedSoloDuel True 2 False
[2608.99] RankedReconnect: RankedReconnectSave_TA_0.ClearRankedReconnect()
[2608.99] DevNet: Browse: JoinGameTransition?Name=%e6%bc%a2+%e9%be%8d+%e7%8e%8b+%e7%a5%9e+%e9%97%87%e6%bc%a2+%e9%be%8d+%e7%8e%8b+%e7%a5%9e?game=TAGame.GameInfo_Transition_TA
[2609.05] Log: FSaveDataExportTask(0) wrote 1029666 bytes to memory
[2609.05] Log: SaveGameDataAsync game thread time: 7 ms
[2609.05] Log: LoadMap: JoinGameTransition?Name=%e6%bc%a2+%e9%be%8d+%e7%8e%8b+%e7%a5%9e+%e9%97%87%e6%bc%a2+%e9%be%8d+%e7%8e%8b+%e7%a5%9e?game=TAGame.GameInfo_Transition_TA
[2609.05] Spawn: TextChatActor_TA_18 Destroyed
[2609.05] EOSGameClips: ShutDown : Shutting down EOSGameClipsController_TA. Self=(EOSGameClipsController_TA_14) PlayerOwner?.GetUniqueNetId()=(Epic|8818b4dba79a43d18b986f46e4d00392|0)
[2609.06] Spawn: TextChatActor_TA_19 Destroyed
[2609.06] Spawn: TextChatActor_TA_20 Destroyed
[2609.07] Log: Deleting old save file ..\..\TAGame\SaveDataEpic\DBE_Production\8818b4dba79a43d18b986f46e4d00392_1.save
[2609.07] Log: SaveDataExport(0): Finished - File:[..\..\TAGame\SaveDataEpic\DBE_Production\8818b4dba79a43d18b986f46e4d00392.save] Result:[1]
[2609.07] DevOnline: PsyNet Flush Start TimeoutSeconds=0.250000
[2609.29] DevOnline: PsyNet Flush End
[2609.31] NetComeGo: Close TcpipConnection_5 18.156.228.248:7734 31/03/2026 16:02:18 'Control channel cleanup'
[2609.31] NetComeGo: TcpipConnection_5 Control channel closed, reason=Control channel cleanup
[2609.32] Exit: TcpNetDriver_5 shut down
[2609.33] Log: Fully load package: ..\..\TAGame\CookedPCConsole\GameInfo_Transition_SF.upk
[2609.33] Log: Game class is 'GameInfo_Transition_TA'
[2609.38] Log: Bringing World JoinGameTransition.TheWorld up for play (0) at 2026.03.31-16.02.18
[2609.38] Log: Bringing up level for play took: 0.046102
[2609.38] PartyChallenge: UpdateChallengeProgressForCompetitive bChallengesComplete=(True) ChallengeState=(Challenge_Success) bChallengeSync=(True) bChallengesAreValid=(True) bLegacyPlayer=(False) bGuestAccount=(False) Online_X.UniqueNetIDToString(Manager.Outer.PlayerID)=(Epic|8818b4dba79a43d18b986f46e4d00392|0) Complete
[2609.38] PartyChallenge: InitializeCompetitiveChallenges bGuestAccount=(False) bCompletedChallengesForCompetitive=(True) bLegacyPlayer=(False) Online_X.UniqueNetIDToString(OnlinePlayer.PlayerID)=(Epic|8818b4dba79a43d18b986f46e4d00392|0)
[2609.38] JoinGame: GotoJoinGameState OpeningLoadingScreen -> JoiningNewServer
[2609.38] DevNet: SetProgress, MessageType=1, Title=, Message=Connecting...
[2609.38] Log: ########### Finished loading level: 0.326831 seconds
[2609.38] SettingsExport: Settings content not changed. Will not update the Settings Online
[2609.38] DevNet: Browse: 18.156.234.104:7946/MENU_Main_p?Name=%e6%bc%a2+%e9%be%8d+%e7%8e%8b+%e7%a5%9e+%e9%97%87%e6%bc%a2+%e9%be%8d+%e7%8e%8b+%e7%a5%9e
[2609.38] DevNet: Game client on port 7946, rate 15000
[2609.38] NetComeGo: SEND first packet Length=80 CRC=96712643
[2609.43] NetComeGo: TcpipConnection_6 RECV first packet IP=18.156.234.104:7946 Length=15 CRC=1597920650 HandshakeStatus=0 bUseSessionUID=1 InSessionUID=(0 0 0) SessionUID=(0 0 0)
[2609.43] NetComeGo: Client set SessionUID to: 72 109 189
[2609.53] DevNet: Welcomed by server (Level: street_p, Game: TAGame.GameInfo_Soccar_TA, GameTags: )
[2609.54] Log: FSaveDataExportTask(0) wrote 1029666 bytes to memory
[2609.54] Log: SaveGameDataAsync game thread time: 9 ms
[2609.56] Log: Deleting old save file ..\..\TAGame\SaveDataEpic\DBE_Production\8818b4dba79a43d18b986f46e4d00392_2.save
[2609.56] Log: SaveDataExport(0): Finished - File:[..\..\TAGame\SaveDataEpic\DBE_Production\8818b4dba79a43d18b986f46e4d00392_1.save] Result:[1]
[2609.59] Log: Flushing async loaders.
[2609.59] Log: Flushed async loaders.
[2609.59] Log: LoadMap: 18.156.234.104:7946/street_p?Name=%e6%bc%a2+%e9%be%8d+%e7%8e%8b+%e7%a5%9e+%e9%97%87%e6%bc%a2+%e9%be%8d+%e7%8e%8b+%e7%a5%9e?game=TAGame.GameInfo_Soccar_TA
[2609.60] DevOnline: PsyNet Flush Start TimeoutSeconds=0.250000
[2609.80] DevOnline: PsyNet Flush End
[2609.81] Log: Fully load package: ..\..\TAGame\CookedPCConsole\GameInfo_Soccar_SF.upk
[2609.90] Log: Fully load package: ..\..\TAGame\CookedPCConsole\GFxSounds_XP_SF.upk
[2609.91] Log: Fully load package: ..\..\TAGame\CookedPCConsole\GFx_XPProgressMenu_SF.upk
[2609.93] Log: Fully load package: ..\..\TAGame\CookedPCConsole\GFX_EndGameMenu_SF.upk
[2609.97] Log: Fully load package: ..\..\TAGame\CookedPCConsole\GFX_WinnerMenu_SF.upk
[2609.99] Log: Fully load package: ..\..\TAGame\CookedPCConsole\GFX_MidGameScoreboard_SF.upk
[2610.00] Log: Fully load package: ..\..\TAGame\CookedPCConsole\GFX_MidGameMenu_SF.upk
[2610.01] Log: Fully load package: ..\..\TAGame\CookedPCConsole\GFX_HudMatchInfo_SF.upk
[2610.02] Log: Fully load package: ..\..\TAGame\CookedPCConsole\GFX_Hud_SF.upk
[2611.28] Log: Bringing World street_p.TheWorld up for play (0) at 2026.03.31-16.02.20
[2611.28] Log: Bringing up level for play took: 0.468710
[2611.54] RootMenu: [GFx] UIShellInstance - setting the shell instance
[2611.57] PartyChallenge: UpdateChallengeProgressForCompetitive bChallengesComplete=(True) ChallengeState=(Challenge_Success) bChallengeSync=(True) bChallengesAreValid=(True) bLegacyPlayer=(False) bGuestAccount=(False) Online_X.UniqueNetIDToString(Manager.Outer.PlayerID)=(Epic|8818b4dba79a43d18b986f46e4d00392|0) Complete
[2611.57] PartyChallenge: InitializeCompetitiveChallenges bGuestAccount=(False) bCompletedChallengesForCompetitive=(True) bLegacyPlayer=(False) Online_X.UniqueNetIDToString(OnlinePlayer.PlayerID)=(Epic|8818b4dba79a43d18b986f46e4d00392|0)
[2611.57] JoinGame: OnJoinGameComplete bSuccess=(True) FailReason=()
[2611.57] JoinGame: GotoJoinGameState JoiningNewServer -> None
[2611.57] PsyNetBeaconDetail_X: PsyNetBeacon_X_0 Close
[2611.57] PsyNetBeaconDetail_X: PsyNetBeacon_X_0 CloseConnection Connection.ConnectionID=(eyJ0eXAiOiJKV1QiLCJhbGciOiJIUzUxMiJ9.eyJqdGkiOiJlZTBhMGYyZjgzZjQ0OGQzYmE2MTEwZmNhYmFmYjMzYSIsImlzcyI6IlBzeU5ldCIsInBsYXllcl9pZCI6IkVwaWN8ODgxOGI0ZGJhNzlhNDNkMThiOTg2ZjQ2ZTRkMDAzOTJ8MCIsInNlcnZlcl9uYW1lIjoiRVU1LTAzQzM3MkQ5MUYwODE0MTNFLU1hc2FtdW5lMiIsImlhdCI6MTc3NDk2OTMzMywibmJmIjoxNzc0OTY5MzMzLCJleHAiOjE3NzQ5ODM3MzN9.yto3CIQbPhC2TvacbZTaoHsHhltjWJ8dUnXedO13QFPhHmX2h5TLQBey0MfZybS2L3oRyh5GTg1BewowXfm7hw)
[2611.57] Matchmaking: OnlineGameMatchmaking_X_0 Joining -> None
[2611.57] Spawn: TextChatActor_TA_21 OnOwnerChanged PlayerController_TA_15
[2611.57] EOSGameClips: Construct Constructed EOSGameClipsController_TA. Self=(EOSGameClipsController_TA_15)
[2611.57] Log: ########### Finished loading level: 1.982704 seconds
[2611.58] SettingsExport: Settings content not changed. Will not update the Settings Online
[2612.57] EOSGameClips: ShutDown : Shutting down EOSGameClipsController_TA. Self=(EOSGameClipsController_TA_15) PlayerOwner?.GetUniqueNetId()=(Epic|8818b4dba79a43d18b986f46e4d00392|0)
[2612.58] PartyChallenge: UpdateChallengeProgressForCompetitive bChallengesComplete=(True) ChallengeState=(Challenge_Success) bChallengeSync=(True) bChallengesAreValid=(True) bLegacyPlayer=(False) bGuestAccount=(False) Online_X.UniqueNetIDToString(Manager.Outer.PlayerID)=(Epic|8818b4dba79a43d18b986f46e4d00392|0) Complete
[2612.58] PartyChallenge: InitializeCompetitiveChallenges bGuestAccount=(False) bCompletedChallengesForCompetitive=(True) bLegacyPlayer=(False) Online_X.UniqueNetIDToString(OnlinePlayer.PlayerID)=(Epic|8818b4dba79a43d18b986f46e4d00392|0)
[2612.58] EOSGameClips: Construct Constructed EOSGameClipsController_TA. Self=(EOSGameClipsController_TA_16)
[2612.58] ScriptLog: Client InputRate=60
[2612.58] DevNet: PlayerController_TA_16 setplayer LocalPlayer_TA_0
[2612.58] PsyNetStaticData: UpdateCacheTimerEnabled CacheTimer.bEnabled=(False)
[2612.58] MatchBroadcast: Init bBroadcastMatch=(False) MatchLog=(None)
[2612.62] ScriptLog: Uncached PlatformId for Epic|8818b4dba79a43d18b986f46e4d00392|0
[2612.63] ScriptLog: MatchGUID: 9997D2C411F12D1217753B946D034FCF
[2612.63] Spawn: TextChatActor_TA_22 OnOwnerChanged PlayerController_TA_16
[2612.70] RootMenu: [GFx] UIShellInstance - setting the shell instance
[2612.79] LTM: SettingsType=(CustomMatchSettingsType_PrivateMatch)
[2612.85] Warning: Failed to find streaming level object associated with 'SeqAct_MultiLevelStreaming street_p.TheWorld:PersistentLevel.Main_Sequence.SeqAct_MultiLevelStreaming_0'
[2612.95] DevOnline: EOSSDK-LogEOSRTC: TickTracker Tick is delayed. TimePeriod=[10.011527s]  TickIntervalThreshold=[0.100000s] MaxTickInterval=[0.116856s] MaxExecutionTime=[0.000044s] TicksCount=[725] ExpectedTicksCount=[1001]
[2612.99] EOSVoice: Voice not enabled for current playlist
[2616.52] EOSGameClips: EOSGameClips: Currently recording: false
[2616.52] EOSGameClips: CaptureClipPressed Game clips is currently not recording.
[2616.88] DevOnline: WebRequest_X_101 SEND: https://datarouter.ol.epicgames.com/datarouter/api/v1/public/data?AppID=RocketLeague.Release&AppVersion=1210528741&AppEnvironment=Prod&UploadType=eteventstream&UserID=|8818b4dba79a43d18b986f46e4d00392|||Epic|8818b4dba79a43d18b986f46e4d00392|0&SessionID=3160ACB646B5F0FF42875186A0A7F66A
[2616.99] DevOnline: WebRequest_X_101 RECV: 204 
[2617.10] SplitScreen: Press Start ControllerId=0 Player=LocalPlayer_TA_0
[2617.54] Online: TryToPlayOnline ControllerID=(-1)
[2617.55] Online: HandlePrivilegeCheckFinished PrivilegeCheck.bHasRestriction=(False)
[2617.55] Online: HandlePrivilegeCheck PrivilegeCheck.bHasRestriction=(False)
[2622.14] EOSGameClips: EOSGameClips: Currently recording: false
[2622.14] EOSGameClips: CaptureClipPressed Game clips is currently not recording.
[2624.56] EOSGameClips: EOSGameClips: Starting background recording: API Version 2, Clip Duration 30
[2624.56] DevOnline: EOSSDK-LogEOSGameClips: Starting recording up to 30 seconds.
[2624.57] EOSGameClips: EOSGameClips: Recording changed from NotRecording to Recording.
[2624.99] EOSGameClips: EOSGameClips: Currently recording: true
[2628.59] EOSGameClips: EOSGameClips: Starting background recording: API Version 2, Clip Duration 30
[2676.88] DevOnline: WebRequest_X_102 SEND: https://datarouter.ol.epicgames.com/datarouter/api/v1/public/data?AppID=RocketLeague.Release&AppVersion=1210528741&AppEnvironment=Prod&UploadType=eteventstream&UserID=|8818b4dba79a43d18b986f46e4d00392|||Epic|8818b4dba79a43d18b986f46e4d00392|0&SessionID=3160ACB646B5F0FF42875186A0A7F66A
[2677.03] DevOnline: WebRequest_X_102 RECV: 204 
[2702.80] EOSGameClips: EOSGameClips: Starting background recording: API Version 2, Clip Duration 30
[2705.32] EOSGameClips: EOSGameClips: Currently recording: true
[2706.30] EOSGameClips: EOSGameClips: Starting background recording: API Version 2, Clip Duration 30
[2710.74] EOSGameClips: EOSGameClips: Currently recording: true
[2711.36] SplitScreen: Press Start ControllerId=0 Player=LocalPlayer_TA_0
[2711.63] EOSGameClips: EOSGameClips: Starting background recording: API Version 2, Clip Duration 30
[2711.96] Log: FSaveDataExportTask(0) wrote 1055477 bytes to memory
[2711.96] Log: SaveGameDataAsync game thread time: 8 ms
[2711.98] Log: Deleting old save file ..\..\TAGame\SaveDataEpic\DBE_Production\8818b4dba79a43d18b986f46e4d00392.save
[2711.98] Log: SaveDataExport(0): Finished - File:[..\..\TAGame\SaveDataEpic\DBE_Production\8818b4dba79a43d18b986f46e4d00392_2.save] Result:[1]
[2711.98] SettingsExport: CreateSnapshot Metadata {"userId":"Epic|8818b4dba79a43d18b986f46e4d00392|0","platformKey":"Epic","schemaVersion":0,"clientVersion":1532151,"timestampUtc":1774969441,"settingsVersion":7925,"checksum":1014190798 Payload Size  97007
[2711.98] SettingsExport: Payload changed. Notifying new Checksum: 1014190798
[2711.98] SettingsExport: Local settings updated, uploading data
[2715.58] EOSGameClips: EOSGameClips: Starting background recording: API Version 2, Clip Duration 30
[2736.88] DevOnline: WebRequest_X_103 SEND: https://datarouter.ol.epicgames.com/datarouter/api/v1/public/data?AppID=RocketLeague.Release&AppVersion=1210528741&AppEnvironment=Prod&UploadType=eteventstream&UserID=|8818b4dba79a43d18b986f46e4d00392|||Epic|8818b4dba79a43d18b986f46e4d00392|0&SessionID=3160ACB646B5F0FF42875186A0A7F66A
[2737.03] DevOnline: WebRequest_X_103 RECV: 204 
[2747.95] EOSGameClips: EOSGameClips: Starting background recording: API Version 2, Clip Duration 30
[2750.47] EOSGameClips: EOSGameClips: Currently recording: true
[2751.46] EOSGameClips: EOSGameClips: Starting background recording: API Version 2, Clip Duration 30
[2757.89] EOSGameClips: EOSGameClips: Currently recording: true
[2758.71] EOSGameClips: EOSGameClips: Starting background recording: API Version 2, Clip Duration 30
[2759.08] EOSGameClips: EOSGameClips: Currently recording: true
[2762.74] EOSGameClips: EOSGameClips: Starting background recording: API Version 2, Clip Duration 30
[2796.87] DevOnline: WebRequest_X_104 SEND: https://datarouter.ol.epicgames.com/datarouter/api/v1/public/data?AppID=RocketLeague.Release&AppVersion=1210528741&AppEnvironment=Prod&UploadType=eteventstream&UserID=|8818b4dba79a43d18b986f46e4d00392|||Epic|8818b4dba79a43d18b986f46e4d00392|0&SessionID=3160ACB646B5F0FF42875186A0A7F66A
[2797.02] DevOnline: WebRequest_X_104 RECV: 204 
[2840.12] EOSGameClips: EOSGameClips: Starting background recording: API Version 2, Clip Duration 30
[2842.65] EOSGameClips: EOSGameClips: Currently recording: true
[2843.17] EOSGameClips: EOSGameClips: Currently recording: true
[2843.17] EOSGameClips: CaptureClipPressed Capture clip called for player:  GetEpicAccountId()=(8818b4dba79a43d18b986f46e4d00392) InGameClipInputType=(GoalReplay)
[2843.63] EOSGameClips: EOSGameClips: Starting background recording: API Version 2, Clip Duration 30
[2845.09] EOSGameClips: CaptureClipPressed We are currently in a goal replay and can't clip yet.
[2846.47] EOSGameClips: CaptureClipPressed We are currently in a goal replay and can't clip yet.
[2846.47] EOSGameClips: EOSGameClips: Currently recording: true
[2846.47] EOSGameClips: EOSGameClips: Take a clip! Account: 8818b4dba79a43d18b986f46e4d00392
[2846.47] EOSGameClips: CreateClip Attempting to clip for account:  ClipId=(14) AccountId=(8818b4dba79a43d18b986f46e4d00392) InGameClipInputType=(GoalReplay)
[2846.48] DevOnline: EOSSDK-LogEOSGameClips: Failed to create clip: 
[2846.48] DevOnline: EOSSDK-LogEOSGameClips: Clip '5BB37E2E4B499EB021CE57BE7759FC30': Clip 14 failed: Not enough frames recorded
[2846.48] EOSGameClips: EOSGameClips: Clip progress callback. ClipId: 14, ERROR - Result Code: EOS_GameClips_CreateFailed
[2846.48] EOSGameClips: EOSGameClips: Setting clip upload finished for user: 8818b4dba79a43d18b986f46e4d00392, clip: 14
[2846.48] Warning: EOSGameClips: Could not find clip with id: 14. The clip may be corrupt.
[2846.48] EOSGameClips: EOSGameClipsMetrics_TA_0.RecordClipInfo()  - Errors[0] InClipInfoMetric.Errors[Index]=(GameClipsFailedToUpload)
[2847.45] EOSGameClips: EOSGameClips: Starting background recording: API Version 2, Clip Duration 30
[2851.46] EOSGameClips: EOSGameClips: Starting background recording: API Version 2, Clip Duration 30
[2856.86] DevOnline: WebRequest_X_105 SEND: https://datarouter.ol.epicgames.com/datarouter/api/v1/public/data?AppID=RocketLeague.Release&AppVersion=1210528741&AppEnvironment=Prod&UploadType=eteventstream&UserID=|8818b4dba79a43d18b986f46e4d00392|||Epic|8818b4dba79a43d18b986f46e4d00392|0&SessionID=3160ACB646B5F0FF42875186A0A7F66A
[2857.01] DevOnline: WebRequest_X_105 RECV: 204 
[2895.76] EOSGameClips: EOSGameClips: Starting background recording: API Version 2, Clip Duration 30
[2898.37] EOSGameClips: EOSGameClips: Currently recording: true
[2899.36] EOSGameClips: EOSGameClips: Starting background recording: API Version 2, Clip Duration 30
[2907.20] EOSGameClips: EOSGameClips: Currently recording: true
[2908.03] EOSGameClips: EOSGameClips: Starting background recording: API Version 2, Clip Duration 30
[2912.07] EOSGameClips: EOSGameClips: Starting background recording: API Version 2, Clip Duration 30
[2916.86] DevOnline: WebRequest_X_106 SEND: https://datarouter.ol.epicgames.com/datarouter/api/v1/public/data?AppID=RocketLeague.Release&AppVersion=1210528741&AppEnvironment=Prod&UploadType=eteventstream&UserID=|8818b4dba79a43d18b986f46e4d00392|||Epic|8818b4dba79a43d18b986f46e4d00392|0&SessionID=3160ACB646B5F0FF42875186A0A7F66A
[2917.00] DevOnline: WebRequest_X_106 RECV: 204 
[2942.60] EOSGameClips: EOSGameClips: Starting background recording: API Version 2, Clip Duration 30
[2945.13] EOSGameClips: EOSGameClips: Currently recording: true
[2946.12] EOSGameClips: EOSGameClips: Starting background recording: API Version 2, Clip Duration 30
[2952.69] EOSGameClips: EOSGameClips: Currently recording: true
[2952.69] EOSGameClips: CaptureClipPressed Capture clip called for player:  GetEpicAccountId()=(8818b4dba79a43d18b986f46e4d00392) InGameClipInputType=(GoalReplay)
[2953.27] EOSGameClips: CaptureClipPressed We are currently in a goal replay and can't clip yet.
[2955.77] EOSGameClips: EOSGameClips: Currently recording: true
[2955.77] EOSGameClips: EOSGameClips: Take a clip! Account: 8818b4dba79a43d18b986f46e4d00392
[2955.77] EOSGameClips: CreateClip Attempting to clip for account:  ClipId=(15) AccountId=(8818b4dba79a43d18b986f46e4d00392) InGameClipInputType=(GoalReplay)
[2955.78] DevOnline: EOSSDK-LogEOSGameClips: Failed to create clip: 
[2955.78] DevOnline: EOSSDK-LogEOSGameClips: Clip 'DD9149E0455C4BDEC404CD91D291A33C': Clip 15 failed: Not enough frames recorded
[2955.78] EOSGameClips: EOSGameClips: Clip progress callback. ClipId: 15, ERROR - Result Code: EOS_GameClips_CreateFailed
[2955.78] EOSGameClips: EOSGameClips: Setting clip upload finished for user: 8818b4dba79a43d18b986f46e4d00392, clip: 15
[2955.78] Warning: EOSGameClips: Could not find clip with id: 15. The clip may be corrupt.
[2955.78] EOSGameClips: EOSGameClipsMetrics_TA_0.RecordClipInfo()  - Errors[0] InClipInfoMetric.Errors[Index]=(GameClipsFailedToUpload)
[2956.76] EOSGameClips: EOSGameClips: Starting background recording: API Version 2, Clip Duration 30
[2958.03] EOSGameClips: EOSGameClips: Currently recording: true
[2960.80] EOSGameClips: EOSGameClips: Starting background recording: API Version 2, Clip Duration 30
[2976.86] DevOnline: WebRequest_X_107 SEND: https://datarouter.ol.epicgames.com/datarouter/api/v1/public/data?AppID=RocketLeague.Release&AppVersion=1210528741&AppEnvironment=Prod&UploadType=eteventstream&UserID=|8818b4dba79a43d18b986f46e4d00392|||Epic|8818b4dba79a43d18b986f46e4d00392|0&SessionID=3160ACB646B5F0FF42875186A0A7F66A
[2976.98] DevOnline: WebRequest_X_107 RECV: 204 
[2977.60] EOSGameClips: EOSGameClips: Starting background recording: API Version 2, Clip Duration 30
[2980.16] EOSGameClips: EOSGameClips: Currently recording: true
[2981.14] EOSGameClips: EOSGameClips: Starting background recording: API Version 2, Clip Duration 30
[2991.84] EOSGameClips: EOSGameClips: Starting background recording: API Version 2, Clip Duration 30
[2995.83] EOSGameClips: EOSGameClips: Starting background recording: API Version 2, Clip Duration 30
[3000.55] EOSGameClips: EOSGameClips: Starting background recording: API Version 2, Clip Duration 30
[3003.10] EOSGameClips: EOSGameClips: Currently recording: true
[3004.09] EOSGameClips: EOSGameClips: Starting background recording: API Version 2, Clip Duration 30
[3014.75] EOSGameClips: EOSGameClips: Starting background recording: API Version 2, Clip Duration 30
[3018.74] EOSGameClips: EOSGameClips: Starting background recording: API Version 2, Clip Duration 30
[3024.96] EOSGameClips: EOSGameClips: Starting background recording: API Version 2, Clip Duration 30
[3027.54] EOSGameClips: EOSGameClips: Currently recording: true
[3028.53] EOSGameClips: EOSGameClips: Starting background recording: API Version 2, Clip Duration 30
[3036.85] DevOnline: WebRequest_X_108 SEND: https://datarouter.ol.epicgames.com/datarouter/api/v1/public/data?AppID=RocketLeague.Release&AppVersion=1210528741&AppEnvironment=Prod&UploadType=eteventstream&UserID=|8818b4dba79a43d18b986f46e4d00392|||Epic|8818b4dba79a43d18b986f46e4d00392|0&SessionID=3160ACB646B5F0FF42875186A0A7F66A
[3036.97] DevOnline: WebRequest_X_108 RECV: 204 
[3039.20] EOSGameClips: EOSGameClips: Starting background recording: API Version 2, Clip Duration 30
[3043.21] EOSGameClips: EOSGameClips: Starting background recording: API Version 2, Clip Duration 30
[3043.30] XPProgression: GFxHUD_TA.HandleGameStateChanged Current player match score = 1136, UniqueId=(Epic|8818b4dba79a43d18b986f46e4d00392|0), with total match time = 267.6517 seconds, with total net time = 267.6517seconds
[3043.30] Party: Ranked Game Finished, Clear party member server
[3043.30] RankedReconnect: RankedReconnectSave_TA_0.ClearRankedReconnect()
[3043.55] PartyChallenge: UpdateChallengeProgressForCompetitive bChallengesComplete=(True) ChallengeState=(Challenge_Success) bChallengeSync=(True) bChallengesAreValid=(True) bLegacyPlayer=(False) bGuestAccount=(False) Online_X.UniqueNetIDToString(Manager.Outer.PlayerID)=(Epic|8818b4dba79a43d18b986f46e4d00392|0) Complete
[3043.56] PsyNet: PsyNetServiceProvider_X_1 ExecuteService Complete, Service=Challenges/PlayerProgress 
[3043.57] Rewards: ClientGiveOnlineReward "  ‹ ^ Ç"  ‹ ^ Product=((ProductID=7076,InstanceID=(UpperBits=7888146408968569777,LowerBits=11710998052487386730),SeriesID=4,Attributes=((Key="Blueprint",Value="7081"),(Key="Quality",Value="Rare"),(Key="Painted",Value="5"),(Key="BlueprintCost",Value="100"))))
[3043.57] XPProgression: SaveData_TA.HandleRewardDropNotification PsyNetService_RewardDropReceived_TA returned Total XP Earned = 1816.0000, in match with ID = 9997D2C411F12D1217753B946D034FCF , Current player match score = 1136, UniqueId=(Epic|8818b4dba79a43d18b986f46e4d00392|0), with total match time = 267.6517 seconds, with total net time = 267.6517seconds
[3043.58] PsyNet: PsyNetServiceProvider_X_1 ExecuteService Complete, Service=Reward/RewardResult 
[3043.58] ScriptLog: GetDLCProducts, UnlockedDLCList=
[3044.29] EOSGameClips: EOSGameClips: Starting background recording: API Version 2, Clip Duration 30
[3045.39] DevOnline: PlayerDataStorage_WriteFile: Beginning to upload file. User=(8818b4dba79a43d18b986f46e4d00392) FileName=(RLSettingsData)
[3046.29] ScriptWarning: ScriptWarning, Accessed None 'Car'
	CarComponent_Boost_TA street_p.TheWorld:PersistentLevel.CarComponent_Boost_TA_255
	Function TAGame.CarComponent_Boost_TA:GiveBoost:01A5
Script call stack:
	Function TAGame.CarComponent_Boost_TA:ClientGiveBoost
	Function TAGame.CarComponent_Boost_TA:GiveBoost

[3046.29] XPProgression: GFxHUD_TA.HandleGameStateChanged Current player match score = 1136, UniqueId=(Epic|8818b4dba79a43d18b986f46e4d00392|0), with total match time = 267.6517 seconds, with total net time = 267.6517seconds
[3046.29] Party: Ranked Game Finished, Clear party member server
[3046.29] RankedReconnect: RankedReconnectSave_TA_0.ClearRankedReconnect()
[3046.39] DevOnline: PlayerDataStorage_WriteFile: Beginning to upload file. User=(8818b4dba79a43d18b986f46e4d00392) FileName=(RLSaveData)
[3047.00] DevOnline: PlayerDataStorage_WriteFile: File upload complete. User=(8818b4dba79a43d18b986f46e4d00392) FileName=(RLSettingsData) Success=(1)
[3047.00] SettingsExport: Settings data upload complete. Success: True
[3047.29] EOSGameClips: EOSGameClips: Starting background recording: API Version 2, Clip Duration 30
[3047.72] DevOnline: PlayerDataStorage_WriteFile: File upload complete. User=(8818b4dba79a43d18b986f46e4d00392) FileName=(RLSaveData) Success=(1)
[3051.29] PsyNetStaticData: HandleCacheExpired
[3051.29] PsyNetStaticData: UpdateCacheTimerEnabled CacheTimer.bEnabled=(True)
[3051.29] XPProgression: GFxHUD_TA.HandleGameStateChanged Current player match score = 1136, UniqueId=(Epic|8818b4dba79a43d18b986f46e4d00392|0), with total match time = 267.6517 seconds, with total net time = 267.6517seconds
[3051.29] Party: Ranked Game Finished, Clear party member server
[3051.29] RankedReconnect: RankedReconnectSave_TA_0.ClearRankedReconnect()
[3051.31] Online: TryToPlayOnline ControllerID=(-1)
[3051.31] Online: HandlePrivilegeCheckFinished PrivilegeCheck.bHasRestriction=(False)
[3051.31] Online: HandlePrivilegeCheck PrivilegeCheck.bHasRestriction=(False)
[3051.31] EOSGameClips: EOSGameClips: Recording changed from Recording to NotRecording.
[3051.31] DevOnline: WebRequest_X_109 SEND: https://config.psynet.gg/v2/Config/BattleCars/1210528741/Prod/Epic/INT/
[3051.49] DevOnline: EOSSDK-LogEOSGameClips: Missing encoder drain completed message.
[3051.66] DevOnline: WebRequest_X_109 RECV: 304 
[3052.21] Log: FSaveDataExportTask(0) wrote 1032351 bytes to memory
[3052.21] Log: SaveGameDataAsync game thread time: 8 ms
[3052.23] Log: Deleting old save file ..\..\TAGame\SaveDataEpic\DBE_Production\8818b4dba79a43d18b986f46e4d00392_1.save
[3052.23] Log: SaveDataExport(0): Finished - File:[..\..\TAGame\SaveDataEpic\DBE_Production\8818b4dba79a43d18b986f46e4d00392.save] Result:[1]
[3052.23] SettingsExport: CreateSnapshot Metadata {"userId":"Epic|8818b4dba79a43d18b986f46e4d00392|0","platformKey":"Epic","schemaVersion":0,"clientVersion":1532151,"timestampUtc":1774969781,"settingsVersion":7926,"checksum":-842687672 Payload Size  97006
[3052.23] SettingsExport: Payload changed. Notifying new Checksum: -842687672
[3052.23] SettingsExport: Local settings updated, uploading data
[3060.97] Log: FSaveDataExportTask(0) wrote 1032351 bytes to memory
[3060.97] Log: SaveGameDataAsync game thread time: 8 ms
[3060.99] Log: Deleting old save file ..\..\TAGame\SaveDataEpic\DBE_Production\8818b4dba79a43d18b986f46e4d00392_2.save
[3060.99] Log: SaveDataExport(0): Finished - File:[..\..\TAGame\SaveDataEpic\DBE_Production\8818b4dba79a43d18b986f46e4d00392_1.save] Result:[1]
[3061.00] SettingsExport: Settings content not changed. Will not update the Settings Online
[3070.57] Prime24121: StartSearch.PreferredRegions.Length 5
[3070.57] Matchmaking: OnlineGameMatchmaking_X_0 OnlineGameMatchmaking_X -> PingRegions
[3071.08] ScriptLog: RegionPinger_X_8 PingRegions ("18.156.220.216:8125","15.237.0.188:7845","13.50.34.158:8173","3.248.204.91:8065","18.170.199.21:7865","51.118.106.192:7867","3.237.148.156:8051","3.143.32.142:7729","13.244.211.72:7721","18.88.14.172:7875","44.234.81.84:8089","3.101.166.173:7899","15.229.134.213:8115","52.221.216.181:7801","54.46.76.7:7717","65.1.1.113:7877","35.73.58.212:7881","3.26.119.19:7829")
[3072.14] Matchmaking: All Regions Pinged: EU5 (0.0750),EU9 (0.0583),ME1 (1.0000),EU1 (0.0833),EU3 (0.0750),EU7 (0.0667),ME3 (0.0833),USE1 (0.1500),USE3 (0.2000),SAF1 (0.2000),USC1 (0.1750),USW3 (0.1917),USW1 (0.2000),SAM1 (0.2250),ASM1 (0.1833),ASC1 (0.2250),IND1 (0.2083),JPN1 (0.2583),OCE1 (0.2833),JPN (1.0000),ASC (1.0000),ASM (1.0000),EU (1.0000),IND (1.0000),ME (1.0000),ME2 (1.0000),OCE (1.0000),SAF (1.0000),SAM (1.0000),USC (1.0000),USE (1.0000),USW (1.0000)
[3072.14] Matchmaking: Failed to ping 'ME1'. Using cached ping '0.1010'
[3072.14] Log: FCacheExportTask(..\..\TAGame\Cache\RegionCache.cache) wrote 1803 bytes to memory
[3072.14] Matchmaking: OnlineGameMatchmaking_X_0 PingRegions -> Searching
[3072.14] Prime24121: HandleRegionsPinged.PreferredRegions.Length 5
[3072.14] Matchmaking: OnlineGameMatchmaking_X::RecordStart
[3072.14] Matchmaking: Pre-divide PartyLeaderMMR: 24.7761
[3072.14] Matchmaking: Post-divide PartyLeaderMMR: 24.7761
[3072.14] Matchmaking: PartyLeaderTier=(10)
[3072.14] Matchmaking: StartMatchmaking at 2026-03-31 15:10:01 in EU5,EU9,EU1,EU3,EU7 for playlists 10 on game server 130758270
[3072.14] Matchmaking: Creating RPC_StartMatchmaking_X
[3072.14] Matchmaking: PreferredRegions.Length=(5) PreferredPlaylists.Length=(1) Party.GetOrderedPartyMemberIDs().Length=(1)
[3072.14] Matchmaking: SecondsSearching=(1) CurrentServerID=(130758270) bDisableCrossplay=(False) bIgnoreSkill=(False)
[3072.33] Matchmaking: Matchmaking RPC succeeded.
[3072.33] Matchmaking: EstimatedQueueTime=(15.0000)
[3079.23] DevOnline: PlayerDataStorage_WriteFile: Beginning to upload file. User=(8818b4dba79a43d18b986f46e4d00392) FileName=(RLSettingsData)
[3079.86] PsyNetBeaconDetail_X: PsyNetBeacon_X_0 ReserveConnection ReservationID=(A1B6DADCAFD74D0AB4FE785C34E3642E) ConnectionID=(eyJ0eXAiOiJKV1QiLCJhbGciOiJIUzUxMiJ9.eyJqdGkiOiIzZmFlYWQ0M2FiMzE0MjU4YWE5Njc4NzQzYTExNjA4MiIsImlzcyI6IlBzeU5ldCIsInBsYXllcl9pZCI6IkVwaWN8ODgxOGI0ZGJhNzlhNDNkMThiOTg2ZjQ2ZTRkMDAzOTJ8MCIsInNlcnZlcl9uYW1lIjoiRVU1LTA3QUFCRTI2QUI5RENCQTJBLU5ldXJvbjQiLCJpYXQiOjE3NzQ5Njk4MDgsIm5iZiI6MTc3NDk2OTgwOCwiZXhwIjoxNzc0OTg0MjA4fQ.nADgS-UpTon1iLvJbLBReEV1AKT9RhitQfH2uzbR2EcdKIuDREINwbUh2Ss7G7MZ3obSk329tcGdfsirv5m0yw)
[3079.86] PsyNetBeaconDetail_X: PsyNetBeacon_X_0 ClientHandleMessage Message.MessageType=(ClientReservationMessage_X) Message.ReservationID=(A1B6DADCAFD74D0AB4FE785C34E3642E)
[3079.86] CheckReservation: Received game server from notification (v3) Message.Reservation=((ServerName="EU5-07AABE26AB9DCBA2A-Neuron4",Playlist=10,Region="EU",ReservationID="A1B6DADCAFD74D0AB4FE785C34E3642E",DSRToken="eyJ0eXAiOiJKV1QiLCJhbGciOiJIUzUxMiJ9.eyJqdGkiOiIzZmFlYWQ0M2FiMzE0MjU4YWE5Njc4NzQzYTExNjA4MiIsImlzcyI6IlBzeU5ldCIsInBsYXllcl9pZCI6IkVwaWN8ODgxOGI0ZGJhNzlhNDNkMThiOTg2ZjQ2ZTRkMDAzOTJ8MCIsInNlcnZlcl9uYW1lIjoiRVU1LTA3QUFCRTI2QUI5RENCQTJBLU5ldXJvbjQiLCJpYXQiOjE3NzQ5Njk4MDgsIm5iZiI6MTc3NDk2OTgwOCwiZXhwIjoxNzc0OTg0MjA4fQ.nADgS-UpTon1iLvJbLBReEV1AKT9RhitQfH2uzbR2EcdKIuDREINwbUh2Ss7G7MZ3obSk329tcGdfsirv5m0yw",JoinName="CDROPR4I18PFLETB",JoinPassword="UDMVJJCOAVR42K65"))
[3079.86] JoinGame: StartJoin Reservation=((ServerName="EU5-07AABE26AB9DCBA2A-Neuron4",Playlist=10,Region="EU",ReservationID="A1B6DADCAFD74D0AB4FE785C34E3642E",DSRToken="eyJ0eXAiOiJKV1QiLCJhbGciOiJIUzUxMiJ9.eyJqdGkiOiIzZmFlYWQ0M2FiMzE0MjU4YWE5Njc4NzQzYTExNjA4MiIsImlzcyI6IlBzeU5ldCIsInBsYXllcl9pZCI6IkVwaWN8ODgxOGI0ZGJhNzlhNDNkMThiOTg2ZjQ2ZTRkMDAzOTJ8MCIsInNlcnZlcl9uYW1lIjoiRVU1LTA3QUFCRTI2QUI5RENCQTJBLU5ldXJvbjQiLCJpYXQiOjE3NzQ5Njk4MDgsIm5iZiI6MTc3NDk2OTgwOCwiZXhwIjoxNzc0OTg0MjA4fQ.nADgS-UpTon1iLvJbLBReEV1AKT9RhitQfH2uzbR2EcdKIuDREINwbUh2Ss7G7MZ3obSk329tcGdfsirv5m0yw",JoinName="CDROPR4I18PFLETB",JoinPassword="UDMVJJCOAVR42K65")) JoinSettings=((PlaylistId=10))
[3079.86] JoinGame: GotoJoinGameState OnlineGameJoinGame_TA -> VerifyPrivileges
[3079.86] Online: TryToPlayOnline ControllerID=(-1)
[3079.86] Matchmaking: OnlineGameMatchmaking_X_0 Searching -> Joining
[3079.87] Online: HandlePrivilegeCheckFinished PrivilegeCheck.bHasRestriction=(False)
[3079.87] JoinGame: GotoJoinGameState VerifyPrivileges -> ReservingServerForMatchmaking
[3079.87] PsyNetBeaconDetail_X: PsyNetBeacon_X_0 SendMessageToServer Message=(AddReservationMessagePublic_X_7)
[3079.87] PsyNet: PsyNetServiceProvider_X_1 ExecuteService Complete, Service=DSR/ClientMessage 
[3080.38] DevOnline: PlayerDataStorage_WriteFile: File upload complete. User=(8818b4dba79a43d18b986f46e4d00392) FileName=(RLSettingsData) Success=(1)
[3080.38] SettingsExport: Settings data upload complete. Success: True
[3081.13] PsyNetBeaconDetail_X: PsyNetBeacon_X_0 ClientHandleMessage Message.MessageType=(ReservationsReadyMessage_X) Message.ReservationID=(A1B6DADCAFD74D0AB4FE785C34E3642E)
[3081.13] Party: HandleServerReserved (Reservation=(ServerName="EU5-07AABE26AB9DCBA2A-Neuron4",Playlist=10,Region="EU",ReservationID="A1B6DADCAFD74D0AB4FE785C34E3642E",DSRToken="eyJ0eXAiOiJKV1QiLCJhbGciOiJIUzUxMiJ9.eyJqdGkiOiIzZmFlYWQ0M2FiMzE0MjU4YWE5Njc4NzQzYTExNjA4MiIsImlzcyI6IlBzeU5ldCIsInBsYXllcl9pZCI6IkVwaWN8ODgxOGI0ZGJhNzlhNDNkMThiOTg2ZjQ2ZTRkMDAzOTJ8MCIsInNlcnZlcl9uYW1lIjoiRVU1LTA3QUFCRTI2QUI5RENCQTJBLU5ldXJvbjQiLCJpYXQiOjE3NzQ5Njk4MDgsIm5iZiI6MTc3NDk2OTgwOCwiZXhwIjoxNzc0OTg0MjA4fQ.nADgS-UpTon1iLvJbLBReEV1AKT9RhitQfH2uzbR2EcdKIuDREINwbUh2Ss7G7MZ3obSk329tcGdfsirv5m0yw",JoinName="CDROPR4I18PFLETB",JoinPassword="UDMVJJCOAVR42K65"),PingURL="18.157.41.140:7979",GameURL="18.157.41.140:7978",JoinCredentials="CDROPR4I18PFLETB:UDMVJJCOAVR42K65")
[3081.13] JoinGame: GotoJoinGameState ReservingServerForMatchmaking -> JoinCountdown
[3081.13] PsyNetBeaconDetail_X: PsyNetBeacon_X_0 SendMessageToServer Message=(PingMessage_X_14)
[3081.13] PsyNet: PsyNetServiceProvider_X_1 ExecuteService Complete, Service=DSR/ClientMessage 
[3081.48] PsyNetBeaconDetail_X: PsyNetBeacon_X_0 ClientHandleMessage Message.MessageType=(PingMessage_X) Message.ReservationID=(A1B6DADCAFD74D0AB4FE785C34E3642E)
[3081.49] PsyNet: PsyNetServiceProvider_X_1 ExecuteService Complete, Service=DSR/ClientMessage 
[3084.13] JoinGame: GotoJoinGameState JoinCountdown -> OpeningLoadingScreen
[3084.13] RankedReconnect: OnlineGameJoinGame_TA_0::OpeningLoadingScreen.BeginState()
[3084.13] RankedReconnect: LocalPlayer_TA_0.UpdateRankedReconnect() RankedSoloDuel True 2 False
[3084.13] RankedReconnect: RankedReconnectSave_TA_0.ClearRankedReconnect()
[3084.13] DevNet: Browse: JoinGameTransition?Name=%e6%bc%a2+%e9%be%8d+%e7%8e%8b+%e7%a5%9e+%e9%97%87%e6%bc%a2+%e9%be%8d+%e7%8e%8b+%e7%a5%9e?game=TAGame.GameInfo_Transition_TA
[3084.19] Log: FSaveDataExportTask(0) wrote 1032351 bytes to memory
[3084.19] Log: SaveGameDataAsync game thread time: 7 ms
[3084.21] Log: Deleting old save file ..\..\TAGame\SaveDataEpic\DBE_Production\8818b4dba79a43d18b986f46e4d00392.save
[3084.21] Log: SaveDataExport(0): Finished - File:[..\..\TAGame\SaveDataEpic\DBE_Production\8818b4dba79a43d18b986f46e4d00392_2.save] Result:[1]
[3084.21] Log: LoadMap: JoinGameTransition?Name=%e6%bc%a2+%e9%be%8d+%e7%8e%8b+%e7%a5%9e+%e9%97%87%e6%bc%a2+%e9%be%8d+%e7%8e%8b+%e7%a5%9e?game=TAGame.GameInfo_Transition_TA
[3084.21] Spawn: TextChatActor_TA_21 Destroyed
[3084.21] EOSGameClips: ShutDown : Shutting down EOSGameClipsController_TA. Self=(EOSGameClipsController_TA_16) PlayerOwner?.GetUniqueNetId()=(Epic|8818b4dba79a43d18b986f46e4d00392|0)
[3084.21] Spawn: TextChatActor_TA_22 Destroyed
[3084.21] Spawn: TextChatActor_TA_23 Destroyed
[3084.21] Spawn: IdleWarning_TA_0 Destroyed
[3084.23] DevOnline: PsyNet Flush Start TimeoutSeconds=0.250000
[3084.49] DevOnline: PsyNet Flush End
[3084.51] NetComeGo: Close TcpipConnection_6 18.156.234.104:7946 31/03/2026 16:10:13 'Control channel cleanup'
[3084.51] NetComeGo: TcpipConnection_6 Control channel closed, reason=Control channel cleanup
[3084.55] Exit: TcpNetDriver_6 shut down
[3084.56] Log: Fully load package: ..\..\TAGame\CookedPCConsole\GameInfo_Transition_SF.upk
[3084.57] Log: Game class is 'GameInfo_Transition_TA'
[3084.60] Log: Bringing World JoinGameTransition.TheWorld up for play (0) at 2026.03.31-16.10.13
[3084.60] Log: Bringing up level for play took: 0.031718
[3084.60] PartyChallenge: UpdateChallengeProgressForCompetitive bChallengesComplete=(True) ChallengeState=(Challenge_Success) bChallengeSync=(True) bChallengesAreValid=(True) bLegacyPlayer=(False) bGuestAccount=(False) Online_X.UniqueNetIDToString(Manager.Outer.PlayerID)=(Epic|8818b4dba79a43d18b986f46e4d00392|0) Complete
[3084.60] PartyChallenge: InitializeCompetitiveChallenges bGuestAccount=(False) bCompletedChallengesForCompetitive=(True) bLegacyPlayer=(False) Online_X.UniqueNetIDToString(OnlinePlayer.PlayerID)=(Epic|8818b4dba79a43d18b986f46e4d00392|0)
[3084.60] JoinGame: GotoJoinGameState OpeningLoadingScreen -> JoiningNewServer
[3084.60] DevNet: SetProgress, MessageType=1, Title=, Message=Connecting...
[3084.60] Log: ########### Finished loading level: 0.390994 seconds
[3084.60] SettingsExport: CreateSnapshot Metadata {"userId":"Epic|8818b4dba79a43d18b986f46e4d00392|0","platformKey":"Epic","schemaVersion":0,"clientVersion":1532151,"timestampUtc":1774969813,"settingsVersion":7928,"checksum":-1668898066 Payload Size  97006
[3084.60] SettingsExport: Payload changed. Notifying new Checksum: -1668898066
[3084.60] SettingsExport: Local settings updated, uploading data
[3084.60] DevNet: Browse: 18.157.41.140:7978/MENU_Main_p?Name=%e6%bc%a2+%e9%be%8d+%e7%8e%8b+%e7%a5%9e+%e9%97%87%e6%bc%a2+%e9%be%8d+%e7%8e%8b+%e7%a5%9e
[3084.60] DevNet: Game client on port 7978, rate 15000
[3084.60] NetComeGo: SEND first packet Length=80 CRC=-347676808
[3084.67] NetComeGo: TcpipConnection_7 RECV first packet IP=18.157.41.140:7978 Length=15 CRC=1420632912 HandshakeStatus=0 bUseSessionUID=1 InSessionUID=(0 0 0) SessionUID=(0 0 0)
[3084.67] NetComeGo: Client set SessionUID to: 61 141 208
[3085.04] DevNet: Welcomed by server (Level: EuroStadium_P, Game: TAGame.GameInfo_Soccar_TA, GameTags: )
[3085.05] Log: FSaveDataExportTask(0) wrote 1032351 bytes to memory
[3085.05] Log: SaveGameDataAsync game thread time: 7 ms
[3085.06] Log: Deleting old save file ..\..\TAGame\SaveDataEpic\DBE_Production\8818b4dba79a43d18b986f46e4d00392_1.save
[3085.06] Log: SaveDataExport(0): Finished - File:[..\..\TAGame\SaveDataEpic\DBE_Production\8818b4dba79a43d18b986f46e4d00392.save] Result:[1]
[3085.06] Log: Flushing async loaders.
[3085.07] Log: Flushed async loaders.
[3085.07] Log: LoadMap: 18.157.41.140:7978/EuroStadium_P?Name=%e6%bc%a2+%e9%be%8d+%e7%8e%8b+%e7%a5%9e+%e9%97%87%e6%bc%a2+%e9%be%8d+%e7%8e%8b+%e7%a5%9e?game=TAGame.GameInfo_Soccar_TA
[3085.08] DevOnline: PsyNet Flush Start TimeoutSeconds=0.250000
[3085.28] DevOnline: PsyNet Flush End
[3085.28] Log: Fully load package: ..\..\TAGame\CookedPCConsole\GameInfo_Soccar_SF.upk
[3085.38] Log: Fully load package: ..\..\TAGame\CookedPCConsole\GFxSounds_XP_SF.upk
[3085.39] Log: Fully load package: ..\..\TAGame\CookedPCConsole\GFx_XPProgressMenu_SF.upk
[3085.41] Log: Fully load package: ..\..\TAGame\CookedPCConsole\GFX_EndGameMenu_SF.upk
[3085.45] Log: Fully load package: ..\..\TAGame\CookedPCConsole\GFX_WinnerMenu_SF.upk
[3085.47] Log: Fully load package: ..\..\TAGame\CookedPCConsole\GFX_MidGameScoreboard_SF.upk
[3085.48] Log: Fully load package: ..\..\TAGame\CookedPCConsole\GFX_MidGameMenu_SF.upk
[3085.49] Log: Fully load package: ..\..\TAGame\CookedPCConsole\GFX_HudMatchInfo_SF.upk
[3085.50] Log: Fully load package: ..\..\TAGame\CookedPCConsole\GFX_Hud_SF.upk
[3085.91] Log: Bringing World EuroStadium_P.TheWorld up for play (0) at 2026.03.31-16.10.15
[3085.91] Log: Bringing up level for play took: 0.170592
[3086.15] RootMenu: [GFx] UIShellInstance - setting the shell instance
[3086.18] PartyChallenge: UpdateChallengeProgressForCompetitive bChallengesComplete=(True) ChallengeState=(Challenge_Success) bChallengeSync=(True) bChallengesAreValid=(True) bLegacyPlayer=(False) bGuestAccount=(False) Online_X.UniqueNetIDToString(Manager.Outer.PlayerID)=(Epic|8818b4dba79a43d18b986f46e4d00392|0) Complete
[3086.18] PartyChallenge: InitializeCompetitiveChallenges bGuestAccount=(False) bCompletedChallengesForCompetitive=(True) bLegacyPlayer=(False) Online_X.UniqueNetIDToString(OnlinePlayer.PlayerID)=(Epic|8818b4dba79a43d18b986f46e4d00392|0)
[3086.18] JoinGame: OnJoinGameComplete bSuccess=(True) FailReason=()
[3086.18] JoinGame: GotoJoinGameState JoiningNewServer -> None
[3086.18] PsyNetBeaconDetail_X: PsyNetBeacon_X_0 Close
[3086.18] PsyNetBeaconDetail_X: PsyNetBeacon_X_0 CloseConnection Connection.ConnectionID=(eyJ0eXAiOiJKV1QiLCJhbGciOiJIUzUxMiJ9.eyJqdGkiOiIzZmFlYWQ0M2FiMzE0MjU4YWE5Njc4NzQzYTExNjA4MiIsImlzcyI6IlBzeU5ldCIsInBsYXllcl9pZCI6IkVwaWN8ODgxOGI0ZGJhNzlhNDNkMThiOTg2ZjQ2ZTRkMDAzOTJ8MCIsInNlcnZlcl9uYW1lIjoiRVU1LTA3QUFCRTI2QUI5RENCQTJBLU5ldXJvbjQiLCJpYXQiOjE3NzQ5Njk4MDgsIm5iZiI6MTc3NDk2OTgwOCwiZXhwIjoxNzc0OTg0MjA4fQ.nADgS-UpTon1iLvJbLBReEV1AKT9RhitQfH2uzbR2EcdKIuDREINwbUh2Ss7G7MZ3obSk329tcGdfsirv5m0yw)
[3086.18] Matchmaking: OnlineGameMatchmaking_X_0 Joining -> None
[3086.18] Spawn: TextChatActor_TA_24 OnOwnerChanged PlayerController_TA_17
[3086.18] EOSGameClips: Construct Constructed EOSGameClipsController_TA. Self=(EOSGameClipsController_TA_17)
[3086.18] Log: ########### Finished loading level: 1.113098 seconds
[3086.19] SettingsExport: Settings content not changed. Will not update the Settings Online
[3086.47] LTM: SettingsType=(CustomMatchSettingsType_PrivateMatch)
[3086.59] EOSGameClips: ShutDown : Shutting down EOSGameClipsController_TA. Self=(EOSGameClipsController_TA_17) PlayerOwner?.GetUniqueNetId()=(Epic|8818b4dba79a43d18b986f46e4d00392|0)
[3086.59] PartyChallenge: UpdateChallengeProgressForCompetitive bChallengesComplete=(True) ChallengeState=(Challenge_Success) bChallengeSync=(True) bChallengesAreValid=(True) bLegacyPlayer=(False) bGuestAccount=(False) Online_X.UniqueNetIDToString(Manager.Outer.PlayerID)=(Epic|8818b4dba79a43d18b986f46e4d00392|0) Complete
[3086.59] PartyChallenge: InitializeCompetitiveChallenges bGuestAccount=(False) bCompletedChallengesForCompetitive=(True) bLegacyPlayer=(False) Online_X.UniqueNetIDToString(OnlinePlayer.PlayerID)=(Epic|8818b4dba79a43d18b986f46e4d00392|0)
[3086.59] EOSGameClips: Construct Constructed EOSGameClipsController_TA. Self=(EOSGameClipsController_TA_18)
[3086.60] ScriptLog: Client InputRate=60
[3086.60] DevNet: PlayerController_TA_18 setplayer LocalPlayer_TA_0
[3086.60] PsyNetStaticData: UpdateCacheTimerEnabled CacheTimer.bEnabled=(False)
[3086.60] MatchBroadcast: Init bBroadcastMatch=(False) MatchLog=(None)
[3086.62] ScriptLog: Uncached PlatformId for Epic|8818b4dba79a43d18b986f46e4d00392|0
[3086.62] ScriptLog: MatchGUID: B4CBCA5411F12D131775CE8E6D034FCF
[3086.62] Spawn: TextChatActor_TA_25 OnOwnerChanged PlayerController_TA_18
[3086.66] RootMenu: [GFx] UIShellInstance - setting the shell instance
[3086.80] EOSVoice: Voice not enabled for current playlist
[3086.96] DevOnline: WebRequest_X_110 SEND: https://rl-cdn.psyonix.com/Ads/Prod/260.aC72R2Xg/401.jpg
[3087.43] DevOnline: WebRequest_X_110 RECV: 200 
[3087.44] Log: FCacheExportTask(..\..\TAGame\Cache\WebCache/bC1jZG4ucHN5b25peC5jb20vQWRzL1Byb2QvMjYwLmFDNzJSMlhnLzQwMS5qcGc=) wrote 425430 bytes to memory
[3087.56] DevOnline: WebRequest_X_111 SEND: https://rl-cdn.psyonix.com/Ads/Prod/258.4bdH9Zrn/401.jpg
[3087.84] DevOnline: WebRequest_X_111 RECV: 200 
[3087.85] Log: FCacheExportTask(..\..\TAGame\Cache\WebCache/bC1jZG4ucHN5b25peC5jb20vQWRzL1Byb2QvMjU4LjRiZEg5WnJuLzQwMS5qcGc=) wrote 212205 bytes to memory
[3087.97] DevOnline: WebRequest_X_112 SEND:  https://rl-cdn.psyonix.com/Ads/Prod/260.aC72R2Xg/402.jpg
[3087.97] DevOnline: WebRequest_X_112 RECV: 0 
[3087.97] Log: WebRequest_X_112 type: HTTPError, message: 
[3092.03] EOSGameClips: EOSGameClips: Starting background recording: API Version 2, Clip Duration 30
[3092.03] DevOnline: EOSSDK-LogEOSGameClips: Starting recording up to 30 seconds.
[3092.04] EOSGameClips: EOSGameClips: Recording changed from NotRecording to Recording.
[3093.07] DevOnline: EOSSDK-LogEOSRTC: TickTracker Tick is delayed. TimePeriod=[10.005056s]  TickIntervalThreshold=[0.100000s] MaxTickInterval=[0.108076s] MaxExecutionTime=[0.000027s] TicksCount=[917] ExpectedTicksCount=[1000]
[3096.05] EOSGameClips: EOSGameClips: Starting background recording: API Version 2, Clip Duration 30
[3097.65] DevOnline: WebRequest_X_113 SEND: https://datarouter.ol.epicgames.com/datarouter/api/v1/public/data?AppID=RocketLeague.Release&AppVersion=1210528741&AppEnvironment=Prod&UploadType=eteventstream&UserID=|8818b4dba79a43d18b986f46e4d00392|||Epic|8818b4dba79a43d18b986f46e4d00392|0&SessionID=3160ACB646B5F0FF42875186A0A7F66A
[3097.83] DevOnline: WebRequest_X_113 RECV: 204 
[3105.41] EOSGameClips: EOSGameClips: Currently recording: true
[3150.96] EOSGameClips: EOSGameClips: Starting background recording: API Version 2, Clip Duration 30
[3153.54] EOSGameClips: EOSGameClips: Currently recording: true
[3154.53] EOSGameClips: EOSGameClips: Starting background recording: API Version 2, Clip Duration 30
[3157.65] DevOnline: WebRequest_X_114 SEND: https://datarouter.ol.epicgames.com/datarouter/api/v1/public/data?AppID=RocketLeague.Release&AppVersion=1210528741&AppEnvironment=Prod&UploadType=eteventstream&UserID=|8818b4dba79a43d18b986f46e4d00392|||Epic|8818b4dba79a43d18b986f46e4d00392|0&SessionID=3160ACB646B5F0FF42875186A0A7F66A
[3157.81] DevOnline: WebRequest_X_114 RECV: 204 
[3159.97] EOSGameClips: EOSGameClips: Starting background recording: API Version 2, Clip Duration 30
[3164.02] EOSGameClips: EOSGameClips: Starting background recording: API Version 2, Clip Duration 30
[3170.67] EOSGameClips: EOSGameClips: Starting background recording: API Version 2, Clip Duration 30
[3173.20] EOSGameClips: EOSGameClips: Currently recording: true
[3174.82] EOSGameClips: EOSGameClips: Starting background recording: API Version 2, Clip Duration 30
[3178.84] EOSGameClips: EOSGameClips: Starting background recording: API Version 2, Clip Duration 30
[3186.98] EOSGameClips: EOSGameClips: Starting background recording: API Version 2, Clip Duration 30
[3189.40] EOSGameClips: EOSGameClips: Currently recording: true
[3190.38] EOSGameClips: EOSGameClips: Starting background recording: API Version 2, Clip Duration 30
[3192.60] EOSGameClips: EOSGameClips: Starting background recording: API Version 2, Clip Duration 30
[3196.56] EOSGameClips: EOSGameClips: Starting background recording: API Version 2, Clip Duration 30
[3217.65] DevOnline: WebRequest_X_115 SEND: https://datarouter.ol.epicgames.com/datarouter/api/v1/public/data?AppID=RocketLeague.Release&AppVersion=1210528741&AppEnvironment=Prod&UploadType=eteventstream&UserID=|8818b4dba79a43d18b986f46e4d00392|||Epic|8818b4dba79a43d18b986f46e4d00392|0&SessionID=3160ACB646B5F0FF42875186A0A7F66A
[3217.80] DevOnline: WebRequest_X_115 RECV: 204 
[3237.56] EOSGameClips: EOSGameClips: Starting background recording: API Version 2, Clip Duration 30
[3240.18] EOSGameClips: EOSGameClips: Currently recording: true
[3241.16] EOSGameClips: EOSGameClips: Starting background recording: API Version 2, Clip Duration 30
[3243.98] EOSGameClips: EOSGameClips: Starting background recording: API Version 2, Clip Duration 30
[3247.98] EOSGameClips: EOSGameClips: Starting background recording: API Version 2, Clip Duration 30
[3261.94] EOSGameClips: EOSGameClips: Starting background recording: API Version 2, Clip Duration 30
[3264.47] EOSGameClips: EOSGameClips: Currently recording: true
[3266.34] EOSGameClips: EOSGameClips: Starting background recording: API Version 2, Clip Duration 30
[3270.35] EOSGameClips: EOSGameClips: Starting background recording: API Version 2, Clip Duration 30
[3277.64] DevOnline: WebRequest_X_116 SEND: https://datarouter.ol.epicgames.com/datarouter/api/v1/public/data?AppID=RocketLeague.Release&AppVersion=1210528741&AppEnvironment=Prod&UploadType=eteventstream&UserID=|8818b4dba79a43d18b986f46e4d00392|||Epic|8818b4dba79a43d18b986f46e4d00392|0&SessionID=3160ACB646B5F0FF42875186A0A7F66A
[3277.81] DevOnline: WebRequest_X_116 RECV: 204 
[3284.94] EOSGameClips: EOSGameClips: Starting background recording: API Version 2, Clip Duration 30
[3284.96] SplitScreen: Press Start ControllerId=0 Player=LocalPlayer_TA_0
[3285.41] Log: FSaveDataExportTask(0) wrote 1056491 bytes to memory
[3285.41] Log: SaveGameDataAsync game thread time: 8 ms
[3285.42] Log: Deleting old save file ..\..\TAGame\SaveDataEpic\DBE_Production\8818b4dba79a43d18b986f46e4d00392_2.save
[3285.42] Log: SaveDataExport(0): Finished - File:[..\..\TAGame\SaveDataEpic\DBE_Production\8818b4dba79a43d18b986f46e4d00392_1.save] Result:[1]
[3285.43] SettingsExport: Settings content not changed. Will not update the Settings Online
[3287.49] EOSGameClips: EOSGameClips: Currently recording: true
[3288.48] EOSGameClips: EOSGameClips: Starting background recording: API Version 2, Clip Duration 30
[3291.01] EOSGameClips: EOSGameClips: Currently recording: true
[3291.02] EOSGameClips: EOSGameClips: Currently recording: true
[3291.10] EOSGameClips: EOSGameClips: Currently recording: true
[3291.11] EOSGameClips: EOSGameClips: Currently recording: true
[3291.99] EOSGameClips: EOSGameClips: Currently recording: true
[3292.05] EOSGameClips: EOSGameClips: Currently recording: true
[3292.09] EOSGameClips: EOSGameClips: Currently recording: true
[3292.10] EOSGameClips: EOSGameClips: Currently recording: true
[3292.74] EOSGameClips: EOSGameClips: Currently recording: true
[3293.43] EOSGameClips: EOSGameClips: Currently recording: true
[3293.51] EOSGameClips: EOSGameClips: Currently recording: true
[3293.52] EOSGameClips: EOSGameClips: Currently recording: true
[3293.61] EOSGameClips: EOSGameClips: Currently recording: true
[3293.71] EOSGameClips: EOSGameClips: Currently recording: true
[3294.31] EOSGameClips: EOSGameClips: Currently recording: true
[3294.32] EOSGameClips: EOSGameClips: Currently recording: true
[3294.41] EOSGameClips: EOSGameClips: Currently recording: true
[3294.42] EOSGameClips: EOSGameClips: Currently recording: true
[3294.43] Log: FSaveDataExportTask(0) wrote 1056491 bytes to memory
[3294.43] Log: SaveGameDataAsync game thread time: 8 ms
[3294.44] Log: Deleting old save file ..\..\TAGame\SaveDataEpic\DBE_Production\8818b4dba79a43d18b986f46e4d00392.save
[3294.44] Log: SaveDataExport(0): Finished - File:[..\..\TAGame\SaveDataEpic\DBE_Production\8818b4dba79a43d18b986f46e4d00392_2.save] Result:[1]
[3294.45] SettingsExport: Settings content not changed. Will not update the Settings Online
[3294.73] EOSGameClips: EOSGameClips: Currently recording: true
[3294.74] EOSGameClips: EOSGameClips: Currently recording: true
[3294.74] EOSGameClips: EOSGameClips: Currently recording: true
[3294.74] EOSGameClips: EOSGameClips: Currently recording: true
[3294.75] EOSGameClips: EOSGameClips: Currently recording: true
[3294.75] EOSGameClips: EOSGameClips: Currently recording: true
[3294.75] EOSGameClips: EOSGameClips: Currently recording: true
[3294.76] EOSGameClips: EOSGameClips: Currently recording: true
[3294.76] EOSGameClips: EOSGameClips: Currently recording: true
[3294.77] EOSGameClips: EOSGameClips: Currently recording: true
[3294.77] EOSGameClips: EOSGameClips: Currently recording: true
[3294.78] EOSGameClips: EOSGameClips: Currently recording: true
[3294.78] EOSGameClips: EOSGameClips: Currently recording: true
[3294.79] EOSGameClips: EOSGameClips: Currently recording: true
[3294.79] EOSGameClips: EOSGameClips: Currently recording: true
[3294.82] EOSGameClips: EOSGameClips: Currently recording: true
[3294.82] EOSGameClips: EOSGameClips: Currently recording: true
[3294.84] EOSGameClips: EOSGameClips: Currently recording: true
[3294.84] EOSGameClips: EOSGameClips: Currently recording: true
[3294.84] EOSGameClips: EOSGameClips: Currently recording: true
[3294.85] EOSGameClips: EOSGameClips: Currently recording: true
[3294.85] EOSGameClips: EOSGameClips: Currently recording: true
[3294.85] EOSGameClips: EOSGameClips: Currently recording: true
[3294.86] EOSGameClips: EOSGameClips: Currently recording: true
[3294.86] EOSGameClips: EOSGameClips: Currently recording: true
[3294.87] EOSGameClips: EOSGameClips: Currently recording: true
[3294.97] EOSGameClips: EOSGameClips: Currently recording: true
[3295.12] EOSGameClips: EOSGameClips: Currently recording: true
[3295.26] EOSGameClips: EOSGameClips: Currently recording: true
[3295.27] EOSGameClips: EOSGameClips: Currently recording: true
[3295.27] EOSGameClips: EOSGameClips: Currently recording: true
[3295.28] EOSGameClips: EOSGameClips: Currently recording: true
[3295.28] EOSGameClips: EOSGameClips: Currently recording: true
[3295.29] EOSGameClips: EOSGameClips: Currently recording: true
[3295.29] EOSGameClips: EOSGameClips: Currently recording: true
[3295.29] EOSGameClips: EOSGameClips: Currently recording: true
[3295.30] EOSGameClips: EOSGameClips: Currently recording: true
[3295.30] EOSGameClips: EOSGameClips: Currently recording: true
[3295.30] EOSGameClips: EOSGameClips: Currently recording: true
[3295.31] EOSGameClips: EOSGameClips: Currently recording: true
[3295.31] EOSGameClips: EOSGameClips: Currently recording: true
[3295.32] EOSGameClips: EOSGameClips: Currently recording: true
[3295.32] EOSGameClips: EOSGameClips: Currently recording: true
[3295.33] EOSGameClips: EOSGameClips: Currently recording: true
[3295.33] EOSGameClips: EOSGameClips: Currently recording: true
[3295.34] EOSGameClips: EOSGameClips: Currently recording: true
[3295.34] EOSGameClips: EOSGameClips: Currently recording: true
[3295.34] EOSGameClips: EOSGameClips: Currently recording: true
[3295.35] EOSGameClips: EOSGameClips: Currently recording: true
[3295.35] EOSGameClips: EOSGameClips: Currently recording: true
[3295.35] EOSGameClips: EOSGameClips: Currently recording: true
[3295.36] EOSGameClips: EOSGameClips: Currently recording: true
[3295.36] EOSGameClips: EOSGameClips: Currently recording: true
[3295.37] EOSGameClips: EOSGameClips: Currently recording: true
[3295.37] EOSGameClips: EOSGameClips: Currently recording: true
[3295.38] EOSGameClips: EOSGameClips: Currently recording: true
[3295.38] EOSGameClips: EOSGameClips: Currently recording: true
[3295.39] EOSGameClips: EOSGameClips: Currently recording: true
[3295.48] EOSGameClips: EOSGameClips: Currently recording: true
[3295.84] EOSGameClips: EOSGameClips: Currently recording: true
[3295.90] EOSGameClips: EOSGameClips: Currently recording: true
[3295.91] EOSGameClips: EOSGameClips: Currently recording: true
[3295.91] EOSGameClips: EOSGameClips: Currently recording: true
[3295.92] EOSGameClips: EOSGameClips: Currently recording: true
[3295.92] EOSGameClips: EOSGameClips: Currently recording: true
[3295.93] EOSGameClips: EOSGameClips: Currently recording: true
[3295.93] EOSGameClips: EOSGameClips: Currently recording: true
[3295.94] EOSGameClips: EOSGameClips: Currently recording: true
[3295.94] EOSGameClips: EOSGameClips: Currently recording: true
[3295.94] EOSGameClips: EOSGameClips: Currently recording: true
[3295.95] EOSGameClips: EOSGameClips: Currently recording: true
[3295.95] EOSGameClips: EOSGameClips: Currently recording: true
[3295.95] EOSGameClips: EOSGameClips: Currently recording: true
[3295.96] EOSGameClips: EOSGameClips: Currently recording: true
[3296.05] EOSGameClips: EOSGameClips: Currently recording: true
[3296.31] EOSGameClips: EOSGameClips: Currently recording: true
[3296.60] EOSGameClips: EOSGameClips: Currently recording: true
[3296.62] EOSGameClips: EOSGameClips: Currently recording: true
[3296.70] EOSGameClips: EOSGameClips: Currently recording: true
[3296.71] EOSGameClips: EOSGameClips: Currently recording: true
[3296.86] EOSGameClips: EOSGameClips: Currently recording: true
[3296.87] EOSGameClips: EOSGameClips: Currently recording: true
[3296.87] EOSGameClips: EOSGameClips: Currently recording: true
[3296.88] EOSGameClips: EOSGameClips: Currently recording: true
[3296.88] EOSGameClips: EOSGameClips: Currently recording: true
[3296.89] EOSGameClips: EOSGameClips: Currently recording: true
[3296.89] EOSGameClips: EOSGameClips: Currently recording: true
[3296.90] EOSGameClips: EOSGameClips: Currently recording: true
[3296.90] EOSGameClips: EOSGameClips: Currently recording: true
[3296.91] EOSGameClips: EOSGameClips: Currently recording: true
[3296.91] EOSGameClips: EOSGameClips: Currently recording: true
[3297.08] EOSGameClips: EOSGameClips: Currently recording: true
[3297.08] EOSGameClips: EOSGameClips: Currently recording: true
[3297.09] EOSGameClips: EOSGameClips: Currently recording: true
[3297.09] EOSGameClips: EOSGameClips: Currently recording: true
[3297.10] EOSGameClips: EOSGameClips: Currently recording: true
[3297.10] EOSGameClips: EOSGameClips: Currently recording: true
[3297.11] EOSGameClips: EOSGameClips: Currently recording: true
[3297.11] EOSGameClips: EOSGameClips: Currently recording: true
[3297.11] EOSGameClips: EOSGameClips: Currently recording: true
[3297.12] EOSGameClips: EOSGameClips: Currently recording: true
[3297.12] EOSGameClips: EOSGameClips: Currently recording: true
[3297.12] EOSGameClips: EOSGameClips: Currently recording: true
[3297.13] EOSGameClips: EOSGameClips: Currently recording: true
[3297.13] EOSGameClips: EOSGameClips: Currently recording: true
[3297.14] EOSGameClips: EOSGameClips: Currently recording: true
[3297.14] EOSGameClips: EOSGameClips: Currently recording: true
[3297.15] EOSGameClips: EOSGameClips: Currently recording: true
[3297.15] EOSGameClips: EOSGameClips: Currently recording: true
[3297.16] EOSGameClips: EOSGameClips: Currently recording: true
[3297.16] EOSGameClips: EOSGameClips: Currently recording: true
[3297.16] EOSGameClips: EOSGameClips: Currently recording: true
[3297.17] EOSGameClips: EOSGameClips: Currently recording: true
[3297.17] EOSGameClips: EOSGameClips: Currently recording: true
[3297.17] EOSGameClips: EOSGameClips: Currently recording: true
[3297.18] EOSGameClips: EOSGameClips: Currently recording: true
[3297.18] EOSGameClips: EOSGameClips: Currently recording: true
[3297.19] EOSGameClips: EOSGameClips: Currently recording: true
[3297.29] EOSGameClips: EOSGameClips: Currently recording: true
[3297.30] EOSGameClips: EOSGameClips: Currently recording: true
[3297.30] EOSGameClips: EOSGameClips: Currently recording: true
[3297.34] EOSGameClips: EOSGameClips: Currently recording: true
[3297.34] EOSGameClips: EOSGameClips: Currently recording: true
[3297.35] EOSGameClips: EOSGameClips: Currently recording: true
[3297.35] EOSGameClips: EOSGameClips: Currently recording: true
[3297.36] EOSGameClips: EOSGameClips: Currently recording: true
[3297.36] EOSGameClips: EOSGameClips: Currently recording: true
[3297.36] EOSGameClips: EOSGameClips: Currently recording: true
[3297.37] EOSGameClips: EOSGameClips: Currently recording: true
[3297.37] EOSGameClips: EOSGameClips: Currently recording: true
[3297.37] EOSGameClips: EOSGameClips: Currently recording: true
[3297.46] EOSGameClips: EOSGameClips: Currently recording: true
[3298.47] EOSGameClips: EOSGameClips: Starting background recording: API Version 2, Clip Duration 30
[3302.54] EOSGameClips: EOSGameClips: Starting background recording: API Version 2, Clip Duration 30
[3307.18] SplitScreen: Press Start ControllerId=0 Player=LocalPlayer_TA_0
[3308.80] Log: FSaveDataExportTask(0) wrote 1056491 bytes to memory
[3308.80] Log: SaveGameDataAsync game thread time: 8 ms
[3308.81] Log: Deleting old save file ..\..\TAGame\SaveDataEpic\DBE_Production\8818b4dba79a43d18b986f46e4d00392_1.save
[3308.81] Log: SaveDataExport(0): Finished - File:[..\..\TAGame\SaveDataEpic\DBE_Production\8818b4dba79a43d18b986f46e4d00392.save] Result:[1]
[3308.82] SettingsExport: Settings content not changed. Will not update the Settings Online
[3310.52] EOSGameClips: EOSGameClips: Starting background recording: API Version 2, Clip Duration 30
[3313.07] EOSGameClips: EOSGameClips: Currently recording: true
[3314.06] EOSGameClips: EOSGameClips: Starting background recording: API Version 2, Clip Duration 30
[3314.28] EOSGameClips: EOSGameClips: Currently recording: true
[3314.28] EOSGameClips: EOSGameClips: Currently recording: true
[3314.34] XPProgression: GFxHUD_TA.HandleGameStateChanged Current player match score = 280, UniqueId=(Epic|8818b4dba79a43d18b986f46e4d00392|0), with total match time = 131.2178 seconds, with total net time = 131.2178seconds
[3314.34] Party: Ranked Game Finished, Clear party member server
[3314.34] RankedReconnect: RankedReconnectSave_TA_0.ClearRankedReconnect()
[3314.59] PartyChallenge: UpdateChallengeProgressForCompetitive bChallengesComplete=(True) ChallengeState=(Challenge_Success) bChallengeSync=(True) bChallengesAreValid=(True) bLegacyPlayer=(False) bGuestAccount=(False) Online_X.UniqueNetIDToString(Manager.Outer.PlayerID)=(Epic|8818b4dba79a43d18b986f46e4d00392|0) Complete
[3314.60] PsyNet: PsyNetServiceProvider_X_1 ExecuteService Complete, Service=Challenges/PlayerProgress 
[3314.60] XPProgression: SaveData_TA.HandleRewardDropNotification PsyNetService_RewardDropReceived_TA returned Total XP Earned = 814.0000, in match with ID = B4CBCA5411F12D131775CE8E6D034FCF , Current player match score = 280, UniqueId=(Epic|8818b4dba79a43d18b986f46e4d00392|0), with total match time = 131.2178 seconds, with total net time = 131.2178seconds
[3314.61] PsyNet: PsyNetServiceProvider_X_1 ExecuteService Complete, Service=Reward/RewardResult 
[3314.75] DevOnline: PlayerDataStorage_WriteFile: Beginning to upload file. User=(8818b4dba79a43d18b986f46e4d00392) FileName=(RLSettingsData)
[3315.01] DevOnline: PlayerDataStorage_WriteFile: Beginning to upload file. User=(8818b4dba79a43d18b986f46e4d00392) FileName=(RLSaveData)
[3315.34] EOSGameClips: EOSGameClips: Starting background recording: API Version 2, Clip Duration 30
[3315.94] DevOnline: PlayerDataStorage_WriteFile: File upload complete. User=(8818b4dba79a43d18b986f46e4d00392) FileName=(RLSettingsData) Success=(1)
[3315.94] SettingsExport: Settings data upload complete. Success: True
[3316.88] DevOnline: PlayerDataStorage_WriteFile: File upload complete. User=(8818b4dba79a43d18b986f46e4d00392) FileName=(RLSaveData) Success=(1)
[3317.35] XPProgression: GFxHUD_TA.HandleGameStateChanged Current player match score = 280, UniqueId=(Epic|8818b4dba79a43d18b986f46e4d00392|0), with total match time = 131.2178 seconds, with total net time = 131.2178seconds
[3317.35] Party: Ranked Game Finished, Clear party member server
[3317.35] RankedReconnect: RankedReconnectSave_TA_0.ClearRankedReconnect()
[3318.34] EOSGameClips: EOSGameClips: Starting background recording: API Version 2, Clip Duration 30
[3321.16] Log: FSaveDataExportTask(0) wrote 1056444 bytes to memory
[3321.16] Log: SaveGameDataAsync game thread time: 8 ms
[3321.18] Log: Deleting old save file ..\..\TAGame\SaveDataEpic\DBE_Production\8818b4dba79a43d18b986f46e4d00392_2.save
[3321.18] Log: SaveDataExport(0): Finished - File:[..\..\TAGame\SaveDataEpic\DBE_Production\8818b4dba79a43d18b986f46e4d00392_1.save] Result:[1]
[3321.18] SettingsExport: CreateSnapshot Metadata {"userId":"Epic|8818b4dba79a43d18b986f46e4d00392|0","platformKey":"Epic","schemaVersion":0,"clientVersion":1532151,"timestampUtc":1774970049,"settingsVersion":7933,"checksum":979739062 Payload Size  97006
[3321.18] SettingsExport: Payload changed. Notifying new Checksum: 979739062
[3321.18] SettingsExport: Local settings updated, uploading data
[3321.25] Log: FUniqueNetId::FromString - could not parse ''
[3322.38] PsyNetStaticData: UpdateCacheTimerEnabled CacheTimer.bEnabled=(True)
[3322.38] XPProgression: GFxHUD_TA.HandleGameStateChanged Current player match score = 280, UniqueId=(Epic|8818b4dba79a43d18b986f46e4d00392|0), with total match time = 131.2178 seconds, with total net time = 131.2178seconds
[3322.38] Party: Ranked Game Finished, Clear party member server
[3322.38] RankedReconnect: RankedReconnectSave_TA_0.ClearRankedReconnect()
[3322.40] Online: TryToPlayOnline ControllerID=(-1)
[3322.40] Online: HandlePrivilegeCheckFinished PrivilegeCheck.bHasRestriction=(False)
[3322.40] Online: HandlePrivilegeCheck PrivilegeCheck.bHasRestriction=(False)
[3322.40] EOSGameClips: EOSGameClips: Recording changed from Recording to NotRecording.
[3322.58] DevOnline: EOSSDK-LogEOSGameClips: Missing encoder drain completed message.
[3327.53] RankedReconnect: RankedReconnectSave_TA_0.ClearRankedReconnect()
[3327.53] NetComeGo: TcpipConnection_7 Control channel closed, reason=Disconnect command
[3327.53] DevNet: URL: Adding default option Name=%e6%bc%a2+%e9%be%8d+%e7%8e%8b+%e7%a5%9e+%e9%97%87%e6%bc%a2+%e9%be%8d+%e7%8e%8b+%e7%a5%9e
[3327.53] DevNet: Browse: MENU_Main_p?closed?Name=%e6%bc%a2+%e9%be%8d+%e7%8e%8b+%e7%a5%9e+%e9%97%87%e6%bc%a2+%e9%be%8d+%e7%8e%8b+%e7%a5%9e
[3327.53] Log: Failed; returning to Entry
[3327.59] Log: FSaveDataExportTask(0) wrote 1056444 bytes to memory
[3327.59] Log: SaveGameDataAsync game thread time: 8 ms
[3327.61] Log: Deleting old save file ..\..\TAGame\SaveDataEpic\DBE_Production\8818b4dba79a43d18b986f46e4d00392.save
[3327.61] Log: SaveDataExport(0): Finished - File:[..\..\TAGame\SaveDataEpic\DBE_Production\8818b4dba79a43d18b986f46e4d00392_2.save] Result:[1]
[3327.61] Log: LoadMap: MENU_Main_p?closed?Name=%e6%bc%a2+%e9%be%8d+%e7%8e%8b+%e7%a5%9e+%e9%97%87%e6%bc%a2+%e9%be%8d+%e7%8e%8b+%e7%a5%9e
[3327.61] Spawn: TextChatActor_TA_24 Destroyed
[3327.61] EOSGameClips: ShutDown : Shutting down EOSGameClipsController_TA. Self=(EOSGameClipsController_TA_18) PlayerOwner?.GetUniqueNetId()=(Epic|8818b4dba79a43d18b986f46e4d00392|0)
[3327.61] Spawn: TextChatActor_TA_25 Destroyed
[3327.61] Spawn: TextChatActor_TA_26 Destroyed
[3327.62] DevOnline: PsyNet Flush Start TimeoutSeconds=0.250000
[3327.87] DevOnline: PsyNet Flush End
[3327.89] NetComeGo: Close TcpipConnection_7 18.157.41.140:7978 31/03/2026 16:14:17 'UNetConnection::CleanUp'
[3327.89] NetComeGo: TcpipConnection_7 Control channel null, Sending unstable close to 18.157.41.140:7978 on temporary Control channel.
[3327.89] Exit: TcpNetDriver_7 shut down
[3327.91] Log: Fully load package: ..\..\TAGame\CookedPCConsole\GameInfo_GFxMenu_SF.upk
[3327.95] Log: Fully load package: ..\..\TAGame\CookedPCConsole\GFxSounds_MainMenu_SF.upk
[3327.95] Log: Fully load package: ..\..\TAGame\CookedPCConsole\GFX_StartMenu_SF.upk
[3327.99] Log: Fully load package: ..\..\TAGame\CookedPCConsole\GFX_MainMenu_SF.upk
[3328.03] Log: Game class is 'GameInfo_GFxMenu_TA'
[3328.05] Log: Bringing World menu_main_p.TheWorld up for play (0) at 2026.03.31-16.14.17
[3328.05] Log: Flushing async loaders.
[3328.21] Log: Flushed async loaders.
[3328.21] Log: Bringing up level for play took: 0.183938
[3328.41] RootMenu: [GFx] UIShellInstance - setting the shell instance
[3328.42] PartyChallenge: UpdateChallengeProgressForCompetitive bChallengesComplete=(True) ChallengeState=(Challenge_Success) bChallengeSync=(True) bChallengesAreValid=(True) bLegacyPlayer=(False) bGuestAccount=(False) Online_X.UniqueNetIDToString(Manager.Outer.PlayerID)=(Epic|8818b4dba79a43d18b986f46e4d00392|0) Complete
[3328.43] PartyChallenge: InitializeCompetitiveChallenges bGuestAccount=(False) bCompletedChallengesForCompetitive=(True) bLegacyPlayer=(False) Online_X.UniqueNetIDToString(OnlinePlayer.PlayerID)=(Epic|8818b4dba79a43d18b986f46e4d00392|0)
[3328.43] Log: ########### Finished loading level: 0.819563 seconds
[3328.45] SettingsExport: CreateSnapshot Metadata {"userId":"Epic|8818b4dba79a43d18b986f46e4d00392|0","platformKey":"Epic","schemaVersion":0,"clientVersion":1532151,"timestampUtc":1774970056,"settingsVersion":7934,"checksum":-1207213182 Payload Size  97006
[3328.45] SettingsExport: Payload changed. Notifying new Checksum: -1207213182
[3328.45] SettingsExport: Local settings updated, uploading data
[3328.46] Log: Flushing async loaders.
[3328.56] Log: Flushed async loaders.
[3328.59] MusicPlayer: PlayMusicTrack CurrentTrackPlayingID=(0) Track.Cue=(Bishu_THIRDPERSON)
[3328.59] MusicPlayer: PlayMusicTrack CurrentTrackPlayingID=(61580)
[3328.59] Eula: RequiresAcceptance? EulaConfig?.bRequiresAcceptance=(True) GetUISave()?.Contains('bAcceptedOfflineEULA')=(True) Eula.SyncState=(LSS_Accepted)
[3328.59] AuthEpicVerbose: [GFx] Epic login changed. m_uiState:MainMenu bPromptParentalConsent:false bPromptToChoosePrimaryAccount:false bEpicSaveDataLoaded:false bPlatformLinked:false
[3328.59] FTEDev: Trying to start FTE Group Prime_MatchComplete which is already completed and cannot be restarted CurrentActiveGroup.bCanBeDoneAgain=(False) bIgnoreCompletion=(False)
[3328.59] FTEDev: Group Prime_LegacyUpdate Is not meant for users of type FTESave.LegacyGroupType=(LGT_NewUser)
[3328.60] FTEDev: Trying to start FTE Group Prime_MatchComplete which is already completed and cannot be restarted CurrentActiveGroup.bCanBeDoneAgain=(False) bIgnoreCompletion=(False)
[3328.60] FTEDev: Group Prime_LegacyUpdate Is not meant for users of type FTESave.LegacyGroupType=(LGT_NewUser)
[3328.83] MusicPlayer: HandleTrackEnd CurrentTrackPlayingID=(61580) PlayingID=(57868)
[3328.83] MusicPlayer: HandleTrackEnd CurrentTrackPlayingID=(61580) PlayingID=(57868)
[3328.85] Online: TryToPlayOnline ControllerID=(-1)
[3328.85] Log: Flushing async loaders.
[3328.85] Log: Flushed async loaders.
[3328.91] MusicPlayer: HandleTrackStart CurrentTrackPlayingID=(61580) PlayingID=(61580)
[3328.91] MusicPlayer: HandleTrackStart CurrentTrackPlayingID=(61580) PlayingID=(61580)
[3328.91] Online: HandlePrivilegeCheckFinished PrivilegeCheck.bHasRestriction=(False)
[3328.91] Online: HandlePrivilegeCheck PrivilegeCheck.bHasRestriction=(False)
[3330.46] Log: Flushing async loaders.
[3330.51] Log: Flushed async loaders.
[3332.49] Log: Closing by request
[3332.49] Log: appRequestExit(0)
[3332.50] DevOnline: PlayerDataStorage_WriteFile: Beginning to upload file. User=(8818b4dba79a43d18b986f46e4d00392) FileName=(RLSaveData)
[3332.50] Matchmaking: OnlineGameMatchmaking_X_0 OnlineGameMatchmaking_X -> None
[3332.50] Matchmaking: OnlineGameTourMatchmaking_TA_0 OnlineGameTourMatchmaking_TA -> None
[3332.51] Log: FSaveDataExportTask(0) wrote 1056444 bytes to memory
[3332.51] Log: SaveGameDataAsync game thread time: 8 ms
[3332.51] DevOnline: PsyNet Flush Start TimeoutSeconds=0.500000
[3332.76] Log: Deleting old save file ..\..\TAGame\SaveDataEpic\DBE_Production\8818b4dba79a43d18b986f46e4d00392_1.save
[3332.76] Log: SaveDataExport(0): Finished - File:[..\..\TAGame\SaveDataEpic\DBE_Production\8818b4dba79a43d18b986f46e4d00392.save] Result:[1]
[3332.76] DevOnline: PsyNet Flush End
[3332.78] Exit: Preparing to exit.
[3332.94] Exit: Game engine shut down
[3333.77] Exit: Windows client shut down
[3333.79] Exit: AK Audio shut down.
[3350.79] Exit: Object subsystem successfully closed.
[3350.80] DevOnline: EOSSDK-LogEOSPlayerDataStorage: Deleting local scratch file as the file was not written to successfully. ScratchFilename=[C:/...gue/datastorage/scratch/9773aa1aa54f4f7b80e44bef04986cea/000...f92/RLSaveData]
[3350.80] DevOnline: EOSSDK-LogEOSUI: Social Overlay: browser was closed. Reopening...
[3350.80] DevOnline: EOSSDK-LogEOSRTC: TickTracker Tick is delayed. TimePeriod=[27.660033s]  TickIntervalThreshold=[0.100000s] MaxTickInterval=[18.299284s] MaxExecutionTime=[0.000027s] TicksCount=[940] ExpectedTicksCount=[2766]
[3351.05] DevOnline: EOSSDK-LogEOSOverlay: Overlay not ready to load <Redacted>, WidgetManager=0, TickThread=1, RenderProcess=1, GraphicsReady=0
[3351.05] DevOnline: EOSSDK-LogEOSUI: Social Overlay: Load not ready. will retry in 10.000000s.
[3354.32] Exit: Exiting.
[3354.33] Log: Log file closed, 31/03/2026 16:14:43
