Log: Log file open, 01/04/2026 10:24:19
Log: GPsyonixBuildID 260316.80791.512269
Log: Command line: -AUTH_LOGIN=unused -AUTH_PASSWORD=0d568bc294aa43e99d20321387832804 -AUTH_TYPE=exchangecode -epicapp=Sugar -epicenv=Prod -EpicPortal -epicusername="" ç ã ^ «" ç ã ^" -epicuserid=8818b4dba79a43d18b986f46e4d00392 -epiclocale=en -epicsandboxid=9773aa1aa54f4f7b80e44bef04986cea
Init: WinSock: version 1.1 (2.2), MaxSocks=32767, MaxUdp=65467
Log:  ... running in INSTALLED mode
Init: Language extension: INT
Init: Language extension: INT
DevConfig: GConfig::LoadFile associated file:  ..\..\TAGame\Config\TAUI.ini
Init: Version: 260316.80791.512269
Init: Compiled (64-bit): Mar 16 2026 23:04:23
Init: Command line: -AUTH_LOGIN=unused -AUTH_PASSWORD=0d568bc294aa43e99d20321387832804 -AUTH_TYPE=exchangecode -epicapp=Sugar -epicenv=Prod -EpicPortal -epicusername="" ç ã ^ «" ç ã ^" -epicuserid=8818b4dba79a43d18b986f46e4d00392 -epiclocale=en -epicsandboxid=9773aa1aa54f4f7b80e44bef04986cea
Init: Base directory: C:\Program Files\Epic Games\rocketleague\Binaries\Win64\
[0001.02] Log: Purging 30-day cache '..\..\TAGame\Cache\WebCache\*.*'...
[0001.03] Log: Purging 3-day cache 'C:\Program Files\Epic Games\rocketleague\Binaries\Win64\..\..\TAGame\Logs\*.log'...
[0001.03] Init: Computer: lewis
[0001.03] Init: User: User
[0001.03] Init: CPU Page size=4096, Processors=12
[0001.03] Init: High frequency timer resolution =10.000000 MHz
[0001.03] Init: Memory total: Physical=15.8GB (16GB approx) Pagefile=27.8GB Virtual=131072.0GB
[0001.03] Init: Presizing for 159000 objects not considered by GC, pre-allocating 0 bytes.
[0001.03] Init: Object subsystem initialized
[0001.80] Log: Using feature set PrimeUpdate58
[0001.88] Log: FOnlineSubsystemEOS: EOS version = 1.18.0.0-45084530
[0001.88] DevOnline: EOS Platform CacheDirectory=C:\Users\User\AppData\Local\Rocket League\
[0002.28] DevOnline: EOSSDK-LogEOSUI: Hot key event ignored because there are no known users.
[0002.32] Log: FEOSManager::UpdateNetworkStatus OnlineSubsystem is null.
[0002.48] Log: Found D3D11 adapter 0: NVIDIA GeForce RTX 3050
[0002.48] Log: Adapter has 8041MB of dedicated video memory, 0MB of dedicated system memory, and 8087MB of shared system memory
[0002.50] Log: Found D3D11 adapter 1: Microsoft Basic Render Driver
[0002.50] Log: Adapter has 0MB of dedicated video memory, 0MB of dedicated system memory, and 8087MB of shared system memory
[0002.51] Log: Shader platform (RHI): PC-D3D-SM5
[0002.55] Breadcrumbs: Startup_PreInit: 2.552
[0002.58] Breadcrumbs: Startup_LoadGlobalShaders: 0.027
[0008.00] Log: ProductDatabase_TA::InitProductLabels  0.01 sec total.
[0008.06] Log: ProductDatabase_TA::UpdateAvailableProducts  0.06 sec total.
[0008.08] Breadcrumbs: Startup_LoadScriptPackages: 5.500
[0008.84] Breadcrumbs: Startup_LoadNonNativePackages: 0.762
[0008.85] Log: 158611 objects as part of root set at end of initial load.
[0008.85] Log: 0 out of 0 bytes used by permanent object pool.
[0008.85] Log: ShaderCache load stats: AccumLoadSeconds=(3.208) ShadersLoaded=(466466) Duplicates=(35155)
[0008.85] Log: Initializing Engine...
[0008.85] Log: BuildID: 1210528741 from GPsyonixBuildID
[0009.07] SystemSettings: Loading PC Settings
[0009.08] Breadcrumbs: Startup_BuildGuidCache: 0.243
[0009.13] Log: Running hardware survey...
[0009.13] Log: Wwise(R) SDK Version 2023.1.11 Build 8682. Copyright (c) 2006-2012 Audiokinetic Inc. / All Rights Reserved.
[0009.26] Breadcrumbs: Startup_ClientInit: 0.175
[0010.47] Log: OS: Microsoft Windows 11 Home  (26200)
[0010.47] Log: WinSAT: 8.8 [9.2 CPU, 9.0 2D, 9.9 3D, 9.2 Mem, 8.8 Disk]
[0010.47] Log: Processor: AMD Ryzen 5 5500                                (AMD64 Family 25 Model 80 Stepping 0) 6 Cores, 12 Threads
[0010.47] Log: Memory: 8.00GB
[0010.47] Log: Memory: 8.00GB
[0010.47] Log: VideoController: NVIDIA GeForce RTX 3050 (32.0.15.9186)
[0010.47] Log: Network Adapter: Intel(R) Wi-Fi 6E AX210 160MHz
[0010.47] Log: Disk C: 182.15GB free of 929.95GB
[0010.47] Log: Sound Device: NVIDIA High Definition Audio
[0010.47] Log: Sound Device: AMD High Definition Audio Device
[0010.47] Log: Sound Device: USB Audio Device
[0010.47] Log: Sound Device: NVIDIA Virtual Audio Device (Wave Extensible) (WDM)
[0010.47] Log: Sound Device: High Definition Audio Device
[0010.47] Log: Hardware survey complete in 1.02 seconds.
[0010.47] Log: Detected 1 GPUs for rendering
[0010.49] Breadcrumbs: Startup_CreateViewport: 1.235
[0010.49] DevOnline: Created named interface (RecentPlayersList) of type (Engine.OnlineRecentPlayersList)
[0010.50] EOSGameClips: EOSGameClips: Activate called successfully.
[0010.50] EOSGameClips: EOSGameClips: Audio initialized successfully.
[0010.50] EOSGameClips: EOSGameClips: Subscribed to game clips status events successfully.
[0010.50] EOSGameClips: EOSGameClips: Subscribed to user status events successfully.
[0010.50] EOSGameClips: EOSGameClips: Successfully initialized!
[0010.50] ScriptLog: PsyNet using environment DBE_Production Prod
[0010.51] ScriptLog: [SonyPricingInfoConfig_TA] Pricing info  RL_PS_50_1000_Credits  has no data
[0010.51] ScriptLog: [SonyPricingInfoConfig_TA] Pricing info  RL_PS_1050_2000_Credits  has no data
[0010.51] ScriptLog: [SonyPricingInfoConfig_TA] Pricing info  RL_PS_2050_3000_Credits  has no data
[0010.51] ScriptLog: [SonyPricingInfoConfig_TA] Pricing info  RL_PS_3050_4000_Credits  has no data
[0010.51] ScriptLog: [SonyPricingInfoConfig_TA] Pricing info  RL_PS_4050_5000_Credits  has no data
[0010.51] PsyNet: PsyNetConnection_X_0 disabled OSCS_ServiceUnavailable
[0010.51] PsyNetStaticData: HandleCacheExpired
[0010.51] PsyNetStaticData: HandleGetURL URL=(https://config.psynet.gg/v2/Config/BattleCars/1210528741/Prod/Epic/INT/)
[0010.51] PsyNetStaticData: Blocking sync start
[0010.52] DevOnline: WebRequest_X_0 SEND: https://config.psynet.gg/v2/Config/BattleCars/1210528741/Prod/Epic/INT/
[0011.13] DevOnline: WebRequest_X_0 RECV: 304 
[0011.13] PsyNetStaticData: Blocking sync complete. Elapsed=0.6193
[0011.13] PsyNetStaticData: HandleDataChanged
[0011.30] Log: ProductDatabase_TA::UpdateAvailableProducts  0.14 sec total.
[0013.33] Log: ProductDatabase_TA::InitProductLabels  0.02 sec total.
[0013.34] PsyNet: PsyNetConnection_X_0 enabled
[0013.35] PsyNetStaticData: UpdateCacheTimerEnabled CacheTimer.bEnabled=(True)
[0013.36] EOSGameClips: Construct Constructed EOSGameClipsManager_TA. Self=(EOSGameClipsManager_TA_0)
[0013.37] AuthPsyNetVerbose: New auth error. Error 'OSCS_NotConnected'
[0013.38] AuthPsyNetVerbose: OnlinePlayerAuthentication_TA_0 None Unknown|0|0 Logout
[0013.38] PsyNet: PsyNetConnection_X_1 disabled OSCS_NotConnected
[0013.38] AuthPsyNetVerbose: PsyNet connection status changed. Error 'OSCS_NotConnected'
[0013.38] AuthPsyNetVerbose: New auth error. Error 'OSCS_NotConnected'
[0013.38] AuthPsyNetVerbose: OnlinePlayerAuthentication_TA_0 LoggedOut Unknown|0|0 Logout
[0013.38] AuthPlatformCritical: Initiating auth. Player num '0', Name '', Password length '0'
[0013.38] ScriptLog: HandleBlockListStatusCreated Status=(PlatformBlockListStatus_0) ControllerId=(0)
[0013.38] AuthEpicCritical: Sending Eos login request with Credentials '{Version '4', Id Length '0', Token Length '32', Type 'EOS_LCT_ExchangeCode', SystemAuthCredentialsOptions null? 'Null', ExternalType 'EOS_ECT_EPIC'}'
[0013.38] SaveGame: Load Player.ControllerId=(0) SaveFileName=(..\..\TAGame\SaveDataEpic\DBE_Production\8818b4dba79a43d18b986f46e4d00392.save)
[0013.39] Breadcrumbs: Startup_InitOnlineSubsystem: 2.900
[0013.40] DevNet: Browse: MENU_Main_p
[0013.40] Log: LoadMap: MENU_Main_p
[0013.41] Exit: XAudio2 Device shut down.
[0013.44] Log: Fully load package: ..\..\TAGame\CookedPCConsole\GameInfo_GFxMenu_SF.upk
[0013.49] Log: Fully load package: ..\..\TAGame\CookedPCConsole\GFxSounds_MainMenu_SF.upk
[0013.49] Log: Fully load package: ..\..\TAGame\CookedPCConsole\GFX_StartMenu_SF.upk
[0013.55] Log: Fully load package: ..\..\TAGame\CookedPCConsole\GFX_MainMenu_SF.upk
[0013.61] Log: Game class is 'GameInfo_GFxMenu_TA'
[0013.67] Log: Bringing World menu_main_p.TheWorld up for play (0) at 2026.04.01-10.24.32
[0013.67] Log: Flushing async loaders.
[0013.88] Log: Flushed async loaders.
[0013.90] Log: Bringing up level for play took: 0.274256
[0013.90] PartyChallenge: UpdateChallengeProgressForCompetitive bChallengesComplete=(True) ChallengeState=(Challenge_Sync) bChallengeSync=(False) bChallengesAreValid=(False) bLegacyPlayer=(False) bGuestAccount=(False) Online_X.UniqueNetIDToString(Manager.Outer.PlayerID)=(Unknown|0|0) Syncing
[0013.90] PartyChallenge: InitializeCompetitiveChallenges bGuestAccount=(False) bCompletedChallengesForCompetitive=(True) bLegacyPlayer=(False) Online_X.UniqueNetIDToString(OnlinePlayer.PlayerID)=(Unknown|0|0)
[0014.38] RootMenu: [GFx] UIShellInstance - setting the shell instance
[0014.40] Log: ########### Finished loading level: 0.995907 seconds
[0014.57] Breadcrumbs: Startup_Browse: 1.180
[0014.57] Log: Initializing Engine Completed
[0014.58] Breadcrumbs: Startup_Total: 14.576
[0014.60] MTXGarage: GFxData_MTXGarage::HandleSonyPricingInfoConfigChanged PricingArray Num :  0
[0014.61] DevOnline: WebRequest_X_1 SEND: https://rl-cdn.psyonix.com/SpecialEvent/Images/BuiltDifferent/RL_U58_LTE_BuiltDifferent_EventLogo_9a8fj.png
[0014.61] DevOnline: WebRequest_X_2 SEND: https://rl-cdn.psyonix.com/SpecialEvent/Images/BuiltDifferent/RL_U58_LTE_BuiltDifferent_Event_sadio.jpg
[0014.61] DevOnline: WebRequest_X_3 SEND: https://rl-cdn.psyonix.com/SpecialEvent/Images/KnowBall/RL_U58.00_YouKnowBall_EventInGame_EventScreenLogo_asd89.png
[0014.63] DevOnline: WebRequest_X_4 SEND: https://rl-cdn.psyonix.com/SpecialEvent/Images/KnowBall/RL_U58.00_YouKnowBall_EventInGame_EventScreen_oiwefu.jpg
[0014.63] DevOnline: WebRequest_X_5 SEND: https://rl-cdn.psyonix.com/SpecialEvent/Images/Jordan/RL_JordanLTE_Logo_7fwh.png
[0014.64] DevOnline: WebRequest_X_6 SEND: https://rl-cdn.psyonix.com/SpecialEvent/Images/Jordan/RL_JordanLTE_EventScreen_ifwj.jpg
[0014.64] DevOnline: WebRequest_X_7 SEND: https://rl-cdn.psyonix.com/LogoImages/S22/rl_season-logo_22_EN.png
[0014.68] SaveGame: HandleDataLoaded Result.Code=(BasicLoadResult_Success)
[0014.68] ScriptLog: NetworkSave_TA_0 ApplySettings ReplicationRate=60 NetSpeed=15000 InputRate=60
[0015.43] SaveData: Profile_TA_0 OnLoaded LocalID=(0)
[0015.44] ScriptLog: GetDLCProducts, UnlockedDLCList=
[0015.51] ScriptLog: GetDLCProducts, UnlockedDLCList=
[0015.51] SaveGame: LocalPlayer_TA_0 HandleSaveDataLoaded 
[0015.54] FTECritical: [GFx] Changed active tutorial from 'null' to 'NONE'. Tutorial active? 'false', New checkpoint active? 'false'
[0015.54] FTEVerbose: Checkpoint 'None' attempted completion while the FTE isn't active!
[0015.58] Log: Flushing async loaders.
[0015.71] Log: Flushed async loaders.
[0015.76] XPGatedPlaylists: Not currently in a party.
[0015.76] DevOnline: EOSSDK-LogEOSGameClips: Recording supported and available.
[0015.76] EOSGameClips: EOSGameClips: Availability changed from Pending to Available.
[0015.76] Log: RPC Error (failure): Service=Filters/FilterContent, Type=OSCS_NotConnected, Code=-1, Message=
[0015.77] MusicPlayer: SetPlaylistSelectedByName PlaylistName=(MonsterCatRadSum) bSelected=(True)
[0016.24] MusicPlayer: PlayMusicTrack CurrentTrackPlayingID=(0) Track.Cue=(FOOL_Drifeater_RLedit)
[0016.24] MusicPlayer: PlayMusicTrack CurrentTrackPlayingID=(5)
[0016.38] MusicPlayer: HandleTrackStart CurrentTrackPlayingID=(5) PlayingID=(5)
[0016.38] MusicPlayer: HandleTrackStart CurrentTrackPlayingID=(5) PlayingID=(5)
[0016.73] DevOnline: WebRequest_X_1 RECV: 304 
[0016.73] DevOnline: WebRequest_X_2 RECV: 304 
[0016.73] DevOnline: WebRequest_X_3 RECV: 304 
[0016.73] DevOnline: WebRequest_X_4 RECV: 304 
[0016.74] DevOnline: WebRequest_X_5 RECV: 304 
[0016.74] DevOnline: WebRequest_X_6 RECV: 304 
[0016.74] DevOnline: WebRequest_X_7 RECV: 304 
[0017.44] Log: Flushing async loaders.
[0017.49] Log: Flushed async loaders.
[0017.70] AuthEpicCritical: Eos login result 'EOS_Success' for player '0'
[0018.00] AuthEpicCritical: Connect login result 'EOS_Success' for player '8818b4dba79a43d18b986f46e4d00392', local num '0'
[0018.00] AuthPlatformCritical: Login status changed for player '0' to 'LS_LoggedIn'
[0018.00] AuthPlatformVerbose: Login attempt concluded
[0018.00] FTEVerbose: [GFx] EULA sync started, waiting for response.
[0018.00] DevOnline: WebRequest_X_8 SEND: https://api.epicgames.dev/epic/id/v2/clientEula
[0018.00] AuthEpicVerbose: Requesting cabined status for player '0'
[0018.00] DevOnline: WebRequest_X_9 SEND: https://api.epicgames.dev/epic/id/v1/accounts?accountId=8818b4dba79a43d18b986f46e4d00392
[0018.00] PsyNet: PsyNetConnection_X_1 enabled
[0018.00] AuthPsyNetVerbose: PsyNet connection status changed. Error 'None'
[0018.00] AuthPsyNetVerbose: Transitioning to state 'RequestAuthCode'
[0018.00] AuthPsyNetCritical: Requesting auth ticket from platform for 'Epic|8818b4dba79a43d18b986f46e4d00392|0'
[0018.00] AuthPsyNetCritical: Platform auth ticket completed with success 'True'
[0018.00] AuthPsyNetVerbose: Transitioning to state 'SendLoginRequest'
[0018.00] AuthPsyNetCritical: Sending login RPC for player '8818b4dba79a43d18b986f46e4d00392' Auth ticket required? 'True'
[0018.00] AuthPsyNetCritical: Primary player ID? 'Epic|8818b4dba79a43d18b986f46e4d00392|0' Logging In PlayerID '8818b4dba79a43d18b986f46e4d00392'
[0018.00] Party: HandleLocalPlayerLoginStatusChanged PlayerName=" ç ã ^ «" ç ã ^ PlayerID=Epic|8818b4dba79a43d18b986f46e4d00392|0 LoginStatus=LS_LoggedIn IsPrimary=True IsInParty=False
[0018.01] PsyNet: HTTP send ID=PsyNetMessage_X_0 Message=PsyNetMessage_X_0
[0018.01] DevOnline: WebRequest_X_10 SEND: https://api.rlpp.psynet.gg/rpc/Auth/AuthPlayer/v2
[0018.11] XPGatedPlaylists: Not currently in a party.
[0018.51] DevOnline: WebRequest_X_8 RECV: 200 
[0018.51] DevOnline: WebRequest_X_11 SEND: https://eulatracking-public-service-prod06.ol.epicgames.com/eulatracking/api/eos/v1/agreements/epicgames_tos/identities/8818b4dba79a43d18b986f46e4d00392?locale=en
[0018.73] DevOnline: WebRequest_X_9 RECV: 200 
[0018.73] AuthEpicVerbose: Cabined request completed for user '0' with result 'False', Error 'None'
[0018.73] ScriptLog: ChatFilterManager HandleSaveLoaded: [Error: Type:None] 
[0018.73] ScriptLog: ChatFilterManager: Updating Permissions for player LocalPlayer_TA_0
[0018.73] ScriptLog: ChatFilterManager: Updating MostRestrictiveVoiceFilter [Save: ChatFilter_All] [Current: ChatFilter_All
[0018.73] ScriptLog: ChatFilterManager: Updating Permissions for player LocalPlayer_TA_0
[0018.73] ScriptLog: ChatFilterManager: Updating MostRestrictiveVoiceFilter [Save: ChatFilter_All] [Current: ChatFilter_All
[0018.82] XPGatedPlaylists: Not currently in a party.
[0018.91] DevOnline: WebRequest_X_10 RECV: 200 
[0018.91] PsyNet: HTTP recv ID=PsyNetMessage_X_0 Message=PsyNetMessage_X_1
[0018.92] Log: [HandleVoiceModerationAgreementCallback] EpicAccountId=8818b4dba79a43d18b986f46e4d00392 bIsAccepted=1 bHasResponse=1 bNewAgreement=0
[0018.92] AuthPsyNetCritical: PsyNet auth RPC succeeded for player '8818b4dba79a43d18b986f46e4d00392'
[0018.92] AuthPsyNetVerbose: Transitioning to state 'LoggedIn'
[0018.92] AuthPsyNetCritical: Login successful for player '8818b4dba79a43d18b986f46e4d00392'
[0018.92] Auth: OnlinePlayer_TA_0 OnlinePlayerAuthentication_TA_0 HandleAuthLoginChange Auth.bLoggedIn=(True)
[0018.92] PsyNet: Enabling PerCon
[0018.92] PsyNet: PsyNetConnection_X_1 SetAuthorized bAuthorized=True
[0018.92] SettingsExport: CreateSnapshot Metadata {"userId":"Epic|8818b4dba79a43d18b986f46e4d00392|0","platformKey":"Epic","schemaVersion":0,"clientVersion":1532151,"timestampUtc":1774981081,"settingsVersion":7956,"checksum":-1460579901 Payload Size  97006
[0018.92] SettingsExport: Save Data Loaded, Snapshot Generated Checksum: -1460579901
[0018.92] RankedReconnect: LocalPlayer_TA_0.CheckForRankedReconnect() bOpenedStartMenu=(False) IsMenuLevel=(True) bLoggedIn=(True) IsPrimaryPlayer=(True) RankedReconnectAvailable=(False) EpochTime=(0) EpochNow=(1775035475) TimeSince=(1775035475) ReconnectTimeoutSeconds=(900) Reservation=()
[0019.02] XPGatedPlaylists: Not currently in a party.
[0019.31] DevOnline: WebRequest_X_11 RECV: 204 
[0019.31] Log: Failed to parse JSON: offset:'0' 'The document is empty.'
[0019.31] Log: UJSONSerializer_X::DecodeObject() Failed: Object=EulaTextResponse Transient.EulaTextResponse_0
Json:

[0019.31] DevOnline: WebRequest_X_12 SEND: https://eulatracking-public-service-prod06.ol.epicgames.com/eulatracking/api/eos/v1/agreements/epicgames_tos?locale=en
[0019.31] FTEVerbose: [GFx] EULA sync response received.
[0019.43] PsyNet: PsyNetMessengerWebSocket_X_0 Connected
[0019.43] PsyNet: PsyNetConnection_X_1 UpdateConnectionState bConnected=(True) bFreshConnection=(True)
[0019.43] DevOnline: WebRequest_X_13 SEND: https://api.kws.ol.epicgames.com/v1/epic-settings/public/users/8818b4dba79a43d18b986f46e4d00392/values?game=rl
[0019.43] DevOnline: EOSSDK-LogEOSRTC: EOS_RTCAudio_SetAudioInputSettings is deprecated. Use EOS_RTCAudio_SetInputDeviceSettings instead.
[0019.43] DevOnline: EOSSDK-LogEOSRTC: EOS_RTCAudio_SetAudioOutputSettings is deprecated. Use EOS_RTCAudio_SetOutputDeviceSettings instead.
[0019.43] DevOnline: WebRequest_X_14 SEND: https://api.epicgames.dev/epic/friends/v1/8818b4dba79a43d18b986f46e4d00392/blocklist
[0019.43] DevOnline: PlayerDataStorage_QueryFileList: Beginning to query files. User=(8818b4dba79a43d18b986f46e4d00392)
[0019.43] PsyNetBeaconDetail_X: PsyNetBeacon_X_0 SetPsyNetConnection InPsyNetConnection=(PsyNetConnection_X_1)
[0019.43] PsyNet: PsyNetConnection_X_1 UpdateConnectionState bPerConConnected=(True)
[0019.45] DevOnline: WebRequest_X_15 SEND: https://publickey-service-live.ecosec.on.epicgames.com/publickey/v2/eas/
[0019.56] DevOnline: WebRequest_X_14 RECV: 200 
[0019.57] ScriptLog: HandleStatusChanged PrimaryStatus.DownloadStatus=(EB_Success) ControllerId=(0)
[0019.63] DevOnline: PlayerDataStorage_QueryFileList: Finished querying files. User=(8818b4dba79a43d18b986f46e4d00392) Success=(1)
[0019.63] DevOnline: PlayerDataStorage_ReadFile: Beginning to download file. User=(8818b4dba79a43d18b986f46e4d00392) FileName=(RLSaveData)
[0019.66] DevOnline: WebRequest_X_12 RECV: 200 
[0019.66] DevOnline: WebRequest_X_15 RECV: 200 
[0019.66] TextMod: Registered key for 8818b4dba79a43d18b986f46e4d00392
[0019.68] ScriptLog: ListenForBlockListDownloaded PrimaryStatus=(PlatformBlockListStatus_0) PrimaryStatus.DownloadStatus=(EB_Success)
[0019.68] DevOnline: WebRequest_X_13 RECV: 200 
[0019.68] ScriptLog: Setting.Namespace: chat, Setting.SettingName: enhanced-text-reporting, Setting.EffectiveValue: prefer-not-recording
[0019.68] EOSPermissions: NS=chat SN=enhanced-text-reporting PL=null EL=null DV=prefer-not-recording IV=0
[0019.68] ScriptLog: Setting.Namespace: chat, Setting.SettingName: enhanced-voice-reporting, Setting.EffectiveValue: prefer-not-recording
[0019.68] EOSPermissions: NS=chat SN=enhanced-voice-reporting PL=null EL=null DV=prefer-not-recording IV=0
[0019.68] ScriptLog: Setting.Namespace: chat, Setting.SettingName: filter-out-mature-language, Setting.EffectiveValue: False
[0019.68] EOSPermissions: NS=chat SN=filter-out-mature-language PL=False EL=null DV=False IV=False
[0019.68] ScriptLog: Setting.Namespace: chat, Setting.SettingName: text, Setting.EffectiveValue: everybody
[0019.68] EOSPermissions: NS=chat SN=text PL=0 EL=null DV=0 IV=0
[0019.68] ScriptLog: Setting.Namespace: chat, Setting.SettingName: voice, Setting.EffectiveValue: everybody
[0019.68] EOSPermissions: NS=chat SN=voice PL=0 EL=null DV=0 IV=0
[0019.68] ScriptLog: Setting.Namespace: prm, Setting.SettingName: experience, Setting.EffectiveValue: True
[0019.68] EOSPermissions: NS=prm SN=experience PL=null EL=True DV=True IV=True
[0019.68] ScriptLog: Setting.Namespace: prm, Setting.SettingName: marketing, Setting.EffectiveValue: True
[0019.68] EOSPermissions: NS=prm SN=marketing PL=null EL=True DV=True IV=True
[0019.68] EOSPermissions: NS=prm SN=marketing PL=null EL=True DV=True IV=True
[0019.68] ScriptLog: Setting.Namespace: profile, Setting.SettingName: p2p-trading, Setting.EffectiveValue: everybody
[0019.68] ScriptLog: Setting.Namespace: profile, Setting.SettingName: require-pin-to-add-friend, Setting.EffectiveValue: False
[0019.68] EOSPermissions: NS=profile SN=require-pin-to-add-friend PL=False EL=null DV=False IV=False
[0019.68] ScriptLog: Setting.Namespace: profile, Setting.SettingName: show-price-in-currency, Setting.EffectiveValue: False
[0019.68] EOSPermissions: NS=profile SN=show-price-in-currency PL=null EL=null DV=False IV=False
[0019.68] ScriptLog: Setting.Namespace: profile, Setting.SettingName: show-row-modal, Setting.EffectiveValue: False
[0019.68] EOSPermissions: NS=profile SN=show-row-modal PL=null EL=null DV=False IV=False
[0019.68] ScriptLog: Setting.Namespace: stats, Setting.SettingName: show-in-leaderboard, Setting.EffectiveValue: True
[0019.68] MTXGarage: GFxData_MTXGarage_TA::HandlePlayerPermissionsSet
[0019.68] MTXGarage: [GetVCPacks]
[0019.68] MTXGarage: Requesting catalog 'MTX_RocketBucks'
[0019.68] MTXGarage: [SendOnlineRequest] Category:MTX_RocketBucks EPE:True RP:False RoW:False JD:False
[0019.68] MTXGarage: [SendOnlineRequest] Additional Category:MTX_ExactAmountVCPack
[0019.71] ScriptLog: Uncached PlatformId for Epic|8818b4dba79a43d18b986f46e4d00392|0
[0019.74] DevOnline: WebRequest_X_16 SEND: https://rl-cdn.psyonix.com/ChallengeBanners/NUX_Popup_Octane.png
[0019.74] DevOnline: WebRequest_X_17 SEND: https://rl-cdn.psyonix.com/ChallengeIcons/Challenge_Play.jpg
[0019.75] DevOnline: WebRequest_X_18 SEND: https://rl-cdn.psyonix.com/SpecialEvent/Images/Jordan/RL_JordanLTE_WIDGET_ART_9wyhow.png
[0019.76] DevOnline: WebRequest_X_19 SEND: https://rl-cdn.psyonix.com/SpecialEvent/Images/Jordan/RL_JordanLTE_EXPORT_hfweh.png
[0019.76] DevOnline: WebRequest_X_20 SEND: https://rl-cdn.psyonix.com/ChallengeBanners/Season_imagery_Reward.png
[0019.77] DevOnline: WebRequest_X_21 SEND: https://rl-cdn.psyonix.com/ChallengeBanners/Rl_S22_ChallengeDashboard_auih.png
[0019.78] DevOnline: WebRequest_X_22 SEND: https://rl-cdn.psyonix.com/SpecialEvent/Images/BuiltDifferent/RL_U58_LTE_BuiltDifferent_Widget_fsajiu.png
[0019.78] DevOnline: WebRequest_X_23 SEND: https://rl-cdn.psyonix.com/SpecialEvent/Images/BuiltDifferent/RL_U58_LTE_BuiltDifferent_DashBoard_afuioh.png
[0019.78] DevOnline: WebRequest_X_24 SEND: https://rl-cdn.psyonix.com/ChallengeIcons/Challenges_DropReward_Comp_9284754.png
[0019.79] DevOnline: WebRequest_X_25 SEND: https://rl-cdn.psyonix.com/Playlists/Images/rl_event_mode_bg_heatseeker.jpg
[0019.80] DevOnline: WebRequest_X_26 SEND: https://rl-cdn.psyonix.com/Playlists/Images/Finals/playlist_ltm_heatseekerricochet_sfjko.png
[0019.80] DevOnline: WebRequest_X_27 SEND: https://rl-cdn.psyonix.com/Playlists/Images/rl_supercube_ltm_bg.jpg
[0019.80] DevOnline: WebRequest_X_28 SEND: https://rl-cdn.psyonix.com/Playlists/Images/Finals/playlist_ltm_supercube-cdn_as890df.png
[0019.81] DevOnline: WebRequest_X_29 SEND: https://rl-cdn.psyonix.com/Playlists/Images/Rl_event_speeddemon.jpg
[0019.84] DevOnline: WebRequest_X_16 RECV: 304 
[0019.84] DevOnline: WebRequest_X_17 RECV: 304 
[0019.84] DevOnline: WebRequest_X_18 RECV: 304 
[0019.84] DevOnline: WebRequest_X_19 RECV: 304 
[0019.84] DevOnline: EOSSDK-LogEOSUI: Social Overlay: HandleFriendsStateUpdateRequest - Sanitized display name is not set!
[0019.84] DevOnline: EOSSDK-LogEOSUI: Social Overlay: HandleFriendsStateUpdateRequest - Sanitized display name is not set!
[0019.84] DevOnline: EOSSDK-LogEOSUI: Social Overlay: HandleFriendsStateUpdateRequest - Sanitized display name is not set!
[0019.84] DevOnline: EOSSDK-LogEOSUI: Social Overlay: HandleFriendsStateUpdateRequest - Sanitized display name is not set!
[0019.84] DevOnline: EOSSDK-LogEOSUI: Social Overlay: HandleFriendsStateUpdateRequest - Sanitized display name is not set!
[0019.84] DevOnline: EOSSDK-LogEOSUI: Social Overlay: HandleFriendsStateUpdateRequest - Sanitized display name is not set!
[0019.84] DevOnline: EOSSDK-LogEOSUI: Social Overlay: HandleFriendsStateUpdateRequest - Sanitized display name is not set!
[0019.84] DevOnline: EOSSDK-LogEOSUI: Social Overlay: HandleFriendsStateUpdateRequest - Sanitized display name is not set!
[0019.84] DevOnline: EOSSDK-LogEOSUI: Social Overlay: HandleFriendsStateUpdateRequest - Sanitized display name is not set!
[0019.84] DevOnline: EOSSDK-LogEOSUI: Social Overlay: HandleFriendsStateUpdateRequest - Sanitized display name is not set!
[0019.84] DevOnline: EOSSDK-LogEOSUI: Social Overlay: HandleFriendsStateUpdateRequest - Sanitized display name is not set!
[0019.84] DevOnline: EOSSDK-LogEOSUI: Social Overlay: HandleFriendsStateUpdateRequest - Sanitized display name is not set!
[0019.84] DevOnline: EOSSDK-LogEOSUI: Social Overlay: HandleFriendsStateUpdateRequest - Sanitized display name is not set!
[0019.84] DevOnline: EOSSDK-LogEOSUI: Social Overlay: HandleFriendsStateUpdateRequest - Sanitized display name is not set!
[0019.84] DevOnline: EOSSDK-LogEOSUI: Social Overlay: HandleFriendsStateUpdateRequest - Sanitized display name is not set!
[0019.84] DevOnline: WebRequest_X_20 RECV: 304 
[0019.98] MTXGarage: [HandleAllGetCatalogResponseComplete] CatalogInfoItems.Length=4 CatalogInfoExactPacks.Length=97 CombinedInfoItems.Length=101 PriceRequests.Length=101
[0019.98] MTXGarage: [UpdatePriceInfo]: Timer set for  GetPriceTimeoutTime=(10.0000)
[0020.10] ScriptLog: RegionPinger_X_0 PingRegions ("13.244.210.96:7759","54.46.67.91:7767","35.72.21.24:8059","13.203.44.220:7813","47.130.132.233:8149","3.26.118.162:8081","18.157.9.191:8153","13.49.164.165:8167","18.202.26.243:7945","18.168.146.176:8015","13.38.190.245:8091","15.160.148.213:7875","15.229.126.247:7879","44.197.163.249:7777","3.143.34.194:7737","18.88.8.47:7999","3.101.169.235:8101","44.234.100.137:7825")
[0020.11] DevOnline: WebRequest_X_21 RECV: 304 
[0020.11] DevOnline: WebRequest_X_22 RECV: 304 
[0020.11] DevOnline: WebRequest_X_23 RECV: 304 
[0020.14] PartyChallenge: UpdateChallengeProgressForCompetitive bChallengesComplete=(True) ChallengeState=(Challenge_Sync) bChallengeSync=(False) bChallengesAreValid=(False) bLegacyPlayer=(False) bGuestAccount=(False) Online_X.UniqueNetIDToString(Manager.Outer.PlayerID)=(Epic|8818b4dba79a43d18b986f46e4d00392|0) Syncing
[0020.14] PartyChallenge: UpdateChallengeProgressForCompetitive bChallengesComplete=(True) ChallengeState=(Challenge_Success) bChallengeSync=(True) bChallengesAreValid=(True) bLegacyPlayer=(False) bGuestAccount=(False) Online_X.UniqueNetIDToString(Manager.Outer.PlayerID)=(Epic|8818b4dba79a43d18b986f46e4d00392|0) Complete
[0020.14] DevOnline: WebRequest_X_24 RECV: 304 
[0020.21] DevOnline: WebRequest_X_27 RECV: 304 
[0020.22] DevOnline: WebRequest_X_25 RECV: 304 
[0020.22] DevOnline: WebRequest_X_26 RECV: 304 
[0020.25] DevOnline: WebRequest_X_28 RECV: 304 
[0020.26] DevOnline: WebRequest_X_29 RECV: 304 
[0020.27] DevOnline: PlayerDataStorage_ReadFile: File download complete. User=(8818b4dba79a43d18b986f46e4d00392) FileName=(RLSaveData) Success=(1)
[0020.28] EOSSync: HandleFileReadComplete LocalSaveTick: 7956
[0020.28] EOSSync: HandleFileReadComplete OnlineSaveTick: 7956
[0020.28] EOSSync: HandleFileReadComplete Local Save is up to date, keeping this file
[0020.29] Log: Resetting full product sync timestamp because these productIDs were not found: 9370 9370 9370 9370 9370 9370 9370 9370 9370 9370 9370 9370 9370 9370 5377 5377 5377 5377 5377 5377 7959 5377 5377 5377 5377 5377 5377 5377 7959 5377 7959 7959 7959 7959 10997 7959 7959 7959 10997 7959 7959 7959 7959 10997 10997 7959 10997 10997 10997 10997 10997 10997 10997 7616 7616 10997 10997 10997 7616 7616 7616 7616 7616 7616 7616 7616 7616 7616 7616 7616 6222 6232 6215 6219 
[0020.29] ScriptLog: NewProductIDs128: 
[0020.29] ScriptLog: GetDLCProducts, UnlockedDLCList=
[0020.34] SettingsExport: Downloading online settings to check sync status
[0020.34] DevOnline: PlayerDataStorage_ReadFile: Beginning to download file. User=(8818b4dba79a43d18b986f46e4d00392) FileName=(RLSettingsData)
[0020.34] AuthEpicVerbose: Epic save data loaded
[0020.34] AuthEpicVerbose: [GFx] Epic login changed. m_uiState:StartMenu bPromptParentalConsent:false bPromptToChoosePrimaryAccount:false bEpicSaveDataLoaded:true bPlatformLinked:true
[0020.34] ScriptLog: GetDLCProducts, UnlockedDLCList=
[0020.59] DevOnline: PlayerDataStorage_ReadFile: File download complete. User=(8818b4dba79a43d18b986f46e4d00392) FileName=(RLSettingsData) Success=(1)
[0020.59] SettingsExport: Local settings checksum: -1460579901 - Online settings checksum: -1460579901
[0020.59] SettingsExport: Online settings synced
[0020.76] MTXGarage: [ProcessQueriedCatalog] CatalogCacheEntry.Category=MTX_RocketBucks CatalogCategory=MTX_None
[0020.76] MTXGarage: [ValidatePricingTable] PASS
 Context: VCFactor=50 VCMaxExactPack=5000 Category=RocketBucks Length=101 EPE=True
[0020.76] MTXGarage: [ProcessQueriedCatalog] First condition | PriceInfoItems.Length: 101
[0020.76] MTXGarage: [TriggerCatalogReadyEvents] bTriggerUICallback: False bCatalogQuerySuccess True
[0021.29] Matchmaking: All Regions Pinged: USE (1.0000),USC (1.0000),USW (1.0000),EU (1.0000),ASC (1.0000),ASM (1.0000),JPN (1.0000),ME (1.0000),OCE (1.0000),SAF (1.0000),SAM (1.0000),IND (1.0000),SAF1 (0.2266),ASC1 (0.3322),JPN1 (0.3096),IND1 (0.2758),ASM1 (0.2629),OCE1 (0.3498),EU5 (0.0994),EU1 (0.0982),EU3 (0.0810),EU7 (0.0767),EU9 (0.0754),ME3 (0.0754),ME1 (1.0000),ME2 (1.0000),SAM1 (0.2593),USE1 (0.1716),USE3 (0.1379),USC1 (0.1378),USW1 (0.1992),USW3 (0.2169)
[0021.29] Matchmaking: Failed to ping 'ME1'. Using cached ping '0.1010'
[0021.29] Log: FCacheExportTask(..\..\TAGame\Cache\RegionCache.cache) wrote 1803 bytes to memory
[0021.84] EOSVoice: HandleFriendsListChanged
[0024.61] DevOnline: EOSSDK-LogEOSRTC: TickTracker Tick is delayed. TimePeriod=[10.005282s]  TickIntervalThreshold=[0.100000s] MaxTickInterval=[0.167590s] MaxExecutionTime=[0.001270s] TicksCount=[831] ExpectedTicksCount=[1000]
[0062.20] Party: Received PsyNet party notification (PsyNetService_PartyUserInvited_X) from player Notification.FromEpicUserID.EpicAccountId=(ba9db1f73c574bfdb0c10ca55d45bd69)
[0062.20] ScriptLog: ListenForPlayerBlockStatusDownloaded EpicId=(ba9db1f73c574bfdb0c10ca55d45bd69) PrimaryStatus=(PlatformBlockListStatus_0) PrimaryStatus.DownloadStatus=(EB_Success)
[0062.20] ScriptLog: TriggerPlayerCallback EpicId=(ba9db1f73c574bfdb0c10ca55d45bd69) Callback=(Transient.Parties_X_0:__Parties_X__HandleIncomingPartyNotification_0x1_0.__Parties_X__HandleIncomingPartyNotification_0x1) bBlocked=(False)
[0062.20] Party: Received blocked status bBlocked=(False) for party invite from player EpicId=(ba9db1f73c574bfdb0c10ca55d45bd69)
[0062.20] Party: HandlePlayerInvitePending PS4|785668489479049324|0 (Uid=5077304253265311026,Platform=OnlinePlatform_PsyNet) -1
[0062.20] PsyNet: PsyNetServiceProvider_X_1 ExecuteService Complete, Service=Party/UserInvited 
[0064.62] DevOnline: EOSSDK-LogEOSRTC: TickTracker Tick is delayed. TimePeriod=[10.001776s]  TickIntervalThreshold=[0.100000s] MaxTickInterval=[0.652004s] MaxExecutionTime=[0.000105s] TicksCount=[1094] ExpectedTicksCount=[1000]
[0067.52] FTEVerbose: [GFx] Checking FTE progress: Shown login flow 'false', Legal modal valid? 'true', Online? 'true', Cabined state '0', Legacy state '1'
[0067.52] FTEDev: Trying to start FTE Group Prime_InitialStartup which is already completed and cannot be restarted CurrentActiveGroup.bCanBeDoneAgain=(False) bIgnoreCompletion=(False)
[0067.52] AuthEpicVerbose: [GFx] Showing login flow. Platform linked? 'true' Prompt for epic link? 'false' Prompt for primary? 'false' Prompt for parental consent? 'false' Epic data loaded? 'true' Showing epic flow? 'false'
[0067.52] AuthEpicVerbose: [GFx] Epic flow completed 'false'
[0067.52] FTEVerbose: [GFx] Checking FTE progress: Shown login flow 'true', Legal modal valid? 'true', Online? 'true', Cabined state '0', Legacy state '1'
[0067.52] FTEDev: Trying to start FTE Group Prime_InitialStartup which is already completed and cannot be restarted CurrentActiveGroup.bCanBeDoneAgain=(False) bIgnoreCompletion=(False)
[0067.52] FTEVerbose: [GFx] Checking FTE progress: Shown login flow 'true', Legal modal valid? 'true', Online? 'true', Cabined state '0', Legacy state '1'
[0067.52] FTEDev: Trying to start FTE Group Prime_InitialStartup which is already completed and cannot be restarted CurrentActiveGroup.bCanBeDoneAgain=(False) bIgnoreCompletion=(False)
[0067.52] FTEVerbose: [GFx] Checking FTE progress: Shown login flow 'true', Legal modal valid? 'true', Online? 'true', Cabined state '0', Legacy state '1'
[0067.52] FTEDev: Trying to start FTE Group Prime_InitialStartup which is already completed and cannot be restarted CurrentActiveGroup.bCanBeDoneAgain=(False) bIgnoreCompletion=(False)
[0067.52] FTEVerbose: [GFx] Checking FTE progress: Shown login flow 'true', Legal modal valid? 'true', Online? 'true', Cabined state '0', Legacy state '1'
[0067.52] FTEDev: Trying to start FTE Group Prime_InitialStartup which is already completed and cannot be restarted CurrentActiveGroup.bCanBeDoneAgain=(False) bIgnoreCompletion=(False)
[0067.53] FTEVerbose: [GFx] Checking FTE progress: Shown login flow 'true', Legal modal valid? 'true', Online? 'true', Cabined state '0', Legacy state '1'
[0067.53] FTEDev: Trying to start FTE Group Prime_InitialStartup which is already completed and cannot be restarted CurrentActiveGroup.bCanBeDoneAgain=(False) bIgnoreCompletion=(False)
[0067.73] Legacy: State Set
[0067.73] FTEVerbose: [GFx] Checking FTE progress: Shown login flow 'true', Legal modal valid? 'true', Online? 'true', Cabined state '0', Legacy state '3'
[0067.73] FTEDev: Trying to start FTE Group Prime_InitialStartup which is already completed and cannot be restarted CurrentActiveGroup.bCanBeDoneAgain=(False) bIgnoreCompletion=(False)
[0067.73] FTE: Starting Group:Prime_LegalText at Checkpoint:FTE_PrimaryPlayerIsXboxGuest
[0067.73] FTE: CompleteCheckpoint GroupName=(Prime_LegalText) CheckpointName=(FTE_PrimaryPlayerIsXboxGuest)
[0067.73] FTE: Moving to Checkpoint:FTE_PrivacyPolicy
[0067.74] DevOnline: WebRequest_X_30 SEND: https://rl-cdn.psyonix.com/Legal/PC/PrivacyPolicy/INT.txt
[0067.74] DevOnline: WebRequest_X_31 SEND: https://rl-cdn.psyonix.com/Legal/PC/ToS/INT.txt
[0067.74] DevOnline: WebRequest_X_32 SEND: https://rl-cdn.psyonix.com/Legal/PC/SCT/INT.txt
[0067.74] DevOnline: WebRequest_X_33 SEND: https://rl-cdn.psyonix.com/Legal/PC/PaymentServices/INT.txt
[0067.74] FTECritical: [GFx] Changed active tutorial from 'null' to 'FTE_PRIVACYPOLICY'. Tutorial active? 'false', New checkpoint active? 'true'
[0067.74] FTEVerbose: [GFx] Checking FTE progress: Shown login flow 'true', Legal modal valid? 'true', Online? 'true', Cabined state '0', Legacy state '3'
[0067.74] FTEDev: Trying to start FTE Group Prime_InitialStartup while another Group Prime_LegalText is active
[0067.74] FTE: CompleteCheckpoint GroupName=(Prime_LegalText) CheckpointName=(FTE_PrivacyPolicy)
[0067.74] FTE: Moving to Checkpoint:FTE_EulaText
[0067.74] FTEVerbose: [GFx] Checking FTE progress: Shown login flow 'true', Legal modal valid? 'true', Online? 'true', Cabined state '0', Legacy state '3'
[0067.74] FTEDev: Trying to start FTE Group Prime_InitialStartup while another Group Prime_LegalText is active
[0067.74] Eula: RequiresAcceptance? EulaConfig?.bRequiresAcceptance=(True) GetUISave()?.Contains('bAcceptedOfflineEULA')=(True) Eula.SyncState=(LSS_Accepted)
[0067.74] FTE: CompleteCheckpoint GroupName=(Prime_LegalText) CheckpointName=(FTE_EulaText)
[0067.74] FTE: CompleteActiveGroup GroupName:Prime_LegalText
[0067.75] FTECritical: [GFx] Changed active tutorial from 'FTE_PRIVACYPOLICY' to 'NONE'. Tutorial active? 'false', New checkpoint active? 'false'
[0067.75] FTEVerbose: Checkpoint 'None' attempted completion while the FTE isn't active!
[0067.75] FTEVerbose: [GFx] Checking FTE progress: Shown login flow 'true', Legal modal valid? 'true', Online? 'true', Cabined state '0', Legacy state '3'
[0067.75] FTEDev: Trying to start FTE Group Prime_InitialStartup which is already completed and cannot be restarted CurrentActiveGroup.bCanBeDoneAgain=(False) bIgnoreCompletion=(False)
[0067.75] FTEDev: Trying to start FTE Group Prime_FreeToPlayTutorial_1 which is already completed and cannot be restarted CurrentActiveGroup.bCanBeDoneAgain=(False) bIgnoreCompletion=(False)
[0067.75] FTEVerbose: [GFx] Checking FTE progress: Shown login flow 'true', Legal modal valid? 'true', Online? 'true', Cabined state '0', Legacy state '3'
[0067.75] FTEDev: Trying to start FTE Group Prime_InitialStartup which is already completed and cannot be restarted CurrentActiveGroup.bCanBeDoneAgain=(False) bIgnoreCompletion=(False)
[0067.75] FTEDev: Trying to start FTE Group Prime_FreeToPlayTutorial_1 which is already completed and cannot be restarted CurrentActiveGroup.bCanBeDoneAgain=(False) bIgnoreCompletion=(False)
[0067.76] Eula: RequiresAcceptance? EulaConfig?.bRequiresAcceptance=(True) GetUISave()?.Contains('bAcceptedOfflineEULA')=(True) Eula.SyncState=(LSS_Accepted)
[0067.76] AuthEpicVerbose: [GFx] Epic login changed. m_uiState:MainMenu bPromptParentalConsent:false bPromptToChoosePrimaryAccount:false bEpicSaveDataLoaded:false bPlatformLinked:false
[0067.76] FTEDev: Trying to start FTE Group Prime_MatchComplete which is already completed and cannot be restarted CurrentActiveGroup.bCanBeDoneAgain=(False) bIgnoreCompletion=(False)
[0067.76] FTEDev: Group Prime_LegacyUpdate Is not meant for users of type FTESave.LegacyGroupType=(LGT_NewUser)
[0067.79] RankedReconnect: LocalPlayer_TA_0.CheckForRankedReconnect() bOpenedStartMenu=(True) IsMenuLevel=(True) bLoggedIn=(True) IsPrimaryPlayer=(True) RankedReconnectAvailable=(False) EpochTime=(0) EpochNow=(1775035524) TimeSince=(1775035524) ReconnectTimeoutSeconds=(900) Reservation=()
[0067.79] MTX: ConditionalClaimEntitlements bAllowEntitlements=(True) bClaimingEntitlements=(False) bEntitlementsDirty=(True) PsyNetConnected=(True) SplitscreenID=(0) bMtxCodeExpired=(False)
[0067.79] MTX: HandleMtxCode bSuccess=True
[0067.81] Online: TryToPlayOnline ControllerID=(-1)
[0067.85] Online: HandlePrivilegeCheckFinished PrivilegeCheck.bHasRestriction=(False)
[0067.85] Online: HandlePrivilegeCheck PrivilegeCheck.bHasRestriction=(False)
[0067.86] Legacy: State Set
[0067.86] DevOnline: PlayerDataStorage_WriteFile: Beginning to upload file. User=(8818b4dba79a43d18b986f46e4d00392) FileName=(RLSaveData)
[0067.87] Log: FSaveDataExportTask(0) wrote 1057180 bytes to memory
[0067.87] Log: SaveGameDataAsync game thread time: 7 ms
[0067.87] DevOnline: WebRequest_X_34 SEND: https://rl-cdn.psyonix.com/EsportsIcons/RL_U57_S22_BracketRivalry_LTE_PlaylistButton_oicece.jpg
[0067.90] Log: Deleting old save file ..\..\TAGame\SaveDataEpic\DBE_Production\8818b4dba79a43d18b986f46e4d00392_2.save
[0067.90] Log: SaveDataExport(0): Finished - File:[..\..\TAGame\SaveDataEpic\DBE_Production\8818b4dba79a43d18b986f46e4d00392_1.save] Result:[1]
[0067.90] DevOnline: WebRequest_X_30 RECV: 304 
[0067.90] DevOnline: WebRequest_X_31 RECV: 304 
[0067.90] DevOnline: WebRequest_X_32 RECV: 304 
[0067.90] DevOnline: WebRequest_X_33 RECV: 304 
[0067.91] SettingsExport: Settings content not changed. Will not update the Settings Online
[0067.98] DevOnline: WebRequest_X_34 RECV: 304 
[0068.27] MTX: HandleClaimSuccess Products=0
[0068.61] DevOnline: WebRequest_X_35 SEND: https://cdn-live.prm.ol.epicgames.com/prod/a68b3cd92e1d4e24a18e1962f773aa45.png?width=1920&height=1200&aspect=fill
[0068.61] DevOnline: WebRequest_X_36 SEND: https://cdn-live.prm.ol.epicgames.com/prod/10efdc527c7a4855b3ecaa376c876d5e.png?width=320&height=180&aspect=fill
[0068.62] DevOnline: WebRequest_X_37 SEND: https://cdn-live.prm.ol.epicgames.com/prod/4d93be47edbd45c19d3773022f539017.jpeg?width=1920&height=1200&aspect=fill
[0068.62] DevOnline: WebRequest_X_38 SEND: https://cdn-live.prm.ol.epicgames.com/prod/315eb884a703400dbc9d994fb3139374.jpeg?width=320&height=180&aspect=fill
[0069.15] DevOnline: WebRequest_X_35 RECV: 304 
[0069.17] DevOnline: WebRequest_X_36 RECV: 304 
[0069.18] DevOnline: WebRequest_X_37 RECV: 304 
[0069.18] DevOnline: WebRequest_X_38 RECV: 304 
[0070.35] DevOnline: PlayerDataStorage_WriteFile: File upload complete. User=(8818b4dba79a43d18b986f46e4d00392) FileName=(RLSaveData) Success=(1)
[0073.75] Party: HandleUserInvitedResponse ForUserId=(PS4|785668489479049324|0) bAccepted=(True)
[0073.75] Party: HandlePlayerInvitedPrompt InviterId=(PS4|785668489479049324|0) bAccepted=(True)
[0073.75] Party: HandlePlayerInvited bAccepted=(True) InLobbyId:'PsyNet-2uuPQ5vF' FriendId:'PS4|785668489479049324|0'
[0073.76] Online: TryToPlayOnline ControllerID=(-1)
[0073.76] Online: HandlePrivilegeCheckFinished PrivilegeCheck.bHasRestriction=(False)
[0074.01] Party: HandleJoinLobby bWasSuccessful=(True) LobbyUID:'PsyNet-2uuPQ5vF' 
[0074.01] Party: OnPartyLeaderChanged NewLeader=PS4|785668489479049324|0
[0074.01] Party: HandleLobbyMemberStatusUpdate LobbyUID=PsyNet-2uuPQ5vF Members=2 MemberIndex=0 MemberID=PS4|785668489479049324|0
[0074.01] Party: HandleLobbyMemberStatusUpdate LobbyUID=PsyNet-2uuPQ5vF Members=2 MemberIndex=1 MemberID=Epic|8818b4dba79a43d18b986f46e4d00392|0
[0074.01] PsyNet: PsyNetChannel_X_0 Init party:2uuPQ5vF
[0074.01] PsyNet: PsyNetChannel_X_0 Open party:2uuPQ5vF
[0074.01] PsyNet: PsyNetChannel_X_0 party:2uuPQ5vF waiting for first channel message
[0074.01] PsyNet: PsyNetChannel_X_0 party:2uuPQ5vF first channel message MessageID=13
[0074.01] PsyNet: PsyNetChannel_X_0 party:2uuPQ5vF executing MessageID=13
[0074.01] Party: HandleLobbyMemberStatusUpdate LobbyUID=PsyNet-2uuPQ5vF Members=2 MemberIndex=1 MemberID=Epic|8818b4dba79a43d18b986f46e4d00392|0
[0074.02] PsyNet: PsyNetServiceProvider_X_1 ExecuteService Complete, Service=Party/UserJoined 
[0074.11] PartyChallenge: UpdateLevelAndChallengesForPlayer InPlayerId=(Epic|8818b4dba79a43d18b986f46e4d00392|0) InXPLevel=(339) bInCompletedChallenges=(True) bInLegacyPlayer=(False) bInGuestAccount=(False)
[0074.11] Eula: RequiresAcceptance? EulaConfig?.bRequiresAcceptance=(True) GetUISave()?.Contains('bAcceptedOfflineEULA')=(True) Eula.SyncState=(LSS_Accepted)
[0074.11] Party: BroadcastMatchmakingAvailabilityDelayed PartyMemberID:'Epic|8818b4dba79a43d18b986f46e4d00392|0' MatchmakeRestrictions=(4)
[0074.11] Party: SetAvailableForMatchmakingForMember PartyMemberID:'Epic|8818b4dba79a43d18b986f46e4d00392|0' MatchmakeRestrictions=(4)
[0074.11] Eula: RequiresAcceptance? EulaConfig?.bRequiresAcceptance=(True) GetUISave()?.Contains('bAcceptedOfflineEULA')=(True) Eula.SyncState=(LSS_Accepted)
[0074.11] Party: BroadcastMatchmakingAvailabilityDelayed PartyMemberID:'Epic|8818b4dba79a43d18b986f46e4d00392|0' MatchmakeRestrictions=(4)
[0074.11] Party: SetAvailableForMatchmakingForMember PartyMemberID:'Epic|8818b4dba79a43d18b986f46e4d00392|0' MatchmakeRestrictions=(4)
[0074.11] Party: BroadcastDisableCrossPlay PartyMemberID:'Epic|8818b4dba79a43d18b986f46e4d00392|0' PartyMembers[ PartyMemberIndex ].bDisableCrossPlay=(False)
[0074.11] Party: BroadcastCrossTextChatState PartyMemberID:'Epic|8818b4dba79a43d18b986f46e4d00392|0' PartyMembers[PartyMemberIndex].CrossChatState=(PCCS_Everybody)
[0074.21] PartyChallenge: UpdateLevelAndChallengesForPlayer InPlayerId=(Epic|8818b4dba79a43d18b986f46e4d00392|0) InXPLevel=(339) bInCompletedChallenges=(True) bInLegacyPlayer=(False) bInGuestAccount=(False)
[0074.34] EOSVoice: Joining room 2uuPQ5vF
[0074.35] PsyNet: PsyNetChannel_X_0 party:2uuPQ5vF receive message MessageID=14
[0074.35] PsyNet: PsyNetChannel_X_0 party:2uuPQ5vF executing MessageID=14
[0074.35] Party: HandleLobbyReceiveBinaryData LobbyUID=PsyNet-2uuPQ5vF MemberIndex=0 PlayerUID=PS4|785668489479049324|0 Message=PartyMessage_CurrentVoiceRoom_TA
[0074.36] PsyNet: PsyNetServiceProvider_X_1 ExecuteService Complete, Service=Party/System 
[0074.37] PsyNet: PsyNetChannel_X_0 party:2uuPQ5vF receive message MessageID=15
[0074.37] PsyNet: PsyNetChannel_X_0 party:2uuPQ5vF executing MessageID=15
[0074.37] Party: HandleLobbyReceiveBinaryData LobbyUID=PsyNet-2uuPQ5vF MemberIndex=0 PlayerUID=PS4|785668489479049324|0 Message=PartyMessage_LobbySettings_X
[0074.38] PsyNet: PsyNetServiceProvider_X_1 ExecuteService Complete, Service=Party/System 
[0074.38] PsyNet: PsyNetChannel_X_0 party:2uuPQ5vF receive message MessageID=16
[0074.38] PsyNet: PsyNetChannel_X_0 party:2uuPQ5vF executing MessageID=16
[0074.38] Party: HandleLobbyReceiveBinaryData LobbyUID=PsyNet-2uuPQ5vF MemberIndex=0 PlayerUID=PS4|785668489479049324|0 Message=PartyMessage_LevelAndChallengesUpdate_TA
[0074.38] PartyChallenge: UpdateLevelAndChallengesForPlayer InPlayerId=(PS4|785668489479049324|0) InXPLevel=(1063) bInCompletedChallenges=(True) bInLegacyPlayer=(False) bInGuestAccount=(False)
[0074.39] PsyNet: PsyNetServiceProvider_X_1 ExecuteService Complete, Service=Party/System 
[0074.39] PsyNet: PsyNetChannel_X_0 party:2uuPQ5vF receive message MessageID=17
[0074.39] PsyNet: PsyNetChannel_X_0 party:2uuPQ5vF executing MessageID=17
[0074.39] Party: HandleLobbyReceiveBinaryData LobbyUID=PsyNet-2uuPQ5vF MemberIndex=0 PlayerUID=PS4|785668489479049324|0 Message=PartyMessage_MatchmakingAvailability_X
[0074.39] Party: SetAvailableForMatchmakingForMember PartyMemberID:'PS4|785668489479049324|0' MatchmakeRestrictions=(4)
[0074.39] PsyNet: PsyNetServiceProvider_X_1 ExecuteService Complete, Service=Party/System 
[0074.39] PsyNet: PsyNetChannel_X_0 party:2uuPQ5vF receive message MessageID=18
[0074.39] PsyNet: PsyNetChannel_X_0 party:2uuPQ5vF executing MessageID=18
[0074.39] Party: HandleLobbyReceiveBinaryData LobbyUID=PsyNet-2uuPQ5vF MemberIndex=0 PlayerUID=PS4|785668489479049324|0 Message=PartyMessage_DisableCrossPlay_X
[0074.40] PsyNet: PsyNetServiceProvider_X_1 ExecuteService Complete, Service=Party/System 
[0074.41] PsyNet: PsyNetChannel_X_0 party:2uuPQ5vF receive message MessageID=19
[0074.41] PsyNet: PsyNetChannel_X_0 party:2uuPQ5vF executing MessageID=19
[0074.41] Party: HandleLobbyReceiveBinaryData LobbyUID=PsyNet-2uuPQ5vF MemberIndex=0 PlayerUID=PS4|785668489479049324|0 Message=PartyMessage_CrossPlayTextChat_X
[0074.42] PsyNet: PsyNetServiceProvider_X_1 ExecuteService Complete, Service=Party/System 
[0074.43] PsyNet: PsyNetChannel_X_0 party:2uuPQ5vF receive message MessageID=20
[0074.43] PsyNet: PsyNetChannel_X_0 party:2uuPQ5vF executing MessageID=20
[0074.43] Party: HandleLobbyReceiveBinaryData LobbyUID=PsyNet-2uuPQ5vF MemberIndex=0 PlayerUID=PS4|785668489479049324|0 Message=PartyMessage_UserChatReportingLevel_TA
[0074.44] PsyNet: PsyNetServiceProvider_X_1 ExecuteService Complete, Service=Party/System 
[0074.44] PsyNet: PsyNetChannel_X_0 party:2uuPQ5vF receive message MessageID=21
[0074.45] PsyNet: PsyNetChannel_X_0 party:2uuPQ5vF executing MessageID=21
[0074.45] Party: HandleLobbyReceiveBinaryData LobbyUID=PsyNet-2uuPQ5vF MemberIndex=0 PlayerUID=PS4|785668489479049324|0 Message=PartyMessage_PartyMemberJoinGame_X
[0074.45] PsyNet: PsyNetServiceProvider_X_1 ExecuteService Complete, Service=Party/System 
[0074.47] PsyNet: PsyNetChannel_X_0 party:2uuPQ5vF receive message MessageID=22
[0074.47] PsyNet: PsyNetChannel_X_0 party:2uuPQ5vF executing MessageID=22
[0074.47] Party: HandleLobbyReceiveBinaryData LobbyUID=PsyNet-2uuPQ5vF MemberIndex=0 PlayerUID=PS4|785668489479049324|0 Message=PartyMessage_Loadout_TA
[0074.47] Party: HandleLoadoutMessage MemberID=PS4|785668489479049324|0
[0074.48] PsyNet: PsyNetServiceProvider_X_1 ExecuteService Complete, Service=Party/System 
[0074.48] PsyNet: PsyNetChannel_X_0 party:2uuPQ5vF receive message MessageID=23
[0074.48] PsyNet: PsyNetChannel_X_0 party:2uuPQ5vF executing MessageID=23
[0074.49] PsyNet: PsyNetServiceProvider_X_1 ExecuteService Complete, Service=Party/System 
[0074.49] PsyNet: PsyNetChannel_X_0 party:2uuPQ5vF receive message MessageID=24
[0074.49] PsyNet: PsyNetChannel_X_0 party:2uuPQ5vF executing MessageID=24
[0074.49] PsyNet: PsyNetServiceProvider_X_1 ExecuteService Complete, Service=Party/System 
[0074.54] PsyNet: PsyNetChannel_X_0 party:2uuPQ5vF receive message MessageID=25
[0074.54] PsyNet: PsyNetChannel_X_0 party:2uuPQ5vF executing MessageID=25
[0074.54] PsyNet: PsyNetServiceProvider_X_1 ExecuteService Complete, Service=Party/System 
[0074.54] PsyNet: PsyNetChannel_X_0 party:2uuPQ5vF receive message MessageID=26
[0074.54] PsyNet: PsyNetChannel_X_0 party:2uuPQ5vF executing MessageID=26
[0074.55] PsyNet: PsyNetServiceProvider_X_1 ExecuteService Complete, Service=Party/System 
[0074.55] PsyNet: PsyNetChannel_X_0 party:2uuPQ5vF receive message MessageID=29
[0074.55] PsyNet: PsyNetChannel_X_0 party:2uuPQ5vF waiting for 27
[0074.56] PsyNet: PsyNetChannel_X_0 party:2uuPQ5vF receive message MessageID=28
[0074.56] PsyNet: PsyNetChannel_X_0 party:2uuPQ5vF waiting for 27
[0074.57] PsyNet: PsyNetChannel_X_0 party:2uuPQ5vF receive message MessageID=27
[0074.57] PsyNet: PsyNetChannel_X_0 party:2uuPQ5vF executing MessageID=27
[0074.57] PsyNet: PsyNetChannel_X_0 party:2uuPQ5vF executing MessageID=28
[0074.57] PsyNet: PsyNetChannel_X_0 party:2uuPQ5vF executing MessageID=29
[0074.58] PsyNet: PsyNetServiceProvider_X_1 ExecuteService Complete, Service=Party/System 
[0074.58] PsyNet: PsyNetServiceProvider_X_1 ExecuteService Complete, Service=Party/System 
[0074.58] PsyNet: PsyNetServiceProvider_X_1 ExecuteService Complete, Service=Party/System 
[0074.61] PsyNet: PsyNetChannel_X_0 party:2uuPQ5vF receive message MessageID=30
[0074.61] PsyNet: PsyNetChannel_X_0 party:2uuPQ5vF executing MessageID=30
[0074.62] PsyNet: PsyNetServiceProvider_X_1 ExecuteService Complete, Service=Party/System 
[0074.62] DevOnline: EOSSDK-LogEOSRTC: TickTracker Tick is delayed. TimePeriod=[10.005692s]  TickIntervalThreshold=[0.100000s] MaxTickInterval=[0.153741s] MaxExecutionTime=[0.000979s] TicksCount=[1155] ExpectedTicksCount=[1000]
[0074.63] PsyNet: PsyNetChannel_X_0 party:2uuPQ5vF receive message MessageID=32
[0074.63] PsyNet: PsyNetChannel_X_0 party:2uuPQ5vF waiting for 31
[0074.64] PsyNet: PsyNetChannel_X_0 party:2uuPQ5vF receive message MessageID=31
[0074.64] PsyNet: PsyNetChannel_X_0 party:2uuPQ5vF executing MessageID=31
[0074.64] PsyNet: PsyNetChannel_X_0 party:2uuPQ5vF executing MessageID=32
[0074.64] PsyNet: PsyNetServiceProvider_X_1 ExecuteService Complete, Service=Party/System 
[0074.64] PsyNet: PsyNetServiceProvider_X_1 ExecuteService Complete, Service=Party/System 
[0074.64] PsyNet: PsyNetChannel_X_0 party:2uuPQ5vF receive message MessageID=33
[0074.64] PsyNet: PsyNetChannel_X_0 party:2uuPQ5vF executing MessageID=33
[0074.65] PsyNet: PsyNetServiceProvider_X_1 ExecuteService Complete, Service=Party/System 
[0074.66] PsyNet: PsyNetChannel_X_0 party:2uuPQ5vF receive message MessageID=34
[0074.66] PsyNet: PsyNetChannel_X_0 party:2uuPQ5vF executing MessageID=34
[0074.67] PsyNet: PsyNetServiceProvider_X_1 ExecuteService Complete, Service=Party/System 
[0074.80] DevOnline: EOSSDK-LogEOSRTC: [MediaService] Usupported control message "<Redacted>"
[0074.89] PsyNet: PsyNetChannel_X_0 party:2uuPQ5vF receive message MessageID=35
[0074.89] PsyNet: PsyNetChannel_X_0 party:2uuPQ5vF executing MessageID=35
[0074.89] Party: HandleLobbyReceiveBinaryData LobbyUID=PsyNet-2uuPQ5vF MemberIndex=0 PlayerUID=PS4|785668489479049324|0 Message=PartyMessage_LevelAndChallengesUpdate_TA
[0074.89] PartyChallenge: UpdateLevelAndChallengesForPlayer InPlayerId=(PS4|785668489479049324|0) InXPLevel=(1063) bInCompletedChallenges=(True) bInLegacyPlayer=(False) bInGuestAccount=(False)
[0074.90] PsyNet: PsyNetServiceProvider_X_1 ExecuteService Complete, Service=Party/System 
[0074.91] PsyNet: PsyNetChannel_X_0 party:2uuPQ5vF receive message MessageID=36
[0074.91] PsyNet: PsyNetChannel_X_0 party:2uuPQ5vF executing MessageID=36
[0074.91] Party: HandleLobbyReceiveBinaryData LobbyUID=PsyNet-2uuPQ5vF MemberIndex=0 PlayerUID=PS4|785668489479049324|0 Message=PartyMessage_LocalPlayers_X
[0074.91] Party: Handle PartyMessage_LocalPlayers_X: IsPrimaryPlayer=True
[0074.92] PsyNet: PsyNetServiceProvider_X_1 ExecuteService Complete, Service=Party/System 
[0074.92] PsyNet: PsyNetChannel_X_0 party:2uuPQ5vF receive message MessageID=37
[0074.92] PsyNet: PsyNetChannel_X_0 party:2uuPQ5vF executing MessageID=37
[0074.92] Party: HandleLobbyReceiveBinaryData LobbyUID=PsyNet-2uuPQ5vF MemberIndex=0 PlayerUID=PS4|785668489479049324|0 Message=PartyMessage_GetPlatformPartyResponse_X
[0074.93] PsyNet: PsyNetServiceProvider_X_1 ExecuteService Complete, Service=Party/System 
[0074.93] PsyNet: PsyNetChannel_X_0 party:2uuPQ5vF receive message MessageID=38
[0074.93] PsyNet: PsyNetChannel_X_0 party:2uuPQ5vF executing MessageID=38
[0074.93] Party: HandleLobbyReceiveBinaryData LobbyUID=PsyNet-2uuPQ5vF MemberIndex=0 PlayerUID=PS4|785668489479049324|0 Message=PartyMessage_LevelAndChallengesUpdate_TA
[0074.93] PartyChallenge: UpdateLevelAndChallengesForPlayer InPlayerId=(PS4|785668489479049324|0) InXPLevel=(1063) bInCompletedChallenges=(True) bInLegacyPlayer=(False) bInGuestAccount=(False)
[0074.94] PsyNet: PsyNetServiceProvider_X_1 ExecuteService Complete, Service=Party/System 
[0074.96] EOSVoice: SetPlayerMuteStatus for player 8818b4dba79a43d18b986f46e4d00392 in room 2uuPQ5vF to False
[0074.96] EOSVoice: Recording started for room: VRT_Party
[0075.01] PartyChallenge: UpdateLevelAndChallengesForPlayer InPlayerId=(Epic|8818b4dba79a43d18b986f46e4d00392|0) InXPLevel=(339) bInCompletedChallenges=(True) bInLegacyPlayer=(False) bInGuestAccount=(False)
[0075.40] PsyNet: PsyNetChannel_X_0 party:2uuPQ5vF receive message MessageID=39
[0075.40] PsyNet: PsyNetChannel_X_0 party:2uuPQ5vF executing MessageID=39
[0075.41] PsyNet: PsyNetServiceProvider_X_1 ExecuteService Complete, Service=Party/System 
[0075.50] PsyNet: PsyNetChannel_X_0 party:2uuPQ5vF receive message MessageID=40
[0075.50] PsyNet: PsyNetChannel_X_0 party:2uuPQ5vF executing MessageID=40
[0075.51] PsyNet: PsyNetServiceProvider_X_1 ExecuteService Complete, Service=Party/System 
[0075.69] DevOnline: WebRequest_X_39 SEND: https://datarouter.ol.epicgames.com/datarouter/api/v1/public/data?AppID=RocketLeague.Release&AppVersion=1210528741&AppEnvironment=Prod&UploadType=eteventstream&UserID=|8818b4dba79a43d18b986f46e4d00392|||Epic|8818b4dba79a43d18b986f46e4d00392|0&SessionID=7ED88ADF457E5D0E09C349A06FC64359
[0076.58] DevOnline: WebRequest_X_39 RECV: 204 
[0094.63] DevOnline: EOSSDK-LogEOSRTC: TickTracker Tick is delayed. TimePeriod=[10.005314s]  TickIntervalThreshold=[0.100000s] MaxTickInterval=[0.381018s] MaxExecutionTime=[0.000330s] TicksCount=[1138] ExpectedTicksCount=[1000]
[0103.85] PsyNet: PsyNetChannel_X_0 party:2uuPQ5vF receive message MessageID=41
[0103.85] PsyNet: PsyNetChannel_X_0 party:2uuPQ5vF executing MessageID=41
[0103.85] Party: HandleLobbyReceiveBinaryData LobbyUID=PsyNet-2uuPQ5vF MemberIndex=0 PlayerUID=PS4|785668489479049324|0 Message=PartyMessage_SearchStatus_X
[0103.85] Party: HandleSearchStatus StatusMessage.SearchState=(Searching) StatusMessage.bIsSearching=(True)
[0103.86] PsyNet: PsyNetServiceProvider_X_1 ExecuteService Complete, Service=Party/System 
[0105.25] PsyNet: PsyNetChannel_X_0 party:2uuPQ5vF receive message MessageID=42
[0105.25] PsyNet: PsyNetChannel_X_0 party:2uuPQ5vF executing MessageID=42
[0105.25] Party: HandleLobbyReceiveBinaryData LobbyUID=PsyNet-2uuPQ5vF MemberIndex=0 PlayerUID=PS4|785668489479049324|0 Message=PartyMessage_SearchStatus_X
[0105.25] Party: HandleSearchStatus StatusMessage.SearchState=(Searching) StatusMessage.bIsSearching=(True)
[0105.25] PsyNet: PsyNetServiceProvider_X_1 ExecuteService Complete, Service=Party/System 
[0105.29] PsyNet: PsyNetChannel_X_0 party:2uuPQ5vF receive message MessageID=43
[0105.29] PsyNet: PsyNetChannel_X_0 party:2uuPQ5vF executing MessageID=43
[0105.29] Party: HandleLobbyReceiveBinaryData LobbyUID=PsyNet-2uuPQ5vF MemberIndex=0 PlayerUID=PS4|785668489479049324|0 Message=PartyMessage_SearchStatus_X
[0105.29] Party: HandleSearchStatus StatusMessage.SearchState=(OnlineGameMatchmaking_X) StatusMessage.bIsSearching=(False)
[0105.30] PsyNet: PsyNetServiceProvider_X_1 ExecuteService Complete, Service=Party/System 
[0117.11] Online: TryToPlayOnline ControllerID=(-1)
[0117.12] Online: HandlePrivilegeCheckFinished PrivilegeCheck.bHasRestriction=(False)
[0117.12] Online: HandlePrivilegeCheck PrivilegeCheck.bHasRestriction=(False)
[0124.64] DevOnline: EOSSDK-LogEOSRTC: TickTracker Tick is delayed. TimePeriod=[10.007007s]  TickIntervalThreshold=[0.100000s] MaxTickInterval=[0.657377s] MaxExecutionTime=[0.000057s] TicksCount=[1113] ExpectedTicksCount=[1000]
[0134.64] DevOnline: EOSSDK-LogEOSRTC: TickTracker Tick is delayed. TimePeriod=[10.007109s]  TickIntervalThreshold=[0.100000s] MaxTickInterval=[0.493253s] MaxExecutionTime=[0.000073s] TicksCount=[1120] ExpectedTicksCount=[1000]
[0136.26] DevOnline: WebRequest_X_40 SEND: https://datarouter.ol.epicgames.com/datarouter/api/v1/public/data?AppID=RocketLeague.Release&AppVersion=1210528741&AppEnvironment=Prod&UploadType=eteventstream&UserID=|8818b4dba79a43d18b986f46e4d00392|||Epic|8818b4dba79a43d18b986f46e4d00392|0&SessionID=7ED88ADF457E5D0E09C349A06FC64359
[0136.47] DevOnline: WebRequest_X_40 RECV: 204 
[0152.80] PsyNet: PsyNetChannel_X_0 party:2uuPQ5vF receive message MessageID=44
[0152.80] PsyNet: PsyNetChannel_X_0 party:2uuPQ5vF executing MessageID=44
[0152.80] Party: HandleLobbyReceiveBinaryData LobbyUID=PsyNet-2uuPQ5vF MemberIndex=0 PlayerUID=PS4|785668489479049324|0 Message=PartyMessage_PartyMemberJoinGame_X
[0152.81] PsyNet: PsyNetServiceProvider_X_1 ExecuteService Complete, Service=Party/System 
[0152.90] PsyNet: PsyNetChannel_X_0 party:2uuPQ5vF receive message MessageID=45
[0152.90] PsyNet: PsyNetChannel_X_0 party:2uuPQ5vF executing MessageID=45
[0152.90] Party: HandleLobbyReceiveBinaryData LobbyUID=PsyNet-2uuPQ5vF MemberIndex=0 PlayerUID=PS4|785668489479049324|0 Message=PartyMessage_MatchmakingAvailability_X
[0152.90] Party: SetAvailableForMatchmakingForMember PartyMemberID:'PS4|785668489479049324|0' MatchmakeRestrictions=(0)
[0152.91] PsyNet: PsyNetServiceProvider_X_1 ExecuteService Complete, Service=Party/System 
[0174.65] DevOnline: EOSSDK-LogEOSRTC: TickTracker Tick is delayed. TimePeriod=[10.002774s]  TickIntervalThreshold=[0.100000s] MaxTickInterval=[0.692581s] MaxExecutionTime=[0.000064s] TicksCount=[1114] ExpectedTicksCount=[1000]
[0187.21] PsyNet: PsyNetChannel_X_0 party:2uuPQ5vF receive message MessageID=46
[0187.21] PsyNet: PsyNetChannel_X_0 party:2uuPQ5vF executing MessageID=46
[0187.21] Party: HandleLobbyReceiveBinaryData LobbyUID=PsyNet-2uuPQ5vF MemberIndex=0 PlayerUID=PS4|785668489479049324|0 Message=PartyMessage_SearchStatus_X
[0187.21] Party: HandleSearchStatus StatusMessage.SearchState=(Searching) StatusMessage.bIsSearching=(True)
[0187.21] PsyNet: PsyNetServiceProvider_X_1 ExecuteService Complete, Service=Party/System 
[0188.70] PsyNet: PsyNetChannel_X_0 party:2uuPQ5vF receive message MessageID=47
[0188.70] PsyNet: PsyNetChannel_X_0 party:2uuPQ5vF executing MessageID=47
[0188.70] Party: HandleLobbyReceiveBinaryData LobbyUID=PsyNet-2uuPQ5vF MemberIndex=0 PlayerUID=PS4|785668489479049324|0 Message=PartyMessage_SearchStatus_X
[0188.70] Party: HandleSearchStatus StatusMessage.SearchState=(Searching) StatusMessage.bIsSearching=(True)
[0188.71] PsyNet: PsyNetServiceProvider_X_1 ExecuteService Complete, Service=Party/System 
[0188.71] PsyNet: PsyNetChannel_X_0 party:2uuPQ5vF receive message MessageID=48
[0188.71] PsyNet: PsyNetChannel_X_0 party:2uuPQ5vF executing MessageID=48
[0188.72] Party: HandleLobbyReceiveBinaryData LobbyUID=PsyNet-2uuPQ5vF MemberIndex=0 PlayerUID=PS4|785668489479049324|0 Message=PartyMessage_SearchStatus_X
[0188.72] Party: HandleSearchStatus StatusMessage.SearchState=(OnlineGameMatchmaking_X) StatusMessage.bIsSearching=(False)
[0188.72] PsyNet: PsyNetServiceProvider_X_1 ExecuteService Complete, Service=Party/System 
[0191.32] Online: TryToPlayOnline ControllerID=(-1)
[0191.32] Online: HandlePrivilegeCheckFinished PrivilegeCheck.bHasRestriction=(False)
[0191.32] Online: HandlePrivilegeCheck PrivilegeCheck.bHasRestriction=(False)
[0196.16] PartyChallenge: UpdateChallengeProgressForCompetitive bChallengesComplete=(True) ChallengeState=(Challenge_Success) bChallengeSync=(True) bChallengesAreValid=(True) bLegacyPlayer=(False) bGuestAccount=(False) Online_X.UniqueNetIDToString(Manager.Outer.PlayerID)=(Epic|8818b4dba79a43d18b986f46e4d00392|0) Complete
[0196.16] PsyNet: PsyNetServiceProvider_X_1 ExecuteService Complete, Service=Challenges/PlayerProgress 
[0196.17] PsyNet: PsyNetServiceProvider_X_1 ExecuteService Complete, Service=Reward/RewardResult 
[0196.17] ScriptLog: GetDLCProducts, UnlockedDLCList=
[0196.27] DevOnline: PlayerDataStorage_WriteFile: Beginning to upload file. User=(8818b4dba79a43d18b986f46e4d00392) FileName=(RLSaveData)
[0196.54] DevOnline: WebRequest_X_41 SEND: https://datarouter.ol.epicgames.com/datarouter/api/v1/public/data?AppID=RocketLeague.Release&AppVersion=1210528741&AppEnvironment=Prod&UploadType=eteventstream&UserID=|8818b4dba79a43d18b986f46e4d00392|||Epic|8818b4dba79a43d18b986f46e4d00392|0&SessionID=7ED88ADF457E5D0E09C349A06FC64359
[0196.87] DevOnline: WebRequest_X_41 RECV: 204 
[0197.64] Log: FSaveDataExportTask(0) wrote 1037111 bytes to memory
[0197.64] Log: SaveGameDataAsync game thread time: 8 ms
[0197.66] Log: Deleting old save file ..\..\TAGame\SaveDataEpic\DBE_Production\8818b4dba79a43d18b986f46e4d00392.save
[0197.66] Log: SaveDataExport(0): Finished - File:[..\..\TAGame\SaveDataEpic\DBE_Production\8818b4dba79a43d18b986f46e4d00392_2.save] Result:[1]
[0197.66] SettingsExport: Settings content not changed. Will not update the Settings Online
[0198.68] PsyNet: PsyNetServiceProvider_X_1 ExecuteService Complete, Service=Reward/RewardResult 
[0198.68] ScriptLog: GetDLCProducts, UnlockedDLCList=
[0198.72] PartyChallenge: UpdateChallengeProgressForCompetitive bChallengesComplete=(True) ChallengeState=(Challenge_Success) bChallengeSync=(True) bChallengesAreValid=(True) bLegacyPlayer=(False) bGuestAccount=(False) Online_X.UniqueNetIDToString(Manager.Outer.PlayerID)=(Epic|8818b4dba79a43d18b986f46e4d00392|0) Complete
[0198.73] PsyNet: PsyNetServiceProvider_X_1 ExecuteService Complete, Service=Challenges/PlayerProgress 
[0198.78] DevOnline: PlayerDataStorage_WriteFile: File transfer is already in progress. Aborting write for User=(8818b4dba79a43d18b986f46e4d00392) FileName=(RLSaveData)
[0198.78] ScriptWarning: ScriptWarning, Something went wrong uploading save data 8818b4dba79a43d18b986f46e4d00392 RLSaveData
	EOSOnlineStorageUploader_TA Transient.SaveData_TA_1:EOSOnlineStorageUploader_TA_0
	Function TAGame.EOSOnlineStorageUploader_TA:UploadSaveData:0387
Script call stack:
	Function TAGame.SaveData_TA:UploadSaveData
	Function TAGame.EOSOnlineStorageUploader_TA:UploadSaveData

[0200.50] DevOnline: PlayerDataStorage_WriteFile: File upload complete. User=(8818b4dba79a43d18b986f46e4d00392) FileName=(RLSaveData) Success=(1)
[0200.64] Log: FSaveDataExportTask(0) wrote 1037574 bytes to memory
[0200.64] Log: SaveGameDataAsync game thread time: 8 ms
[0200.65] Log: Deleting old save file ..\..\TAGame\SaveDataEpic\DBE_Production\8818b4dba79a43d18b986f46e4d00392_1.save
[0200.66] Log: SaveDataExport(0): Finished - File:[..\..\TAGame\SaveDataEpic\DBE_Production\8818b4dba79a43d18b986f46e4d00392.save] Result:[1]
[0200.66] SettingsExport: Settings content not changed. Will not update the Settings Online
[0200.73] PsyNet: PsyNetServiceProvider_X_1 ExecuteService Complete, Service=Reward/RewardResult 
[0200.73] ScriptLog: GetDLCProducts, UnlockedDLCList=
[0200.76] PartyChallenge: UpdateChallengeProgressForCompetitive bChallengesComplete=(True) ChallengeState=(Challenge_Success) bChallengeSync=(True) bChallengesAreValid=(True) bLegacyPlayer=(False) bGuestAccount=(False) Online_X.UniqueNetIDToString(Manager.Outer.PlayerID)=(Epic|8818b4dba79a43d18b986f46e4d00392|0) Complete
[0200.77] PsyNet: PsyNetServiceProvider_X_1 ExecuteService Complete, Service=Challenges/PlayerProgress 
[0203.65] Log: FSaveDataExportTask(0) wrote 1038037 bytes to memory
[0203.65] Log: SaveGameDataAsync game thread time: 8 ms
[0203.66] Log: Deleting old save file ..\..\TAGame\SaveDataEpic\DBE_Production\8818b4dba79a43d18b986f46e4d00392_2.save
[0203.67] Log: SaveDataExport(0): Finished - File:[..\..\TAGame\SaveDataEpic\DBE_Production\8818b4dba79a43d18b986f46e4d00392_1.save] Result:[1]
[0203.67] SettingsExport: Settings content not changed. Will not update the Settings Online
[0204.40] Loadout: Could not find package for asset title_generic_T_SF
[0207.07] PartyChallenge: UpdateChallengeProgressForCompetitive bChallengesComplete=(True) ChallengeState=(Challenge_Success) bChallengeSync=(True) bChallengesAreValid=(True) bLegacyPlayer=(False) bGuestAccount=(False) Online_X.UniqueNetIDToString(Manager.Outer.PlayerID)=(Epic|8818b4dba79a43d18b986f46e4d00392|0) Complete
[0207.08] PsyNet: PsyNetServiceProvider_X_1 ExecuteService Complete, Service=Challenges/PlayerProgress 
[0207.09] PsyNet: PsyNetServiceProvider_X_1 ExecuteService Complete, Service=Reward/RewardResult 
[0207.09] ScriptLog: GetDLCProducts, UnlockedDLCList=
[0207.89] Log: FSaveDataExportTask(0) wrote 1038500 bytes to memory
[0207.89] Log: SaveGameDataAsync game thread time: 8 ms
[0207.90] Log: Deleting old save file ..\..\TAGame\SaveDataEpic\DBE_Production\8818b4dba79a43d18b986f46e4d00392.save
[0207.90] Log: SaveDataExport(0): Finished - File:[..\..\TAGame\SaveDataEpic\DBE_Production\8818b4dba79a43d18b986f46e4d00392_2.save] Result:[1]
[0207.91] SettingsExport: Settings content not changed. Will not update the Settings Online
[0209.44] PsyNet: PsyNetServiceProvider_X_1 ExecuteService Complete, Service=Reward/RewardResult 
[0209.44] ScriptLog: GetDLCProducts, UnlockedDLCList=
[0209.48] PartyChallenge: UpdateChallengeProgressForCompetitive bChallengesComplete=(True) ChallengeState=(Challenge_Success) bChallengeSync=(True) bChallengesAreValid=(True) bLegacyPlayer=(False) bGuestAccount=(False) Online_X.UniqueNetIDToString(Manager.Outer.PlayerID)=(Epic|8818b4dba79a43d18b986f46e4d00392|0) Complete
[0209.50] PsyNet: PsyNetServiceProvider_X_1 ExecuteService Complete, Service=Challenges/PlayerProgress 
[0210.89] Log: FSaveDataExportTask(0) wrote 1038963 bytes to memory
[0210.89] Log: SaveGameDataAsync game thread time: 8 ms
[0210.90] Log: Deleting old save file ..\..\TAGame\SaveDataEpic\DBE_Production\8818b4dba79a43d18b986f46e4d00392_1.save
[0210.90] Log: SaveDataExport(0): Finished - File:[..\..\TAGame\SaveDataEpic\DBE_Production\8818b4dba79a43d18b986f46e4d00392.save] Result:[1]
[0210.91] SettingsExport: Settings content not changed. Will not update the Settings Online
[0211.75] PsyNet: PsyNetServiceProvider_X_1 ExecuteService Complete, Service=Reward/RewardResult 
[0211.75] ScriptLog: GetDLCProducts, UnlockedDLCList=
[0211.79] PartyChallenge: UpdateChallengeProgressForCompetitive bChallengesComplete=(True) ChallengeState=(Challenge_Success) bChallengeSync=(True) bChallengesAreValid=(True) bLegacyPlayer=(False) bGuestAccount=(False) Online_X.UniqueNetIDToString(Manager.Outer.PlayerID)=(Epic|8818b4dba79a43d18b986f46e4d00392|0) Complete
[0211.80] PsyNet: PsyNetServiceProvider_X_1 ExecuteService Complete, Service=Challenges/PlayerProgress 
[0213.89] Log: FSaveDataExportTask(0) wrote 1039426 bytes to memory
[0213.89] Log: SaveGameDataAsync game thread time: 8 ms
[0213.90] Log: Deleting old save file ..\..\TAGame\SaveDataEpic\DBE_Production\8818b4dba79a43d18b986f46e4d00392_2.save
[0213.90] Log: SaveDataExport(0): Finished - File:[..\..\TAGame\SaveDataEpic\DBE_Production\8818b4dba79a43d18b986f46e4d00392_1.save] Result:[1]
[0213.91] SettingsExport: Settings content not changed. Will not update the Settings Online
[0214.17] PsyNet: PsyNetServiceProvider_X_1 ExecuteService Complete, Service=Reward/RewardResult 
[0214.17] ScriptLog: GetDLCProducts, UnlockedDLCList=
[0214.20] PartyChallenge: UpdateChallengeProgressForCompetitive bChallengesComplete=(True) ChallengeState=(Challenge_Success) bChallengeSync=(True) bChallengesAreValid=(True) bLegacyPlayer=(False) bGuestAccount=(False) Online_X.UniqueNetIDToString(Manager.Outer.PlayerID)=(Epic|8818b4dba79a43d18b986f46e4d00392|0) Complete
[0214.21] PsyNet: PsyNetServiceProvider_X_1 ExecuteService Complete, Service=Challenges/PlayerProgress 
[0214.71] MusicPlayer: HandleTrackEnd CurrentTrackPlayingID=(5) PlayingID=(5)
[0214.71] MusicPlayer: PlayMusicTrack CurrentTrackPlayingID=(0) Track.Cue=(NVRXMARVAndLXSTURYAndjustforgetme_VOLKSWAGENFUNK)
[0214.71] MusicPlayer: PlayMusicTrack CurrentTrackPlayingID=(242)
[0214.71] MusicPlayer: HandleTrackEnd CurrentTrackPlayingID=(242) PlayingID=(5)
[0214.72] MusicPlayer: HandleTrackStart CurrentTrackPlayingID=(242) PlayingID=(242)
[0214.72] MusicPlayer: HandleTrackStart CurrentTrackPlayingID=(242) PlayingID=(242)
[0216.90] Log: FSaveDataExportTask(0) wrote 1039889 bytes to memory
[0216.90] Log: SaveGameDataAsync game thread time: 8 ms
[0216.91] Log: Deleting old save file ..\..\TAGame\SaveDataEpic\DBE_Production\8818b4dba79a43d18b986f46e4d00392.save
[0216.91] Log: SaveDataExport(0): Finished - File:[..\..\TAGame\SaveDataEpic\DBE_Production\8818b4dba79a43d18b986f46e4d00392_2.save] Result:[1]
[0216.92] SettingsExport: Settings content not changed. Will not update the Settings Online
[0218.93] PartyChallenge: UpdateXPLevelForPlayer InPlayerId=(Epic|8818b4dba79a43d18b986f46e4d00392|0) InXPLevel=(340)
[0218.93] PsyNet: PsyNetServiceProvider_X_1 ExecuteService Complete, Service=Reward/RewardResult 
[0218.93] PartyChallenge: UpdateChallengeProgressForCompetitive bChallengesComplete=(True) ChallengeState=(Challenge_Success) bChallengeSync=(True) bChallengesAreValid=(True) bLegacyPlayer=(False) bGuestAccount=(False) Online_X.UniqueNetIDToString(Manager.Outer.PlayerID)=(Epic|8818b4dba79a43d18b986f46e4d00392|0) Complete
[0218.96] PsyNet: PsyNetServiceProvider_X_1 ExecuteService Complete, Service=Challenges/PlayerProgress 
[0219.90] Log: FSaveDataExportTask(0) wrote 1039889 bytes to memory
[0219.90] Log: SaveGameDataAsync game thread time: 8 ms
[0219.92] Log: Deleting old save file ..\..\TAGame\SaveDataEpic\DBE_Production\8818b4dba79a43d18b986f46e4d00392_1.save
[0219.92] Log: SaveDataExport(0): Finished - File:[..\..\TAGame\SaveDataEpic\DBE_Production\8818b4dba79a43d18b986f46e4d00392.save] Result:[1]
[0219.92] SettingsExport: Settings content not changed. Will not update the Settings Online
[0220.03] PsyNet: PsyNetChannel_X_0 party:2uuPQ5vF receive message MessageID=49
[0220.03] PsyNet: PsyNetChannel_X_0 party:2uuPQ5vF executing MessageID=49
[0220.03] PsyNet: PsyNetServiceProvider_X_1 ExecuteService Complete, Service=Party/System 
[0221.29] PartyChallenge: UpdateXPLevelForPlayer InPlayerId=(Epic|8818b4dba79a43d18b986f46e4d00392|0) InXPLevel=(341)
[0221.30] PsyNet: PsyNetServiceProvider_X_1 ExecuteService Complete, Service=Reward/RewardResult 
[0221.30] ScriptLog: GetDLCProducts, UnlockedDLCList=
[0221.34] PartyChallenge: UpdateChallengeProgressForCompetitive bChallengesComplete=(True) ChallengeState=(Challenge_Success) bChallengeSync=(True) bChallengesAreValid=(True) bLegacyPlayer=(False) bGuestAccount=(False) Online_X.UniqueNetIDToString(Manager.Outer.PlayerID)=(Epic|8818b4dba79a43d18b986f46e4d00392|0) Complete
[0221.35] PsyNet: PsyNetServiceProvider_X_1 ExecuteService Complete, Service=Challenges/PlayerProgress 
[0222.15] PsyNet: PsyNetChannel_X_0 party:2uuPQ5vF receive message MessageID=50
[0222.15] PsyNet: PsyNetChannel_X_0 party:2uuPQ5vF executing MessageID=50
[0222.15] PsyNet: PsyNetServiceProvider_X_1 ExecuteService Complete, Service=Party/System 
[0222.92] Log: FSaveDataExportTask(0) wrote 1040352 bytes to memory
[0222.92] Log: SaveGameDataAsync game thread time: 8 ms
[0222.94] Log: Deleting old save file ..\..\TAGame\SaveDataEpic\DBE_Production\8818b4dba79a43d18b986f46e4d00392_2.save
[0222.94] Log: SaveDataExport(0): Finished - File:[..\..\TAGame\SaveDataEpic\DBE_Production\8818b4dba79a43d18b986f46e4d00392_1.save] Result:[1]
[0222.94] SettingsExport: Settings content not changed. Will not update the Settings Online
[0224.66] PsyNet: PsyNetServiceProvider_X_1 ExecuteService Complete, Service=Reward/RewardResult 
[0224.66] PartyChallenge: UpdateChallengeProgressForCompetitive bChallengesComplete=(True) ChallengeState=(Challenge_Success) bChallengeSync=(True) bChallengesAreValid=(True) bLegacyPlayer=(False) bGuestAccount=(False) Online_X.UniqueNetIDToString(Manager.Outer.PlayerID)=(Epic|8818b4dba79a43d18b986f46e4d00392|0) Complete
[0224.67] PsyNet: PsyNetServiceProvider_X_1 ExecuteService Complete, Service=Challenges/PlayerProgress 
[0225.92] Log: FSaveDataExportTask(0) wrote 1040352 bytes to memory
[0225.92] Log: SaveGameDataAsync game thread time: 8 ms
[0225.94] Log: Deleting old save file ..\..\TAGame\SaveDataEpic\DBE_Production\8818b4dba79a43d18b986f46e4d00392.save
[0225.94] Log: SaveDataExport(0): Finished - File:[..\..\TAGame\SaveDataEpic\DBE_Production\8818b4dba79a43d18b986f46e4d00392_2.save] Result:[1]
[0225.94] SettingsExport: Settings content not changed. Will not update the Settings Online
[0230.83] DevOnline: PlayerDataStorage_WriteFile: Beginning to upload file. User=(8818b4dba79a43d18b986f46e4d00392) FileName=(RLSaveData)
[0237.87] DevOnline: PlayerDataStorage_WriteFile: File upload complete. User=(8818b4dba79a43d18b986f46e4d00392) FileName=(RLSaveData) Success=(1)
[0241.40] Log: Found controller by Product Guid
[0252.24] DevNet: Browse: cs_day_p?Game=TAGame.GameInfo_Soccar_TA?GameTags=Freeplay
[0252.31] Log: FSaveDataExportTask(0) wrote 1040349 bytes to memory
[0252.31] Log: SaveGameDataAsync game thread time: 8 ms
[0252.31] Log: Flushing async loaders.
[0252.32] Log: Flushed async loaders.
[0252.32] Log: LoadMap: cs_day_p?Game=TAGame.GameInfo_Soccar_TA?GameTags=Freeplay
[0252.34] Log: Deleting old save file ..\..\TAGame\SaveDataEpic\DBE_Production\8818b4dba79a43d18b986f46e4d00392_1.save
[0252.34] Log: SaveDataExport(0): Finished - File:[..\..\TAGame\SaveDataEpic\DBE_Production\8818b4dba79a43d18b986f46e4d00392.save] Result:[1]
[0252.34] DevOnline: PsyNet Flush Start TimeoutSeconds=0.250000
[0252.61] DevOnline: PsyNet Flush End
[0252.83] Log: Fully load package: ..\..\TAGame\CookedPCConsole\GameInfo_Soccar_SF.upk
[0252.92] Log: Fully load package: ..\..\TAGame\CookedPCConsole\GFxSounds_XP_SF.upk
[0252.93] Log: Fully load package: ..\..\TAGame\CookedPCConsole\GFx_XPProgressMenu_SF.upk
[0252.97] Log: Fully load package: ..\..\TAGame\CookedPCConsole\GFX_EndGameMenu_SF.upk
[0253.04] Log: Fully load package: ..\..\TAGame\CookedPCConsole\GFX_WinnerMenu_SF.upk
[0253.07] Log: Fully load package: ..\..\TAGame\CookedPCConsole\GFX_MidGameScoreboard_SF.upk
[0253.08] Log: Fully load package: ..\..\TAGame\CookedPCConsole\GFX_MidGameMenu_SF.upk
[0253.10] Log: Fully load package: ..\..\TAGame\CookedPCConsole\GFX_HudMatchInfo_SF.upk
[0253.11] Log: Fully load package: ..\..\TAGame\CookedPCConsole\GFX_Hud_SF.upk
[0253.16] Log: Fully load package: ..\..\TAGame\CookedPCConsole\Mutators_SF.upk
[0253.25] Log: Game class is 'GameInfo_Soccar_TA'
[0253.29] Log: Bringing World cs_day_p.TheWorld up for play (0) at 2026.04.01-10.28.32
[0253.29] Log: Flushing async loaders.
[0253.55] Log: Flushed async loaders.
[0253.56] ScriptLog: Destroying WebServer
[0253.56] MatchBroadcast: Init bBroadcastMatch=(False) MatchLog=(None)
[0253.56] ScriptLog: MatchTypeClass=(MatchType_Offline_TA)
[0253.74] RootMenu: [GFx] UIShellInstance - setting the shell instance
[0253.76] LTM: SettingsType=(CustomMatchSettingsType_PrivateMatch)
[0253.76] LTM: SettingsType=(CustomMatchSettingsType_PrivateMatch) InSettingsType=(CustomMatchSettingsType_LocalMatch)
[0253.77] LTM: SettingsType=(CustomMatchSettingsType_LocalMatch) InSettingsType=(CustomMatchSettingsType_LocalMatch)
[0253.78] Log: Bringing up level for play took: 0.526433
[0253.79] PartyChallenge: UpdateChallengeProgressForCompetitive bChallengesComplete=(True) ChallengeState=(Challenge_Success) bChallengeSync=(True) bChallengesAreValid=(True) bLegacyPlayer=(False) bGuestAccount=(False) Online_X.UniqueNetIDToString(Manager.Outer.PlayerID)=(Epic|8818b4dba79a43d18b986f46e4d00392|0) Complete
[0253.79] PartyChallenge: InitializeCompetitiveChallenges bGuestAccount=(False) bCompletedChallengesForCompetitive=(True) bLegacyPlayer=(False) Online_X.UniqueNetIDToString(OnlinePlayer.PlayerID)=(Epic|8818b4dba79a43d18b986f46e4d00392|0)
[0253.81] Spawn: TextChatActor_TA_0 OnOwnerChanged PlayerController_TA_0
[0253.81] EOSGameClips: Construct Constructed EOSGameClipsController_TA. Self=(EOSGameClipsController_TA_0)
[0253.81] ScriptLog: Uncached PlatformId for Epic|8818b4dba79a43d18b986f46e4d00392|0
[0253.90] RootMenu: [GFx] UIShellInstance - setting the shell instance
[0253.98] EOSVoice: Not requesting voice token, no MatchGUID
[0253.98] Log: ########### Finished loading level: 1.658184 seconds
[0253.98] Log: Assigning DI controller to 0
[0253.99] Eula: RequiresAcceptance? EulaConfig?.bRequiresAcceptance=(True) GetUISave()?.Contains('bAcceptedOfflineEULA')=(True) Eula.SyncState=(LSS_Accepted)
[0253.99] Party: BroadcastMatchmakingAvailabilityDelayed PartyMemberID:'Epic|8818b4dba79a43d18b986f46e4d00392|0' MatchmakeRestrictions=(0)
[0253.99] Party: SetAvailableForMatchmakingForMember PartyMemberID:'Epic|8818b4dba79a43d18b986f46e4d00392|0' MatchmakeRestrictions=(0)
[0254.00] SettingsExport: Settings content not changed. Will not update the Settings Online
[0255.01] DevOnline: EOSSDK-LogEOSRTC: TickTracker Tick is delayed. TimePeriod=[10.322431s]  TickIntervalThreshold=[0.100000s] MaxTickInterval=[0.996111s] MaxExecutionTime=[0.000069s] TicksCount=[896] ExpectedTicksCount=[1032]
[0255.09] PsyNet: PsyNetChannel_X_0 party:2uuPQ5vF receive message MessageID=51
[0255.09] PsyNet: PsyNetChannel_X_0 party:2uuPQ5vF executing MessageID=51
[0255.13] PsyNet: PsyNetServiceProvider_X_1 ExecuteService Complete, Service=Party/System 
[0255.20] EOSGameClips: EOSGameClips: Starting background recording: API Version 2, Clip Duration 30
[0255.20] DevOnline: EOSSDK-LogEOSGameClips: Starting recording up to 30 seconds.
[0255.21] EOSGameClips: EOSGameClips: Recording changed from Pending to Recording.
[0255.71] PsyNet: PsyNetChannel_X_0 party:2uuPQ5vF receive message MessageID=52
[0255.71] PsyNet: PsyNetChannel_X_0 party:2uuPQ5vF executing MessageID=52
[0255.72] PsyNet: PsyNetServiceProvider_X_1 ExecuteService Complete, Service=Party/System 
[0256.48] DevOnline: WebRequest_X_42 SEND: https://rl-cdn.psyonix.com/Ads/Prod/260.aC72R2Xg/201.jpg
[0257.35] DevOnline: WebRequest_X_42 RECV: 304 
[0257.49] DevOnline: WebRequest_X_43 SEND: https://rl-cdn.psyonix.com/Ads/Prod/258.4bdH9Zrn/201.jpg
[0258.08] DevOnline: WebRequest_X_43 RECV: 304 
[0258.48] DevOnline: WebRequest_X_44 SEND: https://datarouter.ol.epicgames.com/datarouter/api/v1/public/data?AppID=RocketLeague.Release&AppVersion=1210528741&AppEnvironment=Prod&UploadType=eteventstream&UserID=|8818b4dba79a43d18b986f46e4d00392|||Epic|8818b4dba79a43d18b986f46e4d00392|0&SessionID=7ED88ADF457E5D0E09C349A06FC64359
[0259.22] DevOnline: WebRequest_X_44 RECV: 204 
[0265.01] DevOnline: EOSSDK-LogEOSRTC: TickTracker Tick is delayed. TimePeriod=[10.000961s]  TickIntervalThreshold=[0.100000s] MaxTickInterval=[0.225239s] MaxExecutionTime=[0.000148s] TicksCount=[1149] ExpectedTicksCount=[1000]
[0268.48] PsyNet: PsyNetChannel_X_0 party:2uuPQ5vF receive message MessageID=53
[0268.48] PsyNet: PsyNetChannel_X_0 party:2uuPQ5vF executing MessageID=53
[0268.48] Party: HandleLobbyReceiveBinaryData LobbyUID=PsyNet-2uuPQ5vF MemberIndex=0 PlayerUID=PS4|785668489479049324|0 Message=PartyMessage_SearchStatus_X
[0268.48] Party: HandleSearchStatus StatusMessage.SearchState=(Searching) StatusMessage.bIsSearching=(True)
[0268.49] PsyNet: PsyNetServiceProvider_X_1 ExecuteService Complete, Service=Party/System 
[0269.99] PsyNet: PsyNetChannel_X_0 party:2uuPQ5vF receive message MessageID=54
[0269.99] PsyNet: PsyNetChannel_X_0 party:2uuPQ5vF executing MessageID=54
[0269.99] Party: HandleLobbyReceiveBinaryData LobbyUID=PsyNet-2uuPQ5vF MemberIndex=0 PlayerUID=PS4|785668489479049324|0 Message=PartyMessage_SearchStatus_X
[0269.99] Party: HandleSearchStatus StatusMessage.SearchState=(Searching) StatusMessage.bIsSearching=(True)
[0270.00] PsyNet: PsyNetServiceProvider_X_1 ExecuteService Complete, Service=Party/System 
[0282.55] PsyNetBeaconDetail_X: PsyNetBeacon_X_0 ReserveConnection ReservationID=(03A410EB741446BCA5FCBC1719393EAA) ConnectionID=(eyJ0eXAiOiJKV1QiLCJhbGciOiJIUzUxMiJ9.eyJqdGkiOiI3YjUzYjQ3NGI1MjE0YmYxYTI5Njc0YzkyMzljMDYyZiIsImlzcyI6IlBzeU5ldCIsInBsYXllcl9pZCI6IkVwaWN8ODgxOGI0ZGJhNzlhNDNkMThiOTg2ZjQ2ZTRkMDAzOTJ8MCIsInNlcnZlcl9uYW1lIjoiRVU3LTA2RUM3NkE5Mzk5Qzc4REZELUdpem1vIiwiaWF0IjoxNzc1MDM1NzM5LCJuYmYiOjE3NzUwMzU3MzksImV4cCI6MTc3NTA1MDEzOX0.hvcBUzGY0JRWCiesFal4drplm0LvWYAcQaVT1q1dpFT4JFmIUpcQDyALHVQ_qCp542pmAxuBQz11Lt4aSXUzWg)
[0282.55] PsyNetBeaconDetail_X: PsyNetBeacon_X_0 ClientHandleMessage Message.MessageType=(ClientReservationMessage_X) Message.ReservationID=(03A410EB741446BCA5FCBC1719393EAA)
[0282.55] Party: Received game server from notification (v3) Message.Reservation=((ServerName="EU7-06EC76A9399C78DFD-Gizmo",Playlist=2,Region="EU",ReservationID="03A410EB741446BCA5FCBC1719393EAA",DSRToken="eyJ0eXAiOiJKV1QiLCJhbGciOiJIUzUxMiJ9.eyJqdGkiOiI3YjUzYjQ3NGI1MjE0YmYxYTI5Njc0YzkyMzljMDYyZiIsImlzcyI6IlBzeU5ldCIsInBsYXllcl9pZCI6IkVwaWN8ODgxOGI0ZGJhNzlhNDNkMThiOTg2ZjQ2ZTRkMDAzOTJ8MCIsInNlcnZlcl9uYW1lIjoiRVU3LTA2RUM3NkE5Mzk5Qzc4REZELUdpem1vIiwiaWF0IjoxNzc1MDM1NzM5LCJuYmYiOjE3NzUwMzU3MzksImV4cCI6MTc3NTA1MDEzOX0.hvcBUzGY0JRWCiesFal4drplm0LvWYAcQaVT1q1dpFT4JFmIUpcQDyALHVQ_qCp542pmAxuBQz11Lt4aSXUzWg",JoinName="D97NYAEFYCACI29R",JoinPassword="6QMNRV3JMK91PFJS"))
[0282.56] JoinGame: StartJoin Reservation=((ServerName="EU7-06EC76A9399C78DFD-Gizmo",Playlist=2,Region="EU",ReservationID="03A410EB741446BCA5FCBC1719393EAA",DSRToken="eyJ0eXAiOiJKV1QiLCJhbGciOiJIUzUxMiJ9.eyJqdGkiOiI3YjUzYjQ3NGI1MjE0YmYxYTI5Njc0YzkyMzljMDYyZiIsImlzcyI6IlBzeU5ldCIsInBsYXllcl9pZCI6IkVwaWN8ODgxOGI0ZGJhNzlhNDNkMThiOTg2ZjQ2ZTRkMDAzOTJ8MCIsInNlcnZlcl9uYW1lIjoiRVU3LTA2RUM3NkE5Mzk5Qzc4REZELUdpem1vIiwiaWF0IjoxNzc1MDM1NzM5LCJuYmYiOjE3NzUwMzU3MzksImV4cCI6MTc3NTA1MDEzOX0.hvcBUzGY0JRWCiesFal4drplm0LvWYAcQaVT1q1dpFT4JFmIUpcQDyALHVQ_qCp542pmAxuBQz11Lt4aSXUzWg",JoinName="D97NYAEFYCACI29R",JoinPassword="6QMNRV3JMK91PFJS")) JoinSettings=((PlaylistId=2,Password="6QMNRV3JMK91PFJS"))
[0282.56] JoinGame: GotoJoinGameState OnlineGameJoinGame_TA -> VerifyPrivileges
[0282.56] Online: TryToPlayOnline ControllerID=(-1)
[0282.56] PsyNet: PsyNetServiceProvider_X_1 ExecuteService Complete, Service=DSR/ClientMessage 
[0282.56] Online: HandlePrivilegeCheckFinished PrivilegeCheck.bHasRestriction=(False)
[0282.56] JoinGame: GotoJoinGameState VerifyPrivileges -> ReservingServerForMatchmaking
[0282.56] PsyNetBeaconDetail_X: PsyNetBeacon_X_0 SendMessageToServer Message=(AddReservationMessagePublic_X_0)
[0282.98] PsyNet: PsyNetChannel_X_0 party:2uuPQ5vF receive message MessageID=55
[0282.98] PsyNet: PsyNetChannel_X_0 party:2uuPQ5vF executing MessageID=55
[0282.98] Party: HandleLobbyReceiveBinaryData LobbyUID=PsyNet-2uuPQ5vF MemberIndex=0 PlayerUID=PS4|785668489479049324|0 Message=PartyMessage_SearchStatus_X
[0282.98] Party: HandleSearchStatus StatusMessage.SearchState=(Joining) StatusMessage.bIsSearching=(True)
[0282.99] PsyNet: PsyNetServiceProvider_X_1 ExecuteService Complete, Service=Party/System 
[0283.24] PsyNetBeaconDetail_X: PsyNetBeacon_X_0 ClientHandleMessage Message.MessageType=(ReservationsTeamFullMessage_X) Message.ReservationID=(03A410EB741446BCA5FCBC1719393EAA)
[0283.24] JoinGame: Party team full
[0283.24] JoinGame: OnJoinGameComplete bSuccess=(False) FailReason=(Party leader's team is full. (Error: 69))
[0283.24] JoinGame: GotoJoinGameState ReservingServerForMatchmaking -> None
[0283.24] PsyNetBeaconDetail_X: PsyNetBeacon_X_0 Close
[0283.24] PsyNetBeaconDetail_X: PsyNetBeacon_X_0 CloseConnection Connection.ConnectionID=(eyJ0eXAiOiJKV1QiLCJhbGciOiJIUzUxMiJ9.eyJqdGkiOiI3YjUzYjQ3NGI1MjE0YmYxYTI5Njc0YzkyMzljMDYyZiIsImlzcyI6IlBzeU5ldCIsInBsYXllcl9pZCI6IkVwaWN8ODgxOGI0ZGJhNzlhNDNkMThiOTg2ZjQ2ZTRkMDAzOTJ8MCIsInNlcnZlcl9uYW1lIjoiRVU3LTA2RUM3NkE5Mzk5Qzc4REZELUdpem1vIiwiaWF0IjoxNzc1MDM1NzM5LCJuYmYiOjE3NzUwMzU3MzksImV4cCI6MTc3NTA1MDEzOX0.hvcBUzGY0JRWCiesFal4drplm0LvWYAcQaVT1q1dpFT4JFmIUpcQDyALHVQ_qCp542pmAxuBQz11Lt4aSXUzWg)
[0283.24] PsyNet: PsyNetServiceProvider_X_1 ExecuteService Complete, Service=DSR/ClientMessage 
[0283.34] PsyNet: PsyNetChannel_X_0 party:2uuPQ5vF receive message MessageID=56
[0283.34] PsyNet: PsyNetChannel_X_0 party:2uuPQ5vF executing MessageID=56
[0283.34] Party: HandleLobbyReceiveBinaryData LobbyUID=PsyNet-2uuPQ5vF MemberIndex=0 PlayerUID=PS4|785668489479049324|0 Message=PartyMessage_JoinGame_X
[0283.34] Party: HandlePartyJoinGame MatchSettings=((ServerName="EU7-06EC76A9399C78DFD-Gizmo",PlaylistId=2,CustomPassword="6QMNRV3JMK91PFJS",ReservationID="03A410EB741446BCA5FCBC1719393EAA",JoinName="D97NYAEFYCACI29R",JoinPassword="6QMNRV3JMK91PFJS"))
[0283.34] PsyNet: PsyNetServiceProvider_X_1 ExecuteService Complete, Service=Party/System 
[0283.98] PsyNet: PsyNetChannel_X_0 party:2uuPQ5vF receive message MessageID=57
[0283.98] PsyNet: PsyNetChannel_X_0 party:2uuPQ5vF executing MessageID=57
[0283.99] PsyNet: PsyNetServiceProvider_X_1 ExecuteService Complete, Service=Party/System 
[0286.84] PsyNet: PsyNetChannel_X_0 party:2uuPQ5vF receive message MessageID=58
[0286.84] PsyNet: PsyNetChannel_X_0 party:2uuPQ5vF executing MessageID=58
[0286.84] Party: HandleLobbyReceiveBinaryData LobbyUID=PsyNet-2uuPQ5vF MemberIndex=0 PlayerUID=PS4|785668489479049324|0 Message=PartyMessage_PartyMemberJoinGame_X
[0286.85] PsyNet: PsyNetServiceProvider_X_1 ExecuteService Complete, Service=Party/System 
[0290.67] PsyNet: PsyNetChannel_X_0 party:2uuPQ5vF receive message MessageID=59
[0290.67] PsyNet: PsyNetChannel_X_0 party:2uuPQ5vF executing MessageID=59
[0290.67] Party: HandleLobbyReceiveBinaryData LobbyUID=PsyNet-2uuPQ5vF MemberIndex=0 PlayerUID=PS4|785668489479049324|0 Message=PartyMessage_PartyMemberJoinGame_X
[0290.68] PsyNet: PsyNetServiceProvider_X_1 ExecuteService Complete, Service=Party/System 
[0291.19] PsyNet: PsyNetChannel_X_0 party:2uuPQ5vF receive message MessageID=60
[0291.19] PsyNet: PsyNetChannel_X_0 party:2uuPQ5vF executing MessageID=60
[0291.19] Party: HandleLobbyReceiveBinaryData LobbyUID=PsyNet-2uuPQ5vF MemberIndex=0 PlayerUID=PS4|785668489479049324|0 Message=PartyMessage_SearchStatus_X
[0291.19] Party: HandleSearchStatus StatusMessage.SearchState=(OnlineGameMatchmaking_X) StatusMessage.bIsSearching=(False)
[0291.20] PsyNet: PsyNetServiceProvider_X_1 ExecuteService Complete, Service=Party/System 
[0291.23] PsyNet: PsyNetChannel_X_0 party:2uuPQ5vF receive message MessageID=61
[0291.23] PsyNet: PsyNetChannel_X_0 party:2uuPQ5vF executing MessageID=61
[0291.23] Party: HandleLobbyReceiveBinaryData LobbyUID=PsyNet-2uuPQ5vF MemberIndex=0 PlayerUID=PS4|785668489479049324|0 Message=PartyMessage_MatchmakingAvailability_X
[0291.23] Party: SetAvailableForMatchmakingForMember PartyMemberID:'PS4|785668489479049324|0' MatchmakeRestrictions=(0)
[0291.23] PsyNet: PsyNetServiceProvider_X_1 ExecuteService Complete, Service=Party/System 
[0307.11] MusicPlayer: HandleTrackEnd CurrentTrackPlayingID=(242) PlayingID=(242)
[0307.11] MusicPlayer: PlayMusicTrack CurrentTrackPlayingID=(0) Track.Cue=(THIRST_ALLDAWAY)
[0307.11] MusicPlayer: PlayMusicTrack CurrentTrackPlayingID=(991)
[0307.11] MusicPlayer: HandleTrackEnd CurrentTrackPlayingID=(991) PlayingID=(242)
[0307.12] MusicPlayer: HandleTrackStart CurrentTrackPlayingID=(991) PlayingID=(991)
[0307.12] MusicPlayer: HandleTrackStart CurrentTrackPlayingID=(991) PlayingID=(991)
[0318.48] DevOnline: WebRequest_X_45 SEND: https://datarouter.ol.epicgames.com/datarouter/api/v1/public/data?AppID=RocketLeague.Release&AppVersion=1210528741&AppEnvironment=Prod&UploadType=eteventstream&UserID=|8818b4dba79a43d18b986f46e4d00392|||Epic|8818b4dba79a43d18b986f46e4d00392|0&SessionID=7ED88ADF457E5D0E09C349A06FC64359
[0319.04] DevOnline: WebRequest_X_45 RECV: 204 
[0330.92] PsyNetStaticData: HandleCacheExpired
[0330.93] DevOnline: WebRequest_X_46 SEND: https://config.psynet.gg/v2/Config/BattleCars/1210528741/Prod/Epic/INT/
[0332.18] DevOnline: WebRequest_X_46 RECV: 304 
[0333.65] PsyNet: PsyNetChannel_X_0 party:2uuPQ5vF receive message MessageID=62
[0333.65] PsyNet: PsyNetChannel_X_0 party:2uuPQ5vF executing MessageID=62
[0333.65] Party: HandleLobbyReceiveBinaryData LobbyUID=PsyNet-2uuPQ5vF MemberIndex=0 PlayerUID=PS4|785668489479049324|0 Message=PartyMessage_PartyMemberJoinGame_X
[0333.66] PsyNet: PsyNetServiceProvider_X_1 ExecuteService Complete, Service=Party/System 
[0333.74] PsyNet: PsyNetChannel_X_0 party:2uuPQ5vF receive message MessageID=63
[0333.74] PsyNet: PsyNetChannel_X_0 party:2uuPQ5vF executing MessageID=63
[0333.74] Party: HandleLobbyReceiveBinaryData LobbyUID=PsyNet-2uuPQ5vF MemberIndex=0 PlayerUID=PS4|785668489479049324|0 Message=PartyMessage_PartyMemberJoinGame_X
[0333.74] PsyNet: PsyNetServiceProvider_X_1 ExecuteService Complete, Service=Party/System 
[0334.52] PsyNet: PsyNetChannel_X_0 party:2uuPQ5vF receive message MessageID=64
[0334.52] PsyNet: PsyNetChannel_X_0 party:2uuPQ5vF executing MessageID=64
[0334.52] Party: HandleLobbyReceiveBinaryData LobbyUID=PsyNet-2uuPQ5vF MemberIndex=0 PlayerUID=PS4|785668489479049324|0 Message=PartyMessage_MatchmakingAvailability_X
[0334.52] Party: SetAvailableForMatchmakingForMember PartyMemberID:'PS4|785668489479049324|0' MatchmakeRestrictions=(4)
[0334.53] PsyNet: PsyNetServiceProvider_X_1 ExecuteService Complete, Service=Party/System 
[0338.82] PsyNet: PsyNetChannel_X_0 party:2uuPQ5vF receive message MessageID=65
[0338.82] PsyNet: PsyNetChannel_X_0 party:2uuPQ5vF executing MessageID=65
[0338.82] Party: HandleLobbyReceiveBinaryData LobbyUID=PsyNet-2uuPQ5vF MemberIndex=0 PlayerUID=PS4|785668489479049324|0 Message=PartyMessage_SearchStatus_X
[0338.82] Party: HandleSearchStatus StatusMessage.SearchState=(Searching) StatusMessage.bIsSearching=(True)
[0338.83] PsyNet: PsyNetServiceProvider_X_1 ExecuteService Complete, Service=Party/System 
[0353.98] PsyNetBeaconDetail_X: PsyNetBeacon_X_0 ReserveConnection ReservationID=(5E3DF182E8F14B0BBD29C1F3093EA793) ConnectionID=(eyJ0eXAiOiJKV1QiLCJhbGciOiJIUzUxMiJ9.eyJqdGkiOiIyNTFmYThjYjYxOTQ0ZTQ3YmQzMTFjNTQ4NWQyNWU2MyIsImlzcyI6IlBzeU5ldCIsInBsYXllcl9pZCI6IkVwaWN8ODgxOGI0ZGJhNzlhNDNkMThiOTg2ZjQ2ZTRkMDAzOTJ8MCIsInNlcnZlcl9uYW1lIjoiRVU3LTA5MDFDQjg4QkNEQjAwRUM3LU1hc2FtdW5lNCIsImlhdCI6MTc3NTAzNTgxMCwibmJmIjoxNzc1MDM1ODEwLCJleHAiOjE3NzUwNTAyMTB9.T__NXjFbQZ2vJlU-7M-URq2bVyXErZBauvsKZOfWDqCeRD27OFIXqtLUZHSV0jlucMvjvybyAYauneDL4cNPpg)
[0353.98] PsyNetBeaconDetail_X: PsyNetBeacon_X_0 ClientHandleMessage Message.MessageType=(ClientReservationMessage_X) Message.ReservationID=(5E3DF182E8F14B0BBD29C1F3093EA793)
[0353.98] Party: Received game server from notification (v3) Message.Reservation=((ServerName="EU7-0901CB88BCDB00EC7-Masamune4",Playlist=2,Region="EU",ReservationID="5E3DF182E8F14B0BBD29C1F3093EA793",DSRToken="eyJ0eXAiOiJKV1QiLCJhbGciOiJIUzUxMiJ9.eyJqdGkiOiIyNTFmYThjYjYxOTQ0ZTQ3YmQzMTFjNTQ4NWQyNWU2MyIsImlzcyI6IlBzeU5ldCIsInBsYXllcl9pZCI6IkVwaWN8ODgxOGI0ZGJhNzlhNDNkMThiOTg2ZjQ2ZTRkMDAzOTJ8MCIsInNlcnZlcl9uYW1lIjoiRVU3LTA5MDFDQjg4QkNEQjAwRUM3LU1hc2FtdW5lNCIsImlhdCI6MTc3NTAzNTgxMCwibmJmIjoxNzc1MDM1ODEwLCJleHAiOjE3NzUwNTAyMTB9.T__NXjFbQZ2vJlU-7M-URq2bVyXErZBauvsKZOfWDqCeRD27OFIXqtLUZHSV0jlucMvjvybyAYauneDL4cNPpg",JoinName="D0DQF5YTAVTSCAY6",JoinPassword="RSW7VLBXILEHAZ7E"))
[0353.99] JoinGame: StartJoin Reservation=((ServerName="EU7-0901CB88BCDB00EC7-Masamune4",Playlist=2,Region="EU",ReservationID="5E3DF182E8F14B0BBD29C1F3093EA793",DSRToken="eyJ0eXAiOiJKV1QiLCJhbGciOiJIUzUxMiJ9.eyJqdGkiOiIyNTFmYThjYjYxOTQ0ZTQ3YmQzMTFjNTQ4NWQyNWU2MyIsImlzcyI6IlBzeU5ldCIsInBsYXllcl9pZCI6IkVwaWN8ODgxOGI0ZGJhNzlhNDNkMThiOTg2ZjQ2ZTRkMDAzOTJ8MCIsInNlcnZlcl9uYW1lIjoiRVU3LTA5MDFDQjg4QkNEQjAwRUM3LU1hc2FtdW5lNCIsImlhdCI6MTc3NTAzNTgxMCwibmJmIjoxNzc1MDM1ODEwLCJleHAiOjE3NzUwNTAyMTB9.T__NXjFbQZ2vJlU-7M-URq2bVyXErZBauvsKZOfWDqCeRD27OFIXqtLUZHSV0jlucMvjvybyAYauneDL4cNPpg",JoinName="D0DQF5YTAVTSCAY6",JoinPassword="RSW7VLBXILEHAZ7E")) JoinSettings=((PlaylistId=2,Password="RSW7VLBXILEHAZ7E"))
[0353.99] JoinGame: GotoJoinGameState OnlineGameJoinGame_TA -> VerifyPrivileges
[0353.99] Online: TryToPlayOnline ControllerID=(-1)
[0353.99] PsyNet: PsyNetServiceProvider_X_1 ExecuteService Complete, Service=DSR/ClientMessage 
[0353.99] Online: HandlePrivilegeCheckFinished PrivilegeCheck.bHasRestriction=(False)
[0353.99] JoinGame: GotoJoinGameState VerifyPrivileges -> ReservingServerForMatchmaking
[0353.99] PsyNetBeaconDetail_X: PsyNetBeacon_X_0 SendMessageToServer Message=(AddReservationMessagePublic_X_1)
[0354.40] PsyNet: PsyNetChannel_X_0 party:2uuPQ5vF receive message MessageID=66
[0354.40] PsyNet: PsyNetChannel_X_0 party:2uuPQ5vF executing MessageID=66
[0354.40] Party: HandleLobbyReceiveBinaryData LobbyUID=PsyNet-2uuPQ5vF MemberIndex=0 PlayerUID=PS4|785668489479049324|0 Message=PartyMessage_SearchStatus_X
[0354.40] Party: HandleSearchStatus StatusMessage.SearchState=(Joining) StatusMessage.bIsSearching=(True)
[0354.41] PsyNet: PsyNetServiceProvider_X_1 ExecuteService Complete, Service=Party/System 
[0354.65] PsyNetBeaconDetail_X: PsyNetBeacon_X_0 ClientHandleMessage Message.MessageType=(ReservationsReadyMessage_X) Message.ReservationID=(5E3DF182E8F14B0BBD29C1F3093EA793)
[0354.65] Party: HandleServerReserved (Reservation=(ServerName="EU7-0901CB88BCDB00EC7-Masamune4",Playlist=2,Region="EU",ReservationID="5E3DF182E8F14B0BBD29C1F3093EA793",DSRToken="eyJ0eXAiOiJKV1QiLCJhbGciOiJIUzUxMiJ9.eyJqdGkiOiIyNTFmYThjYjYxOTQ0ZTQ3YmQzMTFjNTQ4NWQyNWU2MyIsImlzcyI6IlBzeU5ldCIsInBsYXllcl9pZCI6IkVwaWN8ODgxOGI0ZGJhNzlhNDNkMThiOTg2ZjQ2ZTRkMDAzOTJ8MCIsInNlcnZlcl9uYW1lIjoiRVU3LTA5MDFDQjg4QkNEQjAwRUM3LU1hc2FtdW5lNCIsImlhdCI6MTc3NTAzNTgxMCwibmJmIjoxNzc1MDM1ODEwLCJleHAiOjE3NzUwNTAyMTB9.T__NXjFbQZ2vJlU-7M-URq2bVyXErZBauvsKZOfWDqCeRD27OFIXqtLUZHSV0jlucMvjvybyAYauneDL4cNPpg",JoinName="D0DQF5YTAVTSCAY6",JoinPassword="RSW7VLBXILEHAZ7E"),PingURL="18.168.71.61:8113",GameURL="18.168.71.61:8112",JoinCredentials="D0DQF5YTAVTSCAY6:RSW7VLBXILEHAZ7E")
[0354.65] JoinGame: GotoJoinGameState ReservingServerForMatchmaking -> JoinCountdown
[0354.65] PsyNetBeaconDetail_X: PsyNetBeacon_X_0 SendMessageToServer Message=(PingMessage_X_0)
[0354.66] PsyNet: PsyNetServiceProvider_X_1 ExecuteService Complete, Service=DSR/ClientMessage 
[0354.76] PsyNet: PsyNetChannel_X_0 party:2uuPQ5vF receive message MessageID=67
[0354.76] PsyNet: PsyNetChannel_X_0 party:2uuPQ5vF executing MessageID=67
[0354.76] Party: HandleLobbyReceiveBinaryData LobbyUID=PsyNet-2uuPQ5vF MemberIndex=0 PlayerUID=PS4|785668489479049324|0 Message=PartyMessage_JoinGame_X
[0354.76] Party: HandlePartyJoinGame MatchSettings=((ServerName="EU7-0901CB88BCDB00EC7-Masamune4",PlaylistId=2,CustomPassword="RSW7VLBXILEHAZ7E",ReservationID="5E3DF182E8F14B0BBD29C1F3093EA793",JoinName="D0DQF5YTAVTSCAY6",JoinPassword="RSW7VLBXILEHAZ7E"))
[0354.76] PsyNet: PsyNetServiceProvider_X_1 ExecuteService Complete, Service=Party/System 
[0355.42] PsyNetBeaconDetail_X: PsyNetBeacon_X_0 ClientHandleMessage Message.MessageType=(PingMessage_X) Message.ReservationID=(5E3DF182E8F14B0BBD29C1F3093EA793)
[0355.43] PsyNet: PsyNetServiceProvider_X_1 ExecuteService Complete, Service=DSR/ClientMessage 
[0357.66] JoinGame: GotoJoinGameState JoinCountdown -> OpeningLoadingScreen
[0357.66] RankedReconnect: OnlineGameJoinGame_TA_0::OpeningLoadingScreen.BeginState()
[0357.66] RankedReconnect: LocalPlayer_TA_0.UpdateRankedReconnect() Doubles False 4 False
[0357.66] RankedReconnect: RankedReconnectSave_TA_0.ClearRankedReconnect()
[0357.66] DevNet: Browse: JoinGameTransition?game=TAGame.GameInfo_Transition_TA?GameTags=Freeplay
[0357.72] Log: FSaveDataExportTask(0) wrote 1040349 bytes to memory
[0357.72] Log: SaveGameDataAsync game thread time: 8 ms
[0357.73] Log: LoadMap: JoinGameTransition?game=TAGame.GameInfo_Transition_TA?GameTags=Freeplay
[0357.73] EOSVoice: Not requesting voice token, no MatchGUID
[0357.73] EOSGameClips: ShutDown : Shutting down EOSGameClipsController_TA. Self=(EOSGameClipsController_TA_0) PlayerOwner?.GetUniqueNetId()=(Epic|8818b4dba79a43d18b986f46e4d00392|0)
[0357.73] Log: Deleting old save file ..\..\TAGame\SaveDataEpic\DBE_Production\8818b4dba79a43d18b986f46e4d00392_2.save
[0357.73] Spawn: TextChatActor_TA_0 Destroyed
[0357.74] Log: SaveDataExport(0): Finished - File:[..\..\TAGame\SaveDataEpic\DBE_Production\8818b4dba79a43d18b986f46e4d00392_1.save] Result:[1]
[0357.75] DevOnline: PsyNet Flush Start TimeoutSeconds=0.250000
[0358.02] PsyNet: PsyNetChannel_X_0 party:2uuPQ5vF receive message MessageID=68
[0358.02] PsyNet: PsyNetChannel_X_0 party:2uuPQ5vF executing MessageID=68
[0358.02] Party: HandleLobbyReceiveBinaryData LobbyUID=PsyNet-2uuPQ5vF MemberIndex=0 PlayerUID=PS4|785668489479049324|0 Message=PartyMessage_PartyMemberJoinGame_X
[0358.02] DevOnline: PsyNet Flush End
[0358.05] Log: Fully load package: ..\..\TAGame\CookedPCConsole\GameInfo_Transition_SF.upk
[0358.06] Log: Fully load package: ..\..\TAGame\CookedPCConsole\Mutators_SF.upk
[0358.13] Log: Game class is 'GameInfo_Transition_TA'
[0358.13] Log: Bringing World JoinGameTransition.TheWorld up for play (0) at 2026.04.01-10.30.16
[0358.13] Log: Bringing up level for play took: 0.003002
[0358.13] PartyChallenge: UpdateChallengeProgressForCompetitive bChallengesComplete=(True) ChallengeState=(Challenge_Success) bChallengeSync=(True) bChallengesAreValid=(True) bLegacyPlayer=(False) bGuestAccount=(False) Online_X.UniqueNetIDToString(Manager.Outer.PlayerID)=(Epic|8818b4dba79a43d18b986f46e4d00392|0) Complete
[0358.13] PartyChallenge: InitializeCompetitiveChallenges bGuestAccount=(False) bCompletedChallengesForCompetitive=(True) bLegacyPlayer=(False) Online_X.UniqueNetIDToString(OnlinePlayer.PlayerID)=(Epic|8818b4dba79a43d18b986f46e4d00392|0)
[0358.13] JoinGame: GotoJoinGameState OpeningLoadingScreen -> JoiningNewServer
[0358.13] DevNet: SetProgress, MessageType=1, Title=, Message=Connecting...
[0358.13] Log: ########### Finished loading level: 0.403399 seconds
[0358.13] PsyNet: PsyNetServiceProvider_X_1 ExecuteService Complete, Service=Party/System 
[0358.14] SettingsExport: CreateSnapshot Metadata {"userId":"Epic|8818b4dba79a43d18b986f46e4d00392|0","platformKey":"Epic","schemaVersion":0,"clientVersion":1532151,"timestampUtc":1775035814,"settingsVersion":7969,"checksum":587837930 Payload Size  97006
[0358.14] SettingsExport: Payload changed. Notifying new Checksum: 587837930
[0358.14] SettingsExport: Local settings updated, uploading data
[0358.14] DevNet: Browse: 18.168.71.61:8112/MENU_Main_p?Name=%e6%bc%a2+%e9%be%8d+%e7%8e%8b+%e7%a5%9e+%e9%97%87%e6%bc%a2+%e9%be%8d+%e7%8e%8b+%e7%a5%9e
[0358.14] DevNet: Game client on port 8112, rate 15000
[0358.14] NetComeGo: SEND first packet Length=80 CRC=1912895186
[0358.14] EOSGameClips: EOSGameClips: Recording changed from Recording to NotRecording.
[0358.36] DevOnline: EOSSDK-LogEOSGameClips: Missing encoder drain completed message.
[0358.42] NetComeGo: TcpipConnection_0 RECV first packet IP=18.168.71.61:8112 Length=15 CRC=1418839152 HandshakeStatus=0 bUseSessionUID=1 InSessionUID=(0 0 0) SessionUID=(0 0 0)
[0358.42] NetComeGo: Client set SessionUID to: 213 33 8
[0358.53] PsyNet: PsyNetChannel_X_0 party:2uuPQ5vF receive message MessageID=69
[0358.53] PsyNet: PsyNetChannel_X_0 party:2uuPQ5vF executing MessageID=69
[0358.55] PsyNet: PsyNetServiceProvider_X_1 ExecuteService Complete, Service=Party/System 
[0359.31] DevNet: Welcomed by server (Level: CHN_Stadium_Day_P, Game: TAGame.GameInfo_Soccar_TA, GameTags: )
[0359.32] Log: FSaveDataExportTask(0) wrote 1040349 bytes to memory
[0359.32] Log: SaveGameDataAsync game thread time: 8 ms
[0359.33] Log: Flushing async loaders.
[0359.35] Log: Deleting old save file ..\..\TAGame\SaveDataEpic\DBE_Production\8818b4dba79a43d18b986f46e4d00392.save
[0359.35] Log: SaveDataExport(0): Finished - File:[..\..\TAGame\SaveDataEpic\DBE_Production\8818b4dba79a43d18b986f46e4d00392_2.save] Result:[1]
[0359.35] Log: Flushed async loaders.
[0359.35] Log: LoadMap: 18.168.71.61:8112/CHN_Stadium_Day_P?Name=%e6%bc%a2+%e9%be%8d+%e7%8e%8b+%e7%a5%9e+%e9%97%87%e6%bc%a2+%e9%be%8d+%e7%8e%8b+%e7%a5%9e?game=TAGame.GameInfo_Soccar_TA
[0359.36] DevOnline: PsyNet Flush Start TimeoutSeconds=0.250000
[0359.62] DevOnline: PsyNet Flush End
[0359.63] Log: Fully load package: ..\..\TAGame\CookedPCConsole\GameInfo_Soccar_SF.upk
[0359.72] Log: Fully load package: ..\..\TAGame\CookedPCConsole\GFxSounds_XP_SF.upk
[0359.72] Log: Fully load package: ..\..\TAGame\CookedPCConsole\GFx_XPProgressMenu_SF.upk
[0359.75] Log: Fully load package: ..\..\TAGame\CookedPCConsole\GFX_EndGameMenu_SF.upk
[0359.79] Log: Fully load package: ..\..\TAGame\CookedPCConsole\GFX_WinnerMenu_SF.upk
[0359.81] Log: Fully load package: ..\..\TAGame\CookedPCConsole\GFX_MidGameScoreboard_SF.upk
[0359.82] Log: Fully load package: ..\..\TAGame\CookedPCConsole\GFX_MidGameMenu_SF.upk
[0359.83] Log: Fully load package: ..\..\TAGame\CookedPCConsole\GFX_HudMatchInfo_SF.upk
[0359.84] Log: Fully load package: ..\..\TAGame\CookedPCConsole\GFX_Hud_SF.upk
[0360.56] Log: Bringing World CHN_Stadium_Day_P.TheWorld up for play (0) at 2026.04.01-10.30.19
[0360.57] Log: Bringing up level for play took: 0.110288
[0360.74] RootMenu: [GFx] UIShellInstance - setting the shell instance
[0360.79] PartyChallenge: UpdateChallengeProgressForCompetitive bChallengesComplete=(True) ChallengeState=(Challenge_Success) bChallengeSync=(True) bChallengesAreValid=(True) bLegacyPlayer=(False) bGuestAccount=(False) Online_X.UniqueNetIDToString(Manager.Outer.PlayerID)=(Epic|8818b4dba79a43d18b986f46e4d00392|0) Complete
[0360.79] PartyChallenge: InitializeCompetitiveChallenges bGuestAccount=(False) bCompletedChallengesForCompetitive=(True) bLegacyPlayer=(False) Online_X.UniqueNetIDToString(OnlinePlayer.PlayerID)=(Epic|8818b4dba79a43d18b986f46e4d00392|0)
[0360.79] JoinGame: OnJoinGameComplete bSuccess=(True) FailReason=()
[0360.79] JoinGame: GotoJoinGameState JoiningNewServer -> None
[0360.79] PsyNetBeaconDetail_X: PsyNetBeacon_X_0 Close
[0360.79] PsyNetBeaconDetail_X: PsyNetBeacon_X_0 CloseConnection Connection.ConnectionID=(eyJ0eXAiOiJKV1QiLCJhbGciOiJIUzUxMiJ9.eyJqdGkiOiIyNTFmYThjYjYxOTQ0ZTQ3YmQzMTFjNTQ4NWQyNWU2MyIsImlzcyI6IlBzeU5ldCIsInBsYXllcl9pZCI6IkVwaWN8ODgxOGI0ZGJhNzlhNDNkMThiOTg2ZjQ2ZTRkMDAzOTJ8MCIsInNlcnZlcl9uYW1lIjoiRVU3LTA5MDFDQjg4QkNEQjAwRUM3LU1hc2FtdW5lNCIsImlhdCI6MTc3NTAzNTgxMCwibmJmIjoxNzc1MDM1ODEwLCJleHAiOjE3NzUwNTAyMTB9.T__NXjFbQZ2vJlU-7M-URq2bVyXErZBauvsKZOfWDqCeRD27OFIXqtLUZHSV0jlucMvjvybyAYauneDL4cNPpg)
[0360.79] Spawn: TextChatActor_TA_1 OnOwnerChanged PlayerController_TA_1
[0360.79] EOSGameClips: Construct Constructed EOSGameClipsController_TA. Self=(EOSGameClipsController_TA_1)
[0360.79] Log: ########### Finished loading level: 1.444996 seconds
[0360.80] SettingsExport: Settings content not changed. Will not update the Settings Online
[0361.12] LTM: SettingsType=(CustomMatchSettingsType_PrivateMatch)
[0361.64] EOSGameClips: ShutDown : Shutting down EOSGameClipsController_TA. Self=(EOSGameClipsController_TA_1) PlayerOwner?.GetUniqueNetId()=(Epic|8818b4dba79a43d18b986f46e4d00392|0)
[0361.64] PartyChallenge: UpdateChallengeProgressForCompetitive bChallengesComplete=(True) ChallengeState=(Challenge_Success) bChallengeSync=(True) bChallengesAreValid=(True) bLegacyPlayer=(False) bGuestAccount=(False) Online_X.UniqueNetIDToString(Manager.Outer.PlayerID)=(Epic|8818b4dba79a43d18b986f46e4d00392|0) Complete
[0361.64] PartyChallenge: InitializeCompetitiveChallenges bGuestAccount=(False) bCompletedChallengesForCompetitive=(True) bLegacyPlayer=(False) Online_X.UniqueNetIDToString(OnlinePlayer.PlayerID)=(Epic|8818b4dba79a43d18b986f46e4d00392|0)
[0361.64] EOSGameClips: Construct Constructed EOSGameClipsController_TA. Self=(EOSGameClipsController_TA_2)
[0361.64] ScriptLog: Client InputRate=60
[0361.64] DevNet: PlayerController_TA_2 setplayer LocalPlayer_TA_0
[0361.65] PsyNetStaticData: UpdateCacheTimerEnabled CacheTimer.bEnabled=(False)
[0361.65] MatchBroadcast: Init bBroadcastMatch=(False) MatchLog=(None)
[0361.70] ScriptLog: Uncached PlatformId for Epic|8818b4dba79a43d18b986f46e4d00392|0
[0361.70] Spawn: TextChatActor_TA_4 OnOwnerChanged PlayerController_TA_2
[0361.78] RootMenu: [GFx] UIShellInstance - setting the shell instance
[0361.83] ScriptLog: MatchGUID: 5BC43C9E11F12DAD8E8098AE8982EB9B
[0361.83] DevOnline: RemoteUserDataReplicated Name: PRI_TA_2 Role: 1 RemoteRole: 3
[0361.84] Eula: RequiresAcceptance? EulaConfig?.bRequiresAcceptance=(True) GetUISave()?.Contains('bAcceptedOfflineEULA')=(True) Eula.SyncState=(LSS_Accepted)
[0361.84] Party: BroadcastMatchmakingAvailabilityDelayed PartyMemberID:'Epic|8818b4dba79a43d18b986f46e4d00392|0' MatchmakeRestrictions=(0)
[0361.84] Party: SetAvailableForMatchmakingForMember PartyMemberID:'Epic|8818b4dba79a43d18b986f46e4d00392|0' MatchmakeRestrictions=(0)
[0361.84] Log: Flushing async loaders.
[0361.84] Log: Flushed async loaders.
[0361.98] MusicPlayer: HandleTrackEnd CurrentTrackPlayingID=(0) PlayingID=(991)
[0361.98] MusicPlayer: HandleTrackEnd CurrentTrackPlayingID=(0) PlayingID=(991)
[0361.98] PsyNet: PsyNetChannel_X_0 party:2uuPQ5vF receive message MessageID=70
[0361.98] PsyNet: PsyNetChannel_X_0 party:2uuPQ5vF executing MessageID=70
[0362.04] PsyNet: PsyNetServiceProvider_X_1 ExecuteService Complete, Service=Party/System 
[0362.21] DevOnline: RemoteUserDataReplicated Name: PRI_TA_4 Role: 1 RemoteRole: 3
[0362.28] PsyNet: PsyNetChannel_X_0 party:2uuPQ5vF receive message MessageID=71
[0362.28] PsyNet: PsyNetChannel_X_0 party:2uuPQ5vF executing MessageID=71
[0362.28] Party: HandleLobbyReceiveBinaryData LobbyUID=PsyNet-2uuPQ5vF MemberIndex=0 PlayerUID=PS4|785668489479049324|0 Message=PartyMessage_PartyMemberJoinGame_X
[0362.31] PsyNet: PsyNetServiceProvider_X_1 ExecuteService Complete, Service=Party/System 
[0362.86] PsyNet: PsyNetChannel_X_0 party:2uuPQ5vF receive message MessageID=72
[0362.86] PsyNet: PsyNetChannel_X_0 party:2uuPQ5vF executing MessageID=72
[0362.86] Party: HandleLobbyReceiveBinaryData LobbyUID=PsyNet-2uuPQ5vF MemberIndex=0 PlayerUID=PS4|785668489479049324|0 Message=PartyMessage_SearchStatus_X
[0362.86] Party: HandleSearchStatus StatusMessage.SearchState=(OnlineGameMatchmaking_X) StatusMessage.bIsSearching=(False)
[0362.87] PsyNet: PsyNetServiceProvider_X_1 ExecuteService Complete, Service=Party/System 
[0362.91] PsyNet: PsyNetChannel_X_0 party:2uuPQ5vF receive message MessageID=73
[0362.91] PsyNet: PsyNetChannel_X_0 party:2uuPQ5vF executing MessageID=73
[0362.91] Party: HandleLobbyReceiveBinaryData LobbyUID=PsyNet-2uuPQ5vF MemberIndex=0 PlayerUID=PS4|785668489479049324|0 Message=PartyMessage_MatchmakingAvailability_X
[0362.91] Party: SetAvailableForMatchmakingForMember PartyMemberID:'PS4|785668489479049324|0' MatchmakeRestrictions=(0)
[0362.92] PsyNet: PsyNetServiceProvider_X_1 ExecuteService Complete, Service=Party/System 
[0363.24] PsyNet: PsyNetChannel_X_0 party:2uuPQ5vF receive message MessageID=74
[0363.24] PsyNet: PsyNetChannel_X_0 party:2uuPQ5vF executing MessageID=74
[0363.24] PsyNet: PsyNetServiceProvider_X_1 ExecuteService Complete, Service=Party/System 
[0363.65] EOSVoice: Received full credentials from the server.
[0363.65] PsyNet: PsyNetServiceProvider_X_1 ExecuteService Complete, Service=VoiceChat/MatchToken 
[0365.02] DevOnline: EOSSDK-LogEOSRTC: TickTracker Tick is delayed. TimePeriod=[10.005085s]  TickIntervalThreshold=[0.100000s] MaxTickInterval=[0.144079s] MaxExecutionTime=[0.000261s] TicksCount=[675] ExpectedTicksCount=[1000]
[0366.31] EOSGameClips: EOSGameClips: Starting background recording: API Version 2, Clip Duration 30
[0366.31] DevOnline: EOSSDK-LogEOSGameClips: Starting recording up to 30 seconds.
[0366.32] EOSGameClips: EOSGameClips: Recording changed from NotRecording to Recording.
[0367.00] DevNet: Bad connection: IP=18.168.71.61:8112 Name=" ç ã ^ «" ç ã ^ State=3 Ping=0.445049 ReceiveTime=0.000000 AckTime=0.000000
[0370.31] EOSGameClips: EOSGameClips: Starting background recording: API Version 2, Clip Duration 30
[0371.01] DevNet: Bad connection: IP=18.168.71.61:8112 Name=" ç ã ^ «" ç ã ^ State=3 Ping=0.427878 ReceiveTime=0.008333 AckTime=0.008333
[0372.02] DevNet: Bad connection: IP=18.168.71.61:8112 Name=" ç ã ^ «" ç ã ^ State=3 Ping=0.500148 ReceiveTime=0.000000 AckTime=0.000000
[0373.03] DevNet: Bad connection: IP=18.168.71.61:8112 Name=" ç ã ^ «" ç ã ^ State=3 Ping=0.624583 ReceiveTime=0.008333 AckTime=0.008333
[0374.03] DevNet: Bad connection: IP=18.168.71.61:8112 Name=" ç ã ^ «" ç ã ^ State=3 Ping=0.589094 ReceiveTime=0.000000 AckTime=0.000000
[0375.03] DevNet: Bad connection: IP=18.168.71.61:8112 Name=" ç ã ^ «" ç ã ^ State=3 Ping=0.616027 ReceiveTime=0.000000 AckTime=0.000000
[0376.04] DevNet: Bad connection: IP=18.168.71.61:8112 Name=" ç ã ^ «" ç ã ^ State=3 Ping=0.486881 ReceiveTime=0.000000 AckTime=0.000000
[0379.77] DevOnline: WebRequest_X_47 SEND: https://datarouter.ol.epicgames.com/datarouter/api/v1/public/data?AppID=RocketLeague.Release&AppVersion=1210528741&AppEnvironment=Prod&UploadType=eteventstream&UserID=|8818b4dba79a43d18b986f46e4d00392|||Epic|8818b4dba79a43d18b986f46e4d00392|0&SessionID=7ED88ADF457E5D0E09C349A06FC64359
[0380.06] DevOnline: WebRequest_X_47 RECV: 204 
[0396.13] DevNet: Bad connection: IP=18.168.71.61:8112 Name=" ç ã ^ «" ç ã ^ State=3 Ping=0.400537 ReceiveTime=0.000000 AckTime=0.000000
[0398.69] EOSGameClips: EOSGameClips: Starting background recording: API Version 2, Clip Duration 30
[0400.40] NetworkInputBuffer: Hitch detected! 1083.0994ms
[0400.40] DevNet: Bad connection: IP=18.168.71.61:8112 Name=" ç ã ^ «" ç ã ^ State=3 Ping=0.969021 ReceiveTime=0.000000 AckTime=0.000000
[0401.25] EOSGameClips: EOSGameClips: Currently recording: true
[0402.23] EOSGameClips: EOSGameClips: Starting background recording: API Version 2, Clip Duration 30
[0402.41] DevNet: Bad connection: IP=18.168.71.61:8112 Name=" ç ã ^ «" ç ã ^ State=3 Ping=0.446898 ReceiveTime=0.008335 AckTime=0.008335
[0404.17] NetworkInputBuffer: Hitch detected! 569.6716ms
[0405.03] DevOnline: EOSSDK-LogEOSRTC: TickTracker Tick is delayed. TimePeriod=[10.001001s]  TickIntervalThreshold=[0.100000s] MaxTickInterval=[0.577347s] MaxExecutionTime=[0.000091s] TicksCount=[979] ExpectedTicksCount=[1000]
[0405.42] EOSGameClips: EOSGameClips: Currently recording: true
[0406.49] EOSGameClips: EOSGameClips: Starting background recording: API Version 2, Clip Duration 30
[0410.48] EOSGameClips: EOSGameClips: Starting background recording: API Version 2, Clip Duration 30
[0440.61] DevOnline: WebRequest_X_48 SEND: https://datarouter.ol.epicgames.com/datarouter/api/v1/public/data?AppID=RocketLeague.Release&AppVersion=1210528741&AppEnvironment=Prod&UploadType=eteventstream&UserID=|8818b4dba79a43d18b986f46e4d00392|||Epic|8818b4dba79a43d18b986f46e4d00392|0&SessionID=7ED88ADF457E5D0E09C349A06FC64359
[0440.82] DevOnline: WebRequest_X_48 RECV: 204 
[0462.36] EOSGameClips: EOSGameClips: Starting background recording: API Version 2, Clip Duration 30
[0464.93] EOSGameClips: EOSGameClips: Currently recording: true
[0465.92] EOSGameClips: EOSGameClips: Starting background recording: API Version 2, Clip Duration 30
[0475.78] EOSGameClips: EOSGameClips: Starting background recording: API Version 2, Clip Duration 30
[0479.79] EOSGameClips: EOSGameClips: Starting background recording: API Version 2, Clip Duration 30
[0498.71] EOSGameClips: EOSGameClips: Starting background recording: API Version 2, Clip Duration 30
[0500.61] DevOnline: WebRequest_X_49 SEND: https://datarouter.ol.epicgames.com/datarouter/api/v1/public/data?AppID=RocketLeague.Release&AppVersion=1210528741&AppEnvironment=Prod&UploadType=eteventstream&UserID=|8818b4dba79a43d18b986f46e4d00392|||Epic|8818b4dba79a43d18b986f46e4d00392|0&SessionID=7ED88ADF457E5D0E09C349A06FC64359
[0500.82] DevOnline: WebRequest_X_49 RECV: 204 
[0501.24] EOSGameClips: EOSGameClips: Currently recording: true
[0502.23] EOSGameClips: EOSGameClips: Starting background recording: API Version 2, Clip Duration 30
[0508.70] EOSGameClips: EOSGameClips: Starting background recording: API Version 2, Clip Duration 30
[0512.69] EOSGameClips: EOSGameClips: Starting background recording: API Version 2, Clip Duration 30
[0533.22] EOSGameClips: EOSGameClips: Starting background recording: API Version 2, Clip Duration 30
[0535.78] EOSGameClips: EOSGameClips: Currently recording: true
[0536.77] EOSGameClips: EOSGameClips: Starting background recording: API Version 2, Clip Duration 30
[0546.66] EOSGameClips: EOSGameClips: Starting background recording: API Version 2, Clip Duration 30
[0550.67] EOSGameClips: EOSGameClips: Starting background recording: API Version 2, Clip Duration 30
[0560.61] DevOnline: WebRequest_X_50 SEND: https://datarouter.ol.epicgames.com/datarouter/api/v1/public/data?AppID=RocketLeague.Release&AppVersion=1210528741&AppEnvironment=Prod&UploadType=eteventstream&UserID=|8818b4dba79a43d18b986f46e4d00392|||Epic|8818b4dba79a43d18b986f46e4d00392|0&SessionID=7ED88ADF457E5D0E09C349A06FC64359
[0560.82] DevOnline: WebRequest_X_50 RECV: 204 
[0597.64] EOSGameClips: EOSGameClips: Starting background recording: API Version 2, Clip Duration 30
[0600.19] EOSGameClips: EOSGameClips: Currently recording: true
[0601.17] EOSGameClips: EOSGameClips: Starting background recording: API Version 2, Clip Duration 30
[0606.03] EOSGameClips: EOSGameClips: Starting background recording: API Version 2, Clip Duration 30
[0610.04] EOSGameClips: EOSGameClips: Starting background recording: API Version 2, Clip Duration 30
[0620.60] DevOnline: WebRequest_X_51 SEND: https://datarouter.ol.epicgames.com/datarouter/api/v1/public/data?AppID=RocketLeague.Release&AppVersion=1210528741&AppEnvironment=Prod&UploadType=eteventstream&UserID=|8818b4dba79a43d18b986f46e4d00392|||Epic|8818b4dba79a43d18b986f46e4d00392|0&SessionID=7ED88ADF457E5D0E09C349A06FC64359
[0620.79] DevOnline: WebRequest_X_51 RECV: 204 
[0662.77] EOSGameClips: EOSGameClips: Starting background recording: API Version 2, Clip Duration 30
[0665.34] EOSGameClips: EOSGameClips: Currently recording: true
[0666.32] EOSGameClips: EOSGameClips: Starting background recording: API Version 2, Clip Duration 30
[0668.62] XPProgression: GFxHUD_TA.HandleGameStateChanged Current player match score = 250, UniqueId=(Epic|8818b4dba79a43d18b986f46e4d00392|0), with total match time = 206.4778 seconds, with total net time = 206.4778seconds
[0668.62] RankedReconnect: RankedReconnectSave_TA_0.ClearRankedReconnect()
[0668.88] PartyChallenge: UpdateChallengeProgressForCompetitive bChallengesComplete=(True) ChallengeState=(Challenge_Success) bChallengeSync=(True) bChallengesAreValid=(True) bLegacyPlayer=(False) bGuestAccount=(False) Online_X.UniqueNetIDToString(Manager.Outer.PlayerID)=(Epic|8818b4dba79a43d18b986f46e4d00392|0) Complete
[0668.89] PsyNet: PsyNetServiceProvider_X_1 ExecuteService Complete, Service=Challenges/PlayerProgress 
[0668.90] XPProgression: SaveData_TA.HandleRewardDropNotification PsyNetService_RewardDropReceived_TA returned Total XP Earned = 3865.0000, in match with ID = 5BC43C9E11F12DAD8E8098AE8982EB9B , Current player match score = 250, UniqueId=(Epic|8818b4dba79a43d18b986f46e4d00392|0), with total match time = 206.4778 seconds, with total net time = 206.4778seconds
[0668.91] PsyNet: PsyNetServiceProvider_X_1 ExecuteService Complete, Service=Reward/RewardResult 
[0669.39] PsyNet: PsyNetChannel_X_0 party:2uuPQ5vF receive message MessageID=75
[0669.39] PsyNet: PsyNetChannel_X_0 party:2uuPQ5vF executing MessageID=75
[0669.39] Party: HandleLobbyReceiveBinaryData LobbyUID=PsyNet-2uuPQ5vF MemberIndex=0 PlayerUID=PS4|785668489479049324|0 Message=PartyMessage_XPLevelUpdate_TA
[0669.39] PartyChallenge: UpdateXPLevelForPlayer InPlayerId=(PS4|785668489479049324|0) InXPLevel=(1064)
[0669.40] PsyNet: PsyNetServiceProvider_X_1 ExecuteService Complete, Service=Party/System 
[0669.62] EOSGameClips: EOSGameClips: Starting background recording: API Version 2, Clip Duration 30
[0671.17] DevOnline: PlayerDataStorage_WriteFile: Beginning to upload file. User=(8818b4dba79a43d18b986f46e4d00392) FileName=(RLSettingsData)
[0671.62] ScriptWarning: ScriptWarning, Accessed None 'Car'
	CarComponent_Boost_TA CHN_Stadium_Day_P.TheWorld:PersistentLevel.CarComponent_Boost_TA_51
	Function TAGame.CarComponent_Boost_TA:GiveBoost:01A5
Script call stack:
	Function TAGame.CarComponent_Boost_TA:ClientGiveBoost
	Function TAGame.CarComponent_Boost_TA:GiveBoost

[0671.62] XPProgression: GFxHUD_TA.HandleGameStateChanged Current player match score = 250, UniqueId=(Epic|8818b4dba79a43d18b986f46e4d00392|0), with total match time = 206.4778 seconds, with total net time = 206.4778seconds
[0671.62] RankedReconnect: RankedReconnectSave_TA_0.ClearRankedReconnect()
[0671.94] DevOnline: PlayerDataStorage_WriteFile: Beginning to upload file. User=(8818b4dba79a43d18b986f46e4d00392) FileName=(RLSaveData)
[0672.61] EOSGameClips: EOSGameClips: Starting background recording: API Version 2, Clip Duration 30
[0672.88] DevOnline: PlayerDataStorage_WriteFile: File upload complete. User=(8818b4dba79a43d18b986f46e4d00392) FileName=(RLSettingsData) Success=(1)
[0672.88] SettingsExport: Settings data upload complete. Success: True
[0674.28] DevOnline: PlayerDataStorage_WriteFile: File upload complete. User=(8818b4dba79a43d18b986f46e4d00392) FileName=(RLSaveData) Success=(1)
[0676.62] PsyNetStaticData: HandleCacheExpired
[0676.62] PsyNetStaticData: UpdateCacheTimerEnabled CacheTimer.bEnabled=(True)
[0676.62] XPProgression: GFxHUD_TA.HandleGameStateChanged Current player match score = 250, UniqueId=(Epic|8818b4dba79a43d18b986f46e4d00392|0), with total match time = 206.4778 seconds, with total net time = 206.4778seconds
[0676.62] RankedReconnect: RankedReconnectSave_TA_0.ClearRankedReconnect()
[0676.63] DevOnline: WebRequest_X_52 SEND: https://config.psynet.gg/v2/Config/BattleCars/1210528741/Prod/Epic/INT/
[0676.65] Online: TryToPlayOnline ControllerID=(-1)
[0676.65] Online: HandlePrivilegeCheckFinished PrivilegeCheck.bHasRestriction=(False)
[0676.65] Online: HandlePrivilegeCheck PrivilegeCheck.bHasRestriction=(False)
[0676.66] EOSGameClips: EOSGameClips: Recording changed from Recording to NotRecording.
[0676.66] Log: FUniqueNetId::FromString - could not parse 'Bot_Jester'
[0676.66] Log: FUniqueNetId::FromString - could not parse 'Bot_Sabretooth'
[0676.76] DevOnline: WebRequest_X_52 RECV: 304 
[0676.83] DevOnline: EOSSDK-LogEOSGameClips: Missing encoder drain completed message.
[0678.30] Log: FSaveDataExportTask(0) wrote 1061091 bytes to memory
[0678.30] Log: SaveGameDataAsync game thread time: 8 ms
[0678.32] Log: Deleting old save file ..\..\TAGame\SaveDataEpic\DBE_Production\8818b4dba79a43d18b986f46e4d00392_1.save
[0678.32] Log: SaveDataExport(0): Finished - File:[..\..\TAGame\SaveDataEpic\DBE_Production\8818b4dba79a43d18b986f46e4d00392.save] Result:[1]
[0678.32] SettingsExport: CreateSnapshot Metadata {"userId":"Epic|8818b4dba79a43d18b986f46e4d00392|0","platformKey":"Epic","schemaVersion":0,"clientVersion":1532151,"timestampUtc":1775036135,"settingsVersion":7971,"checksum":516434104 Payload Size  97006
[0678.32] SettingsExport: Payload changed. Notifying new Checksum: 516434104
[0678.32] SettingsExport: Local settings updated, uploading data
[0680.60] DevOnline: WebRequest_X_53 SEND: https://datarouter.ol.epicgames.com/datarouter/api/v1/public/data?AppID=RocketLeague.Release&AppVersion=1210528741&AppEnvironment=Prod&UploadType=eteventstream&UserID=|8818b4dba79a43d18b986f46e4d00392|||Epic|8818b4dba79a43d18b986f46e4d00392|0&SessionID=7ED88ADF457E5D0E09C349A06FC64359
[0680.80] DevOnline: WebRequest_X_53 RECV: 204 
[0682.90] PsyNet: PsyNetChannel_X_0 party:2uuPQ5vF receive message MessageID=76
[0682.90] PsyNet: PsyNetChannel_X_0 party:2uuPQ5vF executing MessageID=76
[0682.90] Party: HandleLobbyReceiveBinaryData LobbyUID=PsyNet-2uuPQ5vF MemberIndex=0 PlayerUID=PS4|785668489479049324|0 Message=PartyMessage_SearchStatus_X
[0682.90] Party: HandleSearchStatus StatusMessage.SearchState=(Searching) StatusMessage.bIsSearching=(True)
[0682.91] PsyNet: PsyNetServiceProvider_X_1 ExecuteService Complete, Service=Party/System 
[0683.12] ScriptWarning: ScriptWarning, Accessed None 'GameEvent'
	Car_TA CHN_Stadium_Day_P.TheWorld:PersistentLevel.Car_TA_54
	Function TAGame.Car_TA:GetPreviewTeamIndex:0037
Script call stack:
	Function TAGame.Ball_TA:ReplicatedEvent
	Function TAGame.Ball_TA:Explode
	Function TAGame.Ball_TA:InitExplosionFX
	Function TAGame.ProductAsset_GoalExplosion_TA:GetExplosionFXActorForPRI
	Function TAGame.PaintedFXSelector_TA:GetFXActorForPRI
	Function TAGame.Car_TA:GetLoadoutTeamIndex
	Function TAGame.Car_TA:GetPreviewTeamIndex

[0683.12] ScriptWarning: ScriptWarning, Accessed array 'Default__PaintedFXSelector_TA.Loadouts' out of bounds (255/2)
	PaintedFXSelector_TA TAGame.Default__PaintedFXSelector_TA
	Function TAGame.PaintedFXSelector_TA:GetFXActorForPRI:0150
Script call stack:
	Function TAGame.Ball_TA:ReplicatedEvent
	Function TAGame.Ball_TA:Explode
	Function TAGame.Ball_TA:InitExplosionFX
	Function TAGame.ProductAsset_GoalExplosion_TA:GetExplosionFXActorForPRI
	Function TAGame.PaintedFXSelector_TA:GetFXActorForPRI

[0683.12] ScriptWarning: ScriptWarning, Accessed array 'Default__PaintedFXSelector_TA.Loadouts' out of bounds (255/2)
	PaintedFXSelector_TA TAGame.Default__PaintedFXSelector_TA
	Function TAGame.PaintedFXSelector_TA:GetFXActorForPRI:01EA
Script call stack:
	Function TAGame.Ball_TA:ReplicatedEvent
	Function TAGame.Ball_TA:Explode
	Function TAGame.Ball_TA:InitExplosionFX
	Function TAGame.ProductAsset_GoalExplosion_TA:GetExplosionFXActorForPRI
	Function TAGame.PaintedFXSelector_TA:GetFXActorForPRI

[0689.57] PsyNet: PsyNetChannel_X_0 party:2uuPQ5vF receive message MessageID=77
[0689.57] PsyNet: PsyNetChannel_X_0 party:2uuPQ5vF executing MessageID=77
[0689.57] Party: HandleLobbyReceiveBinaryData LobbyUID=PsyNet-2uuPQ5vF MemberIndex=0 PlayerUID=PS4|785668489479049324|0 Message=PartyMessage_PartyMemberJoinGame_X
[0689.58] PsyNet: PsyNetServiceProvider_X_1 ExecuteService Complete, Service=Party/System 
[0689.67] PsyNet: PsyNetChannel_X_0 party:2uuPQ5vF receive message MessageID=78
[0689.67] PsyNet: PsyNetChannel_X_0 party:2uuPQ5vF executing MessageID=78
[0689.67] Party: HandleLobbyReceiveBinaryData LobbyUID=PsyNet-2uuPQ5vF MemberIndex=0 PlayerUID=PS4|785668489479049324|0 Message=PartyMessage_MatchmakingAvailability_X
[0689.67] Party: SetAvailableForMatchmakingForMember PartyMemberID:'PS4|785668489479049324|0' MatchmakeRestrictions=(0)
[0689.68] PsyNet: PsyNetServiceProvider_X_1 ExecuteService Complete, Service=Party/System 
[0692.99] PsyNetBeaconDetail_X: PsyNetBeacon_X_0 ReserveConnection ReservationID=(FE6360777D0C4F0F95291B8A507BF09B) ConnectionID=(eyJ0eXAiOiJKV1QiLCJhbGciOiJIUzUxMiJ9.eyJqdGkiOiJiNDQzMTM5YTU3YTE0YmVlOGZhNTY3ZDliYWM5MWQzMiIsImlzcyI6IlBzeU5ldCIsInBsYXllcl9pZCI6IkVwaWN8ODgxOGI0ZGJhNzlhNDNkMThiOTg2ZjQ2ZTRkMDAzOTJ8MCIsInNlcnZlcl9uYW1lIjoiRVU3LTBFOTFFNjAxMEJEOEQ5NDFFLU1hcmF1ZGVyMyIsImlhdCI6MTc3NTAzNjE0OSwibmJmIjoxNzc1MDM2MTQ5LCJleHAiOjE3NzUwNTA1NDl9.WN_j_TrSc6oc_Y3Sh1mrxeWbXD2C4lYxm1c6Vo5HssE55MXB5IqjW4yMmp9wtkBEgh0HeUiqbrzF3jm6kRaJeA)
[0692.99] PsyNetBeaconDetail_X: PsyNetBeacon_X_0 ClientHandleMessage Message.MessageType=(ClientReservationMessage_X) Message.ReservationID=(FE6360777D0C4F0F95291B8A507BF09B)
[0692.99] Party: Received game server from notification (v3) Message.Reservation=((ServerName="EU7-0E91E6010BD8D941E-Marauder3",Playlist=11,Region="EU",ReservationID="FE6360777D0C4F0F95291B8A507BF09B",DSRToken="eyJ0eXAiOiJKV1QiLCJhbGciOiJIUzUxMiJ9.eyJqdGkiOiJiNDQzMTM5YTU3YTE0YmVlOGZhNTY3ZDliYWM5MWQzMiIsImlzcyI6IlBzeU5ldCIsInBsYXllcl9pZCI6IkVwaWN8ODgxOGI0ZGJhNzlhNDNkMThiOTg2ZjQ2ZTRkMDAzOTJ8MCIsInNlcnZlcl9uYW1lIjoiRVU3LTBFOTFFNjAxMEJEOEQ5NDFFLU1hcmF1ZGVyMyIsImlhdCI6MTc3NTAzNjE0OSwibmJmIjoxNzc1MDM2MTQ5LCJleHAiOjE3NzUwNTA1NDl9.WN_j_TrSc6oc_Y3Sh1mrxeWbXD2C4lYxm1c6Vo5HssE55MXB5IqjW4yMmp9wtkBEgh0HeUiqbrzF3jm6kRaJeA",JoinName="L6JF4Y2F1NEY2X6G",JoinPassword="8KULWGYLXQ9T5UPH"))
[0693.00] JoinGame: StartJoin Reservation=((ServerName="EU7-0E91E6010BD8D941E-Marauder3",Playlist=11,Region="EU",ReservationID="FE6360777D0C4F0F95291B8A507BF09B",DSRToken="eyJ0eXAiOiJKV1QiLCJhbGciOiJIUzUxMiJ9.eyJqdGkiOiJiNDQzMTM5YTU3YTE0YmVlOGZhNTY3ZDliYWM5MWQzMiIsImlzcyI6IlBzeU5ldCIsInBsYXllcl9pZCI6IkVwaWN8ODgxOGI0ZGJhNzlhNDNkMThiOTg2ZjQ2ZTRkMDAzOTJ8MCIsInNlcnZlcl9uYW1lIjoiRVU3LTBFOTFFNjAxMEJEOEQ5NDFFLU1hcmF1ZGVyMyIsImlhdCI6MTc3NTAzNjE0OSwibmJmIjoxNzc1MDM2MTQ5LCJleHAiOjE3NzUwNTA1NDl9.WN_j_TrSc6oc_Y3Sh1mrxeWbXD2C4lYxm1c6Vo5HssE55MXB5IqjW4yMmp9wtkBEgh0HeUiqbrzF3jm6kRaJeA",JoinName="L6JF4Y2F1NEY2X6G",JoinPassword="8KULWGYLXQ9T5UPH")) JoinSettings=((PlaylistId=11,Password="8KULWGYLXQ9T5UPH"))
[0693.00] JoinGame: GotoJoinGameState OnlineGameJoinGame_TA -> VerifyPrivileges
[0693.00] Online: TryToPlayOnline ControllerID=(-1)
[0693.00] PsyNet: PsyNetServiceProvider_X_1 ExecuteService Complete, Service=DSR/ClientMessage 
[0693.00] Online: HandlePrivilegeCheckFinished PrivilegeCheck.bHasRestriction=(False)
[0693.00] JoinGame: GotoJoinGameState VerifyPrivileges -> ReservingServerForMatchmaking
[0693.00] PsyNetBeaconDetail_X: PsyNetBeacon_X_0 SendMessageToServer Message=(AddReservationMessagePublic_X_2)
[0693.38] PsyNet: PsyNetChannel_X_0 party:2uuPQ5vF receive message MessageID=79
[0693.38] PsyNet: PsyNetChannel_X_0 party:2uuPQ5vF executing MessageID=79
[0693.38] Party: HandleLobbyReceiveBinaryData LobbyUID=PsyNet-2uuPQ5vF MemberIndex=0 PlayerUID=PS4|785668489479049324|0 Message=PartyMessage_SearchStatus_X
[0693.38] Party: HandleSearchStatus StatusMessage.SearchState=(Joining) StatusMessage.bIsSearching=(True)
[0693.39] PsyNet: PsyNetServiceProvider_X_1 ExecuteService Complete, Service=Party/System 
[0693.62] PsyNetBeaconDetail_X: PsyNetBeacon_X_0 ClientHandleMessage Message.MessageType=(ReservationsWaitingMessage_X) Message.ReservationID=(FE6360777D0C4F0F95291B8A507BF09B)
[0693.62] JoinGame: Waiting for more players to add reservations
[0693.62] Party: HandleServerReserved (Reservation=(ServerName="EU7-0E91E6010BD8D941E-Marauder3",Playlist=11,Region="EU",ReservationID="FE6360777D0C4F0F95291B8A507BF09B",DSRToken="eyJ0eXAiOiJKV1QiLCJhbGciOiJIUzUxMiJ9.eyJqdGkiOiJiNDQzMTM5YTU3YTE0YmVlOGZhNTY3ZDliYWM5MWQzMiIsImlzcyI6IlBzeU5ldCIsInBsYXllcl9pZCI6IkVwaWN8ODgxOGI0ZGJhNzlhNDNkMThiOTg2ZjQ2ZTRkMDAzOTJ8MCIsInNlcnZlcl9uYW1lIjoiRVU3LTBFOTFFNjAxMEJEOEQ5NDFFLU1hcmF1ZGVyMyIsImlhdCI6MTc3NTAzNjE0OSwibmJmIjoxNzc1MDM2MTQ5LCJleHAiOjE3NzUwNTA1NDl9.WN_j_TrSc6oc_Y3Sh1mrxeWbXD2C4lYxm1c6Vo5HssE55MXB5IqjW4yMmp9wtkBEgh0HeUiqbrzF3jm6kRaJeA",JoinName="L6JF4Y2F1NEY2X6G",JoinPassword="8KULWGYLXQ9T5UPH"),JoinCredentials="L6JF4Y2F1NEY2X6G:8KULWGYLXQ9T5UPH")
[0693.62] PsyNet: PsyNetServiceProvider_X_1 ExecuteService Complete, Service=DSR/ClientMessage 
[0693.73] PsyNet: PsyNetChannel_X_0 party:2uuPQ5vF receive message MessageID=80
[0693.73] PsyNet: PsyNetChannel_X_0 party:2uuPQ5vF executing MessageID=80
[0693.73] Party: HandleLobbyReceiveBinaryData LobbyUID=PsyNet-2uuPQ5vF MemberIndex=0 PlayerUID=PS4|785668489479049324|0 Message=PartyMessage_JoinGame_X
[0693.73] Party: HandlePartyJoinGame MatchSettings=((ServerName="EU7-0E91E6010BD8D941E-Marauder3",PlaylistId=11,CustomPassword="8KULWGYLXQ9T5UPH",ReservationID="FE6360777D0C4F0F95291B8A507BF09B",JoinName="L6JF4Y2F1NEY2X6G",JoinPassword="8KULWGYLXQ9T5UPH"))
[0693.74] PsyNet: PsyNetServiceProvider_X_1 ExecuteService Complete, Service=Party/System 
[0694.44] PsyNetBeaconDetail_X: PsyNetBeacon_X_0 ClientHandleMessage Message.MessageType=(ReservationsReadyMessage_X) Message.ReservationID=(FE6360777D0C4F0F95291B8A507BF09B)
[0694.44] Party: HandleServerReserved (Reservation=(ServerName="EU7-0E91E6010BD8D941E-Marauder3",Playlist=11,Region="EU",ReservationID="FE6360777D0C4F0F95291B8A507BF09B",DSRToken="eyJ0eXAiOiJKV1QiLCJhbGciOiJIUzUxMiJ9.eyJqdGkiOiJiNDQzMTM5YTU3YTE0YmVlOGZhNTY3ZDliYWM5MWQzMiIsImlzcyI6IlBzeU5ldCIsInBsYXllcl9pZCI6IkVwaWN8ODgxOGI0ZGJhNzlhNDNkMThiOTg2ZjQ2ZTRkMDAzOTJ8MCIsInNlcnZlcl9uYW1lIjoiRVU3LTBFOTFFNjAxMEJEOEQ5NDFFLU1hcmF1ZGVyMyIsImlhdCI6MTc3NTAzNjE0OSwibmJmIjoxNzc1MDM2MTQ5LCJleHAiOjE3NzUwNTA1NDl9.WN_j_TrSc6oc_Y3Sh1mrxeWbXD2C4lYxm1c6Vo5HssE55MXB5IqjW4yMmp9wtkBEgh0HeUiqbrzF3jm6kRaJeA",JoinName="L6JF4Y2F1NEY2X6G",JoinPassword="8KULWGYLXQ9T5UPH"),PingURL="18.133.165.161:8083",GameURL="18.133.165.161:8082",JoinCredentials="L6JF4Y2F1NEY2X6G:8KULWGYLXQ9T5UPH")
[0694.44] JoinGame: GotoJoinGameState ReservingServerForMatchmaking -> JoinCountdown
[0694.44] PsyNetBeaconDetail_X: PsyNetBeacon_X_0 SendMessageToServer Message=(PingMessage_X_2)
[0694.45] PsyNet: PsyNetServiceProvider_X_1 ExecuteService Complete, Service=DSR/ClientMessage 
[0694.73] PsyNetBeaconDetail_X: PsyNetBeacon_X_0 ClientHandleMessage Message.MessageType=(PingMessage_X) Message.ReservationID=(FE6360777D0C4F0F95291B8A507BF09B)
[0694.74] PsyNet: PsyNetServiceProvider_X_1 ExecuteService Complete, Service=DSR/ClientMessage 
[0694.79] PsyNet: PsyNetChannel_X_0 party:2uuPQ5vF receive message MessageID=81
[0694.79] PsyNet: PsyNetChannel_X_0 party:2uuPQ5vF executing MessageID=81
[0694.79] Party: HandleLobbyReceiveBinaryData LobbyUID=PsyNet-2uuPQ5vF MemberIndex=0 PlayerUID=PS4|785668489479049324|0 Message=PartyMessage_JoinGame_X
[0694.79] Party: HandlePartyJoinGame MatchSettings=((ServerName="EU7-0E91E6010BD8D941E-Marauder3",PlaylistId=11,CustomPassword="8KULWGYLXQ9T5UPH",ReservationID="FE6360777D0C4F0F95291B8A507BF09B",JoinName="L6JF4Y2F1NEY2X6G",JoinPassword="8KULWGYLXQ9T5UPH"))
[0694.80] PsyNet: PsyNetServiceProvider_X_1 ExecuteService Complete, Service=Party/System 
[0695.88] PsyNetBeaconDetail_X: PsyNetBeacon_X_0 ClientHandleMessage Message.MessageType=(CancelJoinMessage_X) Message.ReservationID=(FE6360777D0C4F0F95291B8A507BF09B)
[0695.88] JoinGame: Another player canceled
[0695.88] JoinGame: OnJoinGameComplete bSuccess=(False) FailReason=(Another player canceled. (Error: 92))
[0695.88] JoinGame: GotoJoinGameState JoinCountdown -> None
[0695.88] PsyNetBeaconDetail_X: PsyNetBeacon_X_0 Close
[0695.88] PsyNetBeaconDetail_X: PsyNetBeacon_X_0 CloseConnection Connection.ConnectionID=(eyJ0eXAiOiJKV1QiLCJhbGciOiJIUzUxMiJ9.eyJqdGkiOiJiNDQzMTM5YTU3YTE0YmVlOGZhNTY3ZDliYWM5MWQzMiIsImlzcyI6IlBzeU5ldCIsInBsYXllcl9pZCI6IkVwaWN8ODgxOGI0ZGJhNzlhNDNkMThiOTg2ZjQ2ZTRkMDAzOTJ8MCIsInNlcnZlcl9uYW1lIjoiRVU3LTBFOTFFNjAxMEJEOEQ5NDFFLU1hcmF1ZGVyMyIsImlhdCI6MTc3NTAzNjE0OSwibmJmIjoxNzc1MDM2MTQ5LCJleHAiOjE3NzUwNTA1NDl9.WN_j_TrSc6oc_Y3Sh1mrxeWbXD2C4lYxm1c6Vo5HssE55MXB5IqjW4yMmp9wtkBEgh0HeUiqbrzF3jm6kRaJeA)
[0695.89] PsyNet: PsyNetServiceProvider_X_1 ExecuteService Complete, Service=DSR/ClientMessage 
[0696.23] PsyNet: PsyNetChannel_X_0 party:2uuPQ5vF receive message MessageID=82
[0696.23] PsyNet: PsyNetChannel_X_0 party:2uuPQ5vF executing MessageID=82
[0696.23] Party: HandleLobbyReceiveBinaryData LobbyUID=PsyNet-2uuPQ5vF MemberIndex=0 PlayerUID=PS4|785668489479049324|0 Message=PartyMessage_PartyMemberJoinGame_X
[0696.24] PsyNet: PsyNetServiceProvider_X_1 ExecuteService Complete, Service=Party/System 
[0696.24] PsyNet: PsyNetChannel_X_0 party:2uuPQ5vF receive message MessageID=83
[0696.24] PsyNet: PsyNetChannel_X_0 party:2uuPQ5vF executing MessageID=83
[0696.24] Party: HandleLobbyReceiveBinaryData LobbyUID=PsyNet-2uuPQ5vF MemberIndex=0 PlayerUID=PS4|785668489479049324|0 Message=PartyMessage_JoinGame_X
[0696.24] Party: HandlePartyJoinGame MatchSettings=()
[0696.25] PsyNet: PsyNetServiceProvider_X_1 ExecuteService Complete, Service=Party/System 
[0696.26] PsyNet: PsyNetChannel_X_0 party:2uuPQ5vF receive message MessageID=84
[0696.26] PsyNet: PsyNetChannel_X_0 party:2uuPQ5vF executing MessageID=84
[0696.26] Party: HandleLobbyReceiveBinaryData LobbyUID=PsyNet-2uuPQ5vF MemberIndex=0 PlayerUID=PS4|785668489479049324|0 Message=PartyMessage_SearchStatus_X
[0696.26] Party: HandleSearchStatus StatusMessage.SearchState=(Searching) StatusMessage.bIsSearching=(True)
[0696.27] PsyNet: PsyNetServiceProvider_X_1 ExecuteService Complete, Service=Party/System 
[0696.27] PsyNet: PsyNetChannel_X_0 party:2uuPQ5vF receive message MessageID=85
[0696.27] PsyNet: PsyNetChannel_X_0 party:2uuPQ5vF executing MessageID=85
[0696.27] Party: HandleLobbyReceiveBinaryData LobbyUID=PsyNet-2uuPQ5vF MemberIndex=0 PlayerUID=PS4|785668489479049324|0 Message=PartyMessage_PartyMemberJoinGame_X
[0696.28] PsyNet: PsyNetServiceProvider_X_1 ExecuteService Complete, Service=Party/System 
[0696.29] PsyNet: PsyNetChannel_X_0 party:2uuPQ5vF receive message MessageID=86
[0696.29] PsyNet: PsyNetChannel_X_0 party:2uuPQ5vF executing MessageID=86
[0696.30] PsyNet: PsyNetServiceProvider_X_1 ExecuteService Complete, Service=Party/System 
[0697.14] ScriptWarning: ScriptWarning, Accessed None 'GameEvent'
	Car_TA CHN_Stadium_Day_P.TheWorld:PersistentLevel.Car_TA_61
	Function TAGame.Car_TA:GetPreviewTeamIndex:0037
Script call stack:
	Function TAGame.Ball_TA:ReplicatedEvent
	Function TAGame.Ball_TA:Explode
	Function TAGame.Ball_TA:InitExplosionFX
	Function TAGame.ProductAsset_GoalExplosion_TA:GetExplosionFXActorForPRI
	Function TAGame.PaintedFXSelector_TA:GetFXActorForPRI
	Function TAGame.Car_TA:GetLoadoutTeamIndex
	Function TAGame.Car_TA:GetPreviewTeamIndex

[0697.14] ScriptWarning: ScriptWarning, Accessed array 'Default__PaintedFXSelector_TA.Loadouts' out of bounds (255/2)
	PaintedFXSelector_TA TAGame.Default__PaintedFXSelector_TA
	Function TAGame.PaintedFXSelector_TA:GetFXActorForPRI:0150
Script call stack:
	Function TAGame.Ball_TA:ReplicatedEvent
	Function TAGame.Ball_TA:Explode
	Function TAGame.Ball_TA:InitExplosionFX
	Function TAGame.ProductAsset_GoalExplosion_TA:GetExplosionFXActorForPRI
	Function TAGame.PaintedFXSelector_TA:GetFXActorForPRI

[0697.14] ScriptWarning: ScriptWarning, Accessed array 'Default__PaintedFXSelector_TA.Loadouts' out of bounds (255/2)
	PaintedFXSelector_TA TAGame.Default__PaintedFXSelector_TA
	Function TAGame.PaintedFXSelector_TA:GetFXActorForPRI:01EA
Script call stack:
	Function TAGame.Ball_TA:ReplicatedEvent
	Function TAGame.Ball_TA:Explode
	Function TAGame.Ball_TA:InitExplosionFX
	Function TAGame.ProductAsset_GoalExplosion_TA:GetExplosionFXActorForPRI
	Function TAGame.PaintedFXSelector_TA:GetFXActorForPRI

[0704.14] ScriptWarning: ScriptWarning, Accessed None 'GameEvent'
	Car_TA CHN_Stadium_Day_P.TheWorld:PersistentLevel.Car_TA_68
	Function TAGame.Car_TA:GetPreviewTeamIndex:0037
Script call stack:
	Function TAGame.Ball_TA:ReplicatedEvent
	Function TAGame.Ball_TA:Explode
	Function TAGame.Ball_TA:InitExplosionFX
	Function TAGame.ProductAsset_GoalExplosion_TA:GetExplosionFXActorForPRI
	Function TAGame.PaintedFXSelector_TA:GetFXActorForPRI
	Function TAGame.Car_TA:GetLoadoutTeamIndex
	Function TAGame.Car_TA:GetPreviewTeamIndex

[0704.14] ScriptWarning: ScriptWarning, Accessed array 'Default__PaintedFXSelector_TA.Loadouts' out of bounds (255/2)
	PaintedFXSelector_TA TAGame.Default__PaintedFXSelector_TA
	Function TAGame.PaintedFXSelector_TA:GetFXActorForPRI:0150
Script call stack:
	Function TAGame.Ball_TA:ReplicatedEvent
	Function TAGame.Ball_TA:Explode
	Function TAGame.Ball_TA:InitExplosionFX
	Function TAGame.ProductAsset_GoalExplosion_TA:GetExplosionFXActorForPRI
	Function TAGame.PaintedFXSelector_TA:GetFXActorForPRI

[0704.14] ScriptWarning: ScriptWarning, Accessed array 'Default__PaintedFXSelector_TA.Loadouts' out of bounds (255/2)
	PaintedFXSelector_TA TAGame.Default__PaintedFXSelector_TA
	Function TAGame.PaintedFXSelector_TA:GetFXActorForPRI:01EA
Script call stack:
	Function TAGame.Ball_TA:ReplicatedEvent
	Function TAGame.Ball_TA:Explode
	Function TAGame.Ball_TA:InitExplosionFX
	Function TAGame.ProductAsset_GoalExplosion_TA:GetExplosionFXActorForPRI
	Function TAGame.PaintedFXSelector_TA:GetFXActorForPRI

[0704.33] DevOnline: PlayerDataStorage_WriteFile: Beginning to upload file. User=(8818b4dba79a43d18b986f46e4d00392) FileName=(RLSettingsData)
[0705.48] DevOnline: PlayerDataStorage_WriteFile: File upload complete. User=(8818b4dba79a43d18b986f46e4d00392) FileName=(RLSettingsData) Success=(1)
[0705.48] SettingsExport: Settings data upload complete. Success: True
[0718.14] ScriptWarning: ScriptWarning, Accessed None 'GameEvent'
	Car_TA CHN_Stadium_Day_P.TheWorld:PersistentLevel.Car_TA_74
	Function TAGame.Car_TA:GetPreviewTeamIndex:0037
Script call stack:
	Function TAGame.Ball_TA:ReplicatedEvent
	Function TAGame.Ball_TA:Explode
	Function TAGame.Ball_TA:InitExplosionFX
	Function TAGame.ProductAsset_GoalExplosion_TA:GetExplosionFXActorForPRI
	Function TAGame.PaintedFXSelector_TA:GetFXActorForPRI
	Function TAGame.Car_TA:GetLoadoutTeamIndex
	Function TAGame.Car_TA:GetPreviewTeamIndex

[0718.14] ScriptWarning: ScriptWarning, Accessed array 'Default__PaintedFXSelector_TA.Loadouts' out of bounds (255/2)
	PaintedFXSelector_TA TAGame.Default__PaintedFXSelector_TA
	Function TAGame.PaintedFXSelector_TA:GetFXActorForPRI:0150
Script call stack:
	Function TAGame.Ball_TA:ReplicatedEvent
	Function TAGame.Ball_TA:Explode
	Function TAGame.Ball_TA:InitExplosionFX
	Function TAGame.ProductAsset_GoalExplosion_TA:GetExplosionFXActorForPRI
	Function TAGame.PaintedFXSelector_TA:GetFXActorForPRI

[0718.14] ScriptWarning: ScriptWarning, Accessed array 'Default__PaintedFXSelector_TA.Loadouts' out of bounds (255/2)
	PaintedFXSelector_TA TAGame.Default__PaintedFXSelector_TA
	Function TAGame.PaintedFXSelector_TA:GetFXActorForPRI:01EA
Script call stack:
	Function TAGame.Ball_TA:ReplicatedEvent
	Function TAGame.Ball_TA:Explode
	Function TAGame.Ball_TA:InitExplosionFX
	Function TAGame.ProductAsset_GoalExplosion_TA:GetExplosionFXActorForPRI
	Function TAGame.PaintedFXSelector_TA:GetFXActorForPRI

[0733.08] PsyNetBeaconDetail_X: PsyNetBeacon_X_0 ReserveConnection ReservationID=(5F41DE028EE74867AA2536D0D7BA5975) ConnectionID=(eyJ0eXAiOiJKV1QiLCJhbGciOiJIUzUxMiJ9.eyJqdGkiOiI2NmE1ZGU5M2Q5YmI0YjI2ODNlNTU4ZWViMTQ0ZmI5NSIsImlzcyI6IlBzeU5ldCIsInBsYXllcl9pZCI6IkVwaWN8ODgxOGI0ZGJhNzlhNDNkMThiOTg2ZjQ2ZTRkMDAzOTJ8MCIsInNlcnZlcl9uYW1lIjoiRVU3LTAyQzBGOTNERjk0NkQ5NEI1LURyaWZ0MiIsImlhdCI6MTc3NTAzNjE4OSwibmJmIjoxNzc1MDM2MTg5LCJleHAiOjE3NzUwNTA1ODl9.zlz_DwPTKdlB60HbhKJyG3s5DjV6x-ipEEKYOGBh6TKqGkRfhCjsn_g6c4wduy1Vl0q2TLNGU7BRLawvsh_YUg)
[0733.08] PsyNetBeaconDetail_X: PsyNetBeacon_X_0 ClientHandleMessage Message.MessageType=(ClientReservationMessage_X) Message.ReservationID=(5F41DE028EE74867AA2536D0D7BA5975)
[0733.08] Party: Received game server from notification (v3) Message.Reservation=((ServerName="EU7-02C0F93DF946D94B5-Drift2",Playlist=11,Region="EU",ReservationID="5F41DE028EE74867AA2536D0D7BA5975",DSRToken="eyJ0eXAiOiJKV1QiLCJhbGciOiJIUzUxMiJ9.eyJqdGkiOiI2NmE1ZGU5M2Q5YmI0YjI2ODNlNTU4ZWViMTQ0ZmI5NSIsImlzcyI6IlBzeU5ldCIsInBsYXllcl9pZCI6IkVwaWN8ODgxOGI0ZGJhNzlhNDNkMThiOTg2ZjQ2ZTRkMDAzOTJ8MCIsInNlcnZlcl9uYW1lIjoiRVU3LTAyQzBGOTNERjk0NkQ5NEI1LURyaWZ0MiIsImlhdCI6MTc3NTAzNjE4OSwibmJmIjoxNzc1MDM2MTg5LCJleHAiOjE3NzUwNTA1ODl9.zlz_DwPTKdlB60HbhKJyG3s5DjV6x-ipEEKYOGBh6TKqGkRfhCjsn_g6c4wduy1Vl0q2TLNGU7BRLawvsh_YUg",JoinName="S3OQH58LNEBC3EBO",JoinPassword="BIRH6HL2EEIJCGUV"))
[0733.09] JoinGame: StartJoin Reservation=((ServerName="EU7-02C0F93DF946D94B5-Drift2",Playlist=11,Region="EU",ReservationID="5F41DE028EE74867AA2536D0D7BA5975",DSRToken="eyJ0eXAiOiJKV1QiLCJhbGciOiJIUzUxMiJ9.eyJqdGkiOiI2NmE1ZGU5M2Q5YmI0YjI2ODNlNTU4ZWViMTQ0ZmI5NSIsImlzcyI6IlBzeU5ldCIsInBsYXllcl9pZCI6IkVwaWN8ODgxOGI0ZGJhNzlhNDNkMThiOTg2ZjQ2ZTRkMDAzOTJ8MCIsInNlcnZlcl9uYW1lIjoiRVU3LTAyQzBGOTNERjk0NkQ5NEI1LURyaWZ0MiIsImlhdCI6MTc3NTAzNjE4OSwibmJmIjoxNzc1MDM2MTg5LCJleHAiOjE3NzUwNTA1ODl9.zlz_DwPTKdlB60HbhKJyG3s5DjV6x-ipEEKYOGBh6TKqGkRfhCjsn_g6c4wduy1Vl0q2TLNGU7BRLawvsh_YUg",JoinName="S3OQH58LNEBC3EBO",JoinPassword="BIRH6HL2EEIJCGUV")) JoinSettings=((PlaylistId=11,Password="BIRH6HL2EEIJCGUV"))
[0733.09] JoinGame: GotoJoinGameState OnlineGameJoinGame_TA -> VerifyPrivileges
[0733.09] Online: TryToPlayOnline ControllerID=(-1)
[0733.09] PsyNet: PsyNetServiceProvider_X_1 ExecuteService Complete, Service=DSR/ClientMessage 
[0733.09] Online: HandlePrivilegeCheckFinished PrivilegeCheck.bHasRestriction=(False)
[0733.09] JoinGame: GotoJoinGameState VerifyPrivileges -> ReservingServerForMatchmaking
[0733.09] PsyNetBeaconDetail_X: PsyNetBeacon_X_0 SendMessageToServer Message=(AddReservationMessagePublic_X_3)
[0733.50] PsyNet: PsyNetChannel_X_0 party:2uuPQ5vF receive message MessageID=87
[0733.50] PsyNet: PsyNetChannel_X_0 party:2uuPQ5vF executing MessageID=87
[0733.50] Party: HandleLobbyReceiveBinaryData LobbyUID=PsyNet-2uuPQ5vF MemberIndex=0 PlayerUID=PS4|785668489479049324|0 Message=PartyMessage_SearchStatus_X
[0733.50] Party: HandleSearchStatus StatusMessage.SearchState=(Joining) StatusMessage.bIsSearching=(True)
[0733.51] PsyNet: PsyNetServiceProvider_X_1 ExecuteService Complete, Service=Party/System 
[0733.84] PsyNet: PsyNetChannel_X_0 party:2uuPQ5vF receive message MessageID=88
[0733.84] PsyNet: PsyNetChannel_X_0 party:2uuPQ5vF executing MessageID=88
[0733.84] Party: HandleLobbyReceiveBinaryData LobbyUID=PsyNet-2uuPQ5vF MemberIndex=0 PlayerUID=PS4|785668489479049324|0 Message=PartyMessage_JoinGame_X
[0733.84] Party: HandlePartyJoinGame MatchSettings=((ServerName="EU7-02C0F93DF946D94B5-Drift2",PlaylistId=11,CustomPassword="BIRH6HL2EEIJCGUV",ReservationID="5F41DE028EE74867AA2536D0D7BA5975",JoinName="S3OQH58LNEBC3EBO",JoinPassword="BIRH6HL2EEIJCGUV"))
[0733.85] PsyNet: PsyNetServiceProvider_X_1 ExecuteService Complete, Service=Party/System 
[0734.50] PsyNetBeaconDetail_X: PsyNetBeacon_X_0 ClientHandleMessage Message.MessageType=(ReservationsReadyMessage_X) Message.ReservationID=(5F41DE028EE74867AA2536D0D7BA5975)
[0734.50] Party: HandleServerReserved (Reservation=(ServerName="EU7-02C0F93DF946D94B5-Drift2",Playlist=11,Region="EU",ReservationID="5F41DE028EE74867AA2536D0D7BA5975",DSRToken="eyJ0eXAiOiJKV1QiLCJhbGciOiJIUzUxMiJ9.eyJqdGkiOiI2NmE1ZGU5M2Q5YmI0YjI2ODNlNTU4ZWViMTQ0ZmI5NSIsImlzcyI6IlBzeU5ldCIsInBsYXllcl9pZCI6IkVwaWN8ODgxOGI0ZGJhNzlhNDNkMThiOTg2ZjQ2ZTRkMDAzOTJ8MCIsInNlcnZlcl9uYW1lIjoiRVU3LTAyQzBGOTNERjk0NkQ5NEI1LURyaWZ0MiIsImlhdCI6MTc3NTAzNjE4OSwibmJmIjoxNzc1MDM2MTg5LCJleHAiOjE3NzUwNTA1ODl9.zlz_DwPTKdlB60HbhKJyG3s5DjV6x-ipEEKYOGBh6TKqGkRfhCjsn_g6c4wduy1Vl0q2TLNGU7BRLawvsh_YUg",JoinName="S3OQH58LNEBC3EBO",JoinPassword="BIRH6HL2EEIJCGUV"),PingURL="18.168.43.46:7851",GameURL="18.168.43.46:7850",JoinCredentials="S3OQH58LNEBC3EBO:BIRH6HL2EEIJCGUV")
[0734.50] JoinGame: GotoJoinGameState ReservingServerForMatchmaking -> JoinCountdown
[0734.50] PsyNetBeaconDetail_X: PsyNetBeacon_X_0 SendMessageToServer Message=(PingMessage_X_4)
[0734.51] PsyNet: PsyNetServiceProvider_X_1 ExecuteService Complete, Service=DSR/ClientMessage 
[0734.83] PsyNet: PsyNetChannel_X_0 party:2uuPQ5vF receive message MessageID=89
[0734.83] PsyNet: PsyNetChannel_X_0 party:2uuPQ5vF executing MessageID=89
[0734.83] Party: HandleLobbyReceiveBinaryData LobbyUID=PsyNet-2uuPQ5vF MemberIndex=0 PlayerUID=PS4|785668489479049324|0 Message=PartyMessage_JoinGame_X
[0734.83] Party: HandlePartyJoinGame MatchSettings=((ServerName="EU7-02C0F93DF946D94B5-Drift2",PlaylistId=11,CustomPassword="BIRH6HL2EEIJCGUV",ReservationID="5F41DE028EE74867AA2536D0D7BA5975",JoinName="S3OQH58LNEBC3EBO",JoinPassword="BIRH6HL2EEIJCGUV"))
[0734.84] PsyNet: PsyNetServiceProvider_X_1 ExecuteService Complete, Service=Party/System 
[0734.85] PsyNetBeaconDetail_X: PsyNetBeacon_X_0 ClientHandleMessage Message.MessageType=(PingMessage_X) Message.ReservationID=(5F41DE028EE74867AA2536D0D7BA5975)
[0734.86] PsyNet: PsyNetServiceProvider_X_1 ExecuteService Complete, Service=DSR/ClientMessage 
[0736.63] ScriptLog: MatchGUID: 4558C09611F12DAEC20498AE025A91F2
[0736.63] DevNet: Browse: 18.168.71.61:8112/EuroStadium_Night_P?Name=%e6%bc%a2+%e9%be%8d+%e7%8e%8b+%e7%a5%9e+%e9%97%87%e6%bc%a2+%e9%be%8d+%e7%8e%8b+%e7%a5%9e?Game=TAGame.GameInfo_Soccar_TA?playtest?listen?Public
[0736.63] NetComeGo: Close TcpipConnection_0 18.168.71.61:8112 01/04/2026 10:36:35 'Browse'
[0736.63] NetComeGo: TcpipConnection_0 Control channel closed, reason=Browse
[0736.63] Exit: TcpNetDriver_0 shut down
[0736.63] DevNet: Game client on port 8112, rate 15000
[0736.63] NetComeGo: SEND first packet Length=80 CRC=-299282106
[0737.51] JoinGame: GotoJoinGameState JoinCountdown -> OpeningLoadingScreen
[0737.51] RankedReconnect: OnlineGameJoinGame_TA_0::OpeningLoadingScreen.BeginState()
[0737.51] RankedReconnect: LocalPlayer_TA_0.UpdateRankedReconnect() RankedTeamDoubles True 4 False
[0737.51] RankedReconnect: RankedReconnectSave_TA_0.SetRankedReconnect() Server=((Reservation=(ServerName="EU7-02C0F93DF946D94B5-Drift2",Playlist=11,Region="EU",ReservationID="5F41DE028EE74867AA2536D0D7BA5975",DSRToken="eyJ0eXAiOiJKV1QiLCJhbGciOiJIUzUxMiJ9.eyJqdGkiOiI2NmE1ZGU5M2Q5YmI0YjI2ODNlNTU4ZWViMTQ0ZmI5NSIsImlzcyI6IlBzeU5ldCIsInBsYXllcl9pZCI6IkVwaWN8ODgxOGI0ZGJhNzlhNDNkMThiOTg2ZjQ2ZTRkMDAzOTJ8MCIsInNlcnZlcl9uYW1lIjoiRVU3LTAyQzBGOTNERjk0NkQ5NEI1LURyaWZ0MiIsImlhdCI6MTc3NTAzNjE4OSwibmJmIjoxNzc1MDM2MTg5LCJleHAiOjE3NzUwNTA1ODl9.zlz_DwPTKdlB60HbhKJyG3s5DjV6x-ipEEKYOGBh6TKqGkRfhCjsn_g6c4wduy1Vl0q2TLNGU7BRLawvsh_YUg",JoinName="S3OQH58LNEBC3EBO",JoinPassword="BIRH6HL2EEIJCGUV"),PingURL="18.168.43.46:7851",GameURL="18.168.43.46:7850",JoinCredentials="S3OQH58LNEBC3EBO:BIRH6HL2EEIJCGUV")) EpochNow=(1775036194)
[0737.51] DevNet: Browse: JoinGameTransition?Name=%e6%bc%a2+%e9%be%8d+%e7%8e%8b+%e7%a5%9e+%e9%97%87%e6%bc%a2+%e9%be%8d+%e7%8e%8b+%e7%a5%9e?game=TAGame.GameInfo_Transition_TA
[0737.58] Log: FSaveDataExportTask(0) wrote 1062013 bytes to memory
[0737.58] Log: SaveGameDataAsync game thread time: 8 ms
[0737.58] Log: LoadMap: JoinGameTransition?Name=%e6%bc%a2+%e9%be%8d+%e7%8e%8b+%e7%a5%9e+%e9%97%87%e6%bc%a2+%e9%be%8d+%e7%8e%8b+%e7%a5%9e?game=TAGame.GameInfo_Transition_TA
[0737.58] Spawn: TextChatActor_TA_1 Destroyed
[0737.58] EOSGameClips: ShutDown : Shutting down EOSGameClipsController_TA. Self=(EOSGameClipsController_TA_2) PlayerOwner?.GetUniqueNetId()=(Epic|8818b4dba79a43d18b986f46e4d00392|0)
[0737.58] Spawn: TextChatActor_TA_2 Destroyed
[0737.58] Spawn: TextChatActor_TA_3 Destroyed
[0737.58] Spawn: TextChatActor_TA_4 Destroyed
[0737.58] Spawn: TextChatActor_TA_5 Destroyed
[0737.61] Log: Deleting old save file ..\..\TAGame\SaveDataEpic\DBE_Production\8818b4dba79a43d18b986f46e4d00392_2.save
[0737.61] Log: SaveDataExport(0): Finished - File:[..\..\TAGame\SaveDataEpic\DBE_Production\8818b4dba79a43d18b986f46e4d00392_1.save] Result:[1]
[0737.61] DevOnline: PsyNet Flush Start TimeoutSeconds=0.250000
[0737.87] DevOnline: PsyNet Flush End
[0737.94] Log: Fully load package: ..\..\TAGame\CookedPCConsole\GameInfo_Transition_SF.upk
[0737.95] Log: Game class is 'GameInfo_Transition_TA'
[0737.95] Log: Bringing World JoinGameTransition.TheWorld up for play (0) at 2026.04.01-10.36.36
[0737.95] Log: Bringing up level for play took: 0.004970
[0737.95] PartyChallenge: UpdateChallengeProgressForCompetitive bChallengesComplete=(True) ChallengeState=(Challenge_Success) bChallengeSync=(True) bChallengesAreValid=(True) bLegacyPlayer=(False) bGuestAccount=(False) Online_X.UniqueNetIDToString(Manager.Outer.PlayerID)=(Epic|8818b4dba79a43d18b986f46e4d00392|0) Complete
[0737.95] PartyChallenge: InitializeCompetitiveChallenges bGuestAccount=(False) bCompletedChallengesForCompetitive=(True) bLegacyPlayer=(False) Online_X.UniqueNetIDToString(OnlinePlayer.PlayerID)=(Epic|8818b4dba79a43d18b986f46e4d00392|0)
[0737.95] JoinGame: GotoJoinGameState OpeningLoadingScreen -> JoiningNewServer
[0737.95] DevNet: SetProgress, MessageType=1, Title=, Message=Connecting...
[0737.95] Log: ########### Finished loading level: 0.373192 seconds
[0737.96] SettingsExport: CreateSnapshot Metadata {"userId":"Epic|8818b4dba79a43d18b986f46e4d00392|0","platformKey":"Epic","schemaVersion":0,"clientVersion":1532151,"timestampUtc":1775036194,"settingsVersion":7972,"checksum":226018267 Payload Size  97006
[0737.96] SettingsExport: Payload changed. Notifying new Checksum: 226018267
[0737.96] SettingsExport: Local settings updated, uploading data
[0737.96] DevNet: Browse: 18.168.43.46:7850/MENU_Main_p?Name=%e6%bc%a2+%e9%be%8d+%e7%8e%8b+%e7%a5%9e+%e9%97%87%e6%bc%a2+%e9%be%8d+%e7%8e%8b+%e7%a5%9e
[0737.96] NetComeGo: TcpipConnection_1 Control channel closed, reason=CancelPending
[0737.96] DevNet: Game client on port 7850, rate 15000
[0737.96] NetComeGo: SEND first packet Length=80 CRC=-851467302
[0738.00] NetComeGo: TcpipConnection_2 RECV first packet IP=18.168.43.46:7850 Length=15 CRC=1143416140 HandshakeStatus=0 bUseSessionUID=1 InSessionUID=(0 0 0) SessionUID=(0 0 0)
[0738.00] NetComeGo: Client set SessionUID to: 35 237 144
[0738.09] DevNet: Welcomed by server (Level: Farm_GRS_P, Game: TAGame.GameInfo_Soccar_TA, GameTags: )
[0738.10] Log: FSaveDataExportTask(0) wrote 1062013 bytes to memory
[0738.10] Log: SaveGameDataAsync game thread time: 8 ms
[0738.11] Log: Deleting old save file ..\..\TAGame\SaveDataEpic\DBE_Production\8818b4dba79a43d18b986f46e4d00392.save
[0738.11] Log: SaveDataExport(0): Finished - File:[..\..\TAGame\SaveDataEpic\DBE_Production\8818b4dba79a43d18b986f46e4d00392_2.save] Result:[1]
[0738.13] Log: Flushing async loaders.
[0738.13] Log: Flushed async loaders.
[0738.13] Log: LoadMap: 18.168.43.46:7850/Farm_GRS_P?Name=%e6%bc%a2+%e9%be%8d+%e7%8e%8b+%e7%a5%9e+%e9%97%87%e6%bc%a2+%e9%be%8d+%e7%8e%8b+%e7%a5%9e?game=TAGame.GameInfo_Soccar_TA
[0738.15] DevOnline: PsyNet Flush Start TimeoutSeconds=0.250000
[0738.15] PsyNet: PsyNetChannel_X_0 party:2uuPQ5vF receive message MessageID=90
[0738.15] PsyNet: PsyNetChannel_X_0 party:2uuPQ5vF executing MessageID=90
[0738.17] PsyNet: PsyNetServiceProvider_X_1 ExecuteService Complete, Service=Party/System 
[0738.33] DevOnline: PsyNet Flush End
[0738.34] NetComeGo: Close TcpipConnection_1 18.168.71.61:8112 01/04/2026 10:36:37 'UNetConnection::CleanUp'
[0738.34] NetComeGo: TcpipConnection_1 Control channel null, Sending unstable close to 18.168.71.61:8112 on temporary Control channel.
[0738.34] Exit: TcpNetDriver_1 shut down
[0738.34] Log: Fully load package: ..\..\TAGame\CookedPCConsole\GameInfo_Soccar_SF.upk
[0738.42] Log: Fully load package: ..\..\TAGame\CookedPCConsole\GFxSounds_XP_SF.upk
[0738.43] Log: Fully load package: ..\..\TAGame\CookedPCConsole\GFx_XPProgressMenu_SF.upk
[0738.45] Log: Fully load package: ..\..\TAGame\CookedPCConsole\GFX_EndGameMenu_SF.upk
[0738.49] Log: Fully load package: ..\..\TAGame\CookedPCConsole\GFX_WinnerMenu_SF.upk
[0738.51] Log: Fully load package: ..\..\TAGame\CookedPCConsole\GFX_MidGameScoreboard_SF.upk
[0738.52] Log: Fully load package: ..\..\TAGame\CookedPCConsole\GFX_MidGameMenu_SF.upk
[0738.53] Log: Fully load package: ..\..\TAGame\CookedPCConsole\GFX_HudMatchInfo_SF.upk
[0738.54] Log: Fully load package: ..\..\TAGame\CookedPCConsole\GFX_Hud_SF.upk
[0739.27] Log: Bringing World Farm_GRS_P.TheWorld up for play (0) at 2026.04.01-10.36.38
[0739.28] Log: Bringing up level for play took: 0.337492
[0739.46] RootMenu: [GFx] UIShellInstance - setting the shell instance
[0739.50] PartyChallenge: UpdateChallengeProgressForCompetitive bChallengesComplete=(True) ChallengeState=(Challenge_Success) bChallengeSync=(True) bChallengesAreValid=(True) bLegacyPlayer=(False) bGuestAccount=(False) Online_X.UniqueNetIDToString(Manager.Outer.PlayerID)=(Epic|8818b4dba79a43d18b986f46e4d00392|0) Complete
[0739.50] PartyChallenge: InitializeCompetitiveChallenges bGuestAccount=(False) bCompletedChallengesForCompetitive=(True) bLegacyPlayer=(False) Online_X.UniqueNetIDToString(OnlinePlayer.PlayerID)=(Epic|8818b4dba79a43d18b986f46e4d00392|0)
[0739.50] JoinGame: OnJoinGameComplete bSuccess=(True) FailReason=()
[0739.50] JoinGame: GotoJoinGameState JoiningNewServer -> None
[0739.50] PsyNetBeaconDetail_X: PsyNetBeacon_X_0 Close
[0739.50] PsyNetBeaconDetail_X: PsyNetBeacon_X_0 CloseConnection Connection.ConnectionID=(eyJ0eXAiOiJKV1QiLCJhbGciOiJIUzUxMiJ9.eyJqdGkiOiI2NmE1ZGU5M2Q5YmI0YjI2ODNlNTU4ZWViMTQ0ZmI5NSIsImlzcyI6IlBzeU5ldCIsInBsYXllcl9pZCI6IkVwaWN8ODgxOGI0ZGJhNzlhNDNkMThiOTg2ZjQ2ZTRkMDAzOTJ8MCIsInNlcnZlcl9uYW1lIjoiRVU3LTAyQzBGOTNERjk0NkQ5NEI1LURyaWZ0MiIsImlhdCI6MTc3NTAzNjE4OSwibmJmIjoxNzc1MDM2MTg5LCJleHAiOjE3NzUwNTA1ODl9.zlz_DwPTKdlB60HbhKJyG3s5DjV6x-ipEEKYOGBh6TKqGkRfhCjsn_g6c4wduy1Vl0q2TLNGU7BRLawvsh_YUg)
[0739.51] Spawn: TextChatActor_TA_6 OnOwnerChanged PlayerController_TA_3
[0739.51] EOSGameClips: Construct Constructed EOSGameClipsController_TA. Self=(EOSGameClipsController_TA_3)
[0739.51] Log: ########### Finished loading level: 1.373927 seconds
[0739.55] SettingsExport: Settings content not changed. Will not update the Settings Online
[0739.55] PsyNet: PsyNetChannel_X_0 party:2uuPQ5vF receive message MessageID=91
[0739.55] PsyNet: PsyNetChannel_X_0 party:2uuPQ5vF executing MessageID=91
[0739.55] Party: HandleLobbyReceiveBinaryData LobbyUID=PsyNet-2uuPQ5vF MemberIndex=0 PlayerUID=PS4|785668489479049324|0 Message=PartyMessage_PartyMemberJoinGame_X
[0740.48] PsyNet: PsyNetServiceProvider_X_1 ExecuteService Complete, Service=Party/System 
[0740.48] EOSGameClips: ShutDown : Shutting down EOSGameClipsController_TA. Self=(EOSGameClipsController_TA_3) PlayerOwner?.GetUniqueNetId()=(Epic|8818b4dba79a43d18b986f46e4d00392|0)
[0740.49] PartyChallenge: UpdateChallengeProgressForCompetitive bChallengesComplete=(True) ChallengeState=(Challenge_Success) bChallengeSync=(True) bChallengesAreValid=(True) bLegacyPlayer=(False) bGuestAccount=(False) Online_X.UniqueNetIDToString(Manager.Outer.PlayerID)=(Epic|8818b4dba79a43d18b986f46e4d00392|0) Complete
[0740.49] PartyChallenge: InitializeCompetitiveChallenges bGuestAccount=(False) bCompletedChallengesForCompetitive=(True) bLegacyPlayer=(False) Online_X.UniqueNetIDToString(OnlinePlayer.PlayerID)=(Epic|8818b4dba79a43d18b986f46e4d00392|0)
[0740.49] EOSGameClips: Construct Constructed EOSGameClipsController_TA. Self=(EOSGameClipsController_TA_4)
[0740.49] ScriptLog: Client InputRate=60
[0740.49] DevNet: PlayerController_TA_4 setplayer LocalPlayer_TA_0
[0740.49] PsyNetStaticData: UpdateCacheTimerEnabled CacheTimer.bEnabled=(False)
[0740.49] MatchBroadcast: Init bBroadcastMatch=(False) MatchLog=(None)
[0740.54] ScriptLog: MatchGUID: 4305657E11F12DAE11E95C8393B724A9
[0740.54] ScriptLog: Uncached PlatformId for Epic|8818b4dba79a43d18b986f46e4d00392|0
[0740.54] Spawn: TextChatActor_TA_7 OnOwnerChanged PlayerController_TA_4
[0740.61] RootMenu: [GFx] UIShellInstance - setting the shell instance
[0740.66] ScriptLog: Uncached PlatformId for Epic|2a16a97b2340492eb737ea5eda63d272|0
[0740.67] Eula: RequiresAcceptance? EulaConfig?.bRequiresAcceptance=(True) GetUISave()?.Contains('bAcceptedOfflineEULA')=(True) Eula.SyncState=(LSS_Accepted)
[0740.67] Party: BroadcastMatchmakingAvailabilityDelayed PartyMemberID:'Epic|8818b4dba79a43d18b986f46e4d00392|0' MatchmakeRestrictions=(0)
[0740.67] Party: SetAvailableForMatchmakingForMember PartyMemberID:'Epic|8818b4dba79a43d18b986f46e4d00392|0' MatchmakeRestrictions=(0)
[0740.72] LTM: SettingsType=(CustomMatchSettingsType_PrivateMatch)
[0740.98] PsyNet: PsyNetChannel_X_0 party:2uuPQ5vF receive message MessageID=92
[0740.98] PsyNet: PsyNetChannel_X_0 party:2uuPQ5vF executing MessageID=92
[0740.99] PsyNet: PsyNetServiceProvider_X_1 ExecuteService Complete, Service=Party/System 
[0741.46] PsyNet: PsyNetChannel_X_0 party:2uuPQ5vF receive message MessageID=93
[0741.46] PsyNet: PsyNetChannel_X_0 party:2uuPQ5vF executing MessageID=93
[0741.47] PsyNet: PsyNetServiceProvider_X_1 ExecuteService Complete, Service=Party/System 
[0741.58] PsyNet: PsyNetChannel_X_0 party:2uuPQ5vF receive message MessageID=94
[0741.58] PsyNet: PsyNetChannel_X_0 party:2uuPQ5vF executing MessageID=94
[0741.58] Party: HandleLobbyReceiveBinaryData LobbyUID=PsyNet-2uuPQ5vF MemberIndex=0 PlayerUID=PS4|785668489479049324|0 Message=PartyMessage_PartyMemberJoinGame_X
[0741.58] PsyNet: PsyNetServiceProvider_X_1 ExecuteService Complete, Service=Party/System 
[0741.92] EOSVoice: Received full credentials from the server.
[0741.93] PsyNet: PsyNetServiceProvider_X_1 ExecuteService Complete, Service=VoiceChat/MatchToken 
[0742.16] PsyNet: PsyNetChannel_X_0 party:2uuPQ5vF receive message MessageID=95
[0742.16] PsyNet: PsyNetChannel_X_0 party:2uuPQ5vF executing MessageID=95
[0742.16] Party: HandleLobbyReceiveBinaryData LobbyUID=PsyNet-2uuPQ5vF MemberIndex=0 PlayerUID=PS4|785668489479049324|0 Message=PartyMessage_SearchStatus_X
[0742.16] Party: HandleSearchStatus StatusMessage.SearchState=(OnlineGameMatchmaking_X) StatusMessage.bIsSearching=(False)
[0742.16] PsyNet: PsyNetServiceProvider_X_1 ExecuteService Complete, Service=Party/System 
[0742.16] PsyNet: PsyNetChannel_X_0 party:2uuPQ5vF receive message MessageID=96
[0742.16] PsyNet: PsyNetChannel_X_0 party:2uuPQ5vF executing MessageID=96
[0742.16] Party: HandleLobbyReceiveBinaryData LobbyUID=PsyNet-2uuPQ5vF MemberIndex=0 PlayerUID=PS4|785668489479049324|0 Message=PartyMessage_MatchmakingAvailability_X
[0742.16] Party: SetAvailableForMatchmakingForMember PartyMemberID:'PS4|785668489479049324|0' MatchmakeRestrictions=(0)
[0742.17] PsyNet: PsyNetServiceProvider_X_1 ExecuteService Complete, Service=Party/System 
[0742.23] DevOnline: WebRequest_X_54 SEND: https://datarouter.ol.epicgames.com/datarouter/api/v1/public/data?AppID=RocketLeague.Release&AppVersion=1210528741&AppEnvironment=Prod&UploadType=eteventstream&UserID=|8818b4dba79a43d18b986f46e4d00392|||Epic|8818b4dba79a43d18b986f46e4d00392|0&SessionID=7ED88ADF457E5D0E09C349A06FC64359
[0742.44] DevOnline: WebRequest_X_54 RECV: 204 
[0745.11] DevOnline: EOSSDK-LogEOSRTC: TickTracker Tick is delayed. TimePeriod=[10.000137s]  TickIntervalThreshold=[0.100000s] MaxTickInterval=[0.134168s] MaxExecutionTime=[0.000479s] TicksCount=[769] ExpectedTicksCount=[1000]
[0753.01] EOSGameClips: EOSGameClips: Starting background recording: API Version 2, Clip Duration 30
[0753.01] DevOnline: EOSSDK-LogEOSGameClips: Starting recording up to 30 seconds.
[0753.02] EOSGameClips: EOSGameClips: Recording changed from NotRecording to Recording.
[0757.01] EOSGameClips: EOSGameClips: Starting background recording: API Version 2, Clip Duration 30
[0785.68] EOSGameClips: EOSGameClips: Starting background recording: API Version 2, Clip Duration 30
[0788.24] EOSGameClips: EOSGameClips: Currently recording: true
[0789.22] EOSGameClips: EOSGameClips: Starting background recording: API Version 2, Clip Duration 30
[0794.99] EOSGameClips: EOSGameClips: Starting background recording: API Version 2, Clip Duration 30
[0798.98] EOSGameClips: EOSGameClips: Starting background recording: API Version 2, Clip Duration 30
[0802.22] DevOnline: WebRequest_X_55 SEND: https://datarouter.ol.epicgames.com/datarouter/api/v1/public/data?AppID=RocketLeague.Release&AppVersion=1210528741&AppEnvironment=Prod&UploadType=eteventstream&UserID=|8818b4dba79a43d18b986f46e4d00392|||Epic|8818b4dba79a43d18b986f46e4d00392|0&SessionID=7ED88ADF457E5D0E09C349A06FC64359
[0802.47] DevOnline: WebRequest_X_55 RECV: 204 
[0862.22] DevOnline: WebRequest_X_56 SEND: https://datarouter.ol.epicgames.com/datarouter/api/v1/public/data?AppID=RocketLeague.Release&AppVersion=1210528741&AppEnvironment=Prod&UploadType=eteventstream&UserID=|8818b4dba79a43d18b986f46e4d00392|||Epic|8818b4dba79a43d18b986f46e4d00392|0&SessionID=7ED88ADF457E5D0E09C349A06FC64359
[0862.44] DevOnline: WebRequest_X_56 RECV: 204 
[0905.24] EOSGameClips: EOSGameClips: Starting background recording: API Version 2, Clip Duration 30
[0907.81] EOSGameClips: EOSGameClips: Currently recording: true
[0908.79] EOSGameClips: EOSGameClips: Starting background recording: API Version 2, Clip Duration 30
[0915.89] EOSGameClips: EOSGameClips: Starting background recording: API Version 2, Clip Duration 30
[0919.89] EOSGameClips: EOSGameClips: Starting background recording: API Version 2, Clip Duration 30
[0922.21] DevOnline: WebRequest_X_57 SEND: https://datarouter.ol.epicgames.com/datarouter/api/v1/public/data?AppID=RocketLeague.Release&AppVersion=1210528741&AppEnvironment=Prod&UploadType=eteventstream&UserID=|8818b4dba79a43d18b986f46e4d00392|||Epic|8818b4dba79a43d18b986f46e4d00392|0&SessionID=7ED88ADF457E5D0E09C349A06FC64359
[0922.33] DevOnline: WebRequest_X_57 RECV: 204 
[0948.37] EOSGameClips: EOSGameClips: Currently recording: true
[0982.21] DevOnline: WebRequest_X_58 SEND: https://datarouter.ol.epicgames.com/datarouter/api/v1/public/data?AppID=RocketLeague.Release&AppVersion=1210528741&AppEnvironment=Prod&UploadType=eteventstream&UserID=|8818b4dba79a43d18b986f46e4d00392|||Epic|8818b4dba79a43d18b986f46e4d00392|0&SessionID=7ED88ADF457E5D0E09C349A06FC64359
[0982.33] DevOnline: WebRequest_X_58 RECV: 204 
[1042.21] DevOnline: WebRequest_X_59 SEND: https://datarouter.ol.epicgames.com/datarouter/api/v1/public/data?AppID=RocketLeague.Release&AppVersion=1210528741&AppEnvironment=Prod&UploadType=eteventstream&UserID=|8818b4dba79a43d18b986f46e4d00392|||Epic|8818b4dba79a43d18b986f46e4d00392|0&SessionID=7ED88ADF457E5D0E09C349A06FC64359
[1042.32] DevOnline: WebRequest_X_59 RECV: 204 
[1053.17] EOSGameClips: EOSGameClips: Starting background recording: API Version 2, Clip Duration 30
[1055.74] EOSGameClips: EOSGameClips: Currently recording: true
[1056.72] EOSGameClips: EOSGameClips: Starting background recording: API Version 2, Clip Duration 30
[1065.15] EOSGameClips: EOSGameClips: Starting background recording: API Version 2, Clip Duration 30
[1069.15] EOSGameClips: EOSGameClips: Starting background recording: API Version 2, Clip Duration 30
[1093.27] EOSGameClips: EOSGameClips: Starting background recording: API Version 2, Clip Duration 30
[1095.83] EOSGameClips: EOSGameClips: Currently recording: true
[1096.82] EOSGameClips: EOSGameClips: Starting background recording: API Version 2, Clip Duration 30
[1102.21] DevOnline: WebRequest_X_60 SEND: https://datarouter.ol.epicgames.com/datarouter/api/v1/public/data?AppID=RocketLeague.Release&AppVersion=1210528741&AppEnvironment=Prod&UploadType=eteventstream&UserID=|8818b4dba79a43d18b986f46e4d00392|||Epic|8818b4dba79a43d18b986f46e4d00392|0&SessionID=7ED88ADF457E5D0E09C349A06FC64359
[1102.32] DevOnline: WebRequest_X_60 RECV: 204 
[1104.48] EOSGameClips: EOSGameClips: Starting background recording: API Version 2, Clip Duration 30
[1108.49] EOSGameClips: EOSGameClips: Starting background recording: API Version 2, Clip Duration 30
[1126.90] EOSGameClips: EOSGameClips: Starting background recording: API Version 2, Clip Duration 30
[1130.90] EOSGameClips: EOSGameClips: Starting background recording: API Version 2, Clip Duration 30
[1162.20] DevOnline: WebRequest_X_61 SEND: https://datarouter.ol.epicgames.com/datarouter/api/v1/public/data?AppID=RocketLeague.Release&AppVersion=1210528741&AppEnvironment=Prod&UploadType=eteventstream&UserID=|8818b4dba79a43d18b986f46e4d00392|||Epic|8818b4dba79a43d18b986f46e4d00392|0&SessionID=7ED88ADF457E5D0E09C349A06FC64359
[1162.31] DevOnline: WebRequest_X_61 RECV: 204 
[1169.41] EOSGameClips: EOSGameClips: Currently recording: true
[1195.60] EOSGameClips: EOSGameClips: Starting background recording: API Version 2, Clip Duration 30
[1198.16] EOSGameClips: EOSGameClips: Currently recording: true
[1199.14] EOSGameClips: EOSGameClips: Starting background recording: API Version 2, Clip Duration 30
[1201.51] EOSVoice: Recording stopped for room: VRT_Party
[1201.81] PsyNet: PsyNetChannel_X_0 party:2uuPQ5vF receive message MessageID=97
[1201.81] PsyNet: PsyNetChannel_X_0 party:2uuPQ5vF executing MessageID=97
[1201.81] Party: HandleLobbyReceiveBinaryData LobbyUID=PsyNet-2uuPQ5vF MemberIndex=0 PlayerUID=PS4|785668489479049324|0 Message=PartyMessage_CurrentVoiceRoom_TA
[1201.82] PsyNet: PsyNetServiceProvider_X_1 ExecuteService Complete, Service=Party/System 
[1208.07] XPProgression: GFxHUD_TA.HandleGameStateChanged Current player match score = 380, UniqueId=(Epic|8818b4dba79a43d18b986f46e4d00392|0), with total match time = 362.4164 seconds, with total net time = 362.4164seconds
[1208.07] Party: Ranked Game Finished, Clear party member server
[1208.07] RankedReconnect: RankedReconnectSave_TA_0.ClearRankedReconnect()
[1208.35] PartyChallenge: UpdateChallengeProgressForCompetitive bChallengesComplete=(True) ChallengeState=(Challenge_Success) bChallengeSync=(True) bChallengesAreValid=(True) bLegacyPlayer=(False) bGuestAccount=(False) Online_X.UniqueNetIDToString(Manager.Outer.PlayerID)=(Epic|8818b4dba79a43d18b986f46e4d00392|0) Complete
[1208.35] PsyNet: PsyNetServiceProvider_X_1 ExecuteService Complete, Service=Challenges/PlayerProgress 
[1208.38] XPProgression: SaveData_TA.HandleRewardDropNotification PsyNetService_RewardDropReceived_TA returned Total XP Earned = 2542.0000, in match with ID = 4305657E11F12DAE11E95C8393B724A9 , Current player match score = 380, UniqueId=(Epic|8818b4dba79a43d18b986f46e4d00392|0), with total match time = 362.4164 seconds, with total net time = 362.4164seconds
[1208.38] PartyChallenge: UpdateXPLevelForPlayer InPlayerId=(Epic|8818b4dba79a43d18b986f46e4d00392|0) InXPLevel=(342)
[1208.39] PsyNet: PsyNetServiceProvider_X_1 ExecuteService Complete, Service=Reward/RewardResult 
[1208.72] PsyNet: PsyNetChannel_X_0 party:2uuPQ5vF receive message MessageID=98
[1208.72] PsyNet: PsyNetChannel_X_0 party:2uuPQ5vF executing MessageID=98
[1208.73] PsyNet: PsyNetServiceProvider_X_1 ExecuteService Complete, Service=Party/System 
[1208.92] DevOnline: PlayerDataStorage_WriteFile: Beginning to upload file. User=(8818b4dba79a43d18b986f46e4d00392) FileName=(RLSettingsData)
[1209.06] EOSGameClips: EOSGameClips: Starting background recording: API Version 2, Clip Duration 30
[1210.07] DevOnline: PlayerDataStorage_WriteFile: File upload complete. User=(8818b4dba79a43d18b986f46e4d00392) FileName=(RLSettingsData) Success=(1)
[1210.07] SettingsExport: Settings data upload complete. Success: True
[1210.39] EOSVoice: Recording started for room: VRT_Party
[1210.72] PsyNet: PsyNetChannel_X_0 party:2uuPQ5vF receive message MessageID=99
[1210.72] PsyNet: PsyNetChannel_X_0 party:2uuPQ5vF executing MessageID=99
[1210.72] Party: HandleLobbyReceiveBinaryData LobbyUID=PsyNet-2uuPQ5vF MemberIndex=0 PlayerUID=PS4|785668489479049324|0 Message=PartyMessage_CurrentVoiceRoom_TA
[1210.73] PsyNet: PsyNetServiceProvider_X_1 ExecuteService Complete, Service=Party/System 
[1211.05] XPProgression: GFxHUD_TA.HandleGameStateChanged Current player match score = 380, UniqueId=(Epic|8818b4dba79a43d18b986f46e4d00392|0), with total match time = 362.4164 seconds, with total net time = 362.4164seconds
[1211.05] Party: Ranked Game Finished, Clear party member server
[1211.05] RankedReconnect: RankedReconnectSave_TA_0.ClearRankedReconnect()
[1212.04] EOSGameClips: EOSGameClips: Starting background recording: API Version 2, Clip Duration 30
[1212.23] PsyNet: PsyNetChannel_X_0 party:2uuPQ5vF receive message MessageID=100
[1212.23] PsyNet: PsyNetChannel_X_0 party:2uuPQ5vF executing MessageID=100
[1212.23] Party: HandleLobbyReceiveBinaryData LobbyUID=PsyNet-2uuPQ5vF MemberIndex=0 PlayerUID=PS4|785668489479049324|0 Message=PartyMessage_SearchStatus_X
[1212.23] Party: HandleSearchStatus StatusMessage.SearchState=(Searching) StatusMessage.bIsSearching=(True)
[1212.24] PsyNet: PsyNetServiceProvider_X_1 ExecuteService Complete, Service=Party/System 
[1213.93] PsyNet: PsyNetChannel_X_0 party:2uuPQ5vF receive message MessageID=101
[1213.93] PsyNet: PsyNetChannel_X_0 party:2uuPQ5vF executing MessageID=101
[1213.93] Party: HandleLobbyReceiveBinaryData LobbyUID=PsyNet-2uuPQ5vF MemberIndex=0 PlayerUID=PS4|785668489479049324|0 Message=PartyMessage_SearchStatus_X
[1213.93] Party: HandleSearchStatus StatusMessage.SearchState=(Searching) StatusMessage.bIsSearching=(True)
[1213.94] PsyNet: PsyNetServiceProvider_X_1 ExecuteService Complete, Service=Party/System 
[1216.08] PsyNetStaticData: HandleCacheExpired
[1216.08] PsyNetStaticData: UpdateCacheTimerEnabled CacheTimer.bEnabled=(True)
[1216.08] XPProgression: GFxHUD_TA.HandleGameStateChanged Current player match score = 380, UniqueId=(Epic|8818b4dba79a43d18b986f46e4d00392|0), with total match time = 362.4164 seconds, with total net time = 362.4164seconds
[1216.08] Party: Ranked Game Finished, Clear party member server
[1216.08] RankedReconnect: RankedReconnectSave_TA_0.ClearRankedReconnect()
[1216.10] Online: TryToPlayOnline ControllerID=(-1)
[1216.10] Online: HandlePrivilegeCheckFinished PrivilegeCheck.bHasRestriction=(False)
[1216.11] Online: HandlePrivilegeCheck PrivilegeCheck.bHasRestriction=(False)
[1216.11] EOSGameClips: EOSGameClips: Recording changed from Recording to NotRecording.
[1216.11] DevOnline: WebRequest_X_62 SEND: https://config.psynet.gg/v2/Config/BattleCars/1210528741/Prod/Epic/INT/
[1216.19] Log: FSaveDataExportTask(0) wrote 1061112 bytes to memory
[1216.19] Log: SaveGameDataAsync game thread time: 8 ms
[1216.21] Log: Deleting old save file ..\..\TAGame\SaveDataEpic\DBE_Production\8818b4dba79a43d18b986f46e4d00392_1.save
[1216.21] Log: SaveDataExport(0): Finished - File:[..\..\TAGame\SaveDataEpic\DBE_Production\8818b4dba79a43d18b986f46e4d00392.save] Result:[1]
[1216.21] DevOnline: WebRequest_X_62 RECV: 304 
[1216.22] SettingsExport: CreateSnapshot Metadata {"userId":"Epic|8818b4dba79a43d18b986f46e4d00392|0","platformKey":"Epic","schemaVersion":0,"clientVersion":1532151,"timestampUtc":1775036673,"settingsVersion":7974,"checksum":-461634433 Payload Size  97006
[1216.22] SettingsExport: Payload changed. Notifying new Checksum: -461634433
[1216.22] SettingsExport: Local settings updated, uploading data
[1216.28] DevOnline: EOSSDK-LogEOSGameClips: Missing encoder drain completed message.
[1216.72] PsyNetBeaconDetail_X: PsyNetBeacon_X_0 ReserveConnection ReservationID=(B0858D15FD664FCAA106B19C9E464EEC) ConnectionID=(eyJ0eXAiOiJKV1QiLCJhbGciOiJIUzUxMiJ9.eyJqdGkiOiJlMzg1NjQyNjQ5Mjc0MjMyOTY3NGVmNzg3NTA0ZDM5OCIsImlzcyI6IlBzeU5ldCIsInBsYXllcl9pZCI6IkVwaWN8ODgxOGI0ZGJhNzlhNDNkMThiOTg2ZjQ2ZTRkMDAzOTJ8MCIsInNlcnZlcl9uYW1lIjoiRVU3LTAxMDQ4NEY1RjMxRTFDNjAyLUJvbGlkZTMiLCJpYXQiOjE3NzUwMzY2NzMsIm5iZiI6MTc3NTAzNjY3MywiZXhwIjoxNzc1MDUxMDczfQ.AvPdM9uG1Yk2rK11Y8-exN97eg4RUFI7Wm0WXUd7Bz8QZUD8FYWRWaKx9mLNGrehc5Kdc8By_ekGcKMcWqtM4Q)
[1216.72] PsyNetBeaconDetail_X: PsyNetBeacon_X_0 ClientHandleMessage Message.MessageType=(ClientReservationMessage_X) Message.ReservationID=(B0858D15FD664FCAA106B19C9E464EEC)
[1216.72] Party: Received game server from notification (v3) Message.Reservation=((ServerName="EU7-010484F5F31E1C602-Bolide3",Playlist=11,Region="EU",ReservationID="B0858D15FD664FCAA106B19C9E464EEC",DSRToken="eyJ0eXAiOiJKV1QiLCJhbGciOiJIUzUxMiJ9.eyJqdGkiOiJlMzg1NjQyNjQ5Mjc0MjMyOTY3NGVmNzg3NTA0ZDM5OCIsImlzcyI6IlBzeU5ldCIsInBsYXllcl9pZCI6IkVwaWN8ODgxOGI0ZGJhNzlhNDNkMThiOTg2ZjQ2ZTRkMDAzOTJ8MCIsInNlcnZlcl9uYW1lIjoiRVU3LTAxMDQ4NEY1RjMxRTFDNjAyLUJvbGlkZTMiLCJpYXQiOjE3NzUwMzY2NzMsIm5iZiI6MTc3NTAzNjY3MywiZXhwIjoxNzc1MDUxMDczfQ.AvPdM9uG1Yk2rK11Y8-exN97eg4RUFI7Wm0WXUd7Bz8QZUD8FYWRWaKx9mLNGrehc5Kdc8By_ekGcKMcWqtM4Q",JoinName="KZWIGGUM1K3E6W16",JoinPassword="UEP89BE502BV6RNG"))
[1216.73] JoinGame: StartJoin Reservation=((ServerName="EU7-010484F5F31E1C602-Bolide3",Playlist=11,Region="EU",ReservationID="B0858D15FD664FCAA106B19C9E464EEC",DSRToken="eyJ0eXAiOiJKV1QiLCJhbGciOiJIUzUxMiJ9.eyJqdGkiOiJlMzg1NjQyNjQ5Mjc0MjMyOTY3NGVmNzg3NTA0ZDM5OCIsImlzcyI6IlBzeU5ldCIsInBsYXllcl9pZCI6IkVwaWN8ODgxOGI0ZGJhNzlhNDNkMThiOTg2ZjQ2ZTRkMDAzOTJ8MCIsInNlcnZlcl9uYW1lIjoiRVU3LTAxMDQ4NEY1RjMxRTFDNjAyLUJvbGlkZTMiLCJpYXQiOjE3NzUwMzY2NzMsIm5iZiI6MTc3NTAzNjY3MywiZXhwIjoxNzc1MDUxMDczfQ.AvPdM9uG1Yk2rK11Y8-exN97eg4RUFI7Wm0WXUd7Bz8QZUD8FYWRWaKx9mLNGrehc5Kdc8By_ekGcKMcWqtM4Q",JoinName="KZWIGGUM1K3E6W16",JoinPassword="UEP89BE502BV6RNG")) JoinSettings=((PlaylistId=11,Password="UEP89BE502BV6RNG"))
[1216.73] JoinGame: GotoJoinGameState OnlineGameJoinGame_TA -> VerifyPrivileges
[1216.73] Online: TryToPlayOnline ControllerID=(-1)
[1216.73] PsyNet: PsyNetServiceProvider_X_1 ExecuteService Complete, Service=DSR/ClientMessage 
[1216.73] Online: HandlePrivilegeCheckFinished PrivilegeCheck.bHasRestriction=(False)
[1216.73] JoinGame: GotoJoinGameState VerifyPrivileges -> ReservingServerForMatchmaking
[1216.73] PsyNetBeaconDetail_X: PsyNetBeacon_X_0 SendMessageToServer Message=(AddReservationMessagePublic_X_4)
[1217.13] PsyNet: PsyNetChannel_X_0 party:2uuPQ5vF receive message MessageID=102
[1217.13] PsyNet: PsyNetChannel_X_0 party:2uuPQ5vF executing MessageID=102
[1217.13] Party: HandleLobbyReceiveBinaryData LobbyUID=PsyNet-2uuPQ5vF MemberIndex=0 PlayerUID=PS4|785668489479049324|0 Message=PartyMessage_SearchStatus_X
[1217.13] Party: HandleSearchStatus StatusMessage.SearchState=(Joining) StatusMessage.bIsSearching=(True)
[1217.14] PsyNet: PsyNetServiceProvider_X_1 ExecuteService Complete, Service=Party/System 
[1217.27] PsyNetBeaconDetail_X: PsyNetBeacon_X_0 ClientHandleMessage Message.MessageType=(ReservationsWaitingMessage_X) Message.ReservationID=(B0858D15FD664FCAA106B19C9E464EEC)
[1217.27] JoinGame: Waiting for more players to add reservations
[1217.27] Party: HandleServerReserved (Reservation=(ServerName="EU7-010484F5F31E1C602-Bolide3",Playlist=11,Region="EU",ReservationID="B0858D15FD664FCAA106B19C9E464EEC",DSRToken="eyJ0eXAiOiJKV1QiLCJhbGciOiJIUzUxMiJ9.eyJqdGkiOiJlMzg1NjQyNjQ5Mjc0MjMyOTY3NGVmNzg3NTA0ZDM5OCIsImlzcyI6IlBzeU5ldCIsInBsYXllcl9pZCI6IkVwaWN8ODgxOGI0ZGJhNzlhNDNkMThiOTg2ZjQ2ZTRkMDAzOTJ8MCIsInNlcnZlcl9uYW1lIjoiRVU3LTAxMDQ4NEY1RjMxRTFDNjAyLUJvbGlkZTMiLCJpYXQiOjE3NzUwMzY2NzMsIm5iZiI6MTc3NTAzNjY3MywiZXhwIjoxNzc1MDUxMDczfQ.AvPdM9uG1Yk2rK11Y8-exN97eg4RUFI7Wm0WXUd7Bz8QZUD8FYWRWaKx9mLNGrehc5Kdc8By_ekGcKMcWqtM4Q",JoinName="KZWIGGUM1K3E6W16",JoinPassword="UEP89BE502BV6RNG"),JoinCredentials="KZWIGGUM1K3E6W16:UEP89BE502BV6RNG")
[1217.28] PsyNet: PsyNetServiceProvider_X_1 ExecuteService Complete, Service=DSR/ClientMessage 
[1217.49] PsyNet: PsyNetChannel_X_0 party:2uuPQ5vF receive message MessageID=103
[1217.49] PsyNet: PsyNetChannel_X_0 party:2uuPQ5vF executing MessageID=103
[1217.49] Party: HandleLobbyReceiveBinaryData LobbyUID=PsyNet-2uuPQ5vF MemberIndex=0 PlayerUID=PS4|785668489479049324|0 Message=PartyMessage_JoinGame_X
[1217.49] Party: HandlePartyJoinGame MatchSettings=((ServerName="EU7-010484F5F31E1C602-Bolide3",PlaylistId=11,CustomPassword="UEP89BE502BV6RNG",ReservationID="B0858D15FD664FCAA106B19C9E464EEC",JoinName="KZWIGGUM1K3E6W16",JoinPassword="UEP89BE502BV6RNG"))
[1217.50] PsyNet: PsyNetServiceProvider_X_1 ExecuteService Complete, Service=Party/System 
[1219.72] PsyNetBeaconDetail_X: PsyNetBeacon_X_0 SendMessageToServer Message=(PingMessage_X_6)
[1220.09] PsyNetBeaconDetail_X: PsyNetBeacon_X_0 ClientHandleMessage Message.MessageType=(PingMessage_X) Message.ReservationID=(B0858D15FD664FCAA106B19C9E464EEC)
[1220.10] PsyNet: PsyNetServiceProvider_X_1 ExecuteService Complete, Service=DSR/ClientMessage 
[1222.20] DevOnline: WebRequest_X_63 SEND: https://datarouter.ol.epicgames.com/datarouter/api/v1/public/data?AppID=RocketLeague.Release&AppVersion=1210528741&AppEnvironment=Prod&UploadType=eteventstream&UserID=|8818b4dba79a43d18b986f46e4d00392|||Epic|8818b4dba79a43d18b986f46e4d00392|0&SessionID=7ED88ADF457E5D0E09C349A06FC64359
[1222.31] DevOnline: WebRequest_X_63 RECV: 204 
[1222.72] PsyNetBeaconDetail_X: PsyNetBeacon_X_0 SendMessageToServer Message=(PingMessage_X_8)
[1223.10] PsyNetBeaconDetail_X: PsyNetBeacon_X_0 ClientHandleMessage Message.MessageType=(PingMessage_X) Message.ReservationID=(B0858D15FD664FCAA106B19C9E464EEC)
[1223.10] PsyNet: PsyNetServiceProvider_X_1 ExecuteService Complete, Service=DSR/ClientMessage 
[1225.72] PsyNetBeaconDetail_X: PsyNetBeacon_X_0 SendMessageToServer Message=(PingMessage_X_10)
[1226.12] PsyNetBeaconDetail_X: PsyNetBeacon_X_0 ClientHandleMessage Message.MessageType=(PingMessage_X) Message.ReservationID=(B0858D15FD664FCAA106B19C9E464EEC)
[1226.13] PsyNet: PsyNetServiceProvider_X_1 ExecuteService Complete, Service=DSR/ClientMessage 
[1228.72] PsyNetBeaconDetail_X: PsyNetBeacon_X_0 SendMessageToServer Message=(PingMessage_X_12)
[1229.09] PsyNetBeaconDetail_X: PsyNetBeacon_X_0 ClientHandleMessage Message.MessageType=(PingMessage_X) Message.ReservationID=(B0858D15FD664FCAA106B19C9E464EEC)
[1229.10] PsyNet: PsyNetServiceProvider_X_1 ExecuteService Complete, Service=DSR/ClientMessage 
[1231.04] PsyNet: PsyNetChannel_X_0 party:2uuPQ5vF receive message MessageID=104
[1231.04] PsyNet: PsyNetChannel_X_0 party:2uuPQ5vF executing MessageID=104
[1231.04] Party: HandleLobbyReceiveBinaryData LobbyUID=PsyNet-2uuPQ5vF MemberIndex=0 PlayerUID=PS4|785668489479049324|0 Message=PartyMessage_PartyMemberJoinGame_X
[1231.04] Party: Ranked Game Finished, Clear party member server
[1231.05] PsyNet: PsyNetServiceProvider_X_1 ExecuteService Complete, Service=Party/System 
[1231.06] PsyNet: PsyNetChannel_X_0 party:2uuPQ5vF receive message MessageID=105
[1231.06] PsyNet: PsyNetChannel_X_0 party:2uuPQ5vF executing MessageID=105
[1231.06] Party: HandleLobbyReceiveBinaryData LobbyUID=PsyNet-2uuPQ5vF MemberIndex=0 PlayerUID=PS4|785668489479049324|0 Message=PartyMessage_JoinGame_X
[1231.06] Party: HandlePartyJoinGame MatchSettings=()
[1231.06] PsyNet: PsyNetServiceProvider_X_1 ExecuteService Complete, Service=Party/System 
[1231.07] PsyNetBeaconDetail_X: PsyNetBeacon_X_0 ClientHandleMessage Message.MessageType=(CancelJoinMessage_X) Message.ReservationID=(B0858D15FD664FCAA106B19C9E464EEC)
[1231.07] JoinGame: Another player canceled
[1231.07] JoinGame: OnJoinGameComplete bSuccess=(False) FailReason=(Another player canceled. (Error: 92))
[1231.07] JoinGame: GotoJoinGameState ReservingServerForMatchmaking -> None
[1231.07] PsyNetBeaconDetail_X: PsyNetBeacon_X_0 Close
[1231.07] PsyNetBeaconDetail_X: PsyNetBeacon_X_0 CloseConnection Connection.ConnectionID=(eyJ0eXAiOiJKV1QiLCJhbGciOiJIUzUxMiJ9.eyJqdGkiOiJlMzg1NjQyNjQ5Mjc0MjMyOTY3NGVmNzg3NTA0ZDM5OCIsImlzcyI6IlBzeU5ldCIsInBsYXllcl9pZCI6IkVwaWN8ODgxOGI0ZGJhNzlhNDNkMThiOTg2ZjQ2ZTRkMDAzOTJ8MCIsInNlcnZlcl9uYW1lIjoiRVU3LTAxMDQ4NEY1RjMxRTFDNjAyLUJvbGlkZTMiLCJpYXQiOjE3NzUwMzY2NzMsIm5iZiI6MTc3NTAzNjY3MywiZXhwIjoxNzc1MDUxMDczfQ.AvPdM9uG1Yk2rK11Y8-exN97eg4RUFI7Wm0WXUd7Bz8QZUD8FYWRWaKx9mLNGrehc5Kdc8By_ekGcKMcWqtM4Q)
[1231.08] PsyNet: PsyNetServiceProvider_X_1 ExecuteService Complete, Service=DSR/ClientMessage 
[1231.08] PsyNet: PsyNetChannel_X_0 party:2uuPQ5vF receive message MessageID=106
[1231.08] PsyNet: PsyNetChannel_X_0 party:2uuPQ5vF executing MessageID=106
[1231.08] Party: HandleLobbyReceiveBinaryData LobbyUID=PsyNet-2uuPQ5vF MemberIndex=0 PlayerUID=PS4|785668489479049324|0 Message=PartyMessage_SearchStatus_X
[1231.08] Party: HandleSearchStatus StatusMessage.SearchState=(OnlineGameMatchmaking_X) StatusMessage.bIsSearching=(False)
[1231.09] PsyNet: PsyNetServiceProvider_X_1 ExecuteService Complete, Service=Party/System 
[1231.42] PsyNet: PsyNetChannel_X_0 party:2uuPQ5vF receive message MessageID=107
[1231.42] PsyNet: PsyNetChannel_X_0 party:2uuPQ5vF executing MessageID=107
[1231.43] PsyNet: PsyNetServiceProvider_X_1 ExecuteService Complete, Service=Party/System 
[1232.11] PsyNetBeacon_X: PsyNetBeacon_X_0 ClientHandleMessage received message from a server that we don't have a ReservationID for. Message.MessageType=(ReservationsTimedOutMessage_X) Message.ReservationID=(B0858D15FD664FCAA106B19C9E464EEC)
[1232.11] PsyNet: PsyNetServiceProvider_X_1 ExecuteService Complete, Service=DSR/ClientMessage 
[1233.48] PsyNet: PsyNetChannel_X_0 party:2uuPQ5vF receive message MessageID=108
[1233.48] PsyNet: PsyNetChannel_X_0 party:2uuPQ5vF executing MessageID=108
[1233.48] Party: HandleLobbyReceiveBinaryData LobbyUID=PsyNet-2uuPQ5vF MemberIndex=0 PlayerUID=PS4|785668489479049324|0 Message=PartyMessage_SearchStatus_X
[1233.48] Party: HandleSearchStatus StatusMessage.SearchState=(Searching) StatusMessage.bIsSearching=(True)
[1233.49] PsyNet: PsyNetServiceProvider_X_1 ExecuteService Complete, Service=Party/System 
[1239.13] PsyNet: PsyNetChannel_X_0 party:2uuPQ5vF receive message MessageID=109
[1239.13] PsyNet: PsyNetChannel_X_0 party:2uuPQ5vF executing MessageID=109
[1239.13] Party: HandleLobbyReceiveBinaryData LobbyUID=PsyNet-2uuPQ5vF MemberIndex=0 PlayerUID=PS4|785668489479049324|0 Message=PartyMessage_PartyMemberJoinGame_X
[1239.13] Party: Ranked Game Finished, Clear party member server
[1239.14] PsyNet: PsyNetServiceProvider_X_1 ExecuteService Complete, Service=Party/System 
[1239.15] PsyNet: PsyNetChannel_X_0 party:2uuPQ5vF receive message MessageID=110
[1239.15] PsyNet: PsyNetChannel_X_0 party:2uuPQ5vF executing MessageID=110
[1239.15] Party: HandleLobbyReceiveBinaryData LobbyUID=PsyNet-2uuPQ5vF MemberIndex=0 PlayerUID=PS4|785668489479049324|0 Message=PartyMessage_MatchmakingAvailability_X
[1239.15] Party: SetAvailableForMatchmakingForMember PartyMemberID:'PS4|785668489479049324|0' MatchmakeRestrictions=(0)
[1239.16] PsyNet: PsyNetServiceProvider_X_1 ExecuteService Complete, Service=Party/System 
[1239.22] DevOnline: PlayerDataStorage_WriteFile: Beginning to upload file. User=(8818b4dba79a43d18b986f46e4d00392) FileName=(RLSettingsData)
[1239.75] DevOnline: PlayerDataStorage_WriteFile: Beginning to upload file. User=(8818b4dba79a43d18b986f46e4d00392) FileName=(RLSaveData)
[1240.09] DevOnline: PlayerDataStorage_WriteFile: File upload complete. User=(8818b4dba79a43d18b986f46e4d00392) FileName=(RLSettingsData) Success=(1)
[1240.09] SettingsExport: Settings data upload complete. Success: True
[1240.79] DevOnline: PlayerDataStorage_WriteFile: File upload complete. User=(8818b4dba79a43d18b986f46e4d00392) FileName=(RLSaveData) Success=(1)
[1241.64] PsyNetBeaconDetail_X: PsyNetBeacon_X_0 ReserveConnection ReservationID=(46C0EC7E4461406AA47A70729F4CF737) ConnectionID=(eyJ0eXAiOiJKV1QiLCJhbGciOiJIUzUxMiJ9.eyJqdGkiOiJhZDJlMDRkOTE1MWM0OGYzYTkyZjVmNjA3ZjA5ZDQ3YyIsImlzcyI6IlBzeU5ldCIsInBsYXllcl9pZCI6IkVwaWN8ODgxOGI0ZGJhNzlhNDNkMThiOTg2ZjQ2ZTRkMDAzOTJ8MCIsInNlcnZlcl9uYW1lIjoiRVU3LTBCMjJCQ0I5OUJEQ0YyMTg3LUNoaW1hZXJhNCIsImlhdCI6MTc3NTAzNjY5OCwibmJmIjoxNzc1MDM2Njk4LCJleHAiOjE3NzUwNTEwOTh9.R579_1eBfzK04tdJr3GOiQ2EtRrN6TIQ7a2HKNJ0wTpoZkbf2t8bEb56MMPUMFUPR-ZJ_8P15t_7J938THf_EA)
[1241.64] PsyNetBeaconDetail_X: PsyNetBeacon_X_0 ClientHandleMessage Message.MessageType=(ClientReservationMessage_X) Message.ReservationID=(46C0EC7E4461406AA47A70729F4CF737)
[1241.64] Party: Received game server from notification (v3) Message.Reservation=((ServerName="EU7-0B22BCB99BDCF2187-Chimaera4",Playlist=11,Region="EU",ReservationID="46C0EC7E4461406AA47A70729F4CF737",DSRToken="eyJ0eXAiOiJKV1QiLCJhbGciOiJIUzUxMiJ9.eyJqdGkiOiJhZDJlMDRkOTE1MWM0OGYzYTkyZjVmNjA3ZjA5ZDQ3YyIsImlzcyI6IlBzeU5ldCIsInBsYXllcl9pZCI6IkVwaWN8ODgxOGI0ZGJhNzlhNDNkMThiOTg2ZjQ2ZTRkMDAzOTJ8MCIsInNlcnZlcl9uYW1lIjoiRVU3LTBCMjJCQ0I5OUJEQ0YyMTg3LUNoaW1hZXJhNCIsImlhdCI6MTc3NTAzNjY5OCwibmJmIjoxNzc1MDM2Njk4LCJleHAiOjE3NzUwNTEwOTh9.R579_1eBfzK04tdJr3GOiQ2EtRrN6TIQ7a2HKNJ0wTpoZkbf2t8bEb56MMPUMFUPR-ZJ_8P15t_7J938THf_EA",JoinName="BZLZIXGLA3E10MX0",JoinPassword="R40UM0AZG3Q53HE5"))
[1241.65] JoinGame: StartJoin Reservation=((ServerName="EU7-0B22BCB99BDCF2187-Chimaera4",Playlist=11,Region="EU",ReservationID="46C0EC7E4461406AA47A70729F4CF737",DSRToken="eyJ0eXAiOiJKV1QiLCJhbGciOiJIUzUxMiJ9.eyJqdGkiOiJhZDJlMDRkOTE1MWM0OGYzYTkyZjVmNjA3ZjA5ZDQ3YyIsImlzcyI6IlBzeU5ldCIsInBsYXllcl9pZCI6IkVwaWN8ODgxOGI0ZGJhNzlhNDNkMThiOTg2ZjQ2ZTRkMDAzOTJ8MCIsInNlcnZlcl9uYW1lIjoiRVU3LTBCMjJCQ0I5OUJEQ0YyMTg3LUNoaW1hZXJhNCIsImlhdCI6MTc3NTAzNjY5OCwibmJmIjoxNzc1MDM2Njk4LCJleHAiOjE3NzUwNTEwOTh9.R579_1eBfzK04tdJr3GOiQ2EtRrN6TIQ7a2HKNJ0wTpoZkbf2t8bEb56MMPUMFUPR-ZJ_8P15t_7J938THf_EA",JoinName="BZLZIXGLA3E10MX0",JoinPassword="R40UM0AZG3Q53HE5")) JoinSettings=((PlaylistId=11,Password="R40UM0AZG3Q53HE5"))
[1241.65] JoinGame: GotoJoinGameState OnlineGameJoinGame_TA -> VerifyPrivileges
[1241.65] Online: TryToPlayOnline ControllerID=(-1)
[1241.65] PsyNet: PsyNetServiceProvider_X_1 ExecuteService Complete, Service=DSR/ClientMessage 
[1241.65] Online: HandlePrivilegeCheckFinished PrivilegeCheck.bHasRestriction=(False)
[1241.65] JoinGame: GotoJoinGameState VerifyPrivileges -> ReservingServerForMatchmaking
[1241.65] PsyNetBeaconDetail_X: PsyNetBeacon_X_0 SendMessageToServer Message=(AddReservationMessagePublic_X_5)
[1242.04] PsyNet: PsyNetChannel_X_0 party:2uuPQ5vF receive message MessageID=111
[1242.04] PsyNet: PsyNetChannel_X_0 party:2uuPQ5vF executing MessageID=111
[1242.04] Party: HandleLobbyReceiveBinaryData LobbyUID=PsyNet-2uuPQ5vF MemberIndex=0 PlayerUID=PS4|785668489479049324|0 Message=PartyMessage_SearchStatus_X
[1242.04] Party: HandleSearchStatus StatusMessage.SearchState=(Joining) StatusMessage.bIsSearching=(True)
[1242.05] PsyNet: PsyNetServiceProvider_X_1 ExecuteService Complete, Service=Party/System 
[1242.40] PsyNet: PsyNetChannel_X_0 party:2uuPQ5vF receive message MessageID=112
[1242.40] PsyNet: PsyNetChannel_X_0 party:2uuPQ5vF executing MessageID=112
[1242.40] Party: HandleLobbyReceiveBinaryData LobbyUID=PsyNet-2uuPQ5vF MemberIndex=0 PlayerUID=PS4|785668489479049324|0 Message=PartyMessage_JoinGame_X
[1242.40] Party: HandlePartyJoinGame MatchSettings=((ServerName="EU7-0B22BCB99BDCF2187-Chimaera4",PlaylistId=11,CustomPassword="R40UM0AZG3Q53HE5",ReservationID="46C0EC7E4461406AA47A70729F4CF737",JoinName="BZLZIXGLA3E10MX0",JoinPassword="R40UM0AZG3Q53HE5"))
[1242.41] PsyNet: PsyNetServiceProvider_X_1 ExecuteService Complete, Service=Party/System 
[1243.01] PsyNetBeaconDetail_X: PsyNetBeacon_X_0 ClientHandleMessage Message.MessageType=(ReservationsReadyMessage_X) Message.ReservationID=(46C0EC7E4461406AA47A70729F4CF737)
[1243.01] Party: HandleServerReserved (Reservation=(ServerName="EU7-0B22BCB99BDCF2187-Chimaera4",Playlist=11,Region="EU",ReservationID="46C0EC7E4461406AA47A70729F4CF737",DSRToken="eyJ0eXAiOiJKV1QiLCJhbGciOiJIUzUxMiJ9.eyJqdGkiOiJhZDJlMDRkOTE1MWM0OGYzYTkyZjVmNjA3ZjA5ZDQ3YyIsImlzcyI6IlBzeU5ldCIsInBsYXllcl9pZCI6IkVwaWN8ODgxOGI0ZGJhNzlhNDNkMThiOTg2ZjQ2ZTRkMDAzOTJ8MCIsInNlcnZlcl9uYW1lIjoiRVU3LTBCMjJCQ0I5OUJEQ0YyMTg3LUNoaW1hZXJhNCIsImlhdCI6MTc3NTAzNjY5OCwibmJmIjoxNzc1MDM2Njk4LCJleHAiOjE3NzUwNTEwOTh9.R579_1eBfzK04tdJr3GOiQ2EtRrN6TIQ7a2HKNJ0wTpoZkbf2t8bEb56MMPUMFUPR-ZJ_8P15t_7J938THf_EA",JoinName="BZLZIXGLA3E10MX0",JoinPassword="R40UM0AZG3Q53HE5"),PingURL="18.133.99.139:8195",GameURL="18.133.99.139:8194",JoinCredentials="BZLZIXGLA3E10MX0:R40UM0AZG3Q53HE5")
[1243.01] JoinGame: GotoJoinGameState ReservingServerForMatchmaking -> JoinCountdown
[1243.01] PsyNetBeaconDetail_X: PsyNetBeacon_X_0 SendMessageToServer Message=(PingMessage_X_14)
[1243.02] PsyNet: PsyNetServiceProvider_X_1 ExecuteService Complete, Service=DSR/ClientMessage 
[1243.33] PsyNetBeaconDetail_X: PsyNetBeacon_X_0 ClientHandleMessage Message.MessageType=(PingMessage_X) Message.ReservationID=(46C0EC7E4461406AA47A70729F4CF737)
[1243.33] PsyNet: PsyNetServiceProvider_X_1 ExecuteService Complete, Service=DSR/ClientMessage 
[1243.33] PsyNet: PsyNetChannel_X_0 party:2uuPQ5vF receive message MessageID=113
[1243.34] PsyNet: PsyNetChannel_X_0 party:2uuPQ5vF executing MessageID=113
[1243.34] Party: HandleLobbyReceiveBinaryData LobbyUID=PsyNet-2uuPQ5vF MemberIndex=0 PlayerUID=PS4|785668489479049324|0 Message=PartyMessage_JoinGame_X
[1243.34] Party: HandlePartyJoinGame MatchSettings=((ServerName="EU7-0B22BCB99BDCF2187-Chimaera4",PlaylistId=11,CustomPassword="R40UM0AZG3Q53HE5",ReservationID="46C0EC7E4461406AA47A70729F4CF737",JoinName="BZLZIXGLA3E10MX0",JoinPassword="R40UM0AZG3Q53HE5"))
[1243.34] PsyNet: PsyNetServiceProvider_X_1 ExecuteService Complete, Service=Party/System 
[1246.01] JoinGame: GotoJoinGameState JoinCountdown -> OpeningLoadingScreen
[1246.01] RankedReconnect: OnlineGameJoinGame_TA_0::OpeningLoadingScreen.BeginState()
[1246.01] RankedReconnect: LocalPlayer_TA_0.UpdateRankedReconnect() RankedTeamDoubles True 4 False
[1246.01] RankedReconnect: RankedReconnectSave_TA_0.SetRankedReconnect() Server=((Reservation=(ServerName="EU7-0B22BCB99BDCF2187-Chimaera4",Playlist=11,Region="EU",ReservationID="46C0EC7E4461406AA47A70729F4CF737",DSRToken="eyJ0eXAiOiJKV1QiLCJhbGciOiJIUzUxMiJ9.eyJqdGkiOiJhZDJlMDRkOTE1MWM0OGYzYTkyZjVmNjA3ZjA5ZDQ3YyIsImlzcyI6IlBzeU5ldCIsInBsYXllcl9pZCI6IkVwaWN8ODgxOGI0ZGJhNzlhNDNkMThiOTg2ZjQ2ZTRkMDAzOTJ8MCIsInNlcnZlcl9uYW1lIjoiRVU3LTBCMjJCQ0I5OUJEQ0YyMTg3LUNoaW1hZXJhNCIsImlhdCI6MTc3NTAzNjY5OCwibmJmIjoxNzc1MDM2Njk4LCJleHAiOjE3NzUwNTEwOTh9.R579_1eBfzK04tdJr3GOiQ2EtRrN6TIQ7a2HKNJ0wTpoZkbf2t8bEb56MMPUMFUPR-ZJ_8P15t_7J938THf_EA",JoinName="BZLZIXGLA3E10MX0",JoinPassword="R40UM0AZG3Q53HE5"),PingURL="18.133.99.139:8195",GameURL="18.133.99.139:8194",JoinCredentials="BZLZIXGLA3E10MX0:R40UM0AZG3Q53HE5")) EpochNow=(1775036703)
[1246.01] DevNet: Browse: JoinGameTransition?Name=%e6%bc%a2+%e9%be%8d+%e7%8e%8b+%e7%a5%9e+%e9%97%87%e6%bc%a2+%e9%be%8d+%e7%8e%8b+%e7%a5%9e?game=TAGame.GameInfo_Transition_TA
[1246.07] Log: FSaveDataExportTask(0) wrote 1062041 bytes to memory
[1246.07] Log: SaveGameDataAsync game thread time: 8 ms
[1246.08] Log: LoadMap: JoinGameTransition?Name=%e6%bc%a2+%e9%be%8d+%e7%8e%8b+%e7%a5%9e+%e9%97%87%e6%bc%a2+%e9%be%8d+%e7%8e%8b+%e7%a5%9e?game=TAGame.GameInfo_Transition_TA
[1246.08] Spawn: TextChatActor_TA_6 Destroyed
[1246.08] EOSGameClips: ShutDown : Shutting down EOSGameClipsController_TA. Self=(EOSGameClipsController_TA_4) PlayerOwner?.GetUniqueNetId()=(Epic|8818b4dba79a43d18b986f46e4d00392|0)
[1246.08] Spawn: TextChatActor_TA_7 Destroyed
[1246.08] Spawn: TextChatActor_TA_8 Destroyed
[1246.08] Spawn: TextChatActor_TA_9 Destroyed
[1246.08] Spawn: TextChatActor_TA_10 Destroyed
[1246.09] Log: Deleting old save file ..\..\TAGame\SaveDataEpic\DBE_Production\8818b4dba79a43d18b986f46e4d00392_2.save
[1246.09] Log: SaveDataExport(0): Finished - File:[..\..\TAGame\SaveDataEpic\DBE_Production\8818b4dba79a43d18b986f46e4d00392_1.save] Result:[1]
[1246.10] DevOnline: PsyNet Flush Start TimeoutSeconds=0.250000
[1246.30] DevOnline: PsyNet Flush End
[1246.32] NetComeGo: Close TcpipConnection_2 18.168.43.46:7850 01/04/2026 10:45:05 'Control channel cleanup'
[1246.32] NetComeGo: TcpipConnection_2 Control channel closed, reason=Control channel cleanup
[1246.34] Exit: TcpNetDriver_2 shut down
[1246.35] Log: Fully load package: ..\..\TAGame\CookedPCConsole\GameInfo_Transition_SF.upk
[1246.35] Log: Game class is 'GameInfo_Transition_TA'
[1246.41] Log: Bringing World JoinGameTransition.TheWorld up for play (0) at 2026.04.01-10.45.05
[1246.41] Log: Bringing up level for play took: 0.051900
[1246.41] PartyChallenge: UpdateChallengeProgressForCompetitive bChallengesComplete=(True) ChallengeState=(Challenge_Success) bChallengeSync=(True) bChallengesAreValid=(True) bLegacyPlayer=(False) bGuestAccount=(False) Online_X.UniqueNetIDToString(Manager.Outer.PlayerID)=(Epic|8818b4dba79a43d18b986f46e4d00392|0) Complete
[1246.41] PartyChallenge: InitializeCompetitiveChallenges bGuestAccount=(False) bCompletedChallengesForCompetitive=(True) bLegacyPlayer=(False) Online_X.UniqueNetIDToString(OnlinePlayer.PlayerID)=(Epic|8818b4dba79a43d18b986f46e4d00392|0)
[1246.41] JoinGame: GotoJoinGameState OpeningLoadingScreen -> JoiningNewServer
[1246.41] DevNet: SetProgress, MessageType=1, Title=, Message=Connecting...
[1246.41] Log: ########### Finished loading level: 0.329396 seconds
[1246.41] SettingsExport: CreateSnapshot Metadata {"userId":"Epic|8818b4dba79a43d18b986f46e4d00392|0","platformKey":"Epic","schemaVersion":0,"clientVersion":1532151,"timestampUtc":1775036703,"settingsVersion":7975,"checksum":1956310981 Payload Size  97006
[1246.41] SettingsExport: Payload changed. Notifying new Checksum: 1956310981
[1246.41] SettingsExport: Local settings updated, uploading data
[1246.41] DevNet: Browse: 18.133.99.139:8194/MENU_Main_p?Name=%e6%bc%a2+%e9%be%8d+%e7%8e%8b+%e7%a5%9e+%e9%97%87%e6%bc%a2+%e9%be%8d+%e7%8e%8b+%e7%a5%9e
[1246.41] DevNet: Game client on port 8194, rate 15000
[1246.41] NetComeGo: SEND first packet Length=80 CRC=893055363
[1246.44] NetComeGo: TcpipConnection_3 RECV first packet IP=18.133.99.139:8194 Length=15 CRC=353356373 HandshakeStatus=0 bUseSessionUID=1 InSessionUID=(0 0 0) SessionUID=(0 0 0)
[1246.44] NetComeGo: Client set SessionUID to: 142 116 39
[1246.52] DevNet: Welcomed by server (Level: EuroStadium_Rainy_P, Game: TAGame.GameInfo_Soccar_TA, GameTags: )
[1246.53] Log: FSaveDataExportTask(0) wrote 1062041 bytes to memory
[1246.53] Log: SaveGameDataAsync game thread time: 8 ms
[1246.54] Log: Deleting old save file ..\..\TAGame\SaveDataEpic\DBE_Production\8818b4dba79a43d18b986f46e4d00392.save
[1246.54] Log: SaveDataExport(0): Finished - File:[..\..\TAGame\SaveDataEpic\DBE_Production\8818b4dba79a43d18b986f46e4d00392_2.save] Result:[1]
[1246.59] Log: Flushing async loaders.
[1246.60] Log: Flushed async loaders.
[1246.60] Log: LoadMap: 18.133.99.139:8194/EuroStadium_Rainy_P?Name=%e6%bc%a2+%e9%be%8d+%e7%8e%8b+%e7%a5%9e+%e9%97%87%e6%bc%a2+%e9%be%8d+%e7%8e%8b+%e7%a5%9e?game=TAGame.GameInfo_Soccar_TA
[1246.61] DevOnline: PsyNet Flush Start TimeoutSeconds=0.250000
[1246.63] PsyNet: PsyNetChannel_X_0 party:2uuPQ5vF receive message MessageID=114
[1246.63] PsyNet: PsyNetChannel_X_0 party:2uuPQ5vF executing MessageID=114
[1246.64] PsyNet: PsyNetServiceProvider_X_1 ExecuteService Complete, Service=Party/System 
[1246.79] DevOnline: PsyNet Flush End
[1246.80] Log: Fully load package: ..\..\TAGame\CookedPCConsole\GameInfo_Soccar_SF.upk
[1246.84] Log: Fully load package: ..\..\TAGame\CookedPCConsole\GFxSounds_XP_SF.upk
[1246.84] Log: Fully load package: ..\..\TAGame\CookedPCConsole\GFx_XPProgressMenu_SF.upk
[1246.87] Log: Fully load package: ..\..\TAGame\CookedPCConsole\GFX_EndGameMenu_SF.upk
[1246.91] Log: Fully load package: ..\..\TAGame\CookedPCConsole\GFX_WinnerMenu_SF.upk
[1246.93] Log: Fully load package: ..\..\TAGame\CookedPCConsole\GFX_MidGameScoreboard_SF.upk
[1246.93] Log: Fully load package: ..\..\TAGame\CookedPCConsole\GFX_MidGameMenu_SF.upk
[1246.94] Log: Fully load package: ..\..\TAGame\CookedPCConsole\GFX_HudMatchInfo_SF.upk
[1246.95] Log: Fully load package: ..\..\TAGame\CookedPCConsole\GFX_Hud_SF.upk
[1247.43] Log: Bringing World EuroStadium_Rainy_P.TheWorld up for play (0) at 2026.04.01-10.45.06
[1247.43] Log: Bringing up level for play took: 0.190251
[1247.58] RootMenu: [GFx] UIShellInstance - setting the shell instance
[1247.61] PartyChallenge: UpdateChallengeProgressForCompetitive bChallengesComplete=(True) ChallengeState=(Challenge_Success) bChallengeSync=(True) bChallengesAreValid=(True) bLegacyPlayer=(False) bGuestAccount=(False) Online_X.UniqueNetIDToString(Manager.Outer.PlayerID)=(Epic|8818b4dba79a43d18b986f46e4d00392|0) Complete
[1247.61] PartyChallenge: InitializeCompetitiveChallenges bGuestAccount=(False) bCompletedChallengesForCompetitive=(True) bLegacyPlayer=(False) Online_X.UniqueNetIDToString(OnlinePlayer.PlayerID)=(Epic|8818b4dba79a43d18b986f46e4d00392|0)
[1247.61] JoinGame: OnJoinGameComplete bSuccess=(True) FailReason=()
[1247.61] JoinGame: GotoJoinGameState JoiningNewServer -> None
[1247.61] PsyNetBeaconDetail_X: PsyNetBeacon_X_0 Close
[1247.61] PsyNetBeaconDetail_X: PsyNetBeacon_X_0 CloseConnection Connection.ConnectionID=(eyJ0eXAiOiJKV1QiLCJhbGciOiJIUzUxMiJ9.eyJqdGkiOiJhZDJlMDRkOTE1MWM0OGYzYTkyZjVmNjA3ZjA5ZDQ3YyIsImlzcyI6IlBzeU5ldCIsInBsYXllcl9pZCI6IkVwaWN8ODgxOGI0ZGJhNzlhNDNkMThiOTg2ZjQ2ZTRkMDAzOTJ8MCIsInNlcnZlcl9uYW1lIjoiRVU3LTBCMjJCQ0I5OUJEQ0YyMTg3LUNoaW1hZXJhNCIsImlhdCI6MTc3NTAzNjY5OCwibmJmIjoxNzc1MDM2Njk4LCJleHAiOjE3NzUwNTEwOTh9.R579_1eBfzK04tdJr3GOiQ2EtRrN6TIQ7a2HKNJ0wTpoZkbf2t8bEb56MMPUMFUPR-ZJ_8P15t_7J938THf_EA)
[1247.61] Spawn: TextChatActor_TA_11 OnOwnerChanged PlayerController_TA_5
[1247.61] EOSGameClips: Construct Constructed EOSGameClipsController_TA. Self=(EOSGameClipsController_TA_5)
[1247.61] Log: ########### Finished loading level: 1.016345 seconds
[1247.62] SettingsExport: Settings content not changed. Will not update the Settings Online
[1247.62] PsyNet: PsyNetChannel_X_0 party:2uuPQ5vF receive message MessageID=115
[1247.62] PsyNet: PsyNetChannel_X_0 party:2uuPQ5vF executing MessageID=115
[1247.62] Party: HandleLobbyReceiveBinaryData LobbyUID=PsyNet-2uuPQ5vF MemberIndex=0 PlayerUID=PS4|785668489479049324|0 Message=PartyMessage_PartyMemberJoinGame_X
[1248.10] PsyNet: PsyNetServiceProvider_X_1 ExecuteService Complete, Service=Party/System 
[1248.10] EOSGameClips: ShutDown : Shutting down EOSGameClipsController_TA. Self=(EOSGameClipsController_TA_5) PlayerOwner?.GetUniqueNetId()=(Epic|8818b4dba79a43d18b986f46e4d00392|0)
[1248.11] PartyChallenge: UpdateChallengeProgressForCompetitive bChallengesComplete=(True) ChallengeState=(Challenge_Success) bChallengeSync=(True) bChallengesAreValid=(True) bLegacyPlayer=(False) bGuestAccount=(False) Online_X.UniqueNetIDToString(Manager.Outer.PlayerID)=(Epic|8818b4dba79a43d18b986f46e4d00392|0) Complete
[1248.11] PartyChallenge: InitializeCompetitiveChallenges bGuestAccount=(False) bCompletedChallengesForCompetitive=(True) bLegacyPlayer=(False) Online_X.UniqueNetIDToString(OnlinePlayer.PlayerID)=(Epic|8818b4dba79a43d18b986f46e4d00392|0)
[1248.11] EOSGameClips: Construct Constructed EOSGameClipsController_TA. Self=(EOSGameClipsController_TA_6)
[1248.11] ScriptLog: Client InputRate=60
[1248.11] DevNet: PlayerController_TA_6 setplayer LocalPlayer_TA_0
[1248.11] PsyNetStaticData: UpdateCacheTimerEnabled CacheTimer.bEnabled=(False)
[1248.11] MatchBroadcast: Init bBroadcastMatch=(False) MatchLog=(None)
[1248.16] ScriptLog: Uncached PlatformId for Epic|8818b4dba79a43d18b986f46e4d00392|0
[1248.16] ScriptLog: MatchGUID: 7223BD1E11F12DAF6845CE8C85A40E2F
[1248.16] Spawn: TextChatActor_TA_12 OnOwnerChanged PlayerController_TA_6
[1248.24] RootMenu: [GFx] UIShellInstance - setting the shell instance
[1248.29] Eula: RequiresAcceptance? EulaConfig?.bRequiresAcceptance=(True) GetUISave()?.Contains('bAcceptedOfflineEULA')=(True) Eula.SyncState=(LSS_Accepted)
[1248.29] Party: BroadcastMatchmakingAvailabilityDelayed PartyMemberID:'Epic|8818b4dba79a43d18b986f46e4d00392|0' MatchmakeRestrictions=(0)
[1248.29] Party: SetAvailableForMatchmakingForMember PartyMemberID:'Epic|8818b4dba79a43d18b986f46e4d00392|0' MatchmakeRestrictions=(0)
[1248.35] LTM: SettingsType=(CustomMatchSettingsType_PrivateMatch)
[1248.51] DevOnline: RemoteUserDataReplicated Name: PRI_TA_12 Role: 1 RemoteRole: 3
[1248.64] PsyNet: PsyNetChannel_X_0 party:2uuPQ5vF receive message MessageID=116
[1248.64] PsyNet: PsyNetChannel_X_0 party:2uuPQ5vF executing MessageID=116
[1248.65] PsyNet: PsyNetServiceProvider_X_1 ExecuteService Complete, Service=Party/System 
[1249.03] DevOnline: WebRequest_X_64 SEND: https://rl-cdn.psyonix.com/Ads/Prod/260.aC72R2Xg/401.jpg
[1249.05] PsyNet: PsyNetChannel_X_0 party:2uuPQ5vF receive message MessageID=117
[1249.06] PsyNet: PsyNetChannel_X_0 party:2uuPQ5vF executing MessageID=117
[1249.06] PsyNet: PsyNetServiceProvider_X_1 ExecuteService Complete, Service=Party/System 
[1249.14] DevOnline: WebRequest_X_64 RECV: 304 
[1249.27] DevOnline: WebRequest_X_65 SEND: https://rl-cdn.psyonix.com/Ads/Prod/258.4bdH9Zrn/401.jpg
[1249.31] DevOnline: WebRequest_X_65 RECV: 304 
[1249.41] PsyNet: PsyNetChannel_X_0 party:2uuPQ5vF receive message MessageID=118
[1249.41] PsyNet: PsyNetChannel_X_0 party:2uuPQ5vF executing MessageID=118
[1249.41] Party: HandleLobbyReceiveBinaryData LobbyUID=PsyNet-2uuPQ5vF MemberIndex=0 PlayerUID=PS4|785668489479049324|0 Message=PartyMessage_PartyMemberJoinGame_X
[1249.41] PsyNet: PsyNetServiceProvider_X_1 ExecuteService Complete, Service=Party/System 
[1249.41] DevOnline: WebRequest_X_66 SEND:  https://rl-cdn.psyonix.com/Ads/Prod/260.aC72R2Xg/402.jpg
[1249.41] DevOnline: WebRequest_X_66 RECV: 0 
[1249.41] Log: WebRequest_X_66 type: HTTPError, message: 
[1249.64] EOSVoice: Received full credentials from the server.
[1249.65] PsyNet: PsyNetServiceProvider_X_1 ExecuteService Complete, Service=VoiceChat/MatchToken 
[1249.91] PsyNet: PsyNetChannel_X_0 party:2uuPQ5vF receive message MessageID=119
[1249.91] PsyNet: PsyNetChannel_X_0 party:2uuPQ5vF executing MessageID=119
[1249.91] Party: HandleLobbyReceiveBinaryData LobbyUID=PsyNet-2uuPQ5vF MemberIndex=0 PlayerUID=PS4|785668489479049324|0 Message=PartyMessage_SearchStatus_X
[1249.91] Party: HandleSearchStatus StatusMessage.SearchState=(OnlineGameMatchmaking_X) StatusMessage.bIsSearching=(False)
[1249.92] PsyNet: PsyNetServiceProvider_X_1 ExecuteService Complete, Service=Party/System 
[1249.92] PsyNet: PsyNetChannel_X_0 party:2uuPQ5vF receive message MessageID=120
[1249.92] PsyNet: PsyNetChannel_X_0 party:2uuPQ5vF executing MessageID=120
[1249.92] Party: HandleLobbyReceiveBinaryData LobbyUID=PsyNet-2uuPQ5vF MemberIndex=0 PlayerUID=PS4|785668489479049324|0 Message=PartyMessage_MatchmakingAvailability_X
[1249.92] Party: SetAvailableForMatchmakingForMember PartyMemberID:'PS4|785668489479049324|0' MatchmakeRestrictions=(0)
[1249.93] PsyNet: PsyNetServiceProvider_X_1 ExecuteService Complete, Service=Party/System 
[1255.20] DevOnline: EOSSDK-LogEOSRTC: TickTracker Tick is delayed. TimePeriod=[10.002680s]  TickIntervalThreshold=[0.100000s] MaxTickInterval=[0.679362s] MaxExecutionTime=[0.000104s] TicksCount=[920] ExpectedTicksCount=[1000]
[1257.22] Log: Flushing async loaders.
[1257.22] Log: Flushed async loaders.
[1261.18] EOSGameClips: EOSGameClips: Starting background recording: API Version 2, Clip Duration 30
[1261.18] DevOnline: EOSSDK-LogEOSGameClips: Starting recording up to 30 seconds.
[1261.19] EOSGameClips: EOSGameClips: Recording changed from NotRecording to Recording.
[1265.20] EOSGameClips: EOSGameClips: Starting background recording: API Version 2, Clip Duration 30
[1282.23] EOSGameClips: EOSGameClips: Starting background recording: API Version 2, Clip Duration 30
[1282.97] DevOnline: WebRequest_X_67 SEND: https://datarouter.ol.epicgames.com/datarouter/api/v1/public/data?AppID=RocketLeague.Release&AppVersion=1210528741&AppEnvironment=Prod&UploadType=eteventstream&UserID=|8818b4dba79a43d18b986f46e4d00392|||Epic|8818b4dba79a43d18b986f46e4d00392|0&SessionID=7ED88ADF457E5D0E09C349A06FC64359
[1283.09] DevOnline: WebRequest_X_67 RECV: 204 
[1284.78] EOSGameClips: EOSGameClips: Currently recording: true
[1285.76] EOSGameClips: EOSGameClips: Starting background recording: API Version 2, Clip Duration 30
[1291.69] EOSGameClips: EOSGameClips: Starting background recording: API Version 2, Clip Duration 30
[1295.69] EOSGameClips: EOSGameClips: Starting background recording: API Version 2, Clip Duration 30
[1329.02] EOSGameClips: EOSGameClips: Starting background recording: API Version 2, Clip Duration 30
[1331.60] EOSGameClips: EOSGameClips: Currently recording: true
[1332.58] EOSGameClips: EOSGameClips: Starting background recording: API Version 2, Clip Duration 30
[1339.69] EOSGameClips: EOSGameClips: Starting background recording: API Version 2, Clip Duration 30
[1342.97] DevOnline: WebRequest_X_68 SEND: https://datarouter.ol.epicgames.com/datarouter/api/v1/public/data?AppID=RocketLeague.Release&AppVersion=1210528741&AppEnvironment=Prod&UploadType=eteventstream&UserID=|8818b4dba79a43d18b986f46e4d00392|||Epic|8818b4dba79a43d18b986f46e4d00392|0&SessionID=7ED88ADF457E5D0E09C349A06FC64359
[1343.09] DevOnline: WebRequest_X_68 RECV: 204 
[1343.69] EOSGameClips: EOSGameClips: Starting background recording: API Version 2, Clip Duration 30
[1355.28] EOSGameClips: EOSGameClips: Starting background recording: API Version 2, Clip Duration 30
[1357.84] EOSGameClips: EOSGameClips: Currently recording: true
[1358.82] EOSGameClips: EOSGameClips: Starting background recording: API Version 2, Clip Duration 30
[1366.10] EOSGameClips: EOSGameClips: Starting background recording: API Version 2, Clip Duration 30
[1370.10] EOSGameClips: EOSGameClips: Starting background recording: API Version 2, Clip Duration 30
[1395.13] EOSGameClips: EOSGameClips: Starting background recording: API Version 2, Clip Duration 30
[1397.69] EOSGameClips: EOSGameClips: Currently recording: true
[1398.68] EOSGameClips: EOSGameClips: Starting background recording: API Version 2, Clip Duration 30
[1402.96] DevOnline: WebRequest_X_69 SEND: https://datarouter.ol.epicgames.com/datarouter/api/v1/public/data?AppID=RocketLeague.Release&AppVersion=1210528741&AppEnvironment=Prod&UploadType=eteventstream&UserID=|8818b4dba79a43d18b986f46e4d00392|||Epic|8818b4dba79a43d18b986f46e4d00392|0&SessionID=7ED88ADF457E5D0E09C349A06FC64359
[1403.08] DevOnline: WebRequest_X_69 RECV: 204 
[1407.18] EOSGameClips: EOSGameClips: Starting background recording: API Version 2, Clip Duration 30
[1411.18] EOSGameClips: EOSGameClips: Starting background recording: API Version 2, Clip Duration 30
[1462.96] DevOnline: WebRequest_X_70 SEND: https://datarouter.ol.epicgames.com/datarouter/api/v1/public/data?AppID=RocketLeague.Release&AppVersion=1210528741&AppEnvironment=Prod&UploadType=eteventstream&UserID=|8818b4dba79a43d18b986f46e4d00392|||Epic|8818b4dba79a43d18b986f46e4d00392|0&SessionID=7ED88ADF457E5D0E09C349A06FC64359
[1463.07] DevOnline: WebRequest_X_70 RECV: 204 
[1463.52] EOSGameClips: EOSGameClips: Starting background recording: API Version 2, Clip Duration 30
[1466.08] EOSGameClips: EOSGameClips: Currently recording: true
[1467.06] EOSGameClips: EOSGameClips: Starting background recording: API Version 2, Clip Duration 30
[1470.14] EOSGameClips: EOSGameClips: Starting background recording: API Version 2, Clip Duration 30
[1474.14] EOSGameClips: EOSGameClips: Starting background recording: API Version 2, Clip Duration 30
[1487.41] EOSGameClips: EOSGameClips: Starting background recording: API Version 2, Clip Duration 30
[1490.00] EOSGameClips: EOSGameClips: Currently recording: true
[1490.98] EOSGameClips: EOSGameClips: Starting background recording: API Version 2, Clip Duration 30
[1497.72] EOSGameClips: EOSGameClips: Starting background recording: API Version 2, Clip Duration 30
[1501.71] EOSGameClips: EOSGameClips: Starting background recording: API Version 2, Clip Duration 30
[1522.95] DevOnline: WebRequest_X_71 SEND: https://datarouter.ol.epicgames.com/datarouter/api/v1/public/data?AppID=RocketLeague.Release&AppVersion=1210528741&AppEnvironment=Prod&UploadType=eteventstream&UserID=|8818b4dba79a43d18b986f46e4d00392|||Epic|8818b4dba79a43d18b986f46e4d00392|0&SessionID=7ED88ADF457E5D0E09C349A06FC64359
[1523.07] DevOnline: WebRequest_X_71 RECV: 204 
[1527.66] PsyNet: PsyNetChannel_X_0 party:2uuPQ5vF receive message MessageID=121
[1527.66] PsyNet: PsyNetChannel_X_0 party:2uuPQ5vF executing MessageID=121
[1527.66] Party: HandleLobbyMemberStatusUpdate LobbyUID=PsyNet-2uuPQ5vF Members=2 MemberIndex=0 MemberID=PS4|785668489479049324|0
[1527.67] PsyNet: PsyNetServiceProvider_X_1 ExecuteService Complete, Service=Party/UserJoined 
[1527.76] Eula: RequiresAcceptance? EulaConfig?.bRequiresAcceptance=(True) GetUISave()?.Contains('bAcceptedOfflineEULA')=(True) Eula.SyncState=(LSS_Accepted)
[1527.76] Party: BroadcastMatchmakingAvailabilityDelayed PartyMemberID:'Epic|8818b4dba79a43d18b986f46e4d00392|0' MatchmakeRestrictions=(0)
[1527.76] Party: SetAvailableForMatchmakingForMember PartyMemberID:'Epic|8818b4dba79a43d18b986f46e4d00392|0' MatchmakeRestrictions=(0)
[1527.76] Party: BroadcastDisableCrossPlay PartyMemberID:'Epic|8818b4dba79a43d18b986f46e4d00392|0' PartyMembers[ PartyMemberIndex ].bDisableCrossPlay=(False)
[1527.76] Party: BroadcastCrossTextChatState PartyMemberID:'Epic|8818b4dba79a43d18b986f46e4d00392|0' PartyMembers[PartyMemberIndex].CrossChatState=(PCCS_Everybody)
[1527.76] PartyChallenge: UpdateLevelAndChallengesForPlayer InPlayerId=(Epic|8818b4dba79a43d18b986f46e4d00392|0) InXPLevel=(342) bInCompletedChallenges=(True) bInLegacyPlayer=(False) bInGuestAccount=(False)
[1527.89] PsyNet: PsyNetChannel_X_0 party:2uuPQ5vF receive message MessageID=122
[1527.89] PsyNet: PsyNetChannel_X_0 party:2uuPQ5vF executing MessageID=122
[1527.89] Party: HandleLobbyReceiveBinaryData LobbyUID=PsyNet-2uuPQ5vF MemberIndex=0 PlayerUID=PS4|785668489479049324|0 Message=PartyMessage_MatchmakingAvailability_X
[1527.89] Party: SetAvailableForMatchmakingForMember PartyMemberID:'PS4|785668489479049324|0' MatchmakeRestrictions=(8)
[1527.90] PsyNet: PsyNetServiceProvider_X_1 ExecuteService Complete, Service=Party/System 
[1527.91] PsyNet: PsyNetChannel_X_0 party:2uuPQ5vF receive message MessageID=123
[1527.91] PsyNet: PsyNetChannel_X_0 party:2uuPQ5vF executing MessageID=123
[1527.91] Party: HandleLobbyReceiveBinaryData LobbyUID=PsyNet-2uuPQ5vF MemberIndex=0 PlayerUID=PS4|785668489479049324|0 Message=PartyMessage_LocalPlayers_X
[1527.91] Party: Handle PartyMessage_LocalPlayers_X: IsPrimaryPlayer=True
[1527.92] PsyNet: PsyNetServiceProvider_X_1 ExecuteService Complete, Service=Party/System 
[1527.92] PsyNet: PsyNetChannel_X_0 party:2uuPQ5vF receive message MessageID=124
[1527.92] PsyNet: PsyNetChannel_X_0 party:2uuPQ5vF executing MessageID=124
[1527.92] Party: HandleLobbyReceiveBinaryData LobbyUID=PsyNet-2uuPQ5vF MemberIndex=0 PlayerUID=PS4|785668489479049324|0 Message=PartyMessage_LevelAndChallengesUpdate_TA
[1527.92] PartyChallenge: UpdateLevelAndChallengesForPlayer InPlayerId=(PS4|785668489479049324|0) InXPLevel=(1064) bInCompletedChallenges=(True) bInLegacyPlayer=(False) bInGuestAccount=(False)
[1527.93] PsyNet: PsyNetServiceProvider_X_1 ExecuteService Complete, Service=Party/System 
[1527.93] PsyNet: PsyNetChannel_X_0 party:2uuPQ5vF receive message MessageID=125
[1527.93] PsyNet: PsyNetChannel_X_0 party:2uuPQ5vF executing MessageID=125
[1527.93] Party: HandleLobbyReceiveBinaryData LobbyUID=PsyNet-2uuPQ5vF MemberIndex=0 PlayerUID=PS4|785668489479049324|0 Message=PartyMessage_MatchmakingAvailability_X
[1527.93] Party: SetAvailableForMatchmakingForMember PartyMemberID:'PS4|785668489479049324|0' MatchmakeRestrictions=(0)
[1527.94] PsyNet: PsyNetServiceProvider_X_1 ExecuteService Complete, Service=Party/System 
[1527.94] PsyNet: PsyNetChannel_X_0 party:2uuPQ5vF receive message MessageID=126
[1527.94] PsyNet: PsyNetChannel_X_0 party:2uuPQ5vF executing MessageID=126
[1527.94] Party: HandleLobbyReceiveBinaryData LobbyUID=PsyNet-2uuPQ5vF MemberIndex=0 PlayerUID=PS4|785668489479049324|0 Message=PartyMessage_LocalPlayers_X
[1527.94] Party: Handle PartyMessage_LocalPlayers_X: IsPrimaryPlayer=True
[1527.95] PsyNet: PsyNetServiceProvider_X_1 ExecuteService Complete, Service=Party/System 
[1527.95] PsyNet: PsyNetChannel_X_0 party:2uuPQ5vF receive message MessageID=127
[1527.96] PsyNet: PsyNetChannel_X_0 party:2uuPQ5vF executing MessageID=127
[1527.96] Party: HandleLobbyReceiveBinaryData LobbyUID=PsyNet-2uuPQ5vF MemberIndex=0 PlayerUID=PS4|785668489479049324|0 Message=PartyMessage_LobbySettings_X
[1527.96] PsyNet: PsyNetServiceProvider_X_1 ExecuteService Complete, Service=Party/System 
[1527.97] PsyNet: PsyNetChannel_X_0 party:2uuPQ5vF receive message MessageID=128
[1527.97] PsyNet: PsyNetChannel_X_0 party:2uuPQ5vF executing MessageID=128
[1527.97] Party: HandleLobbyReceiveBinaryData LobbyUID=PsyNet-2uuPQ5vF MemberIndex=0 PlayerUID=PS4|785668489479049324|0 Message=PartyMessage_LobbySettings_X
[1527.98] PsyNet: PsyNetServiceProvider_X_1 ExecuteService Complete, Service=Party/System 
[1527.98] PsyNet: PsyNetChannel_X_0 party:2uuPQ5vF receive message MessageID=129
[1527.98] PsyNet: PsyNetChannel_X_0 party:2uuPQ5vF executing MessageID=129
[1527.98] Party: HandleLobbyReceiveBinaryData LobbyUID=PsyNet-2uuPQ5vF MemberIndex=0 PlayerUID=PS4|785668489479049324|0 Message=PartyMessage_SetPlatformParty_X
[1527.99] PsyNet: PsyNetServiceProvider_X_1 ExecuteService Complete, Service=Party/System 
[1528.00] PsyNet: PsyNetChannel_X_0 party:2uuPQ5vF receive message MessageID=130
[1528.00] PsyNet: PsyNetChannel_X_0 party:2uuPQ5vF executing MessageID=130
[1528.00] Party: HandleLobbyReceiveBinaryData LobbyUID=PsyNet-2uuPQ5vF MemberIndex=0 PlayerUID=PS4|785668489479049324|0 Message=PartyMessage_LobbySettings_X
[1528.00] PsyNet: PsyNetServiceProvider_X_1 ExecuteService Complete, Service=Party/System 
[1528.01] PartyChallenge: UpdateLevelAndChallengesForPlayer InPlayerId=(Epic|8818b4dba79a43d18b986f46e4d00392|0) InXPLevel=(342) bInCompletedChallenges=(True) bInLegacyPlayer=(False) bInGuestAccount=(False)
[1528.10] PsyNet: PsyNetChannel_X_0 party:2uuPQ5vF receive message MessageID=131
[1528.10] PsyNet: PsyNetChannel_X_0 party:2uuPQ5vF executing MessageID=131
[1528.11] PsyNet: PsyNetServiceProvider_X_1 ExecuteService Complete, Service=Party/System 
[1528.12] PsyNet: PsyNetChannel_X_0 party:2uuPQ5vF receive message MessageID=132
[1528.12] PsyNet: PsyNetChannel_X_0 party:2uuPQ5vF executing MessageID=132
[1528.13] PsyNet: PsyNetServiceProvider_X_1 ExecuteService Complete, Service=Party/System 
[1528.14] PsyNet: PsyNetChannel_X_0 party:2uuPQ5vF receive message MessageID=133
[1528.14] PsyNet: PsyNetChannel_X_0 party:2uuPQ5vF executing MessageID=133
[1528.15] PsyNet: PsyNetServiceProvider_X_1 ExecuteService Complete, Service=Party/System 
[1528.16] PsyNet: PsyNetChannel_X_0 party:2uuPQ5vF receive message MessageID=135
[1528.16] PsyNet: PsyNetChannel_X_0 party:2uuPQ5vF waiting for 134
[1528.17] PsyNet: PsyNetChannel_X_0 party:2uuPQ5vF receive message MessageID=134
[1528.17] PsyNet: PsyNetChannel_X_0 party:2uuPQ5vF executing MessageID=134
[1528.17] PsyNet: PsyNetChannel_X_0 party:2uuPQ5vF executing MessageID=135
[1528.18] PsyNet: PsyNetServiceProvider_X_1 ExecuteService Complete, Service=Party/System 
[1528.18] PsyNet: PsyNetServiceProvider_X_1 ExecuteService Complete, Service=Party/System 
[1528.19] PsyNet: PsyNetChannel_X_0 party:2uuPQ5vF receive message MessageID=136
[1528.19] PsyNet: PsyNetChannel_X_0 party:2uuPQ5vF executing MessageID=136
[1528.20] PsyNet: PsyNetServiceProvider_X_1 ExecuteService Complete, Service=Party/System 
[1528.42] PsyNet: PsyNetChannel_X_0 party:2uuPQ5vF receive message MessageID=137
[1528.42] PsyNet: PsyNetChannel_X_0 party:2uuPQ5vF executing MessageID=137
[1528.42] Party: HandleLobbyReceiveBinaryData LobbyUID=PsyNet-2uuPQ5vF MemberIndex=0 PlayerUID=PS4|785668489479049324|0 Message=PartyMessage_ChallengesUpdate_TA
[1528.42] PartyChallenge: UpdateChallengesCompletedForPlayer bInCompletedChallenges=(False) InPlayerId=(PS4|785668489479049324|0)
[1528.43] PsyNet: PsyNetServiceProvider_X_1 ExecuteService Complete, Service=Party/System 
[1528.44] PsyNet: PsyNetChannel_X_0 party:2uuPQ5vF receive message MessageID=138
[1528.44] PsyNet: PsyNetChannel_X_0 party:2uuPQ5vF executing MessageID=138
[1528.44] Party: HandleLobbyReceiveBinaryData LobbyUID=PsyNet-2uuPQ5vF MemberIndex=0 PlayerUID=PS4|785668489479049324|0 Message=PartyMessage_ChallengesUpdate_TA
[1528.44] PartyChallenge: UpdateChallengesCompletedForPlayer bInCompletedChallenges=(False) InPlayerId=(PS4|785668489479049324|0)
[1528.45] PsyNet: PsyNetServiceProvider_X_1 ExecuteService Complete, Service=Party/System 
[1528.46] PsyNet: PsyNetChannel_X_0 party:2uuPQ5vF receive message MessageID=139
[1528.46] PsyNet: PsyNetChannel_X_0 party:2uuPQ5vF executing MessageID=139
[1528.46] Party: HandleLobbyReceiveBinaryData LobbyUID=PsyNet-2uuPQ5vF MemberIndex=0 PlayerUID=PS4|785668489479049324|0 Message=PartyMessage_ChallengesUpdate_TA
[1528.46] PartyChallenge: UpdateChallengesCompletedForPlayer bInCompletedChallenges=(False) InPlayerId=(PS4|785668489479049324|0)
[1528.46] PsyNet: PsyNetServiceProvider_X_1 ExecuteService Complete, Service=Party/System 
[1528.46] PsyNet: PsyNetChannel_X_0 party:2uuPQ5vF receive message MessageID=140
[1528.46] PsyNet: PsyNetChannel_X_0 party:2uuPQ5vF executing MessageID=140
[1528.46] Party: HandleLobbyReceiveBinaryData LobbyUID=PsyNet-2uuPQ5vF MemberIndex=0 PlayerUID=PS4|785668489479049324|0 Message=PartyMessage_ChallengesUpdate_TA
[1528.46] PartyChallenge: UpdateChallengesCompletedForPlayer bInCompletedChallenges=(False) InPlayerId=(PS4|785668489479049324|0)
[1528.47] PsyNet: PsyNetServiceProvider_X_1 ExecuteService Complete, Service=Party/System 
[1528.47] PsyNet: PsyNetChannel_X_0 party:2uuPQ5vF receive message MessageID=141
[1528.47] PsyNet: PsyNetChannel_X_0 party:2uuPQ5vF executing MessageID=141
[1528.47] Party: HandleLobbyReceiveBinaryData LobbyUID=PsyNet-2uuPQ5vF MemberIndex=0 PlayerUID=PS4|785668489479049324|0 Message=PartyMessage_ChallengesUpdate_TA
[1528.47] PartyChallenge: UpdateChallengesCompletedForPlayer bInCompletedChallenges=(False) InPlayerId=(PS4|785668489479049324|0)
[1528.48] PsyNet: PsyNetServiceProvider_X_1 ExecuteService Complete, Service=Party/System 
[1528.50] PsyNet: PsyNetChannel_X_0 party:2uuPQ5vF receive message MessageID=142
[1528.50] PsyNet: PsyNetChannel_X_0 party:2uuPQ5vF executing MessageID=142
[1528.50] Party: HandleLobbyReceiveBinaryData LobbyUID=PsyNet-2uuPQ5vF MemberIndex=0 PlayerUID=PS4|785668489479049324|0 Message=PartyMessage_ChallengesUpdate_TA
[1528.50] PartyChallenge: UpdateChallengesCompletedForPlayer bInCompletedChallenges=(False) InPlayerId=(PS4|785668489479049324|0)
[1528.50] PsyNet: PsyNetServiceProvider_X_1 ExecuteService Complete, Service=Party/System 
[1528.50] PsyNet: PsyNetChannel_X_0 party:2uuPQ5vF receive message MessageID=143
[1528.50] PsyNet: PsyNetChannel_X_0 party:2uuPQ5vF executing MessageID=143
[1528.51] Party: HandleLobbyReceiveBinaryData LobbyUID=PsyNet-2uuPQ5vF MemberIndex=0 PlayerUID=PS4|785668489479049324|0 Message=PartyMessage_ChallengesUpdate_TA
[1528.51] PartyChallenge: UpdateChallengesCompletedForPlayer bInCompletedChallenges=(False) InPlayerId=(PS4|785668489479049324|0)
[1528.51] PsyNet: PsyNetServiceProvider_X_1 ExecuteService Complete, Service=Party/System 
[1528.51] PsyNet: PsyNetChannel_X_0 party:2uuPQ5vF receive message MessageID=144
[1528.51] PsyNet: PsyNetChannel_X_0 party:2uuPQ5vF executing MessageID=144
[1528.51] Party: HandleLobbyReceiveBinaryData LobbyUID=PsyNet-2uuPQ5vF MemberIndex=0 PlayerUID=PS4|785668489479049324|0 Message=PartyMessage_ChallengesUpdate_TA
[1528.51] PartyChallenge: UpdateChallengesCompletedForPlayer bInCompletedChallenges=(False) InPlayerId=(PS4|785668489479049324|0)
[1528.52] PsyNet: PsyNetServiceProvider_X_1 ExecuteService Complete, Service=Party/System 
[1528.52] PsyNet: PsyNetChannel_X_0 party:2uuPQ5vF receive message MessageID=145
[1528.52] PsyNet: PsyNetChannel_X_0 party:2uuPQ5vF executing MessageID=145
[1528.52] Party: HandleLobbyReceiveBinaryData LobbyUID=PsyNet-2uuPQ5vF MemberIndex=0 PlayerUID=PS4|785668489479049324|0 Message=PartyMessage_ChallengesUpdate_TA
[1528.52] PartyChallenge: UpdateChallengesCompletedForPlayer bInCompletedChallenges=(False) InPlayerId=(PS4|785668489479049324|0)
[1528.53] PsyNet: PsyNetServiceProvider_X_1 ExecuteService Complete, Service=Party/System 
[1528.53] PsyNet: PsyNetChannel_X_0 party:2uuPQ5vF receive message MessageID=146
[1528.53] PsyNet: PsyNetChannel_X_0 party:2uuPQ5vF executing MessageID=146
[1528.53] Party: HandleLobbyReceiveBinaryData LobbyUID=PsyNet-2uuPQ5vF MemberIndex=0 PlayerUID=PS4|785668489479049324|0 Message=PartyMessage_ChallengesUpdate_TA
[1528.53] PartyChallenge: UpdateChallengesCompletedForPlayer bInCompletedChallenges=(False) InPlayerId=(PS4|785668489479049324|0)
[1528.54] PsyNet: PsyNetServiceProvider_X_1 ExecuteService Complete, Service=Party/System 
[1528.55] PsyNet: PsyNetChannel_X_0 party:2uuPQ5vF receive message MessageID=147
[1528.55] PsyNet: PsyNetChannel_X_0 party:2uuPQ5vF executing MessageID=147
[1528.55] Party: HandleLobbyReceiveBinaryData LobbyUID=PsyNet-2uuPQ5vF MemberIndex=0 PlayerUID=PS4|785668489479049324|0 Message=PartyMessage_ChallengesUpdate_TA
[1528.55] PartyChallenge: UpdateChallengesCompletedForPlayer bInCompletedChallenges=(False) InPlayerId=(PS4|785668489479049324|0)
[1528.55] PsyNet: PsyNetServiceProvider_X_1 ExecuteService Complete, Service=Party/System 
[1528.55] PsyNet: PsyNetChannel_X_0 party:2uuPQ5vF receive message MessageID=148
[1528.55] PsyNet: PsyNetChannel_X_0 party:2uuPQ5vF executing MessageID=148
[1528.56] PsyNet: PsyNetServiceProvider_X_1 ExecuteService Complete, Service=Party/System 
[1528.56] PsyNet: PsyNetChannel_X_0 party:2uuPQ5vF receive message MessageID=149
[1528.56] PsyNet: PsyNetChannel_X_0 party:2uuPQ5vF executing MessageID=149
[1528.56] Party: HandleLobbyReceiveBinaryData LobbyUID=PsyNet-2uuPQ5vF MemberIndex=0 PlayerUID=PS4|785668489479049324|0 Message=PartyMessage_ChallengesUpdate_TA
[1528.56] PartyChallenge: UpdateChallengesCompletedForPlayer bInCompletedChallenges=(False) InPlayerId=(PS4|785668489479049324|0)
[1528.57] PsyNet: PsyNetServiceProvider_X_1 ExecuteService Complete, Service=Party/System 
[1528.57] PsyNet: PsyNetChannel_X_0 party:2uuPQ5vF receive message MessageID=150
[1528.57] PsyNet: PsyNetChannel_X_0 party:2uuPQ5vF executing MessageID=150
[1528.57] Party: HandleLobbyReceiveBinaryData LobbyUID=PsyNet-2uuPQ5vF MemberIndex=0 PlayerUID=PS4|785668489479049324|0 Message=PartyMessage_ChallengesUpdate_TA
[1528.57] PartyChallenge: UpdateChallengesCompletedForPlayer bInCompletedChallenges=(False) InPlayerId=(PS4|785668489479049324|0)
[1528.58] PsyNet: PsyNetServiceProvider_X_1 ExecuteService Complete, Service=Party/System 
[1528.58] PsyNet: PsyNetChannel_X_0 party:2uuPQ5vF receive message MessageID=151
[1528.58] PsyNet: PsyNetChannel_X_0 party:2uuPQ5vF executing MessageID=151
[1528.58] Party: HandleLobbyReceiveBinaryData LobbyUID=PsyNet-2uuPQ5vF MemberIndex=0 PlayerUID=PS4|785668489479049324|0 Message=PartyMessage_ChallengesUpdate_TA
[1528.58] PartyChallenge: UpdateChallengesCompletedForPlayer bInCompletedChallenges=(False) InPlayerId=(PS4|785668489479049324|0)
[1528.59] PsyNet: PsyNetServiceProvider_X_1 ExecuteService Complete, Service=Party/System 
[1528.59] PsyNet: PsyNetChannel_X_0 party:2uuPQ5vF receive message MessageID=152
[1528.59] PsyNet: PsyNetChannel_X_0 party:2uuPQ5vF executing MessageID=152
[1528.59] Party: HandleLobbyReceiveBinaryData LobbyUID=PsyNet-2uuPQ5vF MemberIndex=0 PlayerUID=PS4|785668489479049324|0 Message=PartyMessage_ChallengesUpdate_TA
[1528.59] PartyChallenge: UpdateChallengesCompletedForPlayer bInCompletedChallenges=(False) InPlayerId=(PS4|785668489479049324|0)
[1528.60] PsyNet: PsyNetServiceProvider_X_1 ExecuteService Complete, Service=Party/System 
[1528.60] PsyNet: PsyNetChannel_X_0 party:2uuPQ5vF receive message MessageID=153
[1528.60] PsyNet: PsyNetChannel_X_0 party:2uuPQ5vF executing MessageID=153
[1528.60] Party: HandleLobbyReceiveBinaryData LobbyUID=PsyNet-2uuPQ5vF MemberIndex=0 PlayerUID=PS4|785668489479049324|0 Message=PartyMessage_ChallengesUpdate_TA
[1528.60] PartyChallenge: UpdateChallengesCompletedForPlayer bInCompletedChallenges=(False) InPlayerId=(PS4|785668489479049324|0)
[1528.60] PsyNet: PsyNetServiceProvider_X_1 ExecuteService Complete, Service=Party/System 
[1528.61] PsyNet: PsyNetChannel_X_0 party:2uuPQ5vF receive message MessageID=154
[1528.61] PsyNet: PsyNetChannel_X_0 party:2uuPQ5vF executing MessageID=154
[1528.61] Party: HandleLobbyReceiveBinaryData LobbyUID=PsyNet-2uuPQ5vF MemberIndex=0 PlayerUID=PS4|785668489479049324|0 Message=PartyMessage_ChallengesUpdate_TA
[1528.61] PartyChallenge: UpdateChallengesCompletedForPlayer bInCompletedChallenges=(False) InPlayerId=(PS4|785668489479049324|0)
[1528.61] PsyNet: PsyNetServiceProvider_X_1 ExecuteService Complete, Service=Party/System 
[1528.61] PsyNet: PsyNetChannel_X_0 party:2uuPQ5vF receive message MessageID=155
[1528.61] PsyNet: PsyNetChannel_X_0 party:2uuPQ5vF executing MessageID=155
[1528.61] Party: HandleLobbyReceiveBinaryData LobbyUID=PsyNet-2uuPQ5vF MemberIndex=0 PlayerUID=PS4|785668489479049324|0 Message=PartyMessage_ChallengesUpdate_TA
[1528.61] PartyChallenge: UpdateChallengesCompletedForPlayer bInCompletedChallenges=(False) InPlayerId=(PS4|785668489479049324|0)
[1528.62] PsyNet: PsyNetServiceProvider_X_1 ExecuteService Complete, Service=Party/System 
[1528.62] PsyNet: PsyNetChannel_X_0 party:2uuPQ5vF receive message MessageID=157
[1528.62] PsyNet: PsyNetChannel_X_0 party:2uuPQ5vF waiting for 156
[1528.63] PsyNet: PsyNetChannel_X_0 party:2uuPQ5vF receive message MessageID=156
[1528.63] PsyNet: PsyNetChannel_X_0 party:2uuPQ5vF executing MessageID=156
[1528.63] Party: HandleLobbyReceiveBinaryData LobbyUID=PsyNet-2uuPQ5vF MemberIndex=0 PlayerUID=PS4|785668489479049324|0 Message=PartyMessage_ChallengesUpdate_TA
[1528.63] PartyChallenge: UpdateChallengesCompletedForPlayer bInCompletedChallenges=(False) InPlayerId=(PS4|785668489479049324|0)
[1528.63] PsyNet: PsyNetChannel_X_0 party:2uuPQ5vF executing MessageID=157
[1528.63] Party: HandleLobbyReceiveBinaryData LobbyUID=PsyNet-2uuPQ5vF MemberIndex=0 PlayerUID=PS4|785668489479049324|0 Message=PartyMessage_ChallengesUpdate_TA
[1528.63] PartyChallenge: UpdateChallengesCompletedForPlayer bInCompletedChallenges=(False) InPlayerId=(PS4|785668489479049324|0)
[1528.64] PsyNet: PsyNetServiceProvider_X_1 ExecuteService Complete, Service=Party/System 
[1528.64] PsyNet: PsyNetServiceProvider_X_1 ExecuteService Complete, Service=Party/System 
[1528.64] PsyNet: PsyNetChannel_X_0 party:2uuPQ5vF receive message MessageID=158
[1528.64] PsyNet: PsyNetChannel_X_0 party:2uuPQ5vF executing MessageID=158
[1528.64] Party: HandleLobbyReceiveBinaryData LobbyUID=PsyNet-2uuPQ5vF MemberIndex=0 PlayerUID=PS4|785668489479049324|0 Message=PartyMessage_ChallengesUpdate_TA
[1528.64] PartyChallenge: UpdateChallengesCompletedForPlayer bInCompletedChallenges=(False) InPlayerId=(PS4|785668489479049324|0)
[1528.65] PsyNet: PsyNetServiceProvider_X_1 ExecuteService Complete, Service=Party/System 
[1528.65] PsyNet: PsyNetChannel_X_0 party:2uuPQ5vF receive message MessageID=159
[1528.65] PsyNet: PsyNetChannel_X_0 party:2uuPQ5vF executing MessageID=159
[1528.65] Party: HandleLobbyReceiveBinaryData LobbyUID=PsyNet-2uuPQ5vF MemberIndex=0 PlayerUID=PS4|785668489479049324|0 Message=PartyMessage_ChallengesUpdate_TA
[1528.65] PartyChallenge: UpdateChallengesCompletedForPlayer bInCompletedChallenges=(False) InPlayerId=(PS4|785668489479049324|0)
[1528.65] PsyNet: PsyNetServiceProvider_X_1 ExecuteService Complete, Service=Party/System 
[1528.66] PsyNet: PsyNetChannel_X_0 party:2uuPQ5vF receive message MessageID=160
[1528.66] PsyNet: PsyNetChannel_X_0 party:2uuPQ5vF executing MessageID=160
[1528.66] Party: HandleLobbyReceiveBinaryData LobbyUID=PsyNet-2uuPQ5vF MemberIndex=0 PlayerUID=PS4|785668489479049324|0 Message=PartyMessage_ChallengesUpdate_TA
[1528.66] PartyChallenge: UpdateChallengesCompletedForPlayer bInCompletedChallenges=(False) InPlayerId=(PS4|785668489479049324|0)
[1528.66] PsyNet: PsyNetServiceProvider_X_1 ExecuteService Complete, Service=Party/System 
[1528.66] PsyNet: PsyNetChannel_X_0 party:2uuPQ5vF receive message MessageID=161
[1528.66] PsyNet: PsyNetChannel_X_0 party:2uuPQ5vF executing MessageID=161
[1528.66] Party: HandleLobbyReceiveBinaryData LobbyUID=PsyNet-2uuPQ5vF MemberIndex=0 PlayerUID=PS4|785668489479049324|0 Message=PartyMessage_ChallengesUpdate_TA
[1528.66] PartyChallenge: UpdateChallengesCompletedForPlayer bInCompletedChallenges=(False) InPlayerId=(PS4|785668489479049324|0)
[1528.67] PsyNet: PsyNetServiceProvider_X_1 ExecuteService Complete, Service=Party/System 
[1528.68] PsyNet: PsyNetChannel_X_0 party:2uuPQ5vF receive message MessageID=162
[1528.68] PsyNet: PsyNetChannel_X_0 party:2uuPQ5vF executing MessageID=162
[1528.68] Party: HandleLobbyReceiveBinaryData LobbyUID=PsyNet-2uuPQ5vF MemberIndex=0 PlayerUID=PS4|785668489479049324|0 Message=PartyMessage_ChallengesUpdate_TA
[1528.68] PartyChallenge: UpdateChallengesCompletedForPlayer bInCompletedChallenges=(False) InPlayerId=(PS4|785668489479049324|0)
[1528.69] PsyNet: PsyNetServiceProvider_X_1 ExecuteService Complete, Service=Party/System 
[1528.69] PsyNet: PsyNetChannel_X_0 party:2uuPQ5vF receive message MessageID=163
[1528.69] PsyNet: PsyNetChannel_X_0 party:2uuPQ5vF executing MessageID=163
[1528.69] Party: HandleLobbyReceiveBinaryData LobbyUID=PsyNet-2uuPQ5vF MemberIndex=0 PlayerUID=PS4|785668489479049324|0 Message=PartyMessage_ChallengesUpdate_TA
[1528.69] PartyChallenge: UpdateChallengesCompletedForPlayer bInCompletedChallenges=(False) InPlayerId=(PS4|785668489479049324|0)
[1528.70] PsyNet: PsyNetServiceProvider_X_1 ExecuteService Complete, Service=Party/System 
[1528.70] PsyNet: PsyNetChannel_X_0 party:2uuPQ5vF receive message MessageID=164
[1528.70] PsyNet: PsyNetChannel_X_0 party:2uuPQ5vF executing MessageID=164
[1528.70] Party: HandleLobbyReceiveBinaryData LobbyUID=PsyNet-2uuPQ5vF MemberIndex=0 PlayerUID=PS4|785668489479049324|0 Message=PartyMessage_ChallengesUpdate_TA
[1528.70] PartyChallenge: UpdateChallengesCompletedForPlayer bInCompletedChallenges=(False) InPlayerId=(PS4|785668489479049324|0)
[1528.70] PsyNet: PsyNetServiceProvider_X_1 ExecuteService Complete, Service=Party/System 
[1528.71] PsyNet: PsyNetChannel_X_0 party:2uuPQ5vF receive message MessageID=165
[1528.71] PsyNet: PsyNetChannel_X_0 party:2uuPQ5vF executing MessageID=165
[1528.71] Party: HandleLobbyReceiveBinaryData LobbyUID=PsyNet-2uuPQ5vF MemberIndex=0 PlayerUID=PS4|785668489479049324|0 Message=PartyMessage_ChallengesUpdate_TA
[1528.71] PartyChallenge: UpdateChallengesCompletedForPlayer bInCompletedChallenges=(False) InPlayerId=(PS4|785668489479049324|0)
[1528.72] PsyNet: PsyNetServiceProvider_X_1 ExecuteService Complete, Service=Party/System 
[1528.72] PsyNet: PsyNetChannel_X_0 party:2uuPQ5vF receive message MessageID=166
[1528.72] PsyNet: PsyNetChannel_X_0 party:2uuPQ5vF executing MessageID=166
[1528.72] Party: HandleLobbyReceiveBinaryData LobbyUID=PsyNet-2uuPQ5vF MemberIndex=0 PlayerUID=PS4|785668489479049324|0 Message=PartyMessage_ChallengesUpdate_TA
[1528.72] PartyChallenge: UpdateChallengesCompletedForPlayer bInCompletedChallenges=(False) InPlayerId=(PS4|785668489479049324|0)
[1528.73] PsyNet: PsyNetServiceProvider_X_1 ExecuteService Complete, Service=Party/System 
[1528.74] PsyNet: PsyNetChannel_X_0 party:2uuPQ5vF receive message MessageID=167
[1528.74] PsyNet: PsyNetChannel_X_0 party:2uuPQ5vF executing MessageID=167
[1528.74] Party: HandleLobbyReceiveBinaryData LobbyUID=PsyNet-2uuPQ5vF MemberIndex=0 PlayerUID=PS4|785668489479049324|0 Message=PartyMessage_ChallengesUpdate_TA
[1528.74] PartyChallenge: UpdateChallengesCompletedForPlayer bInCompletedChallenges=(False) InPlayerId=(PS4|785668489479049324|0)
[1528.75] PsyNet: PsyNetServiceProvider_X_1 ExecuteService Complete, Service=Party/System 
[1528.75] PsyNet: PsyNetChannel_X_0 party:2uuPQ5vF receive message MessageID=168
[1528.75] PsyNet: PsyNetChannel_X_0 party:2uuPQ5vF executing MessageID=168
[1528.75] Party: HandleLobbyReceiveBinaryData LobbyUID=PsyNet-2uuPQ5vF MemberIndex=0 PlayerUID=PS4|785668489479049324|0 Message=PartyMessage_ChallengesUpdate_TA
[1528.75] PartyChallenge: UpdateChallengesCompletedForPlayer bInCompletedChallenges=(False) InPlayerId=(PS4|785668489479049324|0)
[1528.75] PsyNet: PsyNetServiceProvider_X_1 ExecuteService Complete, Service=Party/System 
[1528.76] PsyNet: PsyNetChannel_X_0 party:2uuPQ5vF receive message MessageID=169
[1528.76] PsyNet: PsyNetChannel_X_0 party:2uuPQ5vF executing MessageID=169
[1528.76] Party: HandleLobbyReceiveBinaryData LobbyUID=PsyNet-2uuPQ5vF MemberIndex=0 PlayerUID=PS4|785668489479049324|0 Message=PartyMessage_ChallengesUpdate_TA
[1528.76] PartyChallenge: UpdateChallengesCompletedForPlayer bInCompletedChallenges=(False) InPlayerId=(PS4|785668489479049324|0)
[1528.76] PsyNet: PsyNetServiceProvider_X_1 ExecuteService Complete, Service=Party/System 
[1528.76] PsyNet: PsyNetChannel_X_0 party:2uuPQ5vF receive message MessageID=170
[1528.76] PsyNet: PsyNetChannel_X_0 party:2uuPQ5vF executing MessageID=170
[1528.76] Party: HandleLobbyReceiveBinaryData LobbyUID=PsyNet-2uuPQ5vF MemberIndex=0 PlayerUID=PS4|785668489479049324|0 Message=PartyMessage_ChallengesUpdate_TA
[1528.76] PartyChallenge: UpdateChallengesCompletedForPlayer bInCompletedChallenges=(False) InPlayerId=(PS4|785668489479049324|0)
[1528.77] PsyNet: PsyNetServiceProvider_X_1 ExecuteService Complete, Service=Party/System 
[1528.77] PsyNet: PsyNetChannel_X_0 party:2uuPQ5vF receive message MessageID=171
[1528.77] PsyNet: PsyNetChannel_X_0 party:2uuPQ5vF executing MessageID=171
[1528.77] Party: HandleLobbyReceiveBinaryData LobbyUID=PsyNet-2uuPQ5vF MemberIndex=0 PlayerUID=PS4|785668489479049324|0 Message=PartyMessage_ChallengesUpdate_TA
[1528.77] PartyChallenge: UpdateChallengesCompletedForPlayer bInCompletedChallenges=(False) InPlayerId=(PS4|785668489479049324|0)
[1528.78] PsyNet: PsyNetServiceProvider_X_1 ExecuteService Complete, Service=Party/System 
[1528.78] PsyNet: PsyNetChannel_X_0 party:2uuPQ5vF receive message MessageID=172
[1528.78] PsyNet: PsyNetChannel_X_0 party:2uuPQ5vF executing MessageID=172
[1528.78] Party: HandleLobbyReceiveBinaryData LobbyUID=PsyNet-2uuPQ5vF MemberIndex=0 PlayerUID=PS4|785668489479049324|0 Message=PartyMessage_ChallengesUpdate_TA
[1528.78] PartyChallenge: UpdateChallengesCompletedForPlayer bInCompletedChallenges=(False) InPlayerId=(PS4|785668489479049324|0)
[1528.79] PsyNet: PsyNetServiceProvider_X_1 ExecuteService Complete, Service=Party/System 
[1528.80] PsyNet: PsyNetChannel_X_0 party:2uuPQ5vF receive message MessageID=173
[1528.80] PsyNet: PsyNetChannel_X_0 party:2uuPQ5vF executing MessageID=173
[1528.80] Party: HandleLobbyReceiveBinaryData LobbyUID=PsyNet-2uuPQ5vF MemberIndex=0 PlayerUID=PS4|785668489479049324|0 Message=PartyMessage_ChallengesUpdate_TA
[1528.80] PartyChallenge: UpdateChallengesCompletedForPlayer bInCompletedChallenges=(False) InPlayerId=(PS4|785668489479049324|0)
[1528.80] PsyNet: PsyNetServiceProvider_X_1 ExecuteService Complete, Service=Party/System 
[1528.81] PsyNet: PsyNetChannel_X_0 party:2uuPQ5vF receive message MessageID=174
[1528.81] PsyNet: PsyNetChannel_X_0 party:2uuPQ5vF executing MessageID=174
[1528.81] Party: HandleLobbyReceiveBinaryData LobbyUID=PsyNet-2uuPQ5vF MemberIndex=0 PlayerUID=PS4|785668489479049324|0 Message=PartyMessage_MatchmakingAvailability_X
[1528.81] Party: SetAvailableForMatchmakingForMember PartyMemberID:'PS4|785668489479049324|0' MatchmakeRestrictions=(0)
[1528.81] PsyNet: PsyNetServiceProvider_X_1 ExecuteService Complete, Service=Party/System 
[1528.81] PsyNet: PsyNetChannel_X_0 party:2uuPQ5vF receive message MessageID=175
[1528.81] PsyNet: PsyNetChannel_X_0 party:2uuPQ5vF executing MessageID=175
[1528.81] Party: HandleLobbyReceiveBinaryData LobbyUID=PsyNet-2uuPQ5vF MemberIndex=0 PlayerUID=PS4|785668489479049324|0 Message=PartyMessage_DisableCrossPlay_X
[1528.82] PsyNet: PsyNetServiceProvider_X_1 ExecuteService Complete, Service=Party/System 
[1528.83] PsyNet: PsyNetChannel_X_0 party:2uuPQ5vF receive message MessageID=176
[1528.83] PsyNet: PsyNetChannel_X_0 party:2uuPQ5vF executing MessageID=176
[1528.83] Party: HandleLobbyReceiveBinaryData LobbyUID=PsyNet-2uuPQ5vF MemberIndex=0 PlayerUID=PS4|785668489479049324|0 Message=PartyMessage_CrossPlayTextChat_X
[1528.84] PsyNet: PsyNetServiceProvider_X_1 ExecuteService Complete, Service=Party/System 
[1528.84] PsyNet: PsyNetChannel_X_0 party:2uuPQ5vF receive message MessageID=177
[1528.84] PsyNet: PsyNetChannel_X_0 party:2uuPQ5vF executing MessageID=177
[1528.84] Party: HandleLobbyReceiveBinaryData LobbyUID=PsyNet-2uuPQ5vF MemberIndex=0 PlayerUID=PS4|785668489479049324|0 Message=PartyMessage_UserChatReportingLevel_TA
[1528.85] PsyNet: PsyNetServiceProvider_X_1 ExecuteService Complete, Service=Party/System 
[1528.85] PsyNet: PsyNetChannel_X_0 party:2uuPQ5vF receive message MessageID=178
[1528.85] PsyNet: PsyNetChannel_X_0 party:2uuPQ5vF executing MessageID=178
[1528.85] Party: HandleLobbyReceiveBinaryData LobbyUID=PsyNet-2uuPQ5vF MemberIndex=0 PlayerUID=PS4|785668489479049324|0 Message=PartyMessage_PartyMemberJoinGame_X
[1528.85] PsyNet: PsyNetServiceProvider_X_1 ExecuteService Complete, Service=Party/System 
[1528.86] PsyNet: PsyNetChannel_X_0 party:2uuPQ5vF receive message MessageID=179
[1528.86] PsyNet: PsyNetChannel_X_0 party:2uuPQ5vF executing MessageID=179
[1528.86] Party: HandleLobbyReceiveBinaryData LobbyUID=PsyNet-2uuPQ5vF MemberIndex=0 PlayerUID=PS4|785668489479049324|0 Message=PartyMessage_LevelAndChallengesUpdate_TA
[1528.86] PartyChallenge: UpdateLevelAndChallengesForPlayer InPlayerId=(PS4|785668489479049324|0) InXPLevel=(1064) bInCompletedChallenges=(True) bInLegacyPlayer=(False) bInGuestAccount=(False)
[1528.87] PsyNet: PsyNetServiceProvider_X_1 ExecuteService Complete, Service=Party/System 
[1528.87] PsyNet: PsyNetChannel_X_0 party:2uuPQ5vF receive message MessageID=180
[1528.87] PsyNet: PsyNetChannel_X_0 party:2uuPQ5vF executing MessageID=180
[1528.87] Party: HandleLobbyReceiveBinaryData LobbyUID=PsyNet-2uuPQ5vF MemberIndex=0 PlayerUID=PS4|785668489479049324|0 Message=PartyMessage_Loadout_TA
[1528.87] Party: HandleLoadoutMessage MemberID=PS4|785668489479049324|0
[1528.88] PsyNet: PsyNetServiceProvider_X_1 ExecuteService Complete, Service=Party/System 
[1552.66] DevNet: Bad connection: IP=18.133.99.139:8194 Name=" ç ã ^ «" ç ã ^ State=3 Ping=0.652089 ReceiveTime=0.000000 AckTime=0.000000
[1582.95] DevOnline: WebRequest_X_72 SEND: https://datarouter.ol.epicgames.com/datarouter/api/v1/public/data?AppID=RocketLeague.Release&AppVersion=1210528741&AppEnvironment=Prod&UploadType=eteventstream&UserID=|8818b4dba79a43d18b986f46e4d00392|||Epic|8818b4dba79a43d18b986f46e4d00392|0&SessionID=7ED88ADF457E5D0E09C349A06FC64359
[1583.07] DevOnline: WebRequest_X_72 RECV: 204 
[1619.22] EOSGameClips: EOSGameClips: Starting background recording: API Version 2, Clip Duration 30
[1621.79] EOSGameClips: EOSGameClips: Currently recording: true
[1622.77] EOSGameClips: EOSGameClips: Starting background recording: API Version 2, Clip Duration 30
[1630.12] EOSGameClips: EOSGameClips: Starting background recording: API Version 2, Clip Duration 30
[1634.11] EOSGameClips: EOSGameClips: Starting background recording: API Version 2, Clip Duration 30
[1642.95] DevOnline: WebRequest_X_73 SEND: https://datarouter.ol.epicgames.com/datarouter/api/v1/public/data?AppID=RocketLeague.Release&AppVersion=1210528741&AppEnvironment=Prod&UploadType=eteventstream&UserID=|8818b4dba79a43d18b986f46e4d00392|||Epic|8818b4dba79a43d18b986f46e4d00392|0&SessionID=7ED88ADF457E5D0E09C349A06FC64359
[1643.07] DevOnline: WebRequest_X_73 RECV: 204 
[1647.49] EOSGameClips: EOSGameClips: Starting background recording: API Version 2, Clip Duration 30
[1650.05] EOSGameClips: EOSGameClips: Currently recording: true
[1651.04] EOSGameClips: EOSGameClips: Starting background recording: API Version 2, Clip Duration 30
[1654.60] EOSGameClips: EOSGameClips: Starting background recording: API Version 2, Clip Duration 30
[1658.60] EOSGameClips: EOSGameClips: Starting background recording: API Version 2, Clip Duration 30
[1692.00] EOSGameClips: EOSGameClips: Starting background recording: API Version 2, Clip Duration 30
[1694.57] EOSGameClips: EOSGameClips: Currently recording: true
[1695.55] EOSGameClips: EOSGameClips: Starting background recording: API Version 2, Clip Duration 30
[1702.94] DevOnline: WebRequest_X_74 SEND: https://datarouter.ol.epicgames.com/datarouter/api/v1/public/data?AppID=RocketLeague.Release&AppVersion=1210528741&AppEnvironment=Prod&UploadType=eteventstream&UserID=|8818b4dba79a43d18b986f46e4d00392|||Epic|8818b4dba79a43d18b986f46e4d00392|0&SessionID=7ED88ADF457E5D0E09C349A06FC64359
[1703.06] DevOnline: WebRequest_X_74 RECV: 204 
[1703.56] XPProgression: GFxHUD_TA.HandleGameStateChanged Current player match score = 848, UniqueId=(Epic|8818b4dba79a43d18b986f46e4d00392|0), with total match time = 297.3086 seconds, with total net time = 297.3086seconds
[1703.56] Party: Ranked Game Finished, Clear party member server
[1703.56] RankedReconnect: RankedReconnectSave_TA_0.ClearRankedReconnect()
[1703.78] PartyChallenge: UpdateChallengeProgressForCompetitive bChallengesComplete=(True) ChallengeState=(Challenge_Success) bChallengeSync=(True) bChallengesAreValid=(True) bLegacyPlayer=(False) bGuestAccount=(False) Online_X.UniqueNetIDToString(Manager.Outer.PlayerID)=(Epic|8818b4dba79a43d18b986f46e4d00392|0) Complete
[1703.79] PsyNet: PsyNetServiceProvider_X_1 ExecuteService Complete, Service=Challenges/PlayerProgress 
[1703.79] XPProgression: SaveData_TA.HandleRewardDropNotification PsyNetService_RewardDropReceived_TA returned Total XP Earned = 4620.0000, in match with ID = 7223BD1E11F12DAF6845CE8C85A40E2F , Current player match score = 848, UniqueId=(Epic|8818b4dba79a43d18b986f46e4d00392|0), with total match time = 297.3086 seconds, with total net time = 297.3086seconds
[1703.80] PsyNet: PsyNetServiceProvider_X_1 ExecuteService Complete, Service=Reward/RewardResult 
[1703.80] PartyChallenge: UpdateChallengeProgressForCompetitive bChallengesComplete=(True) ChallengeState=(Challenge_Success) bChallengeSync=(True) bChallengesAreValid=(True) bLegacyPlayer=(False) bGuestAccount=(False) Online_X.UniqueNetIDToString(Manager.Outer.PlayerID)=(Epic|8818b4dba79a43d18b986f46e4d00392|0) Complete
[1703.81] PsyNet: PsyNetServiceProvider_X_1 ExecuteService Complete, Service=Challenges/PlayerProgress 
[1704.32] DevOnline: PlayerDataStorage_WriteFile: Beginning to upload file. User=(8818b4dba79a43d18b986f46e4d00392) FileName=(RLSettingsData)
[1704.56] EOSGameClips: EOSGameClips: Starting background recording: API Version 2, Clip Duration 30
[1704.84] DevOnline: PlayerDataStorage_WriteFile: Beginning to upload file. User=(8818b4dba79a43d18b986f46e4d00392) FileName=(RLSaveData)
[1704.98] PsyNet: PsyNetChannel_X_0 party:2uuPQ5vF receive message MessageID=181
[1704.98] PsyNet: PsyNetChannel_X_0 party:2uuPQ5vF executing MessageID=181
[1704.98] Party: HandleLobbyReceiveBinaryData LobbyUID=PsyNet-2uuPQ5vF MemberIndex=0 PlayerUID=PS4|785668489479049324|0 Message=PartyMessage_SearchStatus_X
[1704.98] Party: HandleSearchStatus StatusMessage.SearchState=(Searching) StatusMessage.bIsSearching=(True)
[1704.99] PsyNet: PsyNetServiceProvider_X_1 ExecuteService Complete, Service=Party/System 
[1705.37] PsyNet: PsyNetChannel_X_0 party:2uuPQ5vF receive message MessageID=182
[1705.37] PsyNet: PsyNetChannel_X_0 party:2uuPQ5vF executing MessageID=182
[1705.37] Party: HandleLobbyReceiveBinaryData LobbyUID=PsyNet-2uuPQ5vF MemberIndex=0 PlayerUID=PS4|785668489479049324|0 Message=PartyMessage_SearchStatus_X
[1705.37] Party: HandleSearchStatus StatusMessage.SearchState=(OnlineGameMatchmaking_X) StatusMessage.bIsSearching=(False)
[1705.37] PsyNet: PsyNetServiceProvider_X_1 ExecuteService Complete, Service=Party/System 
[1705.38] PsyNet: PsyNetChannel_X_0 party:2uuPQ5vF receive message MessageID=183
[1705.38] PsyNet: PsyNetChannel_X_0 party:2uuPQ5vF executing MessageID=183
[1705.38] Party: HandleLobbyReceiveBinaryData LobbyUID=PsyNet-2uuPQ5vF MemberIndex=0 PlayerUID=PS4|785668489479049324|0 Message=PartyMessage_SearchStatus_X
[1705.38] Party: HandleSearchStatus StatusMessage.SearchState=(Searching) StatusMessage.bIsSearching=(True)
[1705.38] PsyNet: PsyNetServiceProvider_X_1 ExecuteService Complete, Service=Party/System 
[1705.55] DevOnline: PlayerDataStorage_WriteFile: File upload complete. User=(8818b4dba79a43d18b986f46e4d00392) FileName=(RLSettingsData) Success=(1)
[1705.55] SettingsExport: Settings data upload complete. Success: True
[1706.13] DevOnline: PlayerDataStorage_WriteFile: File upload complete. User=(8818b4dba79a43d18b986f46e4d00392) FileName=(RLSaveData) Success=(1)
[1706.53] ScriptWarning: ScriptWarning, Accessed None 'Car'
	CarComponent_Boost_TA EuroStadium_Rainy_P.TheWorld:PersistentLevel.CarComponent_Boost_TA_236
	Function TAGame.CarComponent_Boost_TA:GiveBoost:01A5
Script call stack:
	Function TAGame.CarComponent_Boost_TA:ClientGiveBoost
	Function TAGame.CarComponent_Boost_TA:GiveBoost

[1706.53] XPProgression: GFxHUD_TA.HandleGameStateChanged Current player match score = 848, UniqueId=(Epic|8818b4dba79a43d18b986f46e4d00392|0), with total match time = 297.3086 seconds, with total net time = 297.3086seconds
[1706.53] Party: Ranked Game Finished, Clear party member server
[1706.53] RankedReconnect: RankedReconnectSave_TA_0.ClearRankedReconnect()
[1706.54] PsyNet: PsyNetChannel_X_0 party:2uuPQ5vF receive message MessageID=184
[1706.54] PsyNet: PsyNetChannel_X_0 party:2uuPQ5vF executing MessageID=184
[1706.54] Party: HandleLobbyReceiveBinaryData LobbyUID=PsyNet-2uuPQ5vF MemberIndex=0 PlayerUID=PS4|785668489479049324|0 Message=PartyMessage_SearchStatus_X
[1706.54] Party: HandleSearchStatus StatusMessage.SearchState=(Searching) StatusMessage.bIsSearching=(True)
[1706.55] PsyNet: PsyNetServiceProvider_X_1 ExecuteService Complete, Service=Party/System 
[1707.52] EOSGameClips: EOSGameClips: Starting background recording: API Version 2, Clip Duration 30
[1711.54] PsyNetStaticData: HandleCacheExpired
[1711.54] PsyNetStaticData: UpdateCacheTimerEnabled CacheTimer.bEnabled=(True)
[1711.54] XPProgression: GFxHUD_TA.HandleGameStateChanged Current player match score = 848, UniqueId=(Epic|8818b4dba79a43d18b986f46e4d00392|0), with total match time = 297.3086 seconds, with total net time = 297.3086seconds
[1711.54] Party: Ranked Game Finished, Clear party member server
[1711.54] RankedReconnect: RankedReconnectSave_TA_0.ClearRankedReconnect()
[1711.58] Online: TryToPlayOnline ControllerID=(-1)
[1711.58] Online: HandlePrivilegeCheckFinished PrivilegeCheck.bHasRestriction=(False)
[1711.58] Online: HandlePrivilegeCheck PrivilegeCheck.bHasRestriction=(False)
[1711.58] EOSGameClips: EOSGameClips: Recording changed from Recording to NotRecording.
[1711.58] DevOnline: WebRequest_X_75 SEND: https://config.psynet.gg/v2/Config/BattleCars/1210528741/Prod/Epic/INT/
[1711.72] DevOnline: WebRequest_X_75 RECV: 304 
[1711.75] DevOnline: EOSSDK-LogEOSGameClips: Missing encoder drain completed message.
[1711.95] PsyNetBeaconDetail_X: PsyNetBeacon_X_0 ReserveConnection ReservationID=(7465104158F844DA9DB44A3BC85DDD21) ConnectionID=(eyJ0eXAiOiJKV1QiLCJhbGciOiJIUzUxMiJ9.eyJqdGkiOiJhZDdhOTJhMmM1ZjQ0MTA3OTA1YTA3MWMwNWFmZjYyYSIsImlzcyI6IlBzeU5ldCIsInBsYXllcl9pZCI6IkVwaWN8ODgxOGI0ZGJhNzlhNDNkMThiOTg2ZjQ2ZTRkMDAzOTJ8MCIsInNlcnZlcl9uYW1lIjoiRVU3LTBFOTFFNjAxMEJEOEQ5NDFFLVJldHJvZ3JhZGUyIiwiaWF0IjoxNzc1MDM3MTY4LCJuYmYiOjE3NzUwMzcxNjgsImV4cCI6MTc3NTA1MTU2OH0.OmYQDO8QTUoBxFWeNeSPufn6YXGCFAakIDYDzTwHNnFhYa5GrBINOdJVlub42o8BRhJsLyghRv7E7Tp9Z3RAMg)
[1711.95] PsyNetBeaconDetail_X: PsyNetBeacon_X_0 ClientHandleMessage Message.MessageType=(ClientReservationMessage_X) Message.ReservationID=(7465104158F844DA9DB44A3BC85DDD21)
[1711.95] Party: Received game server from notification (v3) Message.Reservation=((ServerName="EU7-0E91E6010BD8D941E-Retrograde2",Playlist=11,Region="EU",ReservationID="7465104158F844DA9DB44A3BC85DDD21",DSRToken="eyJ0eXAiOiJKV1QiLCJhbGciOiJIUzUxMiJ9.eyJqdGkiOiJhZDdhOTJhMmM1ZjQ0MTA3OTA1YTA3MWMwNWFmZjYyYSIsImlzcyI6IlBzeU5ldCIsInBsYXllcl9pZCI6IkVwaWN8ODgxOGI0ZGJhNzlhNDNkMThiOTg2ZjQ2ZTRkMDAzOTJ8MCIsInNlcnZlcl9uYW1lIjoiRVU3LTBFOTFFNjAxMEJEOEQ5NDFFLVJldHJvZ3JhZGUyIiwiaWF0IjoxNzc1MDM3MTY4LCJuYmYiOjE3NzUwMzcxNjgsImV4cCI6MTc3NTA1MTU2OH0.OmYQDO8QTUoBxFWeNeSPufn6YXGCFAakIDYDzTwHNnFhYa5GrBINOdJVlub42o8BRhJsLyghRv7E7Tp9Z3RAMg",JoinName="I40DAD8LS8RI48Q9",JoinPassword="45O6C37FFJ0KM12V"))
[1711.96] JoinGame: StartJoin Reservation=((ServerName="EU7-0E91E6010BD8D941E-Retrograde2",Playlist=11,Region="EU",ReservationID="7465104158F844DA9DB44A3BC85DDD21",DSRToken="eyJ0eXAiOiJKV1QiLCJhbGciOiJIUzUxMiJ9.eyJqdGkiOiJhZDdhOTJhMmM1ZjQ0MTA3OTA1YTA3MWMwNWFmZjYyYSIsImlzcyI6IlBzeU5ldCIsInBsYXllcl9pZCI6IkVwaWN8ODgxOGI0ZGJhNzlhNDNkMThiOTg2ZjQ2ZTRkMDAzOTJ8MCIsInNlcnZlcl9uYW1lIjoiRVU3LTBFOTFFNjAxMEJEOEQ5NDFFLVJldHJvZ3JhZGUyIiwiaWF0IjoxNzc1MDM3MTY4LCJuYmYiOjE3NzUwMzcxNjgsImV4cCI6MTc3NTA1MTU2OH0.OmYQDO8QTUoBxFWeNeSPufn6YXGCFAakIDYDzTwHNnFhYa5GrBINOdJVlub42o8BRhJsLyghRv7E7Tp9Z3RAMg",JoinName="I40DAD8LS8RI48Q9",JoinPassword="45O6C37FFJ0KM12V")) JoinSettings=((PlaylistId=11,Password="45O6C37FFJ0KM12V"))
[1711.96] JoinGame: GotoJoinGameState OnlineGameJoinGame_TA -> VerifyPrivileges
[1711.96] Online: TryToPlayOnline ControllerID=(-1)
[1711.96] PsyNet: PsyNetServiceProvider_X_1 ExecuteService Complete, Service=DSR/ClientMessage 
[1711.96] Online: HandlePrivilegeCheckFinished PrivilegeCheck.bHasRestriction=(False)
[1711.96] JoinGame: GotoJoinGameState VerifyPrivileges -> ReservingServerForMatchmaking
[1711.96] PsyNetBeaconDetail_X: PsyNetBeacon_X_0 SendMessageToServer Message=(AddReservationMessagePublic_X_6)
[1712.49] PsyNetBeaconDetail_X: PsyNetBeacon_X_0 ClientHandleMessage Message.MessageType=(ReservationsWaitingMessage_X) Message.ReservationID=(7465104158F844DA9DB44A3BC85DDD21)
[1712.49] JoinGame: Waiting for more players to add reservations
[1712.49] Party: HandleServerReserved (Reservation=(ServerName="EU7-0E91E6010BD8D941E-Retrograde2",Playlist=11,Region="EU",ReservationID="7465104158F844DA9DB44A3BC85DDD21",DSRToken="eyJ0eXAiOiJKV1QiLCJhbGciOiJIUzUxMiJ9.eyJqdGkiOiJhZDdhOTJhMmM1ZjQ0MTA3OTA1YTA3MWMwNWFmZjYyYSIsImlzcyI6IlBzeU5ldCIsInBsYXllcl9pZCI6IkVwaWN8ODgxOGI0ZGJhNzlhNDNkMThiOTg2ZjQ2ZTRkMDAzOTJ8MCIsInNlcnZlcl9uYW1lIjoiRVU3LTBFOTFFNjAxMEJEOEQ5NDFFLVJldHJvZ3JhZGUyIiwiaWF0IjoxNzc1MDM3MTY4LCJuYmYiOjE3NzUwMzcxNjgsImV4cCI6MTc3NTA1MTU2OH0.OmYQDO8QTUoBxFWeNeSPufn6YXGCFAakIDYDzTwHNnFhYa5GrBINOdJVlub42o8BRhJsLyghRv7E7Tp9Z3RAMg",JoinName="I40DAD8LS8RI48Q9",JoinPassword="45O6C37FFJ0KM12V"),JoinCredentials="I40DAD8LS8RI48Q9:45O6C37FFJ0KM12V")
[1712.50] PsyNet: PsyNetServiceProvider_X_1 ExecuteService Complete, Service=DSR/ClientMessage 
[1712.53] PsyNet: PsyNetChannel_X_0 party:2uuPQ5vF receive message MessageID=185
[1712.53] PsyNet: PsyNetChannel_X_0 party:2uuPQ5vF executing MessageID=185
[1712.53] Party: HandleLobbyReceiveBinaryData LobbyUID=PsyNet-2uuPQ5vF MemberIndex=0 PlayerUID=PS4|785668489479049324|0 Message=PartyMessage_SearchStatus_X
[1712.53] Party: HandleSearchStatus StatusMessage.SearchState=(Joining) StatusMessage.bIsSearching=(True)
[1712.54] PsyNet: PsyNetServiceProvider_X_1 ExecuteService Complete, Service=Party/System 
[1713.43] PsyNetBeaconDetail_X: PsyNetBeacon_X_0 ClientHandleMessage Message.MessageType=(ReservationsReadyMessage_X) Message.ReservationID=(7465104158F844DA9DB44A3BC85DDD21)
[1713.43] Party: HandleServerReserved (Reservation=(ServerName="EU7-0E91E6010BD8D941E-Retrograde2",Playlist=11,Region="EU",ReservationID="7465104158F844DA9DB44A3BC85DDD21",DSRToken="eyJ0eXAiOiJKV1QiLCJhbGciOiJIUzUxMiJ9.eyJqdGkiOiJhZDdhOTJhMmM1ZjQ0MTA3OTA1YTA3MWMwNWFmZjYyYSIsImlzcyI6IlBzeU5ldCIsInBsYXllcl9pZCI6IkVwaWN8ODgxOGI0ZGJhNzlhNDNkMThiOTg2ZjQ2ZTRkMDAzOTJ8MCIsInNlcnZlcl9uYW1lIjoiRVU3LTBFOTFFNjAxMEJEOEQ5NDFFLVJldHJvZ3JhZGUyIiwiaWF0IjoxNzc1MDM3MTY4LCJuYmYiOjE3NzUwMzcxNjgsImV4cCI6MTc3NTA1MTU2OH0.OmYQDO8QTUoBxFWeNeSPufn6YXGCFAakIDYDzTwHNnFhYa5GrBINOdJVlub42o8BRhJsLyghRv7E7Tp9Z3RAMg",JoinName="I40DAD8LS8RI48Q9",JoinPassword="45O6C37FFJ0KM12V"),PingURL="18.133.165.161:7857",GameURL="18.133.165.161:7856",JoinCredentials="I40DAD8LS8RI48Q9:45O6C37FFJ0KM12V")
[1713.43] JoinGame: GotoJoinGameState ReservingServerForMatchmaking -> JoinCountdown
[1713.43] PsyNetBeaconDetail_X: PsyNetBeacon_X_0 SendMessageToServer Message=(PingMessage_X_16)
[1713.44] PsyNet: PsyNetServiceProvider_X_1 ExecuteService Complete, Service=DSR/ClientMessage 
[1713.47] Log: FSaveDataExportTask(0) wrote 1061163 bytes to memory
[1713.47] Log: SaveGameDataAsync game thread time: 8 ms
[1713.49] Log: Deleting old save file ..\..\TAGame\SaveDataEpic\DBE_Production\8818b4dba79a43d18b986f46e4d00392_1.save
[1713.49] Log: SaveDataExport(0): Finished - File:[..\..\TAGame\SaveDataEpic\DBE_Production\8818b4dba79a43d18b986f46e4d00392.save] Result:[1]
[1713.50] SettingsExport: CreateSnapshot Metadata {"userId":"Epic|8818b4dba79a43d18b986f46e4d00392|0","platformKey":"Epic","schemaVersion":0,"clientVersion":1532151,"timestampUtc":1775037170,"settingsVersion":7977,"checksum":-1323311351 Payload Size  97006
[1713.50] SettingsExport: Payload changed. Notifying new Checksum: -1323311351
[1713.50] SettingsExport: Local settings updated, uploading data
[1713.73] PsyNetBeaconDetail_X: PsyNetBeacon_X_0 ClientHandleMessage Message.MessageType=(PingMessage_X) Message.ReservationID=(7465104158F844DA9DB44A3BC85DDD21)
[1713.73] PsyNet: PsyNetServiceProvider_X_1 ExecuteService Complete, Service=DSR/ClientMessage 
[1713.79] PsyNet: PsyNetChannel_X_0 party:2uuPQ5vF receive message MessageID=186
[1713.79] PsyNet: PsyNetChannel_X_0 party:2uuPQ5vF executing MessageID=186
[1713.79] Party: HandleLobbyReceiveBinaryData LobbyUID=PsyNet-2uuPQ5vF MemberIndex=0 PlayerUID=PS4|785668489479049324|0 Message=PartyMessage_JoinGame_X
[1713.79] Party: HandlePartyJoinGame MatchSettings=((ServerName="EU7-0E91E6010BD8D941E-Retrograde2",PlaylistId=11,CustomPassword="45O6C37FFJ0KM12V",ReservationID="7465104158F844DA9DB44A3BC85DDD21",JoinName="I40DAD8LS8RI48Q9",JoinPassword="45O6C37FFJ0KM12V"))
[1713.80] PsyNet: PsyNetServiceProvider_X_1 ExecuteService Complete, Service=Party/System 
[1716.44] JoinGame: GotoJoinGameState JoinCountdown -> OpeningLoadingScreen
[1716.44] RankedReconnect: OnlineGameJoinGame_TA_0::OpeningLoadingScreen.BeginState()
[1716.44] RankedReconnect: LocalPlayer_TA_0.UpdateRankedReconnect() RankedTeamDoubles True 4 False
[1716.44] RankedReconnect: RankedReconnectSave_TA_0.SetRankedReconnect() Server=((Reservation=(ServerName="EU7-0E91E6010BD8D941E-Retrograde2",Playlist=11,Region="EU",ReservationID="7465104158F844DA9DB44A3BC85DDD21",DSRToken="eyJ0eXAiOiJKV1QiLCJhbGciOiJIUzUxMiJ9.eyJqdGkiOiJhZDdhOTJhMmM1ZjQ0MTA3OTA1YTA3MWMwNWFmZjYyYSIsImlzcyI6IlBzeU5ldCIsInBsYXllcl9pZCI6IkVwaWN8ODgxOGI0ZGJhNzlhNDNkMThiOTg2ZjQ2ZTRkMDAzOTJ8MCIsInNlcnZlcl9uYW1lIjoiRVU3LTBFOTFFNjAxMEJEOEQ5NDFFLVJldHJvZ3JhZGUyIiwiaWF0IjoxNzc1MDM3MTY4LCJuYmYiOjE3NzUwMzcxNjgsImV4cCI6MTc3NTA1MTU2OH0.OmYQDO8QTUoBxFWeNeSPufn6YXGCFAakIDYDzTwHNnFhYa5GrBINOdJVlub42o8BRhJsLyghRv7E7Tp9Z3RAMg",JoinName="I40DAD8LS8RI48Q9",JoinPassword="45O6C37FFJ0KM12V"),PingURL="18.133.165.161:7857",GameURL="18.133.165.161:7856",JoinCredentials="I40DAD8LS8RI48Q9:45O6C37FFJ0KM12V")) EpochNow=(1775037173)
[1716.44] DevNet: Browse: JoinGameTransition?Name=%e6%bc%a2+%e9%be%8d+%e7%8e%8b+%e7%a5%9e+%e9%97%87%e6%bc%a2+%e9%be%8d+%e7%8e%8b+%e7%a5%9e?game=TAGame.GameInfo_Transition_TA
[1716.50] Log: FSaveDataExportTask(0) wrote 1062097 bytes to memory
[1716.50] Log: SaveGameDataAsync game thread time: 8 ms
[1716.50] Log: LoadMap: JoinGameTransition?Name=%e6%bc%a2+%e9%be%8d+%e7%8e%8b+%e7%a5%9e+%e9%97%87%e6%bc%a2+%e9%be%8d+%e7%8e%8b+%e7%a5%9e?game=TAGame.GameInfo_Transition_TA
[1716.50] Spawn: TextChatActor_TA_11 Destroyed
[1716.50] EOSGameClips: ShutDown : Shutting down EOSGameClipsController_TA. Self=(EOSGameClipsController_TA_6) PlayerOwner?.GetUniqueNetId()=(Epic|8818b4dba79a43d18b986f46e4d00392|0)
[1716.50] Spawn: TextChatActor_TA_12 Destroyed
[1716.50] Spawn: TextChatActor_TA_13 Destroyed
[1716.50] Spawn: TextChatActor_TA_14 Destroyed
[1716.50] Spawn: TextChatActor_TA_15 Destroyed
[1716.52] Log: Deleting old save file ..\..\TAGame\SaveDataEpic\DBE_Production\8818b4dba79a43d18b986f46e4d00392_2.save
[1716.52] Log: SaveDataExport(0): Finished - File:[..\..\TAGame\SaveDataEpic\DBE_Production\8818b4dba79a43d18b986f46e4d00392_1.save] Result:[1]
[1716.52] DevOnline: PsyNet Flush Start TimeoutSeconds=0.250000
[1716.71] DevOnline: PsyNet Flush End
[1716.72] NetComeGo: Close TcpipConnection_3 18.133.99.139:8194 01/04/2026 10:52:55 'Control channel cleanup'
[1716.72] NetComeGo: TcpipConnection_3 Control channel closed, reason=Control channel cleanup
[1716.73] Exit: TcpNetDriver_3 shut down
[1716.73] Log: Fully load package: ..\..\TAGame\CookedPCConsole\GameInfo_Transition_SF.upk
[1716.74] Log: Game class is 'GameInfo_Transition_TA'
[1716.77] Log: Bringing World JoinGameTransition.TheWorld up for play (0) at 2026.04.01-10.52.55
[1716.77] Log: Bringing up level for play took: 0.033258
[1716.77] PartyChallenge: UpdateChallengeProgressForCompetitive bChallengesComplete=(True) ChallengeState=(Challenge_Success) bChallengeSync=(True) bChallengesAreValid=(True) bLegacyPlayer=(False) bGuestAccount=(False) Online_X.UniqueNetIDToString(Manager.Outer.PlayerID)=(Epic|8818b4dba79a43d18b986f46e4d00392|0) Complete
[1716.77] PartyChallenge: InitializeCompetitiveChallenges bGuestAccount=(False) bCompletedChallengesForCompetitive=(True) bLegacyPlayer=(False) Online_X.UniqueNetIDToString(OnlinePlayer.PlayerID)=(Epic|8818b4dba79a43d18b986f46e4d00392|0)
[1716.77] JoinGame: GotoJoinGameState OpeningLoadingScreen -> JoiningNewServer
[1716.77] DevNet: SetProgress, MessageType=1, Title=, Message=Connecting...
[1716.77] Log: ########### Finished loading level: 0.270957 seconds
[1716.78] SettingsExport: CreateSnapshot Metadata {"userId":"Epic|8818b4dba79a43d18b986f46e4d00392|0","platformKey":"Epic","schemaVersion":0,"clientVersion":1532151,"timestampUtc":1775037173,"settingsVersion":7978,"checksum":1779392528 Payload Size  97006
[1716.78] SettingsExport: Payload changed. Notifying new Checksum: 1779392528
[1716.78] SettingsExport: Local settings updated, uploading data
[1716.78] DevNet: Browse: 18.133.165.161:7856/MENU_Main_p?Name=%e6%bc%a2+%e9%be%8d+%e7%8e%8b+%e7%a5%9e+%e9%97%87%e6%bc%a2+%e9%be%8d+%e7%8e%8b+%e7%a5%9e
[1716.78] DevNet: Game client on port 7856, rate 15000
[1716.78] NetComeGo: SEND first packet Length=80 CRC=-1591546683
[1716.82] NetComeGo: TcpipConnection_4 RECV first packet IP=18.133.165.161:7856 Length=15 CRC=-1221346030 HandshakeStatus=0 bUseSessionUID=1 InSessionUID=(0 0 0) SessionUID=(0 0 0)
[1716.82] NetComeGo: Client set SessionUID to: 201 152 219
[1716.93] PsyNet: PsyNetChannel_X_0 party:2uuPQ5vF receive message MessageID=187
[1716.93] PsyNet: PsyNetChannel_X_0 party:2uuPQ5vF executing MessageID=187
[1716.95] PsyNet: PsyNetServiceProvider_X_1 ExecuteService Complete, Service=Party/System 
[1716.98] DevNet: Welcomed by server (Level: cs_day_p, Game: TAGame.GameInfo_Soccar_TA, GameTags: )
[1716.99] Log: FSaveDataExportTask(0) wrote 1062097 bytes to memory
[1716.99] Log: SaveGameDataAsync game thread time: 8 ms
[1717.00] Log: Deleting old save file ..\..\TAGame\SaveDataEpic\DBE_Production\8818b4dba79a43d18b986f46e4d00392.save
[1717.00] Log: SaveDataExport(0): Finished - File:[..\..\TAGame\SaveDataEpic\DBE_Production\8818b4dba79a43d18b986f46e4d00392_2.save] Result:[1]
[1717.00] Log: Flushing async loaders.
[1717.01] Log: Flushed async loaders.
[1717.01] Log: LoadMap: 18.133.165.161:7856/cs_day_p?Name=%e6%bc%a2+%e9%be%8d+%e7%8e%8b+%e7%a5%9e+%e9%97%87%e6%bc%a2+%e9%be%8d+%e7%8e%8b+%e7%a5%9e?game=TAGame.GameInfo_Soccar_TA
[1717.02] DevOnline: PsyNet Flush Start TimeoutSeconds=0.250000
[1717.22] DevOnline: PsyNet Flush End
[1717.23] Log: Fully load package: ..\..\TAGame\CookedPCConsole\GameInfo_Soccar_SF.upk
[1717.27] Log: Fully load package: ..\..\TAGame\CookedPCConsole\GFxSounds_XP_SF.upk
[1717.28] Log: Fully load package: ..\..\TAGame\CookedPCConsole\GFx_XPProgressMenu_SF.upk
[1717.30] Log: Fully load package: ..\..\TAGame\CookedPCConsole\GFX_EndGameMenu_SF.upk
[1717.35] Log: Fully load package: ..\..\TAGame\CookedPCConsole\GFX_WinnerMenu_SF.upk
[1717.37] Log: Fully load package: ..\..\TAGame\CookedPCConsole\GFX_MidGameScoreboard_SF.upk
[1717.37] Log: Fully load package: ..\..\TAGame\CookedPCConsole\GFX_MidGameMenu_SF.upk
[1717.38] Log: Fully load package: ..\..\TAGame\CookedPCConsole\GFX_HudMatchInfo_SF.upk
[1717.39] Log: Fully load package: ..\..\TAGame\CookedPCConsole\GFX_Hud_SF.upk
[1717.83] Log: Bringing World cs_day_p.TheWorld up for play (0) at 2026.04.01-10.52.56
[1717.83] Log: Bringing up level for play took: 0.045988
[1717.93] RootMenu: [GFx] UIShellInstance - setting the shell instance
[1717.96] PartyChallenge: UpdateChallengeProgressForCompetitive bChallengesComplete=(True) ChallengeState=(Challenge_Success) bChallengeSync=(True) bChallengesAreValid=(True) bLegacyPlayer=(False) bGuestAccount=(False) Online_X.UniqueNetIDToString(Manager.Outer.PlayerID)=(Epic|8818b4dba79a43d18b986f46e4d00392|0) Complete
[1717.96] PartyChallenge: InitializeCompetitiveChallenges bGuestAccount=(False) bCompletedChallengesForCompetitive=(True) bLegacyPlayer=(False) Online_X.UniqueNetIDToString(OnlinePlayer.PlayerID)=(Epic|8818b4dba79a43d18b986f46e4d00392|0)
[1717.96] JoinGame: OnJoinGameComplete bSuccess=(True) FailReason=()
[1717.96] JoinGame: GotoJoinGameState JoiningNewServer -> None
[1717.96] PsyNetBeaconDetail_X: PsyNetBeacon_X_0 Close
[1717.96] PsyNetBeaconDetail_X: PsyNetBeacon_X_0 CloseConnection Connection.ConnectionID=(eyJ0eXAiOiJKV1QiLCJhbGciOiJIUzUxMiJ9.eyJqdGkiOiJhZDdhOTJhMmM1ZjQ0MTA3OTA1YTA3MWMwNWFmZjYyYSIsImlzcyI6IlBzeU5ldCIsInBsYXllcl9pZCI6IkVwaWN8ODgxOGI0ZGJhNzlhNDNkMThiOTg2ZjQ2ZTRkMDAzOTJ8MCIsInNlcnZlcl9uYW1lIjoiRVU3LTBFOTFFNjAxMEJEOEQ5NDFFLVJldHJvZ3JhZGUyIiwiaWF0IjoxNzc1MDM3MTY4LCJuYmYiOjE3NzUwMzcxNjgsImV4cCI6MTc3NTA1MTU2OH0.OmYQDO8QTUoBxFWeNeSPufn6YXGCFAakIDYDzTwHNnFhYa5GrBINOdJVlub42o8BRhJsLyghRv7E7Tp9Z3RAMg)
[1717.96] Spawn: TextChatActor_TA_16 OnOwnerChanged PlayerController_TA_7
[1717.96] EOSGameClips: Construct Constructed EOSGameClipsController_TA. Self=(EOSGameClipsController_TA_7)
[1717.96] Log: ########### Finished loading level: 0.952047 seconds
[1717.96] MusicPlayer: HandleTrackEnd CurrentTrackPlayingID=(0) PlayingID=(24328)
[1717.96] MusicPlayer: HandleTrackEnd CurrentTrackPlayingID=(0) PlayingID=(24328)
[1717.96] SettingsExport: Settings content not changed. Will not update the Settings Online
[1717.96] PsyNet: PsyNetChannel_X_0 party:2uuPQ5vF receive message MessageID=188
[1717.96] PsyNet: PsyNetChannel_X_0 party:2uuPQ5vF executing MessageID=188
[1717.96] Party: HandleLobbyReceiveBinaryData LobbyUID=PsyNet-2uuPQ5vF MemberIndex=0 PlayerUID=PS4|785668489479049324|0 Message=PartyMessage_PartyMemberJoinGame_X
[1718.24] PsyNet: PsyNetServiceProvider_X_1 ExecuteService Complete, Service=Party/System 
[1718.25] LTM: SettingsType=(CustomMatchSettingsType_PrivateMatch)
[1718.28] EOSGameClips: ShutDown : Shutting down EOSGameClipsController_TA. Self=(EOSGameClipsController_TA_7) PlayerOwner?.GetUniqueNetId()=(Epic|8818b4dba79a43d18b986f46e4d00392|0)
[1718.29] PartyChallenge: UpdateChallengeProgressForCompetitive bChallengesComplete=(True) ChallengeState=(Challenge_Success) bChallengeSync=(True) bChallengesAreValid=(True) bLegacyPlayer=(False) bGuestAccount=(False) Online_X.UniqueNetIDToString(Manager.Outer.PlayerID)=(Epic|8818b4dba79a43d18b986f46e4d00392|0) Complete
[1718.29] PartyChallenge: InitializeCompetitiveChallenges bGuestAccount=(False) bCompletedChallengesForCompetitive=(True) bLegacyPlayer=(False) Online_X.UniqueNetIDToString(OnlinePlayer.PlayerID)=(Epic|8818b4dba79a43d18b986f46e4d00392|0)
[1718.29] EOSGameClips: Construct Constructed EOSGameClipsController_TA. Self=(EOSGameClipsController_TA_8)
[1718.29] ScriptLog: Client InputRate=60
[1718.29] DevNet: PlayerController_TA_8 setplayer LocalPlayer_TA_0
[1718.29] PsyNetStaticData: UpdateCacheTimerEnabled CacheTimer.bEnabled=(False)
[1718.29] MatchBroadcast: Init bBroadcastMatch=(False) MatchLog=(None)
[1718.32] ScriptLog: Uncached PlatformId for Epic|8818b4dba79a43d18b986f46e4d00392|0
[1718.32] ScriptLog: MatchGUID: 8A754DF011F12DB00B3CE0BE06FF7F13
[1718.32] Spawn: TextChatActor_TA_17 OnOwnerChanged PlayerController_TA_8
[1718.37] RootMenu: [GFx] UIShellInstance - setting the shell instance
[1718.45] Eula: RequiresAcceptance? EulaConfig?.bRequiresAcceptance=(True) GetUISave()?.Contains('bAcceptedOfflineEULA')=(True) Eula.SyncState=(LSS_Accepted)
[1718.45] Party: BroadcastMatchmakingAvailabilityDelayed PartyMemberID:'Epic|8818b4dba79a43d18b986f46e4d00392|0' MatchmakeRestrictions=(0)
[1718.45] Party: SetAvailableForMatchmakingForMember PartyMemberID:'Epic|8818b4dba79a43d18b986f46e4d00392|0' MatchmakeRestrictions=(0)
[1718.54] PsyNet: PsyNetChannel_X_0 party:2uuPQ5vF receive message MessageID=189
[1718.54] PsyNet: PsyNetChannel_X_0 party:2uuPQ5vF executing MessageID=189
[1718.55] PsyNet: PsyNetServiceProvider_X_1 ExecuteService Complete, Service=Party/System 
[1718.65] DevOnline: RemoteUserDataReplicated Name: PRI_TA_16 Role: 1 RemoteRole: 3
[1718.85] DevOnline: RemoteUserDataReplicated Name: PRI_TA_17 Role: 1 RemoteRole: 3
[1718.89] PsyNet: PsyNetChannel_X_0 party:2uuPQ5vF receive message MessageID=190
[1718.89] PsyNet: PsyNetChannel_X_0 party:2uuPQ5vF executing MessageID=190
[1718.90] PsyNet: PsyNetServiceProvider_X_1 ExecuteService Complete, Service=Party/System 
[1719.18] EOSVoice: Received full credentials from the server.
[1719.19] PsyNet: PsyNetServiceProvider_X_1 ExecuteService Complete, Service=VoiceChat/MatchToken 
[1720.44] PsyNet: PsyNetChannel_X_0 party:2uuPQ5vF receive message MessageID=191
[1720.44] PsyNet: PsyNetChannel_X_0 party:2uuPQ5vF executing MessageID=191
[1720.44] Party: HandleLobbyReceiveBinaryData LobbyUID=PsyNet-2uuPQ5vF MemberIndex=0 PlayerUID=PS4|785668489479049324|0 Message=PartyMessage_PartyMemberJoinGame_X
[1720.44] PsyNet: PsyNetServiceProvider_X_1 ExecuteService Complete, Service=Party/System 
[1720.96] PsyNet: PsyNetChannel_X_0 party:2uuPQ5vF receive message MessageID=192
[1720.96] PsyNet: PsyNetChannel_X_0 party:2uuPQ5vF executing MessageID=192
[1720.96] Party: HandleLobbyReceiveBinaryData LobbyUID=PsyNet-2uuPQ5vF MemberIndex=0 PlayerUID=PS4|785668489479049324|0 Message=PartyMessage_SearchStatus_X
[1720.96] Party: HandleSearchStatus StatusMessage.SearchState=(OnlineGameMatchmaking_X) StatusMessage.bIsSearching=(False)
[1720.97] PsyNet: PsyNetServiceProvider_X_1 ExecuteService Complete, Service=Party/System 
[1720.99] PsyNet: PsyNetChannel_X_0 party:2uuPQ5vF receive message MessageID=193
[1720.99] PsyNet: PsyNetChannel_X_0 party:2uuPQ5vF executing MessageID=193
[1720.99] Party: HandleLobbyReceiveBinaryData LobbyUID=PsyNet-2uuPQ5vF MemberIndex=0 PlayerUID=PS4|785668489479049324|0 Message=PartyMessage_MatchmakingAvailability_X
[1720.99] Party: SetAvailableForMatchmakingForMember PartyMemberID:'PS4|785668489479049324|0' MatchmakeRestrictions=(0)
[1720.99] PsyNet: PsyNetServiceProvider_X_1 ExecuteService Complete, Service=Party/System 
[1724.47] EOSGameClips: EOSGameClips: Starting background recording: API Version 2, Clip Duration 30
[1724.47] DevOnline: EOSSDK-LogEOSGameClips: Starting recording up to 30 seconds.
[1724.48] EOSGameClips: EOSGameClips: Recording changed from NotRecording to Recording.
[1725.31] DevOnline: EOSSDK-LogEOSRTC: TickTracker Tick is delayed. TimePeriod=[10.007292s]  TickIntervalThreshold=[0.100000s] MaxTickInterval=[0.122710s] MaxExecutionTime=[0.000062s] TicksCount=[954] ExpectedTicksCount=[1000]
[1728.49] EOSGameClips: EOSGameClips: Starting background recording: API Version 2, Clip Duration 30
[1759.79] EOSGameClips: EOSGameClips: Starting background recording: API Version 2, Clip Duration 30
[1762.36] EOSGameClips: EOSGameClips: Currently recording: true
[1763.34] EOSGameClips: EOSGameClips: Starting background recording: API Version 2, Clip Duration 30
[1763.52] DevOnline: WebRequest_X_76 SEND: https://datarouter.ol.epicgames.com/datarouter/api/v1/public/data?AppID=RocketLeague.Release&AppVersion=1210528741&AppEnvironment=Prod&UploadType=eteventstream&UserID=|8818b4dba79a43d18b986f46e4d00392|||Epic|8818b4dba79a43d18b986f46e4d00392|0&SessionID=7ED88ADF457E5D0E09C349A06FC64359
[1763.64] DevOnline: WebRequest_X_76 RECV: 204 
[1774.00] EOSGameClips: EOSGameClips: Starting background recording: API Version 2, Clip Duration 30
[1778.00] EOSGameClips: EOSGameClips: Starting background recording: API Version 2, Clip Duration 30
[1790.35] EOSGameClips: EOSGameClips: Starting background recording: API Version 2, Clip Duration 30
[1792.90] EOSGameClips: EOSGameClips: Currently recording: true
[1793.89] EOSGameClips: EOSGameClips: Starting background recording: API Version 2, Clip Duration 30
[1800.34] EOSGameClips: EOSGameClips: Starting background recording: API Version 2, Clip Duration 30
[1804.35] EOSGameClips: EOSGameClips: Starting background recording: API Version 2, Clip Duration 30
[1823.51] DevOnline: WebRequest_X_77 SEND: https://datarouter.ol.epicgames.com/datarouter/api/v1/public/data?AppID=RocketLeague.Release&AppVersion=1210528741&AppEnvironment=Prod&UploadType=eteventstream&UserID=|8818b4dba79a43d18b986f46e4d00392|||Epic|8818b4dba79a43d18b986f46e4d00392|0&SessionID=7ED88ADF457E5D0E09C349A06FC64359
[1823.63] DevOnline: WebRequest_X_77 RECV: 204 
[1883.51] DevOnline: WebRequest_X_78 SEND: https://datarouter.ol.epicgames.com/datarouter/api/v1/public/data?AppID=RocketLeague.Release&AppVersion=1210528741&AppEnvironment=Prod&UploadType=eteventstream&UserID=|8818b4dba79a43d18b986f46e4d00392|||Epic|8818b4dba79a43d18b986f46e4d00392|0&SessionID=7ED88ADF457E5D0E09C349A06FC64359
[1883.63] DevOnline: WebRequest_X_78 RECV: 204 
[1903.24] EOSGameClips: EOSGameClips: Starting background recording: API Version 2, Clip Duration 30
[1905.80] EOSGameClips: EOSGameClips: Currently recording: true
[1906.78] EOSGameClips: EOSGameClips: Starting background recording: API Version 2, Clip Duration 30
[1914.43] EOSGameClips: EOSGameClips: Starting background recording: API Version 2, Clip Duration 30
[1918.43] EOSGameClips: EOSGameClips: Starting background recording: API Version 2, Clip Duration 30
[1943.50] DevOnline: WebRequest_X_79 SEND: https://datarouter.ol.epicgames.com/datarouter/api/v1/public/data?AppID=RocketLeague.Release&AppVersion=1210528741&AppEnvironment=Prod&UploadType=eteventstream&UserID=|8818b4dba79a43d18b986f46e4d00392|||Epic|8818b4dba79a43d18b986f46e4d00392|0&SessionID=7ED88ADF457E5D0E09C349A06FC64359
[1943.62] DevOnline: WebRequest_X_79 RECV: 204 
[2003.50] DevOnline: WebRequest_X_80 SEND: https://datarouter.ol.epicgames.com/datarouter/api/v1/public/data?AppID=RocketLeague.Release&AppVersion=1210528741&AppEnvironment=Prod&UploadType=eteventstream&UserID=|8818b4dba79a43d18b986f46e4d00392|||Epic|8818b4dba79a43d18b986f46e4d00392|0&SessionID=7ED88ADF457E5D0E09C349A06FC64359
[2003.62] DevOnline: WebRequest_X_80 RECV: 204 
[2047.63] EOSGameClips: EOSGameClips: Currently recording: true
[2063.49] DevOnline: WebRequest_X_81 SEND: https://datarouter.ol.epicgames.com/datarouter/api/v1/public/data?AppID=RocketLeague.Release&AppVersion=1210528741&AppEnvironment=Prod&UploadType=eteventstream&UserID=|8818b4dba79a43d18b986f46e4d00392|||Epic|8818b4dba79a43d18b986f46e4d00392|0&SessionID=7ED88ADF457E5D0E09C349A06FC64359
[2063.61] DevOnline: WebRequest_X_81 RECV: 204 
[2092.91] XPProgression: GFxHUD_TA.HandleGameStateChanged Current player match score = 226, UniqueId=(Epic|8818b4dba79a43d18b986f46e4d00392|0), with total match time = 308.4926 seconds, with total net time = 308.4926seconds
[2092.91] Party: Ranked Game Finished, Clear party member server
[2092.91] RankedReconnect: RankedReconnectSave_TA_0.ClearRankedReconnect()
[2093.15] PartyChallenge: UpdateChallengeProgressForCompetitive bChallengesComplete=(True) ChallengeState=(Challenge_Success) bChallengeSync=(True) bChallengesAreValid=(True) bLegacyPlayer=(False) bGuestAccount=(False) Online_X.UniqueNetIDToString(Manager.Outer.PlayerID)=(Epic|8818b4dba79a43d18b986f46e4d00392|0) Complete
[2093.16] PsyNet: PsyNetServiceProvider_X_1 ExecuteService Complete, Service=Challenges/PlayerProgress 
[2093.17] PartyChallenge: UpdateChallengeProgressForCompetitive bChallengesComplete=(True) ChallengeState=(Challenge_Success) bChallengeSync=(True) bChallengesAreValid=(True) bLegacyPlayer=(False) bGuestAccount=(False) Online_X.UniqueNetIDToString(Manager.Outer.PlayerID)=(Epic|8818b4dba79a43d18b986f46e4d00392|0) Complete
[2093.18] PsyNet: PsyNetServiceProvider_X_1 ExecuteService Complete, Service=Challenges/PlayerProgress 
[2093.19] XPProgression: SaveData_TA.HandleRewardDropNotification PsyNetService_RewardDropReceived_TA returned Total XP Earned = 4574.0000, in match with ID = 8A754DF011F12DB00B3CE0BE06FF7F13 , Current player match score = 226, UniqueId=(Epic|8818b4dba79a43d18b986f46e4d00392|0), with total match time = 308.4926 seconds, with total net time = 308.4926seconds
[2093.19] PsyNet: PsyNetServiceProvider_X_1 ExecuteService Complete, Service=Reward/RewardResult 
[2093.41] Rewards: ClientGiveOnlineReward " ç ã ^ «" ç ã ^ Product=((ProductID=7633,InstanceID=(UpperBits=17727727904144115513,LowerBits=13329766102954139924),SeriesID=4,Attributes=((Key="Blueprint",Value="4284"),(Key="Quality",Value="Import"),(Key="BlueprintCost",Value="500"))))
[2093.42] ScriptLog: GetDLCProducts, UnlockedDLCList=
[2093.91] EOSGameClips: EOSGameClips: Starting background recording: API Version 2, Clip Duration 30
[2094.00] PsyNet: PsyNetChannel_X_0 party:2uuPQ5vF receive message MessageID=194
[2094.00] PsyNet: PsyNetChannel_X_0 party:2uuPQ5vF executing MessageID=194
[2094.00] Party: HandleLobbyReceiveBinaryData LobbyUID=PsyNet-2uuPQ5vF MemberIndex=0 PlayerUID=PS4|785668489479049324|0 Message=PartyMessage_SearchStatus_X
[2094.00] Party: HandleSearchStatus StatusMessage.SearchState=(Searching) StatusMessage.bIsSearching=(True)
[2094.00] PsyNet: PsyNetServiceProvider_X_1 ExecuteService Complete, Service=Party/System 
[2094.92] DevOnline: PlayerDataStorage_WriteFile: Beginning to upload file. User=(8818b4dba79a43d18b986f46e4d00392) FileName=(RLSaveData)
[2095.67] PsyNet: PsyNetChannel_X_0 party:2uuPQ5vF receive message MessageID=195
[2095.67] PsyNet: PsyNetChannel_X_0 party:2uuPQ5vF executing MessageID=195
[2095.67] Party: HandleLobbyReceiveBinaryData LobbyUID=PsyNet-2uuPQ5vF MemberIndex=0 PlayerUID=PS4|785668489479049324|0 Message=PartyMessage_SearchStatus_X
[2095.67] Party: HandleSearchStatus StatusMessage.SearchState=(Searching) StatusMessage.bIsSearching=(True)
[2095.67] PsyNet: PsyNetServiceProvider_X_1 ExecuteService Complete, Service=Party/System 
[2095.73] DevOnline: PlayerDataStorage_WriteFile: Beginning to upload file. User=(8818b4dba79a43d18b986f46e4d00392) FileName=(RLSettingsData)
[2095.91] ScriptWarning: ScriptWarning, Accessed None 'Car'
	CarComponent_Boost_TA cs_day_p.TheWorld:PersistentLevel.CarComponent_Boost_TA_274
	Function TAGame.CarComponent_Boost_TA:GiveBoost:01A5
Script call stack:
	Function TAGame.CarComponent_Boost_TA:ClientGiveBoost
	Function TAGame.CarComponent_Boost_TA:GiveBoost

[2095.91] XPProgression: GFxHUD_TA.HandleGameStateChanged Current player match score = 226, UniqueId=(Epic|8818b4dba79a43d18b986f46e4d00392|0), with total match time = 309.2001 seconds, with total net time = 309.2001seconds
[2095.91] Party: Ranked Game Finished, Clear party member server
[2095.91] RankedReconnect: RankedReconnectSave_TA_0.ClearRankedReconnect()
[2096.54] DevOnline: PlayerDataStorage_WriteFile: File upload complete. User=(8818b4dba79a43d18b986f46e4d00392) FileName=(RLSaveData) Success=(1)
[2096.82] DevOnline: PlayerDataStorage_WriteFile: File upload complete. User=(8818b4dba79a43d18b986f46e4d00392) FileName=(RLSettingsData) Success=(1)
[2096.82] SettingsExport: Settings data upload complete. Success: True
[2096.90] EOSGameClips: EOSGameClips: Starting background recording: API Version 2, Clip Duration 30
[2100.95] PsyNetStaticData: HandleCacheExpired
[2100.95] PsyNetStaticData: UpdateCacheTimerEnabled CacheTimer.bEnabled=(True)
[2100.95] XPProgression: GFxHUD_TA.HandleGameStateChanged Current player match score = 226, UniqueId=(Epic|8818b4dba79a43d18b986f46e4d00392|0), with total match time = 309.2001 seconds, with total net time = 309.2001seconds
[2100.95] Party: Ranked Game Finished, Clear party member server
[2100.95] RankedReconnect: RankedReconnectSave_TA_0.ClearRankedReconnect()
[2100.98] Online: TryToPlayOnline ControllerID=(-1)
[2100.98] Online: HandlePrivilegeCheckFinished PrivilegeCheck.bHasRestriction=(False)
[2100.98] Online: HandlePrivilegeCheck PrivilegeCheck.bHasRestriction=(False)
[2100.98] EOSGameClips: EOSGameClips: Recording changed from Recording to NotRecording.
[2100.98] DevOnline: WebRequest_X_82 SEND: https://config.psynet.gg/v2/Config/BattleCars/1210528741/Prod/Epic/INT/
[2101.15] DevOnline: EOSSDK-LogEOSGameClips: Missing encoder drain completed message.
[2101.17] DevOnline: WebRequest_X_82 RECV: 304 
[2102.18] PsyNetBeaconDetail_X: PsyNetBeacon_X_0 ReserveConnection ReservationID=(B0524D866EDE41AA81D976C9472DC0FA) ConnectionID=(eyJ0eXAiOiJKV1QiLCJhbGciOiJIUzUxMiJ9.eyJqdGkiOiJiNTMxM2FhOGY5M2M0MDFmODI4NTU4NTA3MDA5Y2EyNyIsImlzcyI6IlBzeU5ldCIsInBsYXllcl9pZCI6IkVwaWN8ODgxOGI0ZGJhNzlhNDNkMThiOTg2ZjQ2ZTRkMDAzOTJ8MCIsInNlcnZlcl9uYW1lIjoiRVU3LTA0MTU4MDE4OENBMDRBRUVDLVN1cGVybm92YSIsImlhdCI6MTc3NTAzNzU1OCwibmJmIjoxNzc1MDM3NTU4LCJleHAiOjE3NzUwNTE5NTh9.oE0QMi3yRVnZQl0TfqcKYgyZ3jwK27HJOTu315cJpN4wIkYWnQENL9VrkIGYYWwDM_M39HuGzzFDvynG0-PsHg)
[2102.18] PsyNetBeaconDetail_X: PsyNetBeacon_X_0 ClientHandleMessage Message.MessageType=(ClientReservationMessage_X) Message.ReservationID=(B0524D866EDE41AA81D976C9472DC0FA)
[2102.18] Party: Received game server from notification (v3) Message.Reservation=((ServerName="EU7-041580188CA04AEEC-Supernova",Playlist=11,Region="EU",ReservationID="B0524D866EDE41AA81D976C9472DC0FA",DSRToken="eyJ0eXAiOiJKV1QiLCJhbGciOiJIUzUxMiJ9.eyJqdGkiOiJiNTMxM2FhOGY5M2M0MDFmODI4NTU4NTA3MDA5Y2EyNyIsImlzcyI6IlBzeU5ldCIsInBsYXllcl9pZCI6IkVwaWN8ODgxOGI0ZGJhNzlhNDNkMThiOTg2ZjQ2ZTRkMDAzOTJ8MCIsInNlcnZlcl9uYW1lIjoiRVU3LTA0MTU4MDE4OENBMDRBRUVDLVN1cGVybm92YSIsImlhdCI6MTc3NTAzNzU1OCwibmJmIjoxNzc1MDM3NTU4LCJleHAiOjE3NzUwNTE5NTh9.oE0QMi3yRVnZQl0TfqcKYgyZ3jwK27HJOTu315cJpN4wIkYWnQENL9VrkIGYYWwDM_M39HuGzzFDvynG0-PsHg",JoinName="KNONRD3JIT0CZ0CJ",JoinPassword="W4NI294RHJTRQVC1"))
[2102.19] JoinGame: StartJoin Reservation=((ServerName="EU7-041580188CA04AEEC-Supernova",Playlist=11,Region="EU",ReservationID="B0524D866EDE41AA81D976C9472DC0FA",DSRToken="eyJ0eXAiOiJKV1QiLCJhbGciOiJIUzUxMiJ9.eyJqdGkiOiJiNTMxM2FhOGY5M2M0MDFmODI4NTU4NTA3MDA5Y2EyNyIsImlzcyI6IlBzeU5ldCIsInBsYXllcl9pZCI6IkVwaWN8ODgxOGI0ZGJhNzlhNDNkMThiOTg2ZjQ2ZTRkMDAzOTJ8MCIsInNlcnZlcl9uYW1lIjoiRVU3LTA0MTU4MDE4OENBMDRBRUVDLVN1cGVybm92YSIsImlhdCI6MTc3NTAzNzU1OCwibmJmIjoxNzc1MDM3NTU4LCJleHAiOjE3NzUwNTE5NTh9.oE0QMi3yRVnZQl0TfqcKYgyZ3jwK27HJOTu315cJpN4wIkYWnQENL9VrkIGYYWwDM_M39HuGzzFDvynG0-PsHg",JoinName="KNONRD3JIT0CZ0CJ",JoinPassword="W4NI294RHJTRQVC1")) JoinSettings=((PlaylistId=11,Password="W4NI294RHJTRQVC1"))
[2102.19] JoinGame: GotoJoinGameState OnlineGameJoinGame_TA -> VerifyPrivileges
[2102.19] Online: TryToPlayOnline ControllerID=(-1)
[2102.19] PsyNet: PsyNetServiceProvider_X_1 ExecuteService Complete, Service=DSR/ClientMessage 
[2102.19] Online: HandlePrivilegeCheckFinished PrivilegeCheck.bHasRestriction=(False)
[2102.19] JoinGame: GotoJoinGameState VerifyPrivileges -> ReservingServerForMatchmaking
[2102.19] PsyNetBeaconDetail_X: PsyNetBeacon_X_0 SendMessageToServer Message=(AddReservationMessagePublic_X_7)
[2102.36] Log: FSaveDataExportTask(0) wrote 1061977 bytes to memory
[2102.36] Log: SaveGameDataAsync game thread time: 8 ms
[2102.37] Log: Deleting old save file ..\..\TAGame\SaveDataEpic\DBE_Production\8818b4dba79a43d18b986f46e4d00392_1.save
[2102.37] Log: SaveDataExport(0): Finished - File:[..\..\TAGame\SaveDataEpic\DBE_Production\8818b4dba79a43d18b986f46e4d00392.save] Result:[1]
[2102.38] SettingsExport: CreateSnapshot Metadata {"userId":"Epic|8818b4dba79a43d18b986f46e4d00392|0","platformKey":"Epic","schemaVersion":0,"clientVersion":1532151,"timestampUtc":1775037559,"settingsVersion":7980,"checksum":53863790 Payload Size  97006
[2102.38] SettingsExport: Payload changed. Notifying new Checksum: 53863790
[2102.38] SettingsExport: Local settings updated, uploading data
[2102.56] PsyNet: PsyNetChannel_X_0 party:2uuPQ5vF receive message MessageID=196
[2102.56] PsyNet: PsyNetChannel_X_0 party:2uuPQ5vF executing MessageID=196
[2102.56] Party: HandleLobbyReceiveBinaryData LobbyUID=PsyNet-2uuPQ5vF MemberIndex=0 PlayerUID=PS4|785668489479049324|0 Message=PartyMessage_SearchStatus_X
[2102.56] Party: HandleSearchStatus StatusMessage.SearchState=(Joining) StatusMessage.bIsSearching=(True)
[2102.56] PsyNet: PsyNetServiceProvider_X_1 ExecuteService Complete, Service=Party/System 
[2102.93] PsyNet: PsyNetChannel_X_0 party:2uuPQ5vF receive message MessageID=197
[2102.93] PsyNet: PsyNetChannel_X_0 party:2uuPQ5vF executing MessageID=197
[2102.93] Party: HandleLobbyReceiveBinaryData LobbyUID=PsyNet-2uuPQ5vF MemberIndex=0 PlayerUID=PS4|785668489479049324|0 Message=PartyMessage_JoinGame_X
[2102.93] Party: HandlePartyJoinGame MatchSettings=((ServerName="EU7-041580188CA04AEEC-Supernova",PlaylistId=11,CustomPassword="W4NI294RHJTRQVC1",ReservationID="B0524D866EDE41AA81D976C9472DC0FA",JoinName="KNONRD3JIT0CZ0CJ",JoinPassword="W4NI294RHJTRQVC1"))
[2102.94] PsyNet: PsyNetServiceProvider_X_1 ExecuteService Complete, Service=Party/System 
[2103.57] PsyNetBeaconDetail_X: PsyNetBeacon_X_0 ClientHandleMessage Message.MessageType=(ReservationsReadyMessage_X) Message.ReservationID=(B0524D866EDE41AA81D976C9472DC0FA)
[2103.57] Party: HandleServerReserved (Reservation=(ServerName="EU7-041580188CA04AEEC-Supernova",Playlist=11,Region="EU",ReservationID="B0524D866EDE41AA81D976C9472DC0FA",DSRToken="eyJ0eXAiOiJKV1QiLCJhbGciOiJIUzUxMiJ9.eyJqdGkiOiJiNTMxM2FhOGY5M2M0MDFmODI4NTU4NTA3MDA5Y2EyNyIsImlzcyI6IlBzeU5ldCIsInBsYXllcl9pZCI6IkVwaWN8ODgxOGI0ZGJhNzlhNDNkMThiOTg2ZjQ2ZTRkMDAzOTJ8MCIsInNlcnZlcl9uYW1lIjoiRVU3LTA0MTU4MDE4OENBMDRBRUVDLVN1cGVybm92YSIsImlhdCI6MTc3NTAzNzU1OCwibmJmIjoxNzc1MDM3NTU4LCJleHAiOjE3NzUwNTE5NTh9.oE0QMi3yRVnZQl0TfqcKYgyZ3jwK27HJOTu315cJpN4wIkYWnQENL9VrkIGYYWwDM_M39HuGzzFDvynG0-PsHg",JoinName="KNONRD3JIT0CZ0CJ",JoinPassword="W4NI294RHJTRQVC1"),PingURL="18.168.146.176:7905",GameURL="18.168.146.176:7904",JoinCredentials="KNONRD3JIT0CZ0CJ:W4NI294RHJTRQVC1")
[2103.57] JoinGame: GotoJoinGameState ReservingServerForMatchmaking -> JoinCountdown
[2103.57] PsyNetBeaconDetail_X: PsyNetBeacon_X_0 SendMessageToServer Message=(PingMessage_X_18)
[2103.58] PsyNet: PsyNetServiceProvider_X_1 ExecuteService Complete, Service=DSR/ClientMessage 
[2103.87] PsyNetBeaconDetail_X: PsyNetBeacon_X_0 ClientHandleMessage Message.MessageType=(PingMessage_X) Message.ReservationID=(B0524D866EDE41AA81D976C9472DC0FA)
[2103.88] PsyNet: PsyNetServiceProvider_X_1 ExecuteService Complete, Service=DSR/ClientMessage 
[2103.88] PsyNet: PsyNetChannel_X_0 party:2uuPQ5vF receive message MessageID=198
[2103.88] PsyNet: PsyNetChannel_X_0 party:2uuPQ5vF executing MessageID=198
[2103.88] Party: HandleLobbyReceiveBinaryData LobbyUID=PsyNet-2uuPQ5vF MemberIndex=0 PlayerUID=PS4|785668489479049324|0 Message=PartyMessage_JoinGame_X
[2103.88] Party: HandlePartyJoinGame MatchSettings=((ServerName="EU7-041580188CA04AEEC-Supernova",PlaylistId=11,CustomPassword="W4NI294RHJTRQVC1",ReservationID="B0524D866EDE41AA81D976C9472DC0FA",JoinName="KNONRD3JIT0CZ0CJ",JoinPassword="W4NI294RHJTRQVC1"))
[2103.88] PsyNet: PsyNetServiceProvider_X_1 ExecuteService Complete, Service=Party/System 
[2106.58] JoinGame: GotoJoinGameState JoinCountdown -> OpeningLoadingScreen
[2106.58] RankedReconnect: OnlineGameJoinGame_TA_0::OpeningLoadingScreen.BeginState()
[2106.58] RankedReconnect: LocalPlayer_TA_0.UpdateRankedReconnect() RankedTeamDoubles True 4 False
[2106.58] RankedReconnect: RankedReconnectSave_TA_0.SetRankedReconnect() Server=((Reservation=(ServerName="EU7-041580188CA04AEEC-Supernova",Playlist=11,Region="EU",ReservationID="B0524D866EDE41AA81D976C9472DC0FA",DSRToken="eyJ0eXAiOiJKV1QiLCJhbGciOiJIUzUxMiJ9.eyJqdGkiOiJiNTMxM2FhOGY5M2M0MDFmODI4NTU4NTA3MDA5Y2EyNyIsImlzcyI6IlBzeU5ldCIsInBsYXllcl9pZCI6IkVwaWN8ODgxOGI0ZGJhNzlhNDNkMThiOTg2ZjQ2ZTRkMDAzOTJ8MCIsInNlcnZlcl9uYW1lIjoiRVU3LTA0MTU4MDE4OENBMDRBRUVDLVN1cGVybm92YSIsImlhdCI6MTc3NTAzNzU1OCwibmJmIjoxNzc1MDM3NTU4LCJleHAiOjE3NzUwNTE5NTh9.oE0QMi3yRVnZQl0TfqcKYgyZ3jwK27HJOTu315cJpN4wIkYWnQENL9VrkIGYYWwDM_M39HuGzzFDvynG0-PsHg",JoinName="KNONRD3JIT0CZ0CJ",JoinPassword="W4NI294RHJTRQVC1"),PingURL="18.168.146.176:7905",GameURL="18.168.146.176:7904",JoinCredentials="KNONRD3JIT0CZ0CJ:W4NI294RHJTRQVC1")) EpochNow=(1775037563)
[2106.58] DevNet: Browse: JoinGameTransition?Name=%e6%bc%a2+%e9%be%8d+%e7%8e%8b+%e7%a5%9e+%e9%97%87%e6%bc%a2+%e9%be%8d+%e7%8e%8b+%e7%a5%9e?game=TAGame.GameInfo_Transition_TA
[2106.64] Log: FSaveDataExportTask(0) wrote 1062906 bytes to memory
[2106.64] Log: SaveGameDataAsync game thread time: 9 ms
[2106.65] Log: LoadMap: JoinGameTransition?Name=%e6%bc%a2+%e9%be%8d+%e7%8e%8b+%e7%a5%9e+%e9%97%87%e6%bc%a2+%e9%be%8d+%e7%8e%8b+%e7%a5%9e?game=TAGame.GameInfo_Transition_TA
[2106.65] Spawn: TextChatActor_TA_16 Destroyed
[2106.65] EOSGameClips: ShutDown : Shutting down EOSGameClipsController_TA. Self=(EOSGameClipsController_TA_8) PlayerOwner?.GetUniqueNetId()=(Epic|8818b4dba79a43d18b986f46e4d00392|0)
[2106.65] Spawn: TextChatActor_TA_17 Destroyed
[2106.65] Spawn: TextChatActor_TA_18 Destroyed
[2106.65] Spawn: TextChatActor_TA_19 Destroyed
[2106.65] Spawn: TextChatActor_TA_20 Destroyed
[2106.66] Log: Deleting old save file ..\..\TAGame\SaveDataEpic\DBE_Production\8818b4dba79a43d18b986f46e4d00392_2.save
[2106.66] Log: SaveDataExport(0): Finished - File:[..\..\TAGame\SaveDataEpic\DBE_Production\8818b4dba79a43d18b986f46e4d00392_1.save] Result:[1]
[2106.67] DevOnline: PsyNet Flush Start TimeoutSeconds=0.250000
[2106.85] DevOnline: PsyNet Flush End
[2106.87] NetComeGo: Close TcpipConnection_4 18.133.165.161:7856 01/04/2026 10:59:25 'Control channel cleanup'
[2106.87] NetComeGo: TcpipConnection_4 Control channel closed, reason=Control channel cleanup
[2106.88] Exit: TcpNetDriver_4 shut down
[2106.89] Log: Fully load package: ..\..\TAGame\CookedPCConsole\GameInfo_Transition_SF.upk
[2106.89] Log: Game class is 'GameInfo_Transition_TA'
[2106.93] Log: Bringing World JoinGameTransition.TheWorld up for play (0) at 2026.04.01-10.59.25
[2106.93] Log: Bringing up level for play took: 0.038452
[2106.93] PartyChallenge: UpdateChallengeProgressForCompetitive bChallengesComplete=(True) ChallengeState=(Challenge_Success) bChallengeSync=(True) bChallengesAreValid=(True) bLegacyPlayer=(False) bGuestAccount=(False) Online_X.UniqueNetIDToString(Manager.Outer.PlayerID)=(Epic|8818b4dba79a43d18b986f46e4d00392|0) Complete
[2106.93] PartyChallenge: InitializeCompetitiveChallenges bGuestAccount=(False) bCompletedChallengesForCompetitive=(True) bLegacyPlayer=(False) Online_X.UniqueNetIDToString(OnlinePlayer.PlayerID)=(Epic|8818b4dba79a43d18b986f46e4d00392|0)
[2106.93] JoinGame: GotoJoinGameState OpeningLoadingScreen -> JoiningNewServer
[2106.93] DevNet: SetProgress, MessageType=1, Title=, Message=Connecting...
[2106.93] Log: ########### Finished loading level: 0.287197 seconds
[2106.94] SettingsExport: CreateSnapshot Metadata {"userId":"Epic|8818b4dba79a43d18b986f46e4d00392|0","platformKey":"Epic","schemaVersion":0,"clientVersion":1532151,"timestampUtc":1775037563,"settingsVersion":7981,"checksum":730784764 Payload Size  97006
[2106.94] SettingsExport: Payload changed. Notifying new Checksum: 730784764
[2106.94] SettingsExport: Local settings updated, uploading data
[2106.94] DevNet: Browse: 18.168.146.176:7904/MENU_Main_p?Name=%e6%bc%a2+%e9%be%8d+%e7%8e%8b+%e7%a5%9e+%e9%97%87%e6%bc%a2+%e9%be%8d+%e7%8e%8b+%e7%a5%9e
[2106.94] DevNet: Game client on port 7904, rate 15000
[2106.94] NetComeGo: SEND first packet Length=80 CRC=1660808457
[2106.97] NetComeGo: TcpipConnection_5 RECV first packet IP=18.168.146.176:7904 Length=15 CRC=578404983 HandshakeStatus=0 bUseSessionUID=1 InSessionUID=(0 0 0) SessionUID=(0 0 0)
[2106.97] NetComeGo: Client set SessionUID to: 156 1 0
[2107.04] DevNet: Welcomed by server (Level: TrainStation_P, Game: TAGame.GameInfo_Soccar_TA, GameTags: )
[2107.05] Log: FSaveDataExportTask(0) wrote 1062906 bytes to memory
[2107.05] Log: SaveGameDataAsync game thread time: 8 ms
[2107.06] Log: Deleting old save file ..\..\TAGame\SaveDataEpic\DBE_Production\8818b4dba79a43d18b986f46e4d00392.save
[2107.06] Log: SaveDataExport(0): Finished - File:[..\..\TAGame\SaveDataEpic\DBE_Production\8818b4dba79a43d18b986f46e4d00392_2.save] Result:[1]
[2107.09] Log: Flushing async loaders.
[2107.10] Log: Flushed async loaders.
[2107.10] Log: LoadMap: 18.168.146.176:7904/TrainStation_P?Name=%e6%bc%a2+%e9%be%8d+%e7%8e%8b+%e7%a5%9e+%e9%97%87%e6%bc%a2+%e9%be%8d+%e7%8e%8b+%e7%a5%9e?game=TAGame.GameInfo_Soccar_TA
[2107.11] DevOnline: PsyNet Flush Start TimeoutSeconds=0.250000
[2107.13] PsyNet: PsyNetChannel_X_0 party:2uuPQ5vF receive message MessageID=199
[2107.13] PsyNet: PsyNetChannel_X_0 party:2uuPQ5vF executing MessageID=199
[2107.14] PsyNet: PsyNetServiceProvider_X_1 ExecuteService Complete, Service=Party/System 
[2107.29] DevOnline: PsyNet Flush End
[2107.30] Log: Fully load package: ..\..\TAGame\CookedPCConsole\GameInfo_Soccar_SF.upk
[2107.35] Log: Fully load package: ..\..\TAGame\CookedPCConsole\GFxSounds_XP_SF.upk
[2107.35] Log: Fully load package: ..\..\TAGame\CookedPCConsole\GFx_XPProgressMenu_SF.upk
[2107.37] Log: Fully load package: ..\..\TAGame\CookedPCConsole\GFX_EndGameMenu_SF.upk
[2107.42] Log: Fully load package: ..\..\TAGame\CookedPCConsole\GFX_WinnerMenu_SF.upk
[2107.44] Log: Fully load package: ..\..\TAGame\CookedPCConsole\GFX_MidGameScoreboard_SF.upk
[2107.44] Log: Fully load package: ..\..\TAGame\CookedPCConsole\GFX_MidGameMenu_SF.upk
[2107.45] Log: Fully load package: ..\..\TAGame\CookedPCConsole\GFX_HudMatchInfo_SF.upk
[2107.46] Log: Fully load package: ..\..\TAGame\CookedPCConsole\GFX_Hud_SF.upk
[2107.78] Log: Bringing World TrainStation_P.TheWorld up for play (0) at 2026.04.01-10.59.26
[2107.79] Log: Bringing up level for play took: 0.152914
[2107.94] RootMenu: [GFx] UIShellInstance - setting the shell instance
[2107.97] PartyChallenge: UpdateChallengeProgressForCompetitive bChallengesComplete=(True) ChallengeState=(Challenge_Success) bChallengeSync=(True) bChallengesAreValid=(True) bLegacyPlayer=(False) bGuestAccount=(False) Online_X.UniqueNetIDToString(Manager.Outer.PlayerID)=(Epic|8818b4dba79a43d18b986f46e4d00392|0) Complete
[2107.97] PartyChallenge: InitializeCompetitiveChallenges bGuestAccount=(False) bCompletedChallengesForCompetitive=(True) bLegacyPlayer=(False) Online_X.UniqueNetIDToString(OnlinePlayer.PlayerID)=(Epic|8818b4dba79a43d18b986f46e4d00392|0)
[2107.97] JoinGame: OnJoinGameComplete bSuccess=(True) FailReason=()
[2107.97] JoinGame: GotoJoinGameState JoiningNewServer -> None
[2107.97] PsyNetBeaconDetail_X: PsyNetBeacon_X_0 Close
[2107.97] PsyNetBeaconDetail_X: PsyNetBeacon_X_0 CloseConnection Connection.ConnectionID=(eyJ0eXAiOiJKV1QiLCJhbGciOiJIUzUxMiJ9.eyJqdGkiOiJiNTMxM2FhOGY5M2M0MDFmODI4NTU4NTA3MDA5Y2EyNyIsImlzcyI6IlBzeU5ldCIsInBsYXllcl9pZCI6IkVwaWN8ODgxOGI0ZGJhNzlhNDNkMThiOTg2ZjQ2ZTRkMDAzOTJ8MCIsInNlcnZlcl9uYW1lIjoiRVU3LTA0MTU4MDE4OENBMDRBRUVDLVN1cGVybm92YSIsImlhdCI6MTc3NTAzNzU1OCwibmJmIjoxNzc1MDM3NTU4LCJleHAiOjE3NzUwNTE5NTh9.oE0QMi3yRVnZQl0TfqcKYgyZ3jwK27HJOTu315cJpN4wIkYWnQENL9VrkIGYYWwDM_M39HuGzzFDvynG0-PsHg)
[2107.98] Spawn: TextChatActor_TA_21 OnOwnerChanged PlayerController_TA_9
[2107.98] EOSGameClips: Construct Constructed EOSGameClipsController_TA. Self=(EOSGameClipsController_TA_9)
[2107.98] Log: ########### Finished loading level: 0.875967 seconds
[2107.98] MusicPlayer: HandleTrackEnd CurrentTrackPlayingID=(0) PlayingID=(33416)
[2107.98] MusicPlayer: HandleTrackEnd CurrentTrackPlayingID=(0) PlayingID=(33416)
[2107.98] SettingsExport: Settings content not changed. Will not update the Settings Online
[2107.98] PsyNet: PsyNetChannel_X_0 party:2uuPQ5vF receive message MessageID=200
[2107.98] PsyNet: PsyNetChannel_X_0 party:2uuPQ5vF executing MessageID=200
[2107.98] Party: HandleLobbyReceiveBinaryData LobbyUID=PsyNet-2uuPQ5vF MemberIndex=0 PlayerUID=PS4|785668489479049324|0 Message=PartyMessage_PartyMemberJoinGame_X
[2108.67] PsyNet: PsyNetServiceProvider_X_1 ExecuteService Complete, Service=Party/System 
[2108.67] EOSGameClips: ShutDown : Shutting down EOSGameClipsController_TA. Self=(EOSGameClipsController_TA_9) PlayerOwner?.GetUniqueNetId()=(Epic|8818b4dba79a43d18b986f46e4d00392|0)
[2108.67] PartyChallenge: UpdateChallengeProgressForCompetitive bChallengesComplete=(True) ChallengeState=(Challenge_Success) bChallengeSync=(True) bChallengesAreValid=(True) bLegacyPlayer=(False) bGuestAccount=(False) Online_X.UniqueNetIDToString(Manager.Outer.PlayerID)=(Epic|8818b4dba79a43d18b986f46e4d00392|0) Complete
[2108.67] PartyChallenge: InitializeCompetitiveChallenges bGuestAccount=(False) bCompletedChallengesForCompetitive=(True) bLegacyPlayer=(False) Online_X.UniqueNetIDToString(OnlinePlayer.PlayerID)=(Epic|8818b4dba79a43d18b986f46e4d00392|0)
[2108.67] EOSGameClips: Construct Constructed EOSGameClipsController_TA. Self=(EOSGameClipsController_TA_10)
[2108.67] ScriptLog: Client InputRate=60
[2108.67] DevNet: PlayerController_TA_10 setplayer LocalPlayer_TA_0
[2108.68] Spawn: TextChatActor_TA_23 OnOwnerChanged PlayerController_TA_10
[2108.68] PsyNetStaticData: UpdateCacheTimerEnabled CacheTimer.bEnabled=(False)
[2108.68] MatchBroadcast: Init bBroadcastMatch=(False) MatchLog=(None)
[2108.72] ScriptLog: Uncached PlatformId for Epic|8818b4dba79a43d18b986f46e4d00392|0
[2108.79] RootMenu: [GFx] UIShellInstance - setting the shell instance
[2108.85] ScriptLog: MatchGUID: 7307A29811F12DB1039CE5B9EF58DF76
[2108.85] Eula: RequiresAcceptance? EulaConfig?.bRequiresAcceptance=(True) GetUISave()?.Contains('bAcceptedOfflineEULA')=(True) Eula.SyncState=(LSS_Accepted)
[2108.85] Party: BroadcastMatchmakingAvailabilityDelayed PartyMemberID:'Epic|8818b4dba79a43d18b986f46e4d00392|0' MatchmakeRestrictions=(0)
[2108.85] Party: SetAvailableForMatchmakingForMember PartyMemberID:'Epic|8818b4dba79a43d18b986f46e4d00392|0' MatchmakeRestrictions=(0)
[2108.91] LTM: SettingsType=(CustomMatchSettingsType_PrivateMatch)
[2109.12] ScriptLog: Uncached PlatformId for Epic|79ec6dc18eee40f2b6071a6b14261927|0
[2109.16] PsyNet: PsyNetChannel_X_0 party:2uuPQ5vF receive message MessageID=201
[2109.16] PsyNet: PsyNetChannel_X_0 party:2uuPQ5vF executing MessageID=201
[2109.17] PsyNet: PsyNetServiceProvider_X_1 ExecuteService Complete, Service=Party/System 
[2109.52] PsyNet: PsyNetChannel_X_0 party:2uuPQ5vF receive message MessageID=202
[2109.52] PsyNet: PsyNetChannel_X_0 party:2uuPQ5vF executing MessageID=202
[2109.52] PsyNet: PsyNetServiceProvider_X_1 ExecuteService Complete, Service=Party/System 
[2109.63] PsyNet: PsyNetChannel_X_0 party:2uuPQ5vF receive message MessageID=203
[2109.63] PsyNet: PsyNetChannel_X_0 party:2uuPQ5vF executing MessageID=203
[2109.63] Party: HandleLobbyReceiveBinaryData LobbyUID=PsyNet-2uuPQ5vF MemberIndex=0 PlayerUID=PS4|785668489479049324|0 Message=PartyMessage_PartyMemberJoinGame_X
[2109.64] PsyNet: PsyNetServiceProvider_X_1 ExecuteService Complete, Service=Party/System 
[2109.89] EOSVoice: Received full credentials from the server.
[2109.89] PsyNet: PsyNetServiceProvider_X_1 ExecuteService Complete, Service=VoiceChat/MatchToken 
[2110.16] PsyNet: PsyNetChannel_X_0 party:2uuPQ5vF receive message MessageID=204
[2110.16] PsyNet: PsyNetChannel_X_0 party:2uuPQ5vF executing MessageID=204
[2110.16] Party: HandleLobbyReceiveBinaryData LobbyUID=PsyNet-2uuPQ5vF MemberIndex=0 PlayerUID=PS4|785668489479049324|0 Message=PartyMessage_SearchStatus_X
[2110.16] Party: HandleSearchStatus StatusMessage.SearchState=(OnlineGameMatchmaking_X) StatusMessage.bIsSearching=(False)
[2110.17] PsyNet: PsyNetServiceProvider_X_1 ExecuteService Complete, Service=Party/System 
[2110.17] PsyNet: PsyNetChannel_X_0 party:2uuPQ5vF receive message MessageID=205
[2110.17] PsyNet: PsyNetChannel_X_0 party:2uuPQ5vF executing MessageID=205
[2110.17] Party: HandleLobbyReceiveBinaryData LobbyUID=PsyNet-2uuPQ5vF MemberIndex=0 PlayerUID=PS4|785668489479049324|0 Message=PartyMessage_MatchmakingAvailability_X
[2110.17] Party: SetAvailableForMatchmakingForMember PartyMemberID:'PS4|785668489479049324|0' MatchmakeRestrictions=(0)
[2110.18] PsyNet: PsyNetServiceProvider_X_1 ExecuteService Complete, Service=Party/System 
[2114.38] EOSGameClips: EOSGameClips: Starting background recording: API Version 2, Clip Duration 30
[2114.38] DevOnline: EOSSDK-LogEOSGameClips: Starting recording up to 30 seconds.
[2114.39] EOSGameClips: EOSGameClips: Recording changed from NotRecording to Recording.
[2115.38] DevOnline: EOSSDK-LogEOSRTC: TickTracker Tick is delayed. TimePeriod=[10.004004s]  TickIntervalThreshold=[0.100000s] MaxTickInterval=[0.121610s] MaxExecutionTime=[0.000050s] TicksCount=[900] ExpectedTicksCount=[1000]
[2118.39] EOSGameClips: EOSGameClips: Starting background recording: API Version 2, Clip Duration 30
[2124.32] DevOnline: WebRequest_X_83 SEND: https://datarouter.ol.epicgames.com/datarouter/api/v1/public/data?AppID=RocketLeague.Release&AppVersion=1210528741&AppEnvironment=Prod&UploadType=eteventstream&UserID=|8818b4dba79a43d18b986f46e4d00392|||Epic|8818b4dba79a43d18b986f46e4d00392|0&SessionID=7ED88ADF457E5D0E09C349A06FC64359
[2124.43] DevOnline: WebRequest_X_83 RECV: 204 
[2145.78] EOSGameClips: EOSGameClips: Starting background recording: API Version 2, Clip Duration 30
[2148.34] EOSGameClips: EOSGameClips: Currently recording: true
[2149.32] EOSGameClips: EOSGameClips: Starting background recording: API Version 2, Clip Duration 30
[2155.34] EOSGameClips: EOSGameClips: Starting background recording: API Version 2, Clip Duration 30
[2159.29] EOSGameClips: EOSGameClips: Starting background recording: API Version 2, Clip Duration 30
[2184.31] DevOnline: WebRequest_X_84 SEND: https://datarouter.ol.epicgames.com/datarouter/api/v1/public/data?AppID=RocketLeague.Release&AppVersion=1210528741&AppEnvironment=Prod&UploadType=eteventstream&UserID=|8818b4dba79a43d18b986f46e4d00392|||Epic|8818b4dba79a43d18b986f46e4d00392|0&SessionID=7ED88ADF457E5D0E09C349A06FC64359
[2184.43] DevOnline: WebRequest_X_84 RECV: 204 
[2207.31] EOSGameClips: EOSGameClips: Starting background recording: API Version 2, Clip Duration 30
[2209.87] EOSGameClips: EOSGameClips: Currently recording: true
[2210.86] EOSGameClips: EOSGameClips: Starting background recording: API Version 2, Clip Duration 30
[2217.36] EOSGameClips: EOSGameClips: Starting background recording: API Version 2, Clip Duration 30
[2221.37] EOSGameClips: EOSGameClips: Starting background recording: API Version 2, Clip Duration 30
[2226.04] EOSGameClips: EOSGameClips: Currently recording: true
[2226.04] EOSGameClips: CaptureClipPressed Capture clip called for player:  GetEpicAccountId()=(8818b4dba79a43d18b986f46e4d00392) InGameClipInputType=(Gameplay)
[2226.04] EOSGameClips: EOSGameClips: Currently recording: true
[2226.04] EOSGameClips: EOSGameClips: Take a clip! Account: 8818b4dba79a43d18b986f46e4d00392
[2226.05] EOSGameClips: CreateClip Attempting to clip for account:  ClipId=(1) AccountId=(8818b4dba79a43d18b986f46e4d00392) InGameClipInputType=(Gameplay)
[2226.05] DevOnline: EOSSDK-LogEOSGameClips: Failed to create clip: 
[2226.05] DevOnline: EOSSDK-LogEOSGameClips: Clip '1651C213491AF92116F688B2F5E26199': Clip 1 failed: Not enough frames recorded
[2226.05] EOSGameClips: EOSGameClips: Clip progress callback. ClipId: 1, ERROR - Result Code: EOS_GameClips_CreateFailed
[2226.05] EOSGameClips: EOSGameClips: Setting clip upload finished for user: 8818b4dba79a43d18b986f46e4d00392, clip: 1
[2226.05] Warning: EOSGameClips: Could not find clip with id: 1. The clip may be corrupt.
[2226.06] EOSGameClips: EOSGameClipsMetrics_TA_0.RecordClipInfo()  - Errors[0] InClipInfoMetric.Errors[Index]=(GameClipsFailedToUpload)
[2227.34] EOSGameClips: EOSGameClips: Starting background recording: API Version 2, Clip Duration 30
[2229.90] EOSGameClips: EOSGameClips: Currently recording: true
[2230.89] EOSGameClips: EOSGameClips: Starting background recording: API Version 2, Clip Duration 30
[2238.25] EOSGameClips: EOSGameClips: Starting background recording: API Version 2, Clip Duration 30
[2242.26] EOSGameClips: EOSGameClips: Starting background recording: API Version 2, Clip Duration 30
[2244.31] DevOnline: WebRequest_X_85 SEND: https://datarouter.ol.epicgames.com/datarouter/api/v1/public/data?AppID=RocketLeague.Release&AppVersion=1210528741&AppEnvironment=Prod&UploadType=eteventstream&UserID=|8818b4dba79a43d18b986f46e4d00392|||Epic|8818b4dba79a43d18b986f46e4d00392|0&SessionID=7ED88ADF457E5D0E09C349A06FC64359
[2244.42] DevOnline: WebRequest_X_85 RECV: 204 
[2254.81] EOSGameClips: EOSGameClips: Starting background recording: API Version 2, Clip Duration 30
[2257.38] EOSGameClips: EOSGameClips: Currently recording: true
[2258.36] EOSGameClips: EOSGameClips: Starting background recording: API Version 2, Clip Duration 30
[2265.29] EOSGameClips: EOSGameClips: Starting background recording: API Version 2, Clip Duration 30
[2269.30] EOSGameClips: EOSGameClips: Starting background recording: API Version 2, Clip Duration 30
[2302.22] EOSGameClips: EOSGameClips: Currently recording: true
[2304.30] DevOnline: WebRequest_X_86 SEND: https://datarouter.ol.epicgames.com/datarouter/api/v1/public/data?AppID=RocketLeague.Release&AppVersion=1210528741&AppEnvironment=Prod&UploadType=eteventstream&UserID=|8818b4dba79a43d18b986f46e4d00392|||Epic|8818b4dba79a43d18b986f46e4d00392|0&SessionID=7ED88ADF457E5D0E09C349A06FC64359
[2304.42] DevOnline: WebRequest_X_86 RECV: 204 
[2313.43] EOSGameClips: EOSGameClips: Starting background recording: API Version 2, Clip Duration 30
[2315.99] EOSGameClips: EOSGameClips: Currently recording: true
[2316.98] EOSGameClips: EOSGameClips: Starting background recording: API Version 2, Clip Duration 30
[2324.18] EOSGameClips: EOSGameClips: Starting background recording: API Version 2, Clip Duration 30
[2328.19] EOSGameClips: EOSGameClips: Starting background recording: API Version 2, Clip Duration 30
[2346.80] EOSGameClips: EOSGameClips: Starting background recording: API Version 2, Clip Duration 30
[2349.36] EOSGameClips: EOSGameClips: Currently recording: true
[2350.34] EOSGameClips: EOSGameClips: Starting background recording: API Version 2, Clip Duration 30
[2357.18] EOSGameClips: EOSGameClips: Starting background recording: API Version 2, Clip Duration 30
[2361.18] EOSGameClips: EOSGameClips: Starting background recording: API Version 2, Clip Duration 30
[2364.30] DevOnline: WebRequest_X_87 SEND: https://datarouter.ol.epicgames.com/datarouter/api/v1/public/data?AppID=RocketLeague.Release&AppVersion=1210528741&AppEnvironment=Prod&UploadType=eteventstream&UserID=|8818b4dba79a43d18b986f46e4d00392|||Epic|8818b4dba79a43d18b986f46e4d00392|0&SessionID=7ED88ADF457E5D0E09C349A06FC64359
[2364.42] DevOnline: WebRequest_X_87 RECV: 204 
[2424.30] DevOnline: WebRequest_X_88 SEND: https://datarouter.ol.epicgames.com/datarouter/api/v1/public/data?AppID=RocketLeague.Release&AppVersion=1210528741&AppEnvironment=Prod&UploadType=eteventstream&UserID=|8818b4dba79a43d18b986f46e4d00392|||Epic|8818b4dba79a43d18b986f46e4d00392|0&SessionID=7ED88ADF457E5D0E09C349A06FC64359
[2424.43] DevOnline: WebRequest_X_88 RECV: 204 
[2425.32] EOSGameClips: EOSGameClips: Starting background recording: API Version 2, Clip Duration 30
[2427.88] EOSGameClips: EOSGameClips: Currently recording: true
[2428.87] EOSGameClips: EOSGameClips: Starting background recording: API Version 2, Clip Duration 30
[2438.80] EOSGameClips: EOSGameClips: Starting background recording: API Version 2, Clip Duration 30
[2442.80] EOSGameClips: EOSGameClips: Starting background recording: API Version 2, Clip Duration 30
[2452.58] EOSGameClips: EOSGameClips: Starting background recording: API Version 2, Clip Duration 30
[2455.14] EOSGameClips: EOSGameClips: Currently recording: true
[2456.13] EOSGameClips: EOSGameClips: Starting background recording: API Version 2, Clip Duration 30
[2458.79] EOSGameClips: EOSGameClips: Currently recording: true
[2460.29] EOSGameClips: EOSGameClips: Currently recording: true
[2463.32] EOSGameClips: EOSGameClips: Starting background recording: API Version 2, Clip Duration 30
[2467.32] EOSGameClips: EOSGameClips: Starting background recording: API Version 2, Clip Duration 30
[2478.39] EOSGameClips: EOSGameClips: Starting background recording: API Version 2, Clip Duration 30
[2480.94] EOSGameClips: EOSGameClips: Currently recording: true
[2481.92] EOSGameClips: EOSGameClips: Starting background recording: API Version 2, Clip Duration 30
[2484.29] DevOnline: WebRequest_X_89 SEND: https://datarouter.ol.epicgames.com/datarouter/api/v1/public/data?AppID=RocketLeague.Release&AppVersion=1210528741&AppEnvironment=Prod&UploadType=eteventstream&UserID=|8818b4dba79a43d18b986f46e4d00392|||Epic|8818b4dba79a43d18b986f46e4d00392|0&SessionID=7ED88ADF457E5D0E09C349A06FC64359
[2484.41] DevOnline: WebRequest_X_89 RECV: 204 
[2490.78] EOSGameClips: EOSGameClips: Starting background recording: API Version 2, Clip Duration 30
[2494.78] EOSGameClips: EOSGameClips: Starting background recording: API Version 2, Clip Duration 30
[2513.51] EOSGameClips: EOSGameClips: Starting background recording: API Version 2, Clip Duration 30
[2516.06] EOSGameClips: EOSGameClips: Currently recording: true
[2517.05] EOSGameClips: EOSGameClips: Starting background recording: API Version 2, Clip Duration 30
[2526.07] EOSGameClips: EOSGameClips: Starting background recording: API Version 2, Clip Duration 30
[2530.07] EOSGameClips: EOSGameClips: Starting background recording: API Version 2, Clip Duration 30
[2544.29] DevOnline: WebRequest_X_90 SEND: https://datarouter.ol.epicgames.com/datarouter/api/v1/public/data?AppID=RocketLeague.Release&AppVersion=1210528741&AppEnvironment=Prod&UploadType=eteventstream&UserID=|8818b4dba79a43d18b986f46e4d00392|||Epic|8818b4dba79a43d18b986f46e4d00392|0&SessionID=7ED88ADF457E5D0E09C349A06FC64359
[2544.40] DevOnline: WebRequest_X_90 RECV: 204 
[2557.32] EOSGameClips: EOSGameClips: Starting background recording: API Version 2, Clip Duration 30
[2559.89] EOSGameClips: EOSGameClips: Currently recording: true
[2560.87] EOSGameClips: EOSGameClips: Starting background recording: API Version 2, Clip Duration 30
[2563.84] EOSGameClips: EOSGameClips: Starting background recording: API Version 2, Clip Duration 30
[2567.85] EOSGameClips: EOSGameClips: Starting background recording: API Version 2, Clip Duration 30
[2576.69] EOSGameClips: EOSGameClips: Starting background recording: API Version 2, Clip Duration 30
[2579.23] EOSGameClips: EOSGameClips: Currently recording: true
[2580.22] EOSGameClips: EOSGameClips: Starting background recording: API Version 2, Clip Duration 30
[2587.13] EOSGameClips: EOSGameClips: Starting background recording: API Version 2, Clip Duration 30
[2591.15] EOSGameClips: EOSGameClips: Starting background recording: API Version 2, Clip Duration 30
[2604.28] DevOnline: WebRequest_X_91 SEND: https://datarouter.ol.epicgames.com/datarouter/api/v1/public/data?AppID=RocketLeague.Release&AppVersion=1210528741&AppEnvironment=Prod&UploadType=eteventstream&UserID=|8818b4dba79a43d18b986f46e4d00392|||Epic|8818b4dba79a43d18b986f46e4d00392|0&SessionID=7ED88ADF457E5D0E09C349A06FC64359
[2604.40] DevOnline: WebRequest_X_91 RECV: 204 
[2630.69] EOSGameClips: EOSGameClips: Starting background recording: API Version 2, Clip Duration 30
[2634.69] EOSGameClips: EOSGameClips: Starting background recording: API Version 2, Clip Duration 30
[2664.27] DevOnline: WebRequest_X_92 SEND: https://datarouter.ol.epicgames.com/datarouter/api/v1/public/data?AppID=RocketLeague.Release&AppVersion=1210528741&AppEnvironment=Prod&UploadType=eteventstream&UserID=|8818b4dba79a43d18b986f46e4d00392|||Epic|8818b4dba79a43d18b986f46e4d00392|0&SessionID=7ED88ADF457E5D0E09C349A06FC64359
[2664.41] DevOnline: WebRequest_X_92 RECV: 204 
[2697.37] EOSGameClips: EOSGameClips: Starting background recording: API Version 2, Clip Duration 30
[2699.95] EOSGameClips: EOSGameClips: Currently recording: true
[2700.94] EOSGameClips: EOSGameClips: Starting background recording: API Version 2, Clip Duration 30
[2710.02] XPProgression: GFxHUD_TA.HandleGameStateChanged Current player match score = 681, UniqueId=(Epic|8818b4dba79a43d18b986f46e4d00392|0), with total match time = 368.1084 seconds, with total net time = 368.1084seconds
[2710.02] Party: Ranked Game Finished, Clear party member server
[2710.02] RankedReconnect: RankedReconnectSave_TA_0.ClearRankedReconnect()
[2710.24] PartyChallenge: UpdateChallengeProgressForCompetitive bChallengesComplete=(True) ChallengeState=(Challenge_Success) bChallengeSync=(True) bChallengesAreValid=(True) bLegacyPlayer=(False) bGuestAccount=(False) Online_X.UniqueNetIDToString(Manager.Outer.PlayerID)=(Epic|8818b4dba79a43d18b986f46e4d00392|0) Complete
[2710.24] PsyNet: PsyNetServiceProvider_X_1 ExecuteService Complete, Service=Challenges/PlayerProgress 
[2710.24] PartyChallenge: UpdateChallengeProgressForCompetitive bChallengesComplete=(True) ChallengeState=(Challenge_Success) bChallengeSync=(True) bChallengesAreValid=(True) bLegacyPlayer=(False) bGuestAccount=(False) Online_X.UniqueNetIDToString(Manager.Outer.PlayerID)=(Epic|8818b4dba79a43d18b986f46e4d00392|0) Complete
[2710.25] PsyNet: PsyNetServiceProvider_X_1 ExecuteService Complete, Service=Challenges/PlayerProgress 
[2710.25] XPProgression: SaveData_TA.HandleRewardDropNotification PsyNetService_RewardDropReceived_TA returned Total XP Earned = 2732.0000, in match with ID = 7307A29811F12DB1039CE5B9EF58DF76 , Current player match score = 681, UniqueId=(Epic|8818b4dba79a43d18b986f46e4d00392|0), with total match time = 368.1084 seconds, with total net time = 368.1084seconds
[2710.26] PsyNet: PsyNetServiceProvider_X_1 ExecuteService Complete, Service=Reward/RewardResult 
[2711.01] EOSGameClips: EOSGameClips: Starting background recording: API Version 2, Clip Duration 30
[2711.12] PsyNet: PsyNetChannel_X_0 party:2uuPQ5vF receive message MessageID=206
[2711.12] PsyNet: PsyNetChannel_X_0 party:2uuPQ5vF executing MessageID=206
[2711.12] Party: HandleLobbyReceiveBinaryData LobbyUID=PsyNet-2uuPQ5vF MemberIndex=0 PlayerUID=PS4|785668489479049324|0 Message=PartyMessage_SearchStatus_X
[2711.12] Party: HandleSearchStatus StatusMessage.SearchState=(Searching) StatusMessage.bIsSearching=(True)
[2711.13] PsyNet: PsyNetServiceProvider_X_1 ExecuteService Complete, Service=Party/System 
[2711.49] PsyNet: PsyNetChannel_X_0 party:2uuPQ5vF receive message MessageID=207
[2711.49] PsyNet: PsyNetChannel_X_0 party:2uuPQ5vF executing MessageID=207
[2711.49] Party: HandleLobbyReceiveBinaryData LobbyUID=PsyNet-2uuPQ5vF MemberIndex=0 PlayerUID=PS4|785668489479049324|0 Message=PartyMessage_SearchStatus_X
[2711.49] Party: HandleSearchStatus StatusMessage.SearchState=(OnlineGameMatchmaking_X) StatusMessage.bIsSearching=(False)
[2711.49] PsyNet: PsyNetServiceProvider_X_1 ExecuteService Complete, Service=Party/System 
[2711.50] PsyNet: PsyNetChannel_X_0 party:2uuPQ5vF receive message MessageID=208
[2711.50] PsyNet: PsyNetChannel_X_0 party:2uuPQ5vF executing MessageID=208
[2711.50] Party: HandleLobbyReceiveBinaryData LobbyUID=PsyNet-2uuPQ5vF MemberIndex=0 PlayerUID=PS4|785668489479049324|0 Message=PartyMessage_SearchStatus_X
[2711.50] Party: HandleSearchStatus StatusMessage.SearchState=(Searching) StatusMessage.bIsSearching=(True)
[2711.51] PsyNet: PsyNetServiceProvider_X_1 ExecuteService Complete, Service=Party/System 
[2711.91] DevOnline: PlayerDataStorage_WriteFile: Beginning to upload file. User=(8818b4dba79a43d18b986f46e4d00392) FileName=(RLSaveData)
[2712.83] PsyNet: PsyNetChannel_X_0 party:2uuPQ5vF receive message MessageID=209
[2712.83] PsyNet: PsyNetChannel_X_0 party:2uuPQ5vF executing MessageID=209
[2712.83] Party: HandleLobbyReceiveBinaryData LobbyUID=PsyNet-2uuPQ5vF MemberIndex=0 PlayerUID=PS4|785668489479049324|0 Message=PartyMessage_SearchStatus_X
[2712.83] Party: HandleSearchStatus StatusMessage.SearchState=(Searching) StatusMessage.bIsSearching=(True)
[2712.84] PsyNet: PsyNetServiceProvider_X_1 ExecuteService Complete, Service=Party/System 
[2712.97] ScriptWarning: ScriptWarning, Accessed None 'Car'
	CarComponent_Boost_TA TrainStation_P.TheWorld:PersistentLevel.CarComponent_Boost_TA_395
	Function TAGame.CarComponent_Boost_TA:GiveBoost:01A5
Script call stack:
	Function TAGame.CarComponent_Boost_TA:ClientGiveBoost
	Function TAGame.CarComponent_Boost_TA:GiveBoost

[2712.97] XPProgression: GFxHUD_TA.HandleGameStateChanged Current player match score = 681, UniqueId=(Epic|8818b4dba79a43d18b986f46e4d00392|0), with total match time = 368.1084 seconds, with total net time = 368.1084seconds
[2712.97] Party: Ranked Game Finished, Clear party member server
[2712.97] RankedReconnect: RankedReconnectSave_TA_0.ClearRankedReconnect()
[2713.57] DevOnline: PlayerDataStorage_WriteFile: File upload complete. User=(8818b4dba79a43d18b986f46e4d00392) FileName=(RLSaveData) Success=(1)
[2713.96] EOSGameClips: EOSGameClips: Starting background recording: API Version 2, Clip Duration 30
[2717.23] PsyNetBeaconDetail_X: PsyNetBeacon_X_0 ReserveConnection ReservationID=(0A3EF5E6105B4CAAA32D6C26EB9CE565) ConnectionID=(eyJ0eXAiOiJKV1QiLCJhbGciOiJIUzUxMiJ9.eyJqdGkiOiJiZTFjNmM4NjM5NDM0MGRmOTdlNmM5MGY5MjIxMjMwNSIsImlzcyI6IlBzeU5ldCIsInBsYXllcl9pZCI6IkVwaWN8ODgxOGI0ZGJhNzlhNDNkMThiOTg2ZjQ2ZTRkMDAzOTJ8MCIsInNlcnZlcl9uYW1lIjoiRVU3LTAyMkM4NzU1NUQwQzJCOTdBLU1hcmF1ZGVyIiwiaWF0IjoxNzc1MDM4MTczLCJuYmYiOjE3NzUwMzgxNzMsImV4cCI6MTc3NTA1MjU3M30.lM2e-nZgDUECfEOcxx9PteJiwr6e0Udbf5QSVWoP42EJgiziK4Y5Jx4UBxd50jcf886P9sFSi7aZhS86n2WMag)
[2717.23] PsyNetBeaconDetail_X: PsyNetBeacon_X_0 ClientHandleMessage Message.MessageType=(ClientReservationMessage_X) Message.ReservationID=(0A3EF5E6105B4CAAA32D6C26EB9CE565)
[2717.23] Party: Received game server from notification (v3) Message.Reservation=((ServerName="EU7-022C87555D0C2B97A-Marauder",Playlist=11,Region="EU",ReservationID="0A3EF5E6105B4CAAA32D6C26EB9CE565",DSRToken="eyJ0eXAiOiJKV1QiLCJhbGciOiJIUzUxMiJ9.eyJqdGkiOiJiZTFjNmM4NjM5NDM0MGRmOTdlNmM5MGY5MjIxMjMwNSIsImlzcyI6IlBzeU5ldCIsInBsYXllcl9pZCI6IkVwaWN8ODgxOGI0ZGJhNzlhNDNkMThiOTg2ZjQ2ZTRkMDAzOTJ8MCIsInNlcnZlcl9uYW1lIjoiRVU3LTAyMkM4NzU1NUQwQzJCOTdBLU1hcmF1ZGVyIiwiaWF0IjoxNzc1MDM4MTczLCJuYmYiOjE3NzUwMzgxNzMsImV4cCI6MTc3NTA1MjU3M30.lM2e-nZgDUECfEOcxx9PteJiwr6e0Udbf5QSVWoP42EJgiziK4Y5Jx4UBxd50jcf886P9sFSi7aZhS86n2WMag",JoinName="VS9IFS719W3AL49I",JoinPassword="TQ4ZBBPHKQVNZ75L"))
[2717.24] JoinGame: StartJoin Reservation=((ServerName="EU7-022C87555D0C2B97A-Marauder",Playlist=11,Region="EU",ReservationID="0A3EF5E6105B4CAAA32D6C26EB9CE565",DSRToken="eyJ0eXAiOiJKV1QiLCJhbGciOiJIUzUxMiJ9.eyJqdGkiOiJiZTFjNmM4NjM5NDM0MGRmOTdlNmM5MGY5MjIxMjMwNSIsImlzcyI6IlBzeU5ldCIsInBsYXllcl9pZCI6IkVwaWN8ODgxOGI0ZGJhNzlhNDNkMThiOTg2ZjQ2ZTRkMDAzOTJ8MCIsInNlcnZlcl9uYW1lIjoiRVU3LTAyMkM4NzU1NUQwQzJCOTdBLU1hcmF1ZGVyIiwiaWF0IjoxNzc1MDM4MTczLCJuYmYiOjE3NzUwMzgxNzMsImV4cCI6MTc3NTA1MjU3M30.lM2e-nZgDUECfEOcxx9PteJiwr6e0Udbf5QSVWoP42EJgiziK4Y5Jx4UBxd50jcf886P9sFSi7aZhS86n2WMag",JoinName="VS9IFS719W3AL49I",JoinPassword="TQ4ZBBPHKQVNZ75L")) JoinSettings=((PlaylistId=11,Password="TQ4ZBBPHKQVNZ75L"))
[2717.24] JoinGame: GotoJoinGameState OnlineGameJoinGame_TA -> VerifyPrivileges
[2717.24] Online: TryToPlayOnline ControllerID=(-1)
[2717.24] PsyNet: PsyNetServiceProvider_X_1 ExecuteService Complete, Service=DSR/ClientMessage 
[2717.24] Online: HandlePrivilegeCheckFinished PrivilegeCheck.bHasRestriction=(False)
[2717.24] JoinGame: GotoJoinGameState VerifyPrivileges -> ReservingServerForMatchmaking
[2717.24] PsyNetBeaconDetail_X: PsyNetBeacon_X_0 SendMessageToServer Message=(AddReservationMessagePublic_X_8)
[2717.65] PsyNet: PsyNetChannel_X_0 party:2uuPQ5vF receive message MessageID=210
[2717.65] PsyNet: PsyNetChannel_X_0 party:2uuPQ5vF executing MessageID=210
[2717.65] Party: HandleLobbyReceiveBinaryData LobbyUID=PsyNet-2uuPQ5vF MemberIndex=0 PlayerUID=PS4|785668489479049324|0 Message=PartyMessage_SearchStatus_X
[2717.65] Party: HandleSearchStatus StatusMessage.SearchState=(Joining) StatusMessage.bIsSearching=(True)
[2717.66] PsyNet: PsyNetServiceProvider_X_1 ExecuteService Complete, Service=Party/System 
[2717.97] PsyNetStaticData: HandleCacheExpired
[2717.97] PsyNetStaticData: UpdateCacheTimerEnabled CacheTimer.bEnabled=(True)
[2717.97] XPProgression: GFxHUD_TA.HandleGameStateChanged Current player match score = 681, UniqueId=(Epic|8818b4dba79a43d18b986f46e4d00392|0), with total match time = 368.1084 seconds, with total net time = 368.1084seconds
[2717.97] Party: Ranked Game Finished, Clear party member server
[2717.97] RankedReconnect: RankedReconnectSave_TA_0.ClearRankedReconnect()
[2718.00] Online: TryToPlayOnline ControllerID=(-1)
[2718.00] Online: HandlePrivilegeCheckFinished PrivilegeCheck.bHasRestriction=(False)
[2718.00] Online: HandlePrivilegeCheck PrivilegeCheck.bHasRestriction=(False)
[2718.00] EOSGameClips: EOSGameClips: Recording changed from Recording to NotRecording.
[2718.00] DevOnline: WebRequest_X_93 SEND: https://config.psynet.gg/v2/Config/BattleCars/1210528741/Prod/Epic/INT/
[2718.04] PsyNet: PsyNetChannel_X_0 party:2uuPQ5vF receive message MessageID=211
[2718.04] PsyNet: PsyNetChannel_X_0 party:2uuPQ5vF executing MessageID=211
[2718.04] Party: HandleLobbyReceiveBinaryData LobbyUID=PsyNet-2uuPQ5vF MemberIndex=0 PlayerUID=PS4|785668489479049324|0 Message=PartyMessage_JoinGame_X
[2718.04] Party: HandlePartyJoinGame MatchSettings=((ServerName="EU7-022C87555D0C2B97A-Marauder",PlaylistId=11,CustomPassword="TQ4ZBBPHKQVNZ75L",ReservationID="0A3EF5E6105B4CAAA32D6C26EB9CE565",JoinName="VS9IFS719W3AL49I",JoinPassword="TQ4ZBBPHKQVNZ75L"))
[2718.05] PsyNet: PsyNetServiceProvider_X_1 ExecuteService Complete, Service=Party/System 
[2718.12] DevOnline: WebRequest_X_93 RECV: 304 
[2718.18] DevOnline: EOSSDK-LogEOSGameClips: Missing encoder drain completed message.
[2718.36] Log: FSaveDataExportTask(0) wrote 1062045 bytes to memory
[2718.36] Log: SaveGameDataAsync game thread time: 8 ms
[2718.38] Log: Deleting old save file ..\..\TAGame\SaveDataEpic\DBE_Production\8818b4dba79a43d18b986f46e4d00392_1.save
[2718.38] Log: SaveDataExport(0): Finished - File:[..\..\TAGame\SaveDataEpic\DBE_Production\8818b4dba79a43d18b986f46e4d00392.save] Result:[1]
[2718.38] SettingsExport: CreateSnapshot Metadata {"userId":"Epic|8818b4dba79a43d18b986f46e4d00392|0","platformKey":"Epic","schemaVersion":0,"clientVersion":1532151,"timestampUtc":1775038175,"settingsVersion":7983,"checksum":420341843 Payload Size  97007
[2718.38] SettingsExport: Payload changed. Notifying new Checksum: 420341843
[2718.38] SettingsExport: Local settings updated, uploading data
[2718.61] PsyNetBeaconDetail_X: PsyNetBeacon_X_0 ClientHandleMessage Message.MessageType=(ReservationsReadyMessage_X) Message.ReservationID=(0A3EF5E6105B4CAAA32D6C26EB9CE565)
[2718.61] Party: HandleServerReserved (Reservation=(ServerName="EU7-022C87555D0C2B97A-Marauder",Playlist=11,Region="EU",ReservationID="0A3EF5E6105B4CAAA32D6C26EB9CE565",DSRToken="eyJ0eXAiOiJKV1QiLCJhbGciOiJIUzUxMiJ9.eyJqdGkiOiJiZTFjNmM4NjM5NDM0MGRmOTdlNmM5MGY5MjIxMjMwNSIsImlzcyI6IlBzeU5ldCIsInBsYXllcl9pZCI6IkVwaWN8ODgxOGI0ZGJhNzlhNDNkMThiOTg2ZjQ2ZTRkMDAzOTJ8MCIsInNlcnZlcl9uYW1lIjoiRVU3LTAyMkM4NzU1NUQwQzJCOTdBLU1hcmF1ZGVyIiwiaWF0IjoxNzc1MDM4MTczLCJuYmYiOjE3NzUwMzgxNzMsImV4cCI6MTc3NTA1MjU3M30.lM2e-nZgDUECfEOcxx9PteJiwr6e0Udbf5QSVWoP42EJgiziK4Y5Jx4UBxd50jcf886P9sFSi7aZhS86n2WMag",JoinName="VS9IFS719W3AL49I",JoinPassword="TQ4ZBBPHKQVNZ75L"),PingURL="18.133.163.129:7769",GameURL="18.133.163.129:7768",JoinCredentials="VS9IFS719W3AL49I:TQ4ZBBPHKQVNZ75L")
[2718.61] JoinGame: GotoJoinGameState ReservingServerForMatchmaking -> JoinCountdown
[2718.61] PsyNetBeaconDetail_X: PsyNetBeacon_X_0 SendMessageToServer Message=(PingMessage_X_20)
[2718.62] PsyNet: PsyNetServiceProvider_X_1 ExecuteService Complete, Service=DSR/ClientMessage 
[2718.91] PsyNetBeaconDetail_X: PsyNetBeacon_X_0 ClientHandleMessage Message.MessageType=(PingMessage_X) Message.ReservationID=(0A3EF5E6105B4CAAA32D6C26EB9CE565)
[2718.92] PsyNet: PsyNetServiceProvider_X_1 ExecuteService Complete, Service=DSR/ClientMessage 
[2718.95] PsyNet: PsyNetChannel_X_0 party:2uuPQ5vF receive message MessageID=212
[2718.95] PsyNet: PsyNetChannel_X_0 party:2uuPQ5vF executing MessageID=212
[2718.95] Party: HandleLobbyReceiveBinaryData LobbyUID=PsyNet-2uuPQ5vF MemberIndex=0 PlayerUID=PS4|785668489479049324|0 Message=PartyMessage_JoinGame_X
[2718.95] Party: HandlePartyJoinGame MatchSettings=((ServerName="EU7-022C87555D0C2B97A-Marauder",PlaylistId=11,CustomPassword="TQ4ZBBPHKQVNZ75L",ReservationID="0A3EF5E6105B4CAAA32D6C26EB9CE565",JoinName="VS9IFS719W3AL49I",JoinPassword="TQ4ZBBPHKQVNZ75L"))
[2718.96] PsyNet: PsyNetServiceProvider_X_1 ExecuteService Complete, Service=Party/System 
[2721.61] JoinGame: GotoJoinGameState JoinCountdown -> OpeningLoadingScreen
[2721.61] RankedReconnect: OnlineGameJoinGame_TA_0::OpeningLoadingScreen.BeginState()
[2721.61] RankedReconnect: LocalPlayer_TA_0.UpdateRankedReconnect() RankedTeamDoubles True 4 False
[2721.61] RankedReconnect: RankedReconnectSave_TA_0.SetRankedReconnect() Server=((Reservation=(ServerName="EU7-022C87555D0C2B97A-Marauder",Playlist=11,Region="EU",ReservationID="0A3EF5E6105B4CAAA32D6C26EB9CE565",DSRToken="eyJ0eXAiOiJKV1QiLCJhbGciOiJIUzUxMiJ9.eyJqdGkiOiJiZTFjNmM4NjM5NDM0MGRmOTdlNmM5MGY5MjIxMjMwNSIsImlzcyI6IlBzeU5ldCIsInBsYXllcl9pZCI6IkVwaWN8ODgxOGI0ZGJhNzlhNDNkMThiOTg2ZjQ2ZTRkMDAzOTJ8MCIsInNlcnZlcl9uYW1lIjoiRVU3LTAyMkM4NzU1NUQwQzJCOTdBLU1hcmF1ZGVyIiwiaWF0IjoxNzc1MDM4MTczLCJuYmYiOjE3NzUwMzgxNzMsImV4cCI6MTc3NTA1MjU3M30.lM2e-nZgDUECfEOcxx9PteJiwr6e0Udbf5QSVWoP42EJgiziK4Y5Jx4UBxd50jcf886P9sFSi7aZhS86n2WMag",JoinName="VS9IFS719W3AL49I",JoinPassword="TQ4ZBBPHKQVNZ75L"),PingURL="18.133.163.129:7769",GameURL="18.133.163.129:7768",JoinCredentials="VS9IFS719W3AL49I:TQ4ZBBPHKQVNZ75L")) EpochNow=(1775038178)
[2721.61] DevNet: Browse: JoinGameTransition?Name=%e6%bc%a2+%e9%be%8d+%e7%8e%8b+%e7%a5%9e+%e9%97%87%e6%bc%a2+%e9%be%8d+%e7%8e%8b+%e7%a5%9e?game=TAGame.GameInfo_Transition_TA
[2721.67] Log: FSaveDataExportTask(0) wrote 1062972 bytes to memory
[2721.67] Log: SaveGameDataAsync game thread time: 8 ms
[2721.68] Log: LoadMap: JoinGameTransition?Name=%e6%bc%a2+%e9%be%8d+%e7%8e%8b+%e7%a5%9e+%e9%97%87%e6%bc%a2+%e9%be%8d+%e7%8e%8b+%e7%a5%9e?game=TAGame.GameInfo_Transition_TA
[2721.68] Spawn: TextChatActor_TA_21 Destroyed
[2721.68] EOSGameClips: ShutDown : Shutting down EOSGameClipsController_TA. Self=(EOSGameClipsController_TA_10) PlayerOwner?.GetUniqueNetId()=(Epic|8818b4dba79a43d18b986f46e4d00392|0)
[2721.68] Spawn: TextChatActor_TA_22 Destroyed
[2721.68] Spawn: TextChatActor_TA_23 Destroyed
[2721.68] Spawn: TextChatActor_TA_24 Destroyed
[2721.68] Spawn: TextChatActor_TA_25 Destroyed
[2721.70] Log: Deleting old save file ..\..\TAGame\SaveDataEpic\DBE_Production\8818b4dba79a43d18b986f46e4d00392_2.save
[2721.70] Log: SaveDataExport(0): Finished - File:[..\..\TAGame\SaveDataEpic\DBE_Production\8818b4dba79a43d18b986f46e4d00392_1.save] Result:[1]
[2721.70] DevOnline: PsyNet Flush Start TimeoutSeconds=0.250000
[2721.72] ScriptWarning: ScriptWarning, Message received without a proper persona from: MessageObject.Payload.SenderId=(79ec6dc18eee40f2b6071a6b14261927)
	GFxData_TextModerationManager_TA Transient.GFxData_TextModerationManager_TA_0
	Function TAGame.GFxData_TextModerationManager_TA:HandleMessageReceived:0143
Script call stack:
	Function ProjectX.RPC_X:OnComplete
	Function ProjectX.PsyNetWordFilter_X:__PsyNetWordFilter_X__WordFilterSanitizeString_0x2
	Function ProjectX.PsyNetWordFilter_X:HandlePsyNetWordFilter
	Function ProjectX.PsyNetWordFilter_X:HandlePsyNetWordFilterSuccess
	Function ProjectX.__OnlineGameWordFilter_X__InternalSanitize_0x1:__OnlineGameWordFilter_X__InternalSanitize_0x1
	Function ProjectX.OnlineGameWordFilter_X:HandleCommentSanitized
	Function TAGame.__TextModerationManager_TA__HandleTextMessageValidated_0x1:__TextModerationManager_TA__HandleTextMessageValidated_0x2
	Function TAGame.TextModerationManager_TA:HandleChatMessageSanitized
	Function TAGame.GFxData_TextModerationManager_TA:HandleMessageReceived

[2721.91] DevOnline: PsyNet Flush End
[2721.93] NetComeGo: Close TcpipConnection_5 18.168.146.176:7904 01/04/2026 11:09:40 'Control channel cleanup'
[2721.93] NetComeGo: TcpipConnection_5 Control channel closed, reason=Control channel cleanup
[2721.96] Exit: TcpNetDriver_5 shut down
[2721.96] Log: Fully load package: ..\..\TAGame\CookedPCConsole\GameInfo_Transition_SF.upk
[2721.97] Log: Game class is 'GameInfo_Transition_TA'
[2721.97] Log: Bringing World JoinGameTransition.TheWorld up for play (0) at 2026.04.01-11.09.40
[2721.97] Log: Bringing up level for play took: 0.006417
[2721.97] PartyChallenge: UpdateChallengeProgressForCompetitive bChallengesComplete=(True) ChallengeState=(Challenge_Success) bChallengeSync=(True) bChallengesAreValid=(True) bLegacyPlayer=(False) bGuestAccount=(False) Online_X.UniqueNetIDToString(Manager.Outer.PlayerID)=(Epic|8818b4dba79a43d18b986f46e4d00392|0) Complete
[2721.97] PartyChallenge: InitializeCompetitiveChallenges bGuestAccount=(False) bCompletedChallengesForCompetitive=(True) bLegacyPlayer=(False) Online_X.UniqueNetIDToString(OnlinePlayer.PlayerID)=(Epic|8818b4dba79a43d18b986f46e4d00392|0)
[2721.97] JoinGame: GotoJoinGameState OpeningLoadingScreen -> JoiningNewServer
[2721.97] DevNet: SetProgress, MessageType=1, Title=, Message=Connecting...
[2721.97] Log: ########### Finished loading level: 0.295651 seconds
[2721.98] SettingsExport: CreateSnapshot Metadata {"userId":"Epic|8818b4dba79a43d18b986f46e4d00392|0","platformKey":"Epic","schemaVersion":0,"clientVersion":1532151,"timestampUtc":1775038178,"settingsVersion":7984,"checksum":1491920478 Payload Size  97007
[2721.98] SettingsExport: Payload changed. Notifying new Checksum: 1491920478
[2721.98] SettingsExport: Local settings updated, uploading data
[2721.98] DevNet: Browse: 18.133.163.129:7768/MENU_Main_p?Name=%e6%bc%a2+%e9%be%8d+%e7%8e%8b+%e7%a5%9e+%e9%97%87%e6%bc%a2+%e9%be%8d+%e7%8e%8b+%e7%a5%9e
[2721.98] DevNet: Game client on port 7768, rate 15000
[2721.98] NetComeGo: SEND first packet Length=80 CRC=-1633169206
[2722.00] NetComeGo: TcpipConnection_6 RECV first packet IP=18.133.163.129:7768 Length=15 CRC=2147105773 HandshakeStatus=0 bUseSessionUID=1 InSessionUID=(0 0 0) SessionUID=(0 0 0)
[2722.00] NetComeGo: Client set SessionUID to: 136 190 168
[2722.08] DevNet: Welcomed by server (Level: Park_Night_P, Game: TAGame.GameInfo_Soccar_TA, GameTags: )
[2722.09] Log: FSaveDataExportTask(0) wrote 1062972 bytes to memory
[2722.09] Log: SaveGameDataAsync game thread time: 8 ms
[2722.10] Log: Deleting old save file ..\..\TAGame\SaveDataEpic\DBE_Production\8818b4dba79a43d18b986f46e4d00392.save
[2722.10] Log: SaveDataExport(0): Finished - File:[..\..\TAGame\SaveDataEpic\DBE_Production\8818b4dba79a43d18b986f46e4d00392_2.save] Result:[1]
[2722.12] Log: Flushing async loaders.
[2722.13] Log: Flushed async loaders.
[2722.13] Log: LoadMap: 18.133.163.129:7768/Park_Night_P?Name=%e6%bc%a2+%e9%be%8d+%e7%8e%8b+%e7%a5%9e+%e9%97%87%e6%bc%a2+%e9%be%8d+%e7%8e%8b+%e7%a5%9e?game=TAGame.GameInfo_Soccar_TA
[2722.14] DevOnline: PsyNet Flush Start TimeoutSeconds=0.250000
[2722.16] PsyNet: PsyNetChannel_X_0 party:2uuPQ5vF receive message MessageID=213
[2722.16] PsyNet: PsyNetChannel_X_0 party:2uuPQ5vF executing MessageID=213
[2722.18] PsyNet: PsyNetServiceProvider_X_1 ExecuteService Complete, Service=Party/System 
[2722.33] DevOnline: PsyNet Flush End
[2722.33] Log: Fully load package: ..\..\TAGame\CookedPCConsole\GameInfo_Soccar_SF.upk
[2722.38] Log: Fully load package: ..\..\TAGame\CookedPCConsole\GFxSounds_XP_SF.upk
[2722.38] Log: Fully load package: ..\..\TAGame\CookedPCConsole\GFx_XPProgressMenu_SF.upk
[2722.40] Log: Fully load package: ..\..\TAGame\CookedPCConsole\GFX_EndGameMenu_SF.upk
[2722.45] Log: Fully load package: ..\..\TAGame\CookedPCConsole\GFX_WinnerMenu_SF.upk
[2722.47] Log: Fully load package: ..\..\TAGame\CookedPCConsole\GFX_MidGameScoreboard_SF.upk
[2722.48] Log: Fully load package: ..\..\TAGame\CookedPCConsole\GFX_MidGameMenu_SF.upk
[2722.49] Log: Fully load package: ..\..\TAGame\CookedPCConsole\GFX_HudMatchInfo_SF.upk
[2722.50] Log: Fully load package: ..\..\TAGame\CookedPCConsole\GFX_Hud_SF.upk
[2722.71] Log: Octree Warning (AddPrimitive): StaticMeshActor_SMC_33 (Owner: Park_Night_P.TheWorld:PersistentLevel.MeshCollector0) Outside World.
[2722.71] Log: Octree Warning (AddPrimitive): StaticMeshActor_SMC_722 (Owner: Park_Night_P.TheWorld:PersistentLevel.MeshCollector0) Outside World.
[2722.86] Log: Bringing World Park_Night_P.TheWorld up for play (0) at 2026.04.01-11.09.41
[2722.87] Log: Bringing up level for play took: 0.159131
[2723.13] RootMenu: [GFx] UIShellInstance - setting the shell instance
[2723.17] PartyChallenge: UpdateChallengeProgressForCompetitive bChallengesComplete=(True) ChallengeState=(Challenge_Success) bChallengeSync=(True) bChallengesAreValid=(True) bLegacyPlayer=(False) bGuestAccount=(False) Online_X.UniqueNetIDToString(Manager.Outer.PlayerID)=(Epic|8818b4dba79a43d18b986f46e4d00392|0) Complete
[2723.17] PartyChallenge: InitializeCompetitiveChallenges bGuestAccount=(False) bCompletedChallengesForCompetitive=(True) bLegacyPlayer=(False) Online_X.UniqueNetIDToString(OnlinePlayer.PlayerID)=(Epic|8818b4dba79a43d18b986f46e4d00392|0)
[2723.17] JoinGame: OnJoinGameComplete bSuccess=(True) FailReason=()
[2723.17] JoinGame: GotoJoinGameState JoiningNewServer -> None
[2723.17] PsyNetBeaconDetail_X: PsyNetBeacon_X_0 Close
[2723.17] PsyNetBeaconDetail_X: PsyNetBeacon_X_0 CloseConnection Connection.ConnectionID=(eyJ0eXAiOiJKV1QiLCJhbGciOiJIUzUxMiJ9.eyJqdGkiOiJiZTFjNmM4NjM5NDM0MGRmOTdlNmM5MGY5MjIxMjMwNSIsImlzcyI6IlBzeU5ldCIsInBsYXllcl9pZCI6IkVwaWN8ODgxOGI0ZGJhNzlhNDNkMThiOTg2ZjQ2ZTRkMDAzOTJ8MCIsInNlcnZlcl9uYW1lIjoiRVU3LTAyMkM4NzU1NUQwQzJCOTdBLU1hcmF1ZGVyIiwiaWF0IjoxNzc1MDM4MTczLCJuYmYiOjE3NzUwMzgxNzMsImV4cCI6MTc3NTA1MjU3M30.lM2e-nZgDUECfEOcxx9PteJiwr6e0Udbf5QSVWoP42EJgiziK4Y5Jx4UBxd50jcf886P9sFSi7aZhS86n2WMag)
[2723.18] Spawn: TextChatActor_TA_26 OnOwnerChanged PlayerController_TA_11
[2723.18] EOSGameClips: Construct Constructed EOSGameClipsController_TA. Self=(EOSGameClipsController_TA_11)
[2723.18] Log: ########### Finished loading level: 1.045376 seconds
[2723.18] MusicPlayer: HandleTrackEnd CurrentTrackPlayingID=(0) PlayingID=(41745)
[2723.18] MusicPlayer: HandleTrackEnd CurrentTrackPlayingID=(0) PlayingID=(41745)
[2723.18] SettingsExport: Settings content not changed. Will not update the Settings Online
[2723.18] PsyNet: PsyNetChannel_X_0 party:2uuPQ5vF receive message MessageID=214
[2723.18] PsyNet: PsyNetChannel_X_0 party:2uuPQ5vF executing MessageID=214
[2723.18] Party: HandleLobbyReceiveBinaryData LobbyUID=PsyNet-2uuPQ5vF MemberIndex=0 PlayerUID=PS4|785668489479049324|0 Message=PartyMessage_PartyMemberJoinGame_X
[2723.51] PsyNet: PsyNetServiceProvider_X_1 ExecuteService Complete, Service=Party/System 
[2723.51] LTM: SettingsType=(CustomMatchSettingsType_PrivateMatch)
[2723.79] EOSGameClips: ShutDown : Shutting down EOSGameClipsController_TA. Self=(EOSGameClipsController_TA_11) PlayerOwner?.GetUniqueNetId()=(Epic|8818b4dba79a43d18b986f46e4d00392|0)
[2723.80] PartyChallenge: UpdateChallengeProgressForCompetitive bChallengesComplete=(True) ChallengeState=(Challenge_Success) bChallengeSync=(True) bChallengesAreValid=(True) bLegacyPlayer=(False) bGuestAccount=(False) Online_X.UniqueNetIDToString(Manager.Outer.PlayerID)=(Epic|8818b4dba79a43d18b986f46e4d00392|0) Complete
[2723.80] PartyChallenge: InitializeCompetitiveChallenges bGuestAccount=(False) bCompletedChallengesForCompetitive=(True) bLegacyPlayer=(False) Online_X.UniqueNetIDToString(OnlinePlayer.PlayerID)=(Epic|8818b4dba79a43d18b986f46e4d00392|0)
[2723.80] EOSGameClips: Construct Constructed EOSGameClipsController_TA. Self=(EOSGameClipsController_TA_12)
[2723.80] ScriptLog: Client InputRate=60
[2723.80] DevNet: PlayerController_TA_12 setplayer LocalPlayer_TA_0
[2723.80] PsyNetStaticData: UpdateCacheTimerEnabled CacheTimer.bEnabled=(False)
[2723.80] MatchBroadcast: Init bBroadcastMatch=(False) MatchLog=(None)
[2723.82] ScriptLog: Uncached PlatformId for Epic|8818b4dba79a43d18b986f46e4d00392|0
[2723.82] Spawn: TextChatActor_TA_29 OnOwnerChanged PlayerController_TA_12
[2723.87] RootMenu: [GFx] UIShellInstance - setting the shell instance
[2723.90] ScriptLog: MatchGUID: E1A3CC1211F12DB2C23CA187CFA9171F
[2723.95] Eula: RequiresAcceptance? EulaConfig?.bRequiresAcceptance=(True) GetUISave()?.Contains('bAcceptedOfflineEULA')=(True) Eula.SyncState=(LSS_Accepted)
[2723.95] Party: BroadcastMatchmakingAvailabilityDelayed PartyMemberID:'Epic|8818b4dba79a43d18b986f46e4d00392|0' MatchmakeRestrictions=(0)
[2723.95] Party: SetAvailableForMatchmakingForMember PartyMemberID:'Epic|8818b4dba79a43d18b986f46e4d00392|0' MatchmakeRestrictions=(0)
[2724.00] PsyNet: PsyNetChannel_X_0 party:2uuPQ5vF receive message MessageID=215
[2724.00] PsyNet: PsyNetChannel_X_0 party:2uuPQ5vF executing MessageID=215
[2724.00] PsyNet: PsyNetServiceProvider_X_1 ExecuteService Complete, Service=Party/System 
[2724.35] DevOnline: WebRequest_X_94 SEND:  https://rl-cdn.psyonix.com/Ads/Prod/260.aC72R2Xg/402.jpg
[2724.35] DevOnline: WebRequest_X_94 RECV: 0 
[2724.35] Log: WebRequest_X_94 type: HTTPError, message: 
[2724.53] PsyNet: PsyNetChannel_X_0 party:2uuPQ5vF receive message MessageID=216
[2724.53] PsyNet: PsyNetChannel_X_0 party:2uuPQ5vF executing MessageID=216
[2724.54] PsyNet: PsyNetServiceProvider_X_1 ExecuteService Complete, Service=Party/System 
[2724.76] DevOnline: RemoteUserDataReplicated Name: PRI_TA_24 Role: 1 RemoteRole: 3
[2724.77] DevOnline: RemoteUserDataReplicated Name: PRI_TA_25 Role: 1 RemoteRole: 3
[2724.98] DevOnline: WebRequest_X_95 SEND: https://datarouter.ol.epicgames.com/datarouter/api/v1/public/data?AppID=RocketLeague.Release&AppVersion=1210528741&AppEnvironment=Prod&UploadType=eteventstream&UserID=|8818b4dba79a43d18b986f46e4d00392|||Epic|8818b4dba79a43d18b986f46e4d00392|0&SessionID=7ED88ADF457E5D0E09C349A06FC64359
[2725.07] EOSVoice: Received full credentials from the server.
[2725.07] PsyNet: PsyNetServiceProvider_X_1 ExecuteService Complete, Service=VoiceChat/MatchToken 
[2725.10] DevOnline: WebRequest_X_95 RECV: 204 
[2725.21] PsyNet: PsyNetChannel_X_0 party:2uuPQ5vF receive message MessageID=217
[2725.21] PsyNet: PsyNetChannel_X_0 party:2uuPQ5vF executing MessageID=217
[2725.21] Party: HandleLobbyReceiveBinaryData LobbyUID=PsyNet-2uuPQ5vF MemberIndex=0 PlayerUID=PS4|785668489479049324|0 Message=PartyMessage_PartyMemberJoinGame_X
[2725.22] PsyNet: PsyNetServiceProvider_X_1 ExecuteService Complete, Service=Party/System 
[2725.53] DevOnline: EOSSDK-LogEOSRTC: TickTracker Tick is delayed. TimePeriod=[10.002564s]  TickIntervalThreshold=[0.100000s] MaxTickInterval=[0.113620s] MaxExecutionTime=[0.000067s] TicksCount=[950] ExpectedTicksCount=[1000]
[2725.73] PsyNet: PsyNetChannel_X_0 party:2uuPQ5vF receive message MessageID=218
[2725.73] PsyNet: PsyNetChannel_X_0 party:2uuPQ5vF executing MessageID=218
[2725.73] Party: HandleLobbyReceiveBinaryData LobbyUID=PsyNet-2uuPQ5vF MemberIndex=0 PlayerUID=PS4|785668489479049324|0 Message=PartyMessage_SearchStatus_X
[2725.73] Party: HandleSearchStatus StatusMessage.SearchState=(OnlineGameMatchmaking_X) StatusMessage.bIsSearching=(False)
[2725.74] PsyNet: PsyNetServiceProvider_X_1 ExecuteService Complete, Service=Party/System 
[2725.76] PsyNet: PsyNetChannel_X_0 party:2uuPQ5vF receive message MessageID=219
[2725.76] PsyNet: PsyNetChannel_X_0 party:2uuPQ5vF executing MessageID=219
[2725.76] Party: HandleLobbyReceiveBinaryData LobbyUID=PsyNet-2uuPQ5vF MemberIndex=0 PlayerUID=PS4|785668489479049324|0 Message=PartyMessage_MatchmakingAvailability_X
[2725.76] Party: SetAvailableForMatchmakingForMember PartyMemberID:'PS4|785668489479049324|0' MatchmakeRestrictions=(0)
[2725.77] PsyNet: PsyNetServiceProvider_X_1 ExecuteService Complete, Service=Party/System 
[2729.27] EOSGameClips: EOSGameClips: Starting background recording: API Version 2, Clip Duration 30
[2729.27] DevOnline: EOSSDK-LogEOSGameClips: Starting recording up to 30 seconds.
[2729.28] EOSGameClips: EOSGameClips: Recording changed from NotRecording to Recording.
[2733.26] EOSGameClips: EOSGameClips: Starting background recording: API Version 2, Clip Duration 30
[2784.97] DevOnline: WebRequest_X_96 SEND: https://datarouter.ol.epicgames.com/datarouter/api/v1/public/data?AppID=RocketLeague.Release&AppVersion=1210528741&AppEnvironment=Prod&UploadType=eteventstream&UserID=|8818b4dba79a43d18b986f46e4d00392|||Epic|8818b4dba79a43d18b986f46e4d00392|0&SessionID=7ED88ADF457E5D0E09C349A06FC64359
[2785.09] DevOnline: WebRequest_X_96 RECV: 204 
[2809.01] EOSGameClips: EOSGameClips: Starting background recording: API Version 2, Clip Duration 30
[2811.58] EOSGameClips: EOSGameClips: Currently recording: true
[2812.56] EOSGameClips: EOSGameClips: Starting background recording: API Version 2, Clip Duration 30
[2821.63] EOSGameClips: EOSGameClips: Starting background recording: API Version 2, Clip Duration 30
[2825.63] EOSGameClips: EOSGameClips: Starting background recording: API Version 2, Clip Duration 30
[2835.87] EOSGameClips: EOSGameClips: Starting background recording: API Version 2, Clip Duration 30
[2838.43] EOSGameClips: EOSGameClips: Currently recording: true
[2839.42] EOSGameClips: EOSGameClips: Starting background recording: API Version 2, Clip Duration 30
[2844.96] DevOnline: WebRequest_X_97 SEND: https://datarouter.ol.epicgames.com/datarouter/api/v1/public/data?AppID=RocketLeague.Release&AppVersion=1210528741&AppEnvironment=Prod&UploadType=eteventstream&UserID=|8818b4dba79a43d18b986f46e4d00392|||Epic|8818b4dba79a43d18b986f46e4d00392|0&SessionID=7ED88ADF457E5D0E09C349A06FC64359
[2845.08] DevOnline: WebRequest_X_97 RECV: 204 
[2848.36] EOSGameClips: EOSGameClips: Starting background recording: API Version 2, Clip Duration 30
[2852.38] EOSGameClips: EOSGameClips: Starting background recording: API Version 2, Clip Duration 30
[2863.93] EOSGameClips: EOSGameClips: Starting background recording: API Version 2, Clip Duration 30
[2866.51] EOSGameClips: EOSGameClips: Currently recording: true
[2867.49] EOSGameClips: EOSGameClips: Starting background recording: API Version 2, Clip Duration 30
[2877.45] EOSGameClips: EOSGameClips: Starting background recording: API Version 2, Clip Duration 30
[2881.45] EOSGameClips: EOSGameClips: Starting background recording: API Version 2, Clip Duration 30
[2904.96] DevOnline: WebRequest_X_98 SEND: https://datarouter.ol.epicgames.com/datarouter/api/v1/public/data?AppID=RocketLeague.Release&AppVersion=1210528741&AppEnvironment=Prod&UploadType=eteventstream&UserID=|8818b4dba79a43d18b986f46e4d00392|||Epic|8818b4dba79a43d18b986f46e4d00392|0&SessionID=7ED88ADF457E5D0E09C349A06FC64359
[2905.08] DevOnline: WebRequest_X_98 RECV: 204 
[2964.96] DevOnline: WebRequest_X_99 SEND: https://datarouter.ol.epicgames.com/datarouter/api/v1/public/data?AppID=RocketLeague.Release&AppVersion=1210528741&AppEnvironment=Prod&UploadType=eteventstream&UserID=|8818b4dba79a43d18b986f46e4d00392|||Epic|8818b4dba79a43d18b986f46e4d00392|0&SessionID=7ED88ADF457E5D0E09C349A06FC64359
[2965.13] DevOnline: WebRequest_X_99 RECV: 204 
[2994.51] EOSGameClips: EOSGameClips: Starting background recording: API Version 2, Clip Duration 30
[2997.07] EOSGameClips: EOSGameClips: Currently recording: true
[2998.06] EOSGameClips: EOSGameClips: Starting background recording: API Version 2, Clip Duration 30
[3005.15] EOSGameClips: EOSGameClips: Starting background recording: API Version 2, Clip Duration 30
[3009.16] EOSGameClips: EOSGameClips: Starting background recording: API Version 2, Clip Duration 30
[3015.93] EOSGameClips: EOSGameClips: Starting background recording: API Version 2, Clip Duration 30
[3018.47] EOSGameClips: EOSGameClips: Currently recording: true
[3019.45] EOSGameClips: EOSGameClips: Starting background recording: API Version 2, Clip Duration 30
[3024.95] DevOnline: WebRequest_X_100 SEND: https://datarouter.ol.epicgames.com/datarouter/api/v1/public/data?AppID=RocketLeague.Release&AppVersion=1210528741&AppEnvironment=Prod&UploadType=eteventstream&UserID=|8818b4dba79a43d18b986f46e4d00392|||Epic|8818b4dba79a43d18b986f46e4d00392|0&SessionID=7ED88ADF457E5D0E09C349A06FC64359
[3025.07] DevOnline: WebRequest_X_100 RECV: 204 
[3028.76] EOSGameClips: EOSGameClips: Starting background recording: API Version 2, Clip Duration 30
[3032.75] EOSGameClips: EOSGameClips: Starting background recording: API Version 2, Clip Duration 30
[3058.44] EOSGameClips: EOSGameClips: Starting background recording: API Version 2, Clip Duration 30
[3061.00] EOSGameClips: EOSGameClips: Currently recording: true
[3061.98] EOSGameClips: EOSGameClips: Starting background recording: API Version 2, Clip Duration 30
[3065.81] EOSGameClips: EOSGameClips: Starting background recording: API Version 2, Clip Duration 30
[3069.82] EOSGameClips: EOSGameClips: Starting background recording: API Version 2, Clip Duration 30
[3084.94] DevOnline: WebRequest_X_101 SEND: https://datarouter.ol.epicgames.com/datarouter/api/v1/public/data?AppID=RocketLeague.Release&AppVersion=1210528741&AppEnvironment=Prod&UploadType=eteventstream&UserID=|8818b4dba79a43d18b986f46e4d00392|||Epic|8818b4dba79a43d18b986f46e4d00392|0&SessionID=7ED88ADF457E5D0E09C349A06FC64359
[3085.06] DevOnline: WebRequest_X_101 RECV: 204 
[3114.33] EOSGameClips: EOSGameClips: Starting background recording: API Version 2, Clip Duration 30
[3116.88] EOSGameClips: EOSGameClips: Currently recording: true
[3117.86] EOSGameClips: EOSGameClips: Starting background recording: API Version 2, Clip Duration 30
[3118.01] XPProgression: GFxHUD_TA.HandleGameStateChanged Current player match score = 350, UniqueId=(Epic|8818b4dba79a43d18b986f46e4d00392|0), with total match time = 271.8703 seconds, with total net time = 271.8703seconds
[3118.01] Party: Ranked Game Finished, Clear party member server
[3118.01] RankedReconnect: RankedReconnectSave_TA_0.ClearRankedReconnect()
[3118.25] PartyChallenge: UpdateChallengeProgressForCompetitive bChallengesComplete=(True) ChallengeState=(Challenge_Success) bChallengeSync=(True) bChallengesAreValid=(True) bLegacyPlayer=(False) bGuestAccount=(False) Online_X.UniqueNetIDToString(Manager.Outer.PlayerID)=(Epic|8818b4dba79a43d18b986f46e4d00392|0) Complete
[3118.25] PsyNet: PsyNetServiceProvider_X_1 ExecuteService Complete, Service=Challenges/PlayerProgress 
[3118.36] PartyChallenge: UpdateChallengeProgressForCompetitive bChallengesComplete=(True) ChallengeState=(Challenge_Success) bChallengeSync=(True) bChallengesAreValid=(True) bLegacyPlayer=(False) bGuestAccount=(False) Online_X.UniqueNetIDToString(Manager.Outer.PlayerID)=(Epic|8818b4dba79a43d18b986f46e4d00392|0) Complete
[3118.37] PsyNet: PsyNetServiceProvider_X_1 ExecuteService Complete, Service=Challenges/PlayerProgress 
[3118.40] XPProgression: SaveData_TA.HandleRewardDropNotification PsyNetService_RewardDropReceived_TA returned Total XP Earned = 2025.0000, in match with ID = E1A3CC1211F12DB2C23CA187CFA9171F , Current player match score = 350, UniqueId=(Epic|8818b4dba79a43d18b986f46e4d00392|0), with total match time = 271.8703 seconds, with total net time = 271.8703seconds
[3118.40] PsyNet: PsyNetServiceProvider_X_1 ExecuteService Complete, Service=Reward/RewardResult 
[3118.40] ScriptLog: GetDLCProducts, UnlockedDLCList=
[3119.00] EOSGameClips: EOSGameClips: Starting background recording: API Version 2, Clip Duration 30
[3119.14] PsyNet: PsyNetChannel_X_0 party:2uuPQ5vF receive message MessageID=220
[3119.14] PsyNet: PsyNetChannel_X_0 party:2uuPQ5vF executing MessageID=220
[3119.14] Party: HandleLobbyReceiveBinaryData LobbyUID=PsyNet-2uuPQ5vF MemberIndex=0 PlayerUID=PS4|785668489479049324|0 Message=PartyMessage_SearchStatus_X
[3119.14] Party: HandleSearchStatus StatusMessage.SearchState=(Searching) StatusMessage.bIsSearching=(True)
[3119.15] PsyNet: PsyNetServiceProvider_X_1 ExecuteService Complete, Service=Party/System 
[3120.00] PsyNet: PsyNetChannel_X_0 party:2uuPQ5vF receive message MessageID=221
[3120.00] PsyNet: PsyNetChannel_X_0 party:2uuPQ5vF executing MessageID=221
[3120.00] Party: HandleLobbyReceiveBinaryData LobbyUID=PsyNet-2uuPQ5vF MemberIndex=0 PlayerUID=PS4|785668489479049324|0 Message=PartyMessage_SearchStatus_X
[3120.00] Party: HandleSearchStatus StatusMessage.SearchState=(OnlineGameMatchmaking_X) StatusMessage.bIsSearching=(False)
[3120.01] PsyNet: PsyNetServiceProvider_X_1 ExecuteService Complete, Service=Party/System 
[3120.35] PsyNet: PsyNetChannel_X_0 party:2uuPQ5vF receive message MessageID=222
[3120.35] PsyNet: PsyNetChannel_X_0 party:2uuPQ5vF executing MessageID=222
[3120.35] Party: HandleLobbyReceiveBinaryData LobbyUID=PsyNet-2uuPQ5vF MemberIndex=0 PlayerUID=PS4|785668489479049324|0 Message=PartyMessage_SearchStatus_X
[3120.35] Party: HandleSearchStatus StatusMessage.SearchState=(Searching) StatusMessage.bIsSearching=(True)
[3120.36] PsyNet: PsyNetServiceProvider_X_1 ExecuteService Complete, Service=Party/System 
[3120.75] PsyNet: PsyNetChannel_X_0 party:2uuPQ5vF receive message MessageID=223
[3120.75] PsyNet: PsyNetChannel_X_0 party:2uuPQ5vF executing MessageID=223
[3120.75] Party: HandleLobbyReceiveBinaryData LobbyUID=PsyNet-2uuPQ5vF MemberIndex=0 PlayerUID=PS4|785668489479049324|0 Message=PartyMessage_SearchStatus_X
[3120.75] Party: HandleSearchStatus StatusMessage.SearchState=(Searching) StatusMessage.bIsSearching=(True)
[3120.75] PsyNet: PsyNetServiceProvider_X_1 ExecuteService Complete, Service=Party/System 
[3121.03] ScriptWarning: ScriptWarning, Accessed None 'Car'
	CarComponent_Boost_TA Park_Night_P.TheWorld:PersistentLevel.CarComponent_Boost_TA_459
	Function TAGame.CarComponent_Boost_TA:GiveBoost:01A5
Script call stack:
	Function TAGame.CarComponent_Boost_TA:ClientGiveBoost
	Function TAGame.CarComponent_Boost_TA:GiveBoost

[3121.03] XPProgression: GFxHUD_TA.HandleGameStateChanged Current player match score = 350, UniqueId=(Epic|8818b4dba79a43d18b986f46e4d00392|0), with total match time = 271.8703 seconds, with total net time = 271.8703seconds
[3121.03] Party: Ranked Game Finished, Clear party member server
[3121.03] RankedReconnect: RankedReconnectSave_TA_0.ClearRankedReconnect()
[3121.21] DevOnline: PlayerDataStorage_WriteFile: Beginning to upload file. User=(8818b4dba79a43d18b986f46e4d00392) FileName=(RLSettingsData)
[3121.41] PsyNet: PsyNetChannel_X_0 party:2uuPQ5vF receive message MessageID=224
[3121.41] PsyNet: PsyNetChannel_X_0 party:2uuPQ5vF executing MessageID=224
[3121.41] Party: HandleLobbyReceiveBinaryData LobbyUID=PsyNet-2uuPQ5vF MemberIndex=0 PlayerUID=PS4|785668489479049324|0 Message=PartyMessage_SearchStatus_X
[3121.41] Party: HandleSearchStatus StatusMessage.SearchState=(OnlineGameMatchmaking_X) StatusMessage.bIsSearching=(False)
[3121.42] PsyNet: PsyNetServiceProvider_X_1 ExecuteService Complete, Service=Party/System 
[3122.02] EOSGameClips: EOSGameClips: Starting background recording: API Version 2, Clip Duration 30
[3122.30] DevOnline: PlayerDataStorage_WriteFile: Beginning to upload file. User=(8818b4dba79a43d18b986f46e4d00392) FileName=(RLSaveData)
[3122.57] DevOnline: PlayerDataStorage_WriteFile: File upload complete. User=(8818b4dba79a43d18b986f46e4d00392) FileName=(RLSettingsData) Success=(1)
[3122.57] SettingsExport: Settings data upload complete. Success: True
[3123.61] DevOnline: PlayerDataStorage_WriteFile: File upload complete. User=(8818b4dba79a43d18b986f46e4d00392) FileName=(RLSaveData) Success=(1)
[3126.02] PsyNetStaticData: HandleCacheExpired
[3126.02] PsyNetStaticData: UpdateCacheTimerEnabled CacheTimer.bEnabled=(True)
[3126.02] XPProgression: GFxHUD_TA.HandleGameStateChanged Current player match score = 350, UniqueId=(Epic|8818b4dba79a43d18b986f46e4d00392|0), with total match time = 271.8703 seconds, with total net time = 271.8703seconds
[3126.02] Party: Ranked Game Finished, Clear party member server
[3126.02] RankedReconnect: RankedReconnectSave_TA_0.ClearRankedReconnect()
[3126.05] Online: TryToPlayOnline ControllerID=(-1)
[3126.05] Online: HandlePrivilegeCheckFinished PrivilegeCheck.bHasRestriction=(False)
[3126.05] Online: HandlePrivilegeCheck PrivilegeCheck.bHasRestriction=(False)
[3126.05] EOSGameClips: EOSGameClips: Recording changed from Recording to NotRecording.
[3126.05] DevOnline: WebRequest_X_102 SEND: https://config.psynet.gg/v2/Config/BattleCars/1210528741/Prod/Epic/INT/
[3126.20] DevOnline: WebRequest_X_102 RECV: 304 
[3126.23] DevOnline: EOSSDK-LogEOSGameClips: Missing encoder drain completed message.
[3126.34] Log: FSaveDataExportTask(0) wrote 1063434 bytes to memory
[3126.34] Log: SaveGameDataAsync game thread time: 8 ms
[3126.35] Log: Deleting old save file ..\..\TAGame\SaveDataEpic\DBE_Production\8818b4dba79a43d18b986f46e4d00392_1.save
[3126.35] Log: SaveDataExport(0): Finished - File:[..\..\TAGame\SaveDataEpic\DBE_Production\8818b4dba79a43d18b986f46e4d00392.save] Result:[1]
[3126.36] SettingsExport: CreateSnapshot Metadata {"userId":"Epic|8818b4dba79a43d18b986f46e4d00392|0","platformKey":"Epic","schemaVersion":0,"clientVersion":1532151,"timestampUtc":1775038583,"settingsVersion":7986,"checksum":1844268941 Payload Size  97007
[3126.36] SettingsExport: Payload changed. Notifying new Checksum: 1844268941
[3126.36] SettingsExport: Local settings updated, uploading data
[3130.07] Log: FSaveDataExportTask(0) wrote 1063434 bytes to memory
[3130.07] Log: SaveGameDataAsync game thread time: 9 ms
[3130.09] Log: Deleting old save file ..\..\TAGame\SaveDataEpic\DBE_Production\8818b4dba79a43d18b986f46e4d00392_2.save
[3130.09] Log: SaveDataExport(0): Finished - File:[..\..\TAGame\SaveDataEpic\DBE_Production\8818b4dba79a43d18b986f46e4d00392_1.save] Result:[1]
[3130.09] SettingsExport: Settings content not changed. Will not update the Settings Online
[3135.18] PsyNet: PsyNetChannel_X_0 party:2uuPQ5vF receive message MessageID=225
[3135.18] PsyNet: PsyNetChannel_X_0 party:2uuPQ5vF executing MessageID=225
[3135.18] Party: HandleLobbyReceiveBinaryData LobbyUID=PsyNet-2uuPQ5vF MemberIndex=0 PlayerUID=PS4|785668489479049324|0 Message=PartyMessage_SearchStatus_X
[3135.18] Party: HandleSearchStatus StatusMessage.SearchState=(Searching) StatusMessage.bIsSearching=(True)
[3135.18] PsyNet: PsyNetServiceProvider_X_1 ExecuteService Complete, Service=Party/System 
[3137.43] PsyNetBeaconDetail_X: PsyNetBeacon_X_0 ReserveConnection ReservationID=(0178E98D56E14F5097A7906F6A801B73) ConnectionID=(eyJ0eXAiOiJKV1QiLCJhbGciOiJIUzUxMiJ9.eyJqdGkiOiIyMTYxOTRjZThmY2Y0NThhYWUzYmYwYThlZDhjYjgxNyIsImlzcyI6IlBzeU5ldCIsInBsYXllcl9pZCI6IkVwaWN8ODgxOGI0ZGJhNzlhNDNkMThiOTg2ZjQ2ZTRkMDAzOTJ8MCIsInNlcnZlcl9uYW1lIjoiRVU3LTA2MjM3Mjg2NjBDRkVGRTE1LUFwb2dlZTIiLCJpYXQiOjE3NzUwMzg1OTMsIm5iZiI6MTc3NTAzODU5MywiZXhwIjoxNzc1MDUyOTkzfQ.UCIkWvBrfU8NmaLpI5XyuepDo3FluHf2IerCcDYH5WeqlDjFNVfEPT5X3GhLoFpqEQ9zShr3K7A7Xu5qJNkicQ)
[3137.43] PsyNetBeaconDetail_X: PsyNetBeacon_X_0 ClientHandleMessage Message.MessageType=(ClientReservationMessage_X) Message.ReservationID=(0178E98D56E14F5097A7906F6A801B73)
[3137.43] Party: Received game server from notification (v3) Message.Reservation=((ServerName="EU7-0623728660CFEFE15-Apogee2",Playlist=11,Region="EU",ReservationID="0178E98D56E14F5097A7906F6A801B73",DSRToken="eyJ0eXAiOiJKV1QiLCJhbGciOiJIUzUxMiJ9.eyJqdGkiOiIyMTYxOTRjZThmY2Y0NThhYWUzYmYwYThlZDhjYjgxNyIsImlzcyI6IlBzeU5ldCIsInBsYXllcl9pZCI6IkVwaWN8ODgxOGI0ZGJhNzlhNDNkMThiOTg2ZjQ2ZTRkMDAzOTJ8MCIsInNlcnZlcl9uYW1lIjoiRVU3LTA2MjM3Mjg2NjBDRkVGRTE1LUFwb2dlZTIiLCJpYXQiOjE3NzUwMzg1OTMsIm5iZiI6MTc3NTAzODU5MywiZXhwIjoxNzc1MDUyOTkzfQ.UCIkWvBrfU8NmaLpI5XyuepDo3FluHf2IerCcDYH5WeqlDjFNVfEPT5X3GhLoFpqEQ9zShr3K7A7Xu5qJNkicQ",JoinName="DXN4UNQRIZZV5VVJ",JoinPassword="W1A122R7IBNUIXCL"))
[3137.44] JoinGame: StartJoin Reservation=((ServerName="EU7-0623728660CFEFE15-Apogee2",Playlist=11,Region="EU",ReservationID="0178E98D56E14F5097A7906F6A801B73",DSRToken="eyJ0eXAiOiJKV1QiLCJhbGciOiJIUzUxMiJ9.eyJqdGkiOiIyMTYxOTRjZThmY2Y0NThhYWUzYmYwYThlZDhjYjgxNyIsImlzcyI6IlBzeU5ldCIsInBsYXllcl9pZCI6IkVwaWN8ODgxOGI0ZGJhNzlhNDNkMThiOTg2ZjQ2ZTRkMDAzOTJ8MCIsInNlcnZlcl9uYW1lIjoiRVU3LTA2MjM3Mjg2NjBDRkVGRTE1LUFwb2dlZTIiLCJpYXQiOjE3NzUwMzg1OTMsIm5iZiI6MTc3NTAzODU5MywiZXhwIjoxNzc1MDUyOTkzfQ.UCIkWvBrfU8NmaLpI5XyuepDo3FluHf2IerCcDYH5WeqlDjFNVfEPT5X3GhLoFpqEQ9zShr3K7A7Xu5qJNkicQ",JoinName="DXN4UNQRIZZV5VVJ",JoinPassword="W1A122R7IBNUIXCL")) JoinSettings=((PlaylistId=11,Password="W1A122R7IBNUIXCL"))
[3137.44] JoinGame: GotoJoinGameState OnlineGameJoinGame_TA -> VerifyPrivileges
[3137.44] Online: TryToPlayOnline ControllerID=(-1)
[3137.44] PsyNet: PsyNetServiceProvider_X_1 ExecuteService Complete, Service=DSR/ClientMessage 
[3137.44] Online: HandlePrivilegeCheckFinished PrivilegeCheck.bHasRestriction=(False)
[3137.44] JoinGame: GotoJoinGameState VerifyPrivileges -> ReservingServerForMatchmaking
[3137.44] PsyNetBeaconDetail_X: PsyNetBeacon_X_0 SendMessageToServer Message=(AddReservationMessagePublic_X_9)
[3137.93] PsyNetBeaconDetail_X: PsyNetBeacon_X_0 ClientHandleMessage Message.MessageType=(ReservationsWaitingMessage_X) Message.ReservationID=(0178E98D56E14F5097A7906F6A801B73)
[3137.93] JoinGame: Waiting for more players to add reservations
[3137.93] Party: HandleServerReserved (Reservation=(ServerName="EU7-0623728660CFEFE15-Apogee2",Playlist=11,Region="EU",ReservationID="0178E98D56E14F5097A7906F6A801B73",DSRToken="eyJ0eXAiOiJKV1QiLCJhbGciOiJIUzUxMiJ9.eyJqdGkiOiIyMTYxOTRjZThmY2Y0NThhYWUzYmYwYThlZDhjYjgxNyIsImlzcyI6IlBzeU5ldCIsInBsYXllcl9pZCI6IkVwaWN8ODgxOGI0ZGJhNzlhNDNkMThiOTg2ZjQ2ZTRkMDAzOTJ8MCIsInNlcnZlcl9uYW1lIjoiRVU3LTA2MjM3Mjg2NjBDRkVGRTE1LUFwb2dlZTIiLCJpYXQiOjE3NzUwMzg1OTMsIm5iZiI6MTc3NTAzODU5MywiZXhwIjoxNzc1MDUyOTkzfQ.UCIkWvBrfU8NmaLpI5XyuepDo3FluHf2IerCcDYH5WeqlDjFNVfEPT5X3GhLoFpqEQ9zShr3K7A7Xu5qJNkicQ",JoinName="DXN4UNQRIZZV5VVJ",JoinPassword="W1A122R7IBNUIXCL"),JoinCredentials="DXN4UNQRIZZV5VVJ:W1A122R7IBNUIXCL")
[3137.94] PsyNet: PsyNetServiceProvider_X_1 ExecuteService Complete, Service=DSR/ClientMessage 
[3140.43] PsyNetBeaconDetail_X: PsyNetBeacon_X_0 SendMessageToServer Message=(PingMessage_X_22)
[3140.80] PsyNetBeaconDetail_X: PsyNetBeacon_X_0 ClientHandleMessage Message.MessageType=(PingMessage_X) Message.ReservationID=(0178E98D56E14F5097A7906F6A801B73)
[3140.80] PsyNet: PsyNetServiceProvider_X_1 ExecuteService Complete, Service=DSR/ClientMessage 
[3141.19] PsyNet: PsyNetChannel_X_0 party:2uuPQ5vF receive message MessageID=226
[3141.19] PsyNet: PsyNetChannel_X_0 party:2uuPQ5vF executing MessageID=226
[3141.19] Party: HandleLobbyReceiveBinaryData LobbyUID=PsyNet-2uuPQ5vF MemberIndex=0 PlayerUID=PS4|785668489479049324|0 Message=PartyMessage_PartyMemberJoinGame_X
[3141.19] Party: Ranked Game Finished, Clear party member server
[3141.19] PsyNet: PsyNetServiceProvider_X_1 ExecuteService Complete, Service=Party/System 
[3141.27] PsyNet: PsyNetChannel_X_0 party:2uuPQ5vF receive message MessageID=227
[3141.27] PsyNet: PsyNetChannel_X_0 party:2uuPQ5vF executing MessageID=227
[3141.27] Party: HandleLobbyReceiveBinaryData LobbyUID=PsyNet-2uuPQ5vF MemberIndex=0 PlayerUID=PS4|785668489479049324|0 Message=PartyMessage_MatchmakingAvailability_X
[3141.27] Party: SetAvailableForMatchmakingForMember PartyMemberID:'PS4|785668489479049324|0' MatchmakeRestrictions=(0)
[3141.28] PsyNet: PsyNetServiceProvider_X_1 ExecuteService Complete, Service=Party/System 
[3143.43] PsyNetBeaconDetail_X: PsyNetBeacon_X_0 SendMessageToServer Message=(PingMessage_X_24)
[3143.81] PsyNetBeaconDetail_X: PsyNetBeacon_X_0 ClientHandleMessage Message.MessageType=(PingMessage_X) Message.ReservationID=(0178E98D56E14F5097A7906F6A801B73)
[3143.82] PsyNet: PsyNetServiceProvider_X_1 ExecuteService Complete, Service=DSR/ClientMessage 
[3144.94] DevOnline: WebRequest_X_103 SEND: https://datarouter.ol.epicgames.com/datarouter/api/v1/public/data?AppID=RocketLeague.Release&AppVersion=1210528741&AppEnvironment=Prod&UploadType=eteventstream&UserID=|8818b4dba79a43d18b986f46e4d00392|||Epic|8818b4dba79a43d18b986f46e4d00392|0&SessionID=7ED88ADF457E5D0E09C349A06FC64359
[3145.05] DevOnline: WebRequest_X_103 RECV: 204 
[3146.43] PsyNetBeaconDetail_X: PsyNetBeacon_X_0 SendMessageToServer Message=(PingMessage_X_26)
[3146.54] ScriptWarning: ScriptWarning, Accessed None 'GameEvent'
	Car_TA Park_Night_P.TheWorld:PersistentLevel.Car_TA_469
	Function TAGame.Car_TA:GetPreviewTeamIndex:0037
Script call stack:
	Function TAGame.Ball_TA:ReplicatedEvent
	Function TAGame.Ball_TA:Explode
	Function TAGame.Ball_TA:InitExplosionFX
	Function TAGame.ProductAsset_GoalExplosion_TA:GetExplosionFXActorForPRI
	Function TAGame.PaintedFXSelector_TA:GetFXActorForPRI
	Function TAGame.Car_TA:GetLoadoutTeamIndex
	Function TAGame.Car_TA:GetPreviewTeamIndex

[3146.54] ScriptWarning: ScriptWarning, Accessed array 'Default__PaintedFXSelector_TA.Loadouts' out of bounds (255/2)
	PaintedFXSelector_TA TAGame.Default__PaintedFXSelector_TA
	Function TAGame.PaintedFXSelector_TA:GetFXActorForPRI:0150
Script call stack:
	Function TAGame.Ball_TA:ReplicatedEvent
	Function TAGame.Ball_TA:Explode
	Function TAGame.Ball_TA:InitExplosionFX
	Function TAGame.ProductAsset_GoalExplosion_TA:GetExplosionFXActorForPRI
	Function TAGame.PaintedFXSelector_TA:GetFXActorForPRI

[3146.54] ScriptWarning: ScriptWarning, Accessed array 'Default__PaintedFXSelector_TA.Loadouts' out of bounds (255/2)
	PaintedFXSelector_TA TAGame.Default__PaintedFXSelector_TA
	Function TAGame.PaintedFXSelector_TA:GetFXActorForPRI:01EA
Script call stack:
	Function TAGame.Ball_TA:ReplicatedEvent
	Function TAGame.Ball_TA:Explode
	Function TAGame.Ball_TA:InitExplosionFX
	Function TAGame.ProductAsset_GoalExplosion_TA:GetExplosionFXActorForPRI
	Function TAGame.PaintedFXSelector_TA:GetFXActorForPRI

[3146.78] PsyNetBeaconDetail_X: PsyNetBeacon_X_0 ClientHandleMessage Message.MessageType=(PingMessage_X) Message.ReservationID=(0178E98D56E14F5097A7906F6A801B73)
[3146.79] PsyNet: PsyNetServiceProvider_X_1 ExecuteService Complete, Service=DSR/ClientMessage 
[3148.25] EOSVoice: Recording stopped for room: VRT_Party
[3148.55] PsyNet: PsyNetChannel_X_0 party:2uuPQ5vF receive message MessageID=228
[3148.55] PsyNet: PsyNetChannel_X_0 party:2uuPQ5vF executing MessageID=228
[3148.55] Party: HandleLobbyReceiveBinaryData LobbyUID=PsyNet-2uuPQ5vF MemberIndex=0 PlayerUID=PS4|785668489479049324|0 Message=PartyMessage_CurrentVoiceRoom_TA
[3148.55] PsyNet: PsyNetServiceProvider_X_1 ExecuteService Complete, Service=Party/System 
[3149.43] PsyNetBeaconDetail_X: PsyNetBeacon_X_0 SendMessageToServer Message=(PingMessage_X_28)
[3149.80] PsyNetBeaconDetail_X: PsyNetBeacon_X_0 ClientHandleMessage Message.MessageType=(PingMessage_X) Message.ReservationID=(0178E98D56E14F5097A7906F6A801B73)
[3149.80] PsyNet: PsyNetServiceProvider_X_1 ExecuteService Complete, Service=DSR/ClientMessage 
[3152.43] PsyNetBeaconDetail_X: PsyNetBeacon_X_0 SendMessageToServer Message=(PingMessage_X_30)
[3152.82] PsyNetBeaconDetail_X: PsyNetBeacon_X_0 ClientHandleMessage Message.MessageType=(PingMessage_X) Message.ReservationID=(0178E98D56E14F5097A7906F6A801B73)
[3152.83] PsyNet: PsyNetServiceProvider_X_1 ExecuteService Complete, Service=DSR/ClientMessage 
[3152.91] PsyNetBeaconDetail_X: PsyNetBeacon_X_0 ClientHandleMessage Message.MessageType=(ReservationsTimedOutMessage_X) Message.ReservationID=(0178E98D56E14F5097A7906F6A801B73)
[3152.91] JoinGame: Timed out waiting for players
[3152.91] JoinGame: OnJoinGameComplete bSuccess=(False) FailReason=(Not all players connected. (Error: 64))
[3152.91] JoinGame: GotoJoinGameState ReservingServerForMatchmaking -> None
[3152.91] PsyNetBeaconDetail_X: PsyNetBeacon_X_0 Close
[3152.91] PsyNetBeaconDetail_X: PsyNetBeacon_X_0 CloseConnection Connection.ConnectionID=(eyJ0eXAiOiJKV1QiLCJhbGciOiJIUzUxMiJ9.eyJqdGkiOiIyMTYxOTRjZThmY2Y0NThhYWUzYmYwYThlZDhjYjgxNyIsImlzcyI6IlBzeU5ldCIsInBsYXllcl9pZCI6IkVwaWN8ODgxOGI0ZGJhNzlhNDNkMThiOTg2ZjQ2ZTRkMDAzOTJ8MCIsInNlcnZlcl9uYW1lIjoiRVU3LTA2MjM3Mjg2NjBDRkVGRTE1LUFwb2dlZTIiLCJpYXQiOjE3NzUwMzg1OTMsIm5iZiI6MTc3NTAzODU5MywiZXhwIjoxNzc1MDUyOTkzfQ.UCIkWvBrfU8NmaLpI5XyuepDo3FluHf2IerCcDYH5WeqlDjFNVfEPT5X3GhLoFpqEQ9zShr3K7A7Xu5qJNkicQ)
[3152.92] PsyNet: PsyNetServiceProvider_X_1 ExecuteService Complete, Service=DSR/ClientMessage 
[3153.26] PsyNet: PsyNetChannel_X_0 party:2uuPQ5vF receive message MessageID=229
[3153.26] PsyNet: PsyNetChannel_X_0 party:2uuPQ5vF executing MessageID=229
[3153.27] PsyNet: PsyNetServiceProvider_X_1 ExecuteService Complete, Service=Party/System 
[3153.36] DevOnline: PlayerDataStorage_WriteFile: Beginning to upload file. User=(8818b4dba79a43d18b986f46e4d00392) FileName=(RLSettingsData)
[3153.55] ScriptWarning: ScriptWarning, Accessed None 'GameEvent'
	Car_TA Park_Night_P.TheWorld:PersistentLevel.Car_TA_472
	Function TAGame.Car_TA:GetPreviewTeamIndex:0037
Script call stack:
	Function TAGame.Ball_TA:ReplicatedEvent
	Function TAGame.Ball_TA:Explode
	Function TAGame.Ball_TA:InitExplosionFX
	Function TAGame.ProductAsset_GoalExplosion_TA:GetExplosionFXActorForPRI
	Function TAGame.PaintedFXSelector_TA:GetFXActorForPRI
	Function TAGame.Car_TA:GetLoadoutTeamIndex
	Function TAGame.Car_TA:GetPreviewTeamIndex

[3153.55] ScriptWarning: ScriptWarning, Accessed array 'Default__PaintedFXSelector_TA.Loadouts' out of bounds (255/2)
	PaintedFXSelector_TA TAGame.Default__PaintedFXSelector_TA
	Function TAGame.PaintedFXSelector_TA:GetFXActorForPRI:0150
Script call stack:
	Function TAGame.Ball_TA:ReplicatedEvent
	Function TAGame.Ball_TA:Explode
	Function TAGame.Ball_TA:InitExplosionFX
	Function TAGame.ProductAsset_GoalExplosion_TA:GetExplosionFXActorForPRI
	Function TAGame.PaintedFXSelector_TA:GetFXActorForPRI

[3153.55] ScriptWarning: ScriptWarning, Accessed array 'Default__PaintedFXSelector_TA.Loadouts' out of bounds (255/2)
	PaintedFXSelector_TA TAGame.Default__PaintedFXSelector_TA
	Function TAGame.PaintedFXSelector_TA:GetFXActorForPRI:01EA
Script call stack:
	Function TAGame.Ball_TA:ReplicatedEvent
	Function TAGame.Ball_TA:Explode
	Function TAGame.Ball_TA:InitExplosionFX
	Function TAGame.ProductAsset_GoalExplosion_TA:GetExplosionFXActorForPRI
	Function TAGame.PaintedFXSelector_TA:GetFXActorForPRI

[3154.24] DevOnline: PlayerDataStorage_WriteFile: File upload complete. User=(8818b4dba79a43d18b986f46e4d00392) FileName=(RLSettingsData) Success=(1)
[3154.24] SettingsExport: Settings data upload complete. Success: True
[3174.53] ScriptWarning: ScriptWarning, Accessed None 'GameEvent'
	Car_TA Park_Night_P.TheWorld:PersistentLevel.Car_TA_484
	Function TAGame.Car_TA:GetPreviewTeamIndex:0037
Script call stack:
	Function TAGame.Ball_TA:ReplicatedEvent
	Function TAGame.Ball_TA:Explode
	Function TAGame.Ball_TA:InitExplosionFX
	Function TAGame.ProductAsset_GoalExplosion_TA:GetExplosionFXActorForPRI
	Function TAGame.PaintedFXSelector_TA:GetFXActorForPRI
	Function TAGame.Car_TA:GetLoadoutTeamIndex
	Function TAGame.Car_TA:GetPreviewTeamIndex

[3174.53] ScriptWarning: ScriptWarning, Accessed array 'Default__PaintedFXSelector_TA.Loadouts' out of bounds (255/2)
	PaintedFXSelector_TA TAGame.Default__PaintedFXSelector_TA
	Function TAGame.PaintedFXSelector_TA:GetFXActorForPRI:0150
Script call stack:
	Function TAGame.Ball_TA:ReplicatedEvent
	Function TAGame.Ball_TA:Explode
	Function TAGame.Ball_TA:InitExplosionFX
	Function TAGame.ProductAsset_GoalExplosion_TA:GetExplosionFXActorForPRI
	Function TAGame.PaintedFXSelector_TA:GetFXActorForPRI

[3174.53] ScriptWarning: ScriptWarning, Accessed array 'Default__PaintedFXSelector_TA.Loadouts' out of bounds (255/2)
	PaintedFXSelector_TA TAGame.Default__PaintedFXSelector_TA
	Function TAGame.PaintedFXSelector_TA:GetFXActorForPRI:01EA
Script call stack:
	Function TAGame.Ball_TA:ReplicatedEvent
	Function TAGame.Ball_TA:Explode
	Function TAGame.Ball_TA:InitExplosionFX
	Function TAGame.ProductAsset_GoalExplosion_TA:GetExplosionFXActorForPRI
	Function TAGame.PaintedFXSelector_TA:GetFXActorForPRI

[3177.43] PsyNetBeaconDetail_X: PsyNetBeacon_X_0 ReserveConnection ReservationID=(B1C9E084C6DD4FF7B34D802D952624E7) ConnectionID=(eyJ0eXAiOiJKV1QiLCJhbGciOiJIUzUxMiJ9.eyJqdGkiOiIwOGE3ZWJhMzdmYTY0MTk0OWIwMDkxYzUxMjdhNjMxYiIsImlzcyI6IlBzeU5ldCIsInBsYXllcl9pZCI6IkVwaWN8ODgxOGI0ZGJhNzlhNDNkMThiOTg2ZjQ2ZTRkMDAzOTJ8MCIsInNlcnZlcl9uYW1lIjoiRVUxLTAxRkE3QjUyODZCQTRBNUIzLUh5cGVyYm9saWMzIiwiaWF0IjoxNzc1MDM4NjMzLCJuYmYiOjE3NzUwMzg2MzMsImV4cCI6MTc3NTA1MzAzM30.E7I4Ly2_Eka4jwULUoVDBwb-S-nubi3wdUSFH6e1qVbXr34H3RFic2XnkNfWynd-ydRoZgDfODcqP9CxCG0jSw)
[3177.43] PsyNetBeaconDetail_X: PsyNetBeacon_X_0 ClientHandleMessage Message.MessageType=(ClientReservationMessage_X) Message.ReservationID=(B1C9E084C6DD4FF7B34D802D952624E7)
[3177.43] Party: Received game server from notification (v3) Message.Reservation=((ServerName="EU1-01FA7B5286BA4A5B3-Hyperbolic3",Playlist=11,Region="EU",ReservationID="B1C9E084C6DD4FF7B34D802D952624E7",DSRToken="eyJ0eXAiOiJKV1QiLCJhbGciOiJIUzUxMiJ9.eyJqdGkiOiIwOGE3ZWJhMzdmYTY0MTk0OWIwMDkxYzUxMjdhNjMxYiIsImlzcyI6IlBzeU5ldCIsInBsYXllcl9pZCI6IkVwaWN8ODgxOGI0ZGJhNzlhNDNkMThiOTg2ZjQ2ZTRkMDAzOTJ8MCIsInNlcnZlcl9uYW1lIjoiRVUxLTAxRkE3QjUyODZCQTRBNUIzLUh5cGVyYm9saWMzIiwiaWF0IjoxNzc1MDM4NjMzLCJuYmYiOjE3NzUwMzg2MzMsImV4cCI6MTc3NTA1MzAzM30.E7I4Ly2_Eka4jwULUoVDBwb-S-nubi3wdUSFH6e1qVbXr34H3RFic2XnkNfWynd-ydRoZgDfODcqP9CxCG0jSw",JoinName="ZE86RRTIN9GRWWR2",JoinPassword="1H9Y1IBK6IPA0SRQ"))
[3177.43] JoinGame: StartJoin Reservation=((ServerName="EU1-01FA7B5286BA4A5B3-Hyperbolic3",Playlist=11,Region="EU",ReservationID="B1C9E084C6DD4FF7B34D802D952624E7",DSRToken="eyJ0eXAiOiJKV1QiLCJhbGciOiJIUzUxMiJ9.eyJqdGkiOiIwOGE3ZWJhMzdmYTY0MTk0OWIwMDkxYzUxMjdhNjMxYiIsImlzcyI6IlBzeU5ldCIsInBsYXllcl9pZCI6IkVwaWN8ODgxOGI0ZGJhNzlhNDNkMThiOTg2ZjQ2ZTRkMDAzOTJ8MCIsInNlcnZlcl9uYW1lIjoiRVUxLTAxRkE3QjUyODZCQTRBNUIzLUh5cGVyYm9saWMzIiwiaWF0IjoxNzc1MDM4NjMzLCJuYmYiOjE3NzUwMzg2MzMsImV4cCI6MTc3NTA1MzAzM30.E7I4Ly2_Eka4jwULUoVDBwb-S-nubi3wdUSFH6e1qVbXr34H3RFic2XnkNfWynd-ydRoZgDfODcqP9CxCG0jSw",JoinName="ZE86RRTIN9GRWWR2",JoinPassword="1H9Y1IBK6IPA0SRQ")) JoinSettings=((PlaylistId=11,Password="1H9Y1IBK6IPA0SRQ"))
[3177.43] JoinGame: GotoJoinGameState OnlineGameJoinGame_TA -> VerifyPrivileges
[3177.43] Online: TryToPlayOnline ControllerID=(-1)
[3177.43] PsyNet: PsyNetServiceProvider_X_1 ExecuteService Complete, Service=DSR/ClientMessage 
[3177.43] Online: HandlePrivilegeCheckFinished PrivilegeCheck.bHasRestriction=(False)
[3177.43] JoinGame: GotoJoinGameState VerifyPrivileges -> ReservingServerForMatchmaking
[3177.43] PsyNetBeaconDetail_X: PsyNetBeacon_X_0 SendMessageToServer Message=(AddReservationMessagePublic_X_10)
[3177.84] PsyNet: PsyNetChannel_X_0 party:2uuPQ5vF receive message MessageID=230
[3177.84] PsyNet: PsyNetChannel_X_0 party:2uuPQ5vF executing MessageID=230
[3177.84] Party: HandleLobbyReceiveBinaryData LobbyUID=PsyNet-2uuPQ5vF MemberIndex=0 PlayerUID=PS4|785668489479049324|0 Message=PartyMessage_SearchStatus_X
[3177.84] Party: HandleSearchStatus StatusMessage.SearchState=(Joining) StatusMessage.bIsSearching=(True)
[3177.85] PsyNet: PsyNetServiceProvider_X_1 ExecuteService Complete, Service=Party/System 
[3177.96] PsyNetBeaconDetail_X: PsyNetBeacon_X_0 ClientHandleMessage Message.MessageType=(ReservationsWaitingMessage_X) Message.ReservationID=(B1C9E084C6DD4FF7B34D802D952624E7)
[3177.96] JoinGame: Waiting for more players to add reservations
[3177.96] Party: HandleServerReserved (Reservation=(ServerName="EU1-01FA7B5286BA4A5B3-Hyperbolic3",Playlist=11,Region="EU",ReservationID="B1C9E084C6DD4FF7B34D802D952624E7",DSRToken="eyJ0eXAiOiJKV1QiLCJhbGciOiJIUzUxMiJ9.eyJqdGkiOiIwOGE3ZWJhMzdmYTY0MTk0OWIwMDkxYzUxMjdhNjMxYiIsImlzcyI6IlBzeU5ldCIsInBsYXllcl9pZCI6IkVwaWN8ODgxOGI0ZGJhNzlhNDNkMThiOTg2ZjQ2ZTRkMDAzOTJ8MCIsInNlcnZlcl9uYW1lIjoiRVUxLTAxRkE3QjUyODZCQTRBNUIzLUh5cGVyYm9saWMzIiwiaWF0IjoxNzc1MDM4NjMzLCJuYmYiOjE3NzUwMzg2MzMsImV4cCI6MTc3NTA1MzAzM30.E7I4Ly2_Eka4jwULUoVDBwb-S-nubi3wdUSFH6e1qVbXr34H3RFic2XnkNfWynd-ydRoZgDfODcqP9CxCG0jSw",JoinName="ZE86RRTIN9GRWWR2",JoinPassword="1H9Y1IBK6IPA0SRQ"),JoinCredentials="ZE86RRTIN9GRWWR2:1H9Y1IBK6IPA0SRQ")
[3177.97] PsyNet: PsyNetServiceProvider_X_1 ExecuteService Complete, Service=DSR/ClientMessage 
[3178.19] PsyNet: PsyNetChannel_X_0 party:2uuPQ5vF receive message MessageID=231
[3178.19] PsyNet: PsyNetChannel_X_0 party:2uuPQ5vF executing MessageID=231
[3178.19] Party: HandleLobbyReceiveBinaryData LobbyUID=PsyNet-2uuPQ5vF MemberIndex=0 PlayerUID=PS4|785668489479049324|0 Message=PartyMessage_JoinGame_X
[3178.19] Party: HandlePartyJoinGame MatchSettings=((ServerName="EU1-01FA7B5286BA4A5B3-Hyperbolic3",PlaylistId=11,CustomPassword="1H9Y1IBK6IPA0SRQ",ReservationID="B1C9E084C6DD4FF7B34D802D952624E7",JoinName="ZE86RRTIN9GRWWR2",JoinPassword="1H9Y1IBK6IPA0SRQ"))
[3178.20] PsyNet: PsyNetServiceProvider_X_1 ExecuteService Complete, Service=Party/System 
[3179.98] PsyNetBeaconDetail_X: PsyNetBeacon_X_0 ClientHandleMessage Message.MessageType=(ReservationsReadyMessage_X) Message.ReservationID=(B1C9E084C6DD4FF7B34D802D952624E7)
[3179.98] Party: HandleServerReserved (Reservation=(ServerName="EU1-01FA7B5286BA4A5B3-Hyperbolic3",Playlist=11,Region="EU",ReservationID="B1C9E084C6DD4FF7B34D802D952624E7",DSRToken="eyJ0eXAiOiJKV1QiLCJhbGciOiJIUzUxMiJ9.eyJqdGkiOiIwOGE3ZWJhMzdmYTY0MTk0OWIwMDkxYzUxMjdhNjMxYiIsImlzcyI6IlBzeU5ldCIsInBsYXllcl9pZCI6IkVwaWN8ODgxOGI0ZGJhNzlhNDNkMThiOTg2ZjQ2ZTRkMDAzOTJ8MCIsInNlcnZlcl9uYW1lIjoiRVUxLTAxRkE3QjUyODZCQTRBNUIzLUh5cGVyYm9saWMzIiwiaWF0IjoxNzc1MDM4NjMzLCJuYmYiOjE3NzUwMzg2MzMsImV4cCI6MTc3NTA1MzAzM30.E7I4Ly2_Eka4jwULUoVDBwb-S-nubi3wdUSFH6e1qVbXr34H3RFic2XnkNfWynd-ydRoZgDfODcqP9CxCG0jSw",JoinName="ZE86RRTIN9GRWWR2",JoinPassword="1H9Y1IBK6IPA0SRQ"),PingURL="13.50.35.168:7767",GameURL="13.50.35.168:7766",JoinCredentials="ZE86RRTIN9GRWWR2:1H9Y1IBK6IPA0SRQ")
[3179.98] JoinGame: GotoJoinGameState ReservingServerForMatchmaking -> JoinCountdown
[3179.98] PsyNetBeaconDetail_X: PsyNetBeacon_X_0 SendMessageToServer Message=(PingMessage_X_32)
[3179.98] PsyNet: PsyNetServiceProvider_X_1 ExecuteService Complete, Service=DSR/ClientMessage 
[3180.31] PsyNet: PsyNetChannel_X_0 party:2uuPQ5vF receive message MessageID=232
[3180.31] PsyNet: PsyNetChannel_X_0 party:2uuPQ5vF executing MessageID=232
[3180.31] Party: HandleLobbyReceiveBinaryData LobbyUID=PsyNet-2uuPQ5vF MemberIndex=0 PlayerUID=PS4|785668489479049324|0 Message=PartyMessage_JoinGame_X
[3180.31] Party: HandlePartyJoinGame MatchSettings=((ServerName="EU1-01FA7B5286BA4A5B3-Hyperbolic3",PlaylistId=11,CustomPassword="1H9Y1IBK6IPA0SRQ",ReservationID="B1C9E084C6DD4FF7B34D802D952624E7",JoinName="ZE86RRTIN9GRWWR2",JoinPassword="1H9Y1IBK6IPA0SRQ"))
[3180.32] PsyNet: PsyNetServiceProvider_X_1 ExecuteService Complete, Service=Party/System 
[3180.32] PsyNetBeaconDetail_X: PsyNetBeacon_X_0 ClientHandleMessage Message.MessageType=(PingMessage_X) Message.ReservationID=(B1C9E084C6DD4FF7B34D802D952624E7)
[3180.33] PsyNet: PsyNetServiceProvider_X_1 ExecuteService Complete, Service=DSR/ClientMessage 
[3182.98] JoinGame: GotoJoinGameState JoinCountdown -> OpeningLoadingScreen
[3182.98] RankedReconnect: OnlineGameJoinGame_TA_0::OpeningLoadingScreen.BeginState()
[3182.98] RankedReconnect: LocalPlayer_TA_0.UpdateRankedReconnect() RankedTeamDoubles True 4 False
[3182.98] RankedReconnect: RankedReconnectSave_TA_0.SetRankedReconnect() Server=((Reservation=(ServerName="EU1-01FA7B5286BA4A5B3-Hyperbolic3",Playlist=11,Region="EU",ReservationID="B1C9E084C6DD4FF7B34D802D952624E7",DSRToken="eyJ0eXAiOiJKV1QiLCJhbGciOiJIUzUxMiJ9.eyJqdGkiOiIwOGE3ZWJhMzdmYTY0MTk0OWIwMDkxYzUxMjdhNjMxYiIsImlzcyI6IlBzeU5ldCIsInBsYXllcl9pZCI6IkVwaWN8ODgxOGI0ZGJhNzlhNDNkMThiOTg2ZjQ2ZTRkMDAzOTJ8MCIsInNlcnZlcl9uYW1lIjoiRVUxLTAxRkE3QjUyODZCQTRBNUIzLUh5cGVyYm9saWMzIiwiaWF0IjoxNzc1MDM4NjMzLCJuYmYiOjE3NzUwMzg2MzMsImV4cCI6MTc3NTA1MzAzM30.E7I4Ly2_Eka4jwULUoVDBwb-S-nubi3wdUSFH6e1qVbXr34H3RFic2XnkNfWynd-ydRoZgDfODcqP9CxCG0jSw",JoinName="ZE86RRTIN9GRWWR2",JoinPassword="1H9Y1IBK6IPA0SRQ"),PingURL="13.50.35.168:7767",GameURL="13.50.35.168:7766",JoinCredentials="ZE86RRTIN9GRWWR2:1H9Y1IBK6IPA0SRQ")) EpochNow=(1775038639)
[3182.98] DevNet: Browse: JoinGameTransition?Name=%e6%bc%a2+%e9%be%8d+%e7%8e%8b+%e7%a5%9e+%e9%97%87%e6%bc%a2+%e9%be%8d+%e7%8e%8b+%e7%a5%9e?game=TAGame.GameInfo_Transition_TA
[3183.04] Log: FSaveDataExportTask(0) wrote 1064368 bytes to memory
[3183.04] Log: SaveGameDataAsync game thread time: 8 ms
[3183.04] Log: LoadMap: JoinGameTransition?Name=%e6%bc%a2+%e9%be%8d+%e7%8e%8b+%e7%a5%9e+%e9%97%87%e6%bc%a2+%e9%be%8d+%e7%8e%8b+%e7%a5%9e?game=TAGame.GameInfo_Transition_TA
[3183.04] Spawn: TextChatActor_TA_26 Destroyed
[3183.04] EOSGameClips: ShutDown : Shutting down EOSGameClipsController_TA. Self=(EOSGameClipsController_TA_12) PlayerOwner?.GetUniqueNetId()=(Epic|8818b4dba79a43d18b986f46e4d00392|0)
[3183.04] Spawn: TextChatActor_TA_27 Destroyed
[3183.04] Spawn: TextChatActor_TA_28 Destroyed
[3183.04] Spawn: TextChatActor_TA_29 Destroyed
[3183.04] Spawn: TextChatActor_TA_30 Destroyed
[3183.06] Log: Deleting old save file ..\..\TAGame\SaveDataEpic\DBE_Production\8818b4dba79a43d18b986f46e4d00392.save
[3183.06] Log: SaveDataExport(0): Finished - File:[..\..\TAGame\SaveDataEpic\DBE_Production\8818b4dba79a43d18b986f46e4d00392_2.save] Result:[1]
[3183.06] DevOnline: PsyNet Flush Start TimeoutSeconds=0.250000
[3183.26] DevOnline: PsyNet Flush End
[3183.28] NetComeGo: Close TcpipConnection_6 18.133.163.129:7768 01/04/2026 11:17:22 'Control channel cleanup'
[3183.28] NetComeGo: TcpipConnection_6 Control channel closed, reason=Control channel cleanup
[3183.29] Exit: TcpNetDriver_6 shut down
[3183.30] Log: Fully load package: ..\..\TAGame\CookedPCConsole\GameInfo_Transition_SF.upk
[3183.30] Log: Game class is 'GameInfo_Transition_TA'
[3183.31] Log: Bringing World JoinGameTransition.TheWorld up for play (0) at 2026.04.01-11.17.22
[3183.31] Log: Bringing up level for play took: 0.003136
[3183.31] PartyChallenge: UpdateChallengeProgressForCompetitive bChallengesComplete=(True) ChallengeState=(Challenge_Success) bChallengeSync=(True) bChallengesAreValid=(True) bLegacyPlayer=(False) bGuestAccount=(False) Online_X.UniqueNetIDToString(Manager.Outer.PlayerID)=(Epic|8818b4dba79a43d18b986f46e4d00392|0) Complete
[3183.31] PartyChallenge: InitializeCompetitiveChallenges bGuestAccount=(False) bCompletedChallengesForCompetitive=(True) bLegacyPlayer=(False) Online_X.UniqueNetIDToString(OnlinePlayer.PlayerID)=(Epic|8818b4dba79a43d18b986f46e4d00392|0)
[3183.31] JoinGame: GotoJoinGameState OpeningLoadingScreen -> JoiningNewServer
[3183.31] DevNet: SetProgress, MessageType=1, Title=, Message=Connecting...
[3183.31] Log: ########### Finished loading level: 0.265934 seconds
[3183.31] SettingsExport: CreateSnapshot Metadata {"userId":"Epic|8818b4dba79a43d18b986f46e4d00392|0","platformKey":"Epic","schemaVersion":0,"clientVersion":1532151,"timestampUtc":1775038640,"settingsVersion":7988,"checksum":-673216904 Payload Size  97007
[3183.31] SettingsExport: Payload changed. Notifying new Checksum: -673216904
[3183.31] SettingsExport: Local settings updated, uploading data
[3183.31] DevNet: Browse: 13.50.35.168:7766/MENU_Main_p?Name=%e6%bc%a2+%e9%be%8d+%e7%8e%8b+%e7%a5%9e+%e9%97%87%e6%bc%a2+%e9%be%8d+%e7%8e%8b+%e7%a5%9e
[3183.31] DevNet: Game client on port 7766, rate 15000
[3183.31] NetComeGo: SEND first packet Length=80 CRC=-1628093377
[3183.36] NetComeGo: TcpipConnection_7 RECV first packet IP=13.50.35.168:7766 Length=15 CRC=-703921023 HandshakeStatus=0 bUseSessionUID=1 InSessionUID=(0 0 0) SessionUID=(0 0 0)
[3183.36] NetComeGo: Client set SessionUID to: 209 151 73
[3183.49] PsyNet: PsyNetChannel_X_0 party:2uuPQ5vF receive message MessageID=233
[3183.49] PsyNet: PsyNetChannel_X_0 party:2uuPQ5vF executing MessageID=233
[3183.50] PsyNet: PsyNetServiceProvider_X_1 ExecuteService Complete, Service=Party/System 
[3183.51] DevNet: Welcomed by server (Level: cs_day_p, Game: TAGame.GameInfo_Soccar_TA, GameTags: )
[3183.52] Log: FSaveDataExportTask(0) wrote 1064368 bytes to memory
[3183.52] Log: SaveGameDataAsync game thread time: 8 ms
[3183.54] Log: Deleting old save file ..\..\TAGame\SaveDataEpic\DBE_Production\8818b4dba79a43d18b986f46e4d00392_1.save
[3183.54] Log: SaveDataExport(0): Finished - File:[..\..\TAGame\SaveDataEpic\DBE_Production\8818b4dba79a43d18b986f46e4d00392.save] Result:[1]
[3183.56] Log: Flushing async loaders.
[3183.56] Log: Flushed async loaders.
[3183.56] Log: LoadMap: 13.50.35.168:7766/cs_day_p?Name=%e6%bc%a2+%e9%be%8d+%e7%8e%8b+%e7%a5%9e+%e9%97%87%e6%bc%a2+%e9%be%8d+%e7%8e%8b+%e7%a5%9e?game=TAGame.GameInfo_Soccar_TA
[3183.57] DevOnline: PsyNet Flush Start TimeoutSeconds=0.250000
[3183.76] DevOnline: PsyNet Flush End
[3183.76] Log: Fully load package: ..\..\TAGame\CookedPCConsole\GameInfo_Soccar_SF.upk
[3183.81] Log: Fully load package: ..\..\TAGame\CookedPCConsole\GFxSounds_XP_SF.upk
[3183.81] Log: Fully load package: ..\..\TAGame\CookedPCConsole\GFx_XPProgressMenu_SF.upk
[3183.83] Log: Fully load package: ..\..\TAGame\CookedPCConsole\GFX_EndGameMenu_SF.upk
[3183.87] Log: Fully load package: ..\..\TAGame\CookedPCConsole\GFX_WinnerMenu_SF.upk
[3183.89] Log: Fully load package: ..\..\TAGame\CookedPCConsole\GFX_MidGameScoreboard_SF.upk
[3183.90] Log: Fully load package: ..\..\TAGame\CookedPCConsole\GFX_MidGameMenu_SF.upk
[3183.91] Log: Fully load package: ..\..\TAGame\CookedPCConsole\GFX_HudMatchInfo_SF.upk
[3183.92] Log: Fully load package: ..\..\TAGame\CookedPCConsole\GFX_Hud_SF.upk
[3184.30] Log: Bringing World cs_day_p.TheWorld up for play (0) at 2026.04.01-11.17.23
[3184.31] Log: Bringing up level for play took: 0.046813
[3184.44] RootMenu: [GFx] UIShellInstance - setting the shell instance
[3184.46] PartyChallenge: UpdateChallengeProgressForCompetitive bChallengesComplete=(True) ChallengeState=(Challenge_Success) bChallengeSync=(True) bChallengesAreValid=(True) bLegacyPlayer=(False) bGuestAccount=(False) Online_X.UniqueNetIDToString(Manager.Outer.PlayerID)=(Epic|8818b4dba79a43d18b986f46e4d00392|0) Complete
[3184.46] PartyChallenge: InitializeCompetitiveChallenges bGuestAccount=(False) bCompletedChallengesForCompetitive=(True) bLegacyPlayer=(False) Online_X.UniqueNetIDToString(OnlinePlayer.PlayerID)=(Epic|8818b4dba79a43d18b986f46e4d00392|0)
[3184.46] JoinGame: OnJoinGameComplete bSuccess=(True) FailReason=()
[3184.46] JoinGame: GotoJoinGameState JoiningNewServer -> None
[3184.46] PsyNetBeaconDetail_X: PsyNetBeacon_X_0 Close
[3184.46] PsyNetBeaconDetail_X: PsyNetBeacon_X_0 CloseConnection Connection.ConnectionID=(eyJ0eXAiOiJKV1QiLCJhbGciOiJIUzUxMiJ9.eyJqdGkiOiIwOGE3ZWJhMzdmYTY0MTk0OWIwMDkxYzUxMjdhNjMxYiIsImlzcyI6IlBzeU5ldCIsInBsYXllcl9pZCI6IkVwaWN8ODgxOGI0ZGJhNzlhNDNkMThiOTg2ZjQ2ZTRkMDAzOTJ8MCIsInNlcnZlcl9uYW1lIjoiRVUxLTAxRkE3QjUyODZCQTRBNUIzLUh5cGVyYm9saWMzIiwiaWF0IjoxNzc1MDM4NjMzLCJuYmYiOjE3NzUwMzg2MzMsImV4cCI6MTc3NTA1MzAzM30.E7I4Ly2_Eka4jwULUoVDBwb-S-nubi3wdUSFH6e1qVbXr34H3RFic2XnkNfWynd-ydRoZgDfODcqP9CxCG0jSw)
[3184.46] Spawn: TextChatActor_TA_31 OnOwnerChanged PlayerController_TA_13
[3184.46] EOSGameClips: Construct Constructed EOSGameClipsController_TA. Self=(EOSGameClipsController_TA_13)
[3184.46] Log: ########### Finished loading level: 0.897284 seconds
[3184.46] MusicPlayer: HandleTrackEnd CurrentTrackPlayingID=(0) PlayingID=(62424)
[3184.46] MusicPlayer: HandleTrackEnd CurrentTrackPlayingID=(0) PlayingID=(62424)
[3184.46] SettingsExport: Settings content not changed. Will not update the Settings Online
[3184.46] PsyNet: PsyNetChannel_X_0 party:2uuPQ5vF receive message MessageID=234
[3184.46] PsyNet: PsyNetChannel_X_0 party:2uuPQ5vF executing MessageID=234
[3184.46] Party: HandleLobbyReceiveBinaryData LobbyUID=PsyNet-2uuPQ5vF MemberIndex=0 PlayerUID=PS4|785668489479049324|0 Message=PartyMessage_PartyMemberJoinGame_X
[3184.71] PsyNet: PsyNetServiceProvider_X_1 ExecuteService Complete, Service=Party/System 
[3184.71] EOSGameClips: ShutDown : Shutting down EOSGameClipsController_TA. Self=(EOSGameClipsController_TA_13) PlayerOwner?.GetUniqueNetId()=(Epic|8818b4dba79a43d18b986f46e4d00392|0)
[3184.71] PartyChallenge: UpdateChallengeProgressForCompetitive bChallengesComplete=(True) ChallengeState=(Challenge_Success) bChallengeSync=(True) bChallengesAreValid=(True) bLegacyPlayer=(False) bGuestAccount=(False) Online_X.UniqueNetIDToString(Manager.Outer.PlayerID)=(Epic|8818b4dba79a43d18b986f46e4d00392|0) Complete
[3184.71] PartyChallenge: InitializeCompetitiveChallenges bGuestAccount=(False) bCompletedChallengesForCompetitive=(True) bLegacyPlayer=(False) Online_X.UniqueNetIDToString(OnlinePlayer.PlayerID)=(Epic|8818b4dba79a43d18b986f46e4d00392|0)
[3184.71] EOSGameClips: Construct Constructed EOSGameClipsController_TA. Self=(EOSGameClipsController_TA_14)
[3184.71] ScriptLog: Client InputRate=60
[3184.71] DevNet: PlayerController_TA_14 setplayer LocalPlayer_TA_0
[3184.71] PsyNetStaticData: UpdateCacheTimerEnabled CacheTimer.bEnabled=(False)
[3184.71] MatchBroadcast: Init bBroadcastMatch=(False) MatchLog=(None)
[3184.73] ScriptLog: Uncached PlatformId for Epic|8818b4dba79a43d18b986f46e4d00392|0
[3184.74] ScriptLog: MatchGUID: F3FAE72811F12DB39BD8FB94B6670E51
[3184.74] Spawn: TextChatActor_TA_32 OnOwnerChanged PlayerController_TA_14
[3184.78] RootMenu: [GFx] UIShellInstance - setting the shell instance
[3184.81] Eula: RequiresAcceptance? EulaConfig?.bRequiresAcceptance=(True) GetUISave()?.Contains('bAcceptedOfflineEULA')=(True) Eula.SyncState=(LSS_Accepted)
[3184.81] Party: BroadcastMatchmakingAvailabilityDelayed PartyMemberID:'Epic|8818b4dba79a43d18b986f46e4d00392|0' MatchmakeRestrictions=(0)
[3184.81] Party: SetAvailableForMatchmakingForMember PartyMemberID:'Epic|8818b4dba79a43d18b986f46e4d00392|0' MatchmakeRestrictions=(0)
[3184.84] LTM: SettingsType=(CustomMatchSettingsType_PrivateMatch)
[3184.89] PsyNet: PsyNetChannel_X_0 party:2uuPQ5vF receive message MessageID=235
[3184.89] PsyNet: PsyNetChannel_X_0 party:2uuPQ5vF executing MessageID=235
[3184.90] PsyNet: PsyNetServiceProvider_X_1 ExecuteService Complete, Service=Party/System 
[3185.06] ScriptLog: Uncached PlatformId for Epic|13d8cc194134465fadcf841ae1eaaeb5|0
[3185.55] PsyNet: PsyNetChannel_X_0 party:2uuPQ5vF receive message MessageID=236
[3185.55] PsyNet: PsyNetChannel_X_0 party:2uuPQ5vF executing MessageID=236
[3185.56] PsyNet: PsyNetServiceProvider_X_1 ExecuteService Complete, Service=Party/System 
[3185.62] DevOnline: EOSSDK-LogEOSRTC: TickTracker Tick is delayed. TimePeriod=[10.000920s]  TickIntervalThreshold=[0.100000s] MaxTickInterval=[0.346995s] MaxExecutionTime=[0.000051s] TicksCount=[988] ExpectedTicksCount=[1000]
[3186.34] EOSVoice: Received full credentials from the server.
[3186.35] PsyNet: PsyNetServiceProvider_X_1 ExecuteService Complete, Service=VoiceChat/MatchToken 
[3187.12] PsyNet: PsyNetChannel_X_0 party:2uuPQ5vF receive message MessageID=237
[3187.12] PsyNet: PsyNetChannel_X_0 party:2uuPQ5vF executing MessageID=237
[3187.12] Party: HandleLobbyReceiveBinaryData LobbyUID=PsyNet-2uuPQ5vF MemberIndex=0 PlayerUID=PS4|785668489479049324|0 Message=PartyMessage_PartyMemberJoinGame_X
[3187.13] PsyNet: PsyNetServiceProvider_X_1 ExecuteService Complete, Service=Party/System 
[3187.64] PsyNet: PsyNetChannel_X_0 party:2uuPQ5vF receive message MessageID=238
[3187.64] PsyNet: PsyNetChannel_X_0 party:2uuPQ5vF executing MessageID=238
[3187.64] Party: HandleLobbyReceiveBinaryData LobbyUID=PsyNet-2uuPQ5vF MemberIndex=0 PlayerUID=PS4|785668489479049324|0 Message=PartyMessage_SearchStatus_X
[3187.64] Party: HandleSearchStatus StatusMessage.SearchState=(OnlineGameMatchmaking_X) StatusMessage.bIsSearching=(False)
[3187.64] PsyNet: PsyNetServiceProvider_X_1 ExecuteService Complete, Service=Party/System 
[3187.65] PsyNet: PsyNetChannel_X_0 party:2uuPQ5vF receive message MessageID=239
[3187.65] PsyNet: PsyNetChannel_X_0 party:2uuPQ5vF executing MessageID=239
[3187.65] Party: HandleLobbyReceiveBinaryData LobbyUID=PsyNet-2uuPQ5vF MemberIndex=0 PlayerUID=PS4|785668489479049324|0 Message=PartyMessage_MatchmakingAvailability_X
[3187.65] Party: SetAvailableForMatchmakingForMember PartyMemberID:'PS4|785668489479049324|0' MatchmakeRestrictions=(0)
[3187.66] PsyNet: PsyNetServiceProvider_X_1 ExecuteService Complete, Service=Party/System 
[3189.08] PsyNet: PsyNetChannel_X_0 party:2uuPQ5vF receive message MessageID=240
[3189.08] PsyNet: PsyNetChannel_X_0 party:2uuPQ5vF executing MessageID=240
[3189.08] Party: HandleLobbyReceiveBinaryData LobbyUID=PsyNet-2uuPQ5vF MemberIndex=0 PlayerUID=PS4|785668489479049324|0 Message=PartyMessage_CurrentVoiceRoom_TA
[3189.08] PsyNet: PsyNetServiceProvider_X_1 ExecuteService Complete, Service=Party/System 
[3195.80] EOSGameClips: EOSGameClips: Starting background recording: API Version 2, Clip Duration 30
[3195.80] DevOnline: EOSSDK-LogEOSGameClips: Starting recording up to 30 seconds.
[3195.81] EOSGameClips: EOSGameClips: Recording changed from NotRecording to Recording.
[3197.43] PsyNet: PsyNetChannel_X_0 party:2uuPQ5vF receive message MessageID=241
[3197.43] PsyNet: PsyNetChannel_X_0 party:2uuPQ5vF executing MessageID=241
[3197.43] Party: HandleLobbyReceiveBinaryData LobbyUID=PsyNet-2uuPQ5vF MemberIndex=0 PlayerUID=PS4|785668489479049324|0 Message=PartyMessage_CurrentVoiceRoom_TA
[3197.44] PsyNet: PsyNetServiceProvider_X_1 ExecuteService Complete, Service=Party/System 
[3197.50] EOSVoice: Recording started for room: VRT_Party
[3197.80] PsyNet: PsyNetChannel_X_0 party:2uuPQ5vF receive message MessageID=242
[3197.80] PsyNet: PsyNetChannel_X_0 party:2uuPQ5vF executing MessageID=242
[3197.80] Party: HandleLobbyReceiveBinaryData LobbyUID=PsyNet-2uuPQ5vF MemberIndex=0 PlayerUID=PS4|785668489479049324|0 Message=PartyMessage_CurrentVoiceRoom_TA
[3197.80] PsyNet: PsyNetServiceProvider_X_1 ExecuteService Complete, Service=Party/System 
[3199.83] EOSGameClips: EOSGameClips: Starting background recording: API Version 2, Clip Duration 30
[3205.49] DevOnline: WebRequest_X_104 SEND: https://datarouter.ol.epicgames.com/datarouter/api/v1/public/data?AppID=RocketLeague.Release&AppVersion=1210528741&AppEnvironment=Prod&UploadType=eteventstream&UserID=|8818b4dba79a43d18b986f46e4d00392|||Epic|8818b4dba79a43d18b986f46e4d00392|0&SessionID=7ED88ADF457E5D0E09C349A06FC64359
[3205.60] DevOnline: WebRequest_X_104 RECV: 204 
[3265.48] DevOnline: WebRequest_X_105 SEND: https://datarouter.ol.epicgames.com/datarouter/api/v1/public/data?AppID=RocketLeague.Release&AppVersion=1210528741&AppEnvironment=Prod&UploadType=eteventstream&UserID=|8818b4dba79a43d18b986f46e4d00392|||Epic|8818b4dba79a43d18b986f46e4d00392|0&SessionID=7ED88ADF457E5D0E09C349A06FC64359
[3265.60] DevOnline: WebRequest_X_105 RECV: 204 
[3304.69] EOSGameClips: EOSGameClips: Starting background recording: API Version 2, Clip Duration 30
[3307.26] EOSGameClips: EOSGameClips: Currently recording: true
[3308.24] EOSGameClips: EOSGameClips: Starting background recording: API Version 2, Clip Duration 30
[3316.45] EOSGameClips: EOSGameClips: Starting background recording: API Version 2, Clip Duration 30
[3320.46] EOSGameClips: EOSGameClips: Starting background recording: API Version 2, Clip Duration 30
[3325.47] DevOnline: WebRequest_X_106 SEND: https://datarouter.ol.epicgames.com/datarouter/api/v1/public/data?AppID=RocketLeague.Release&AppVersion=1210528741&AppEnvironment=Prod&UploadType=eteventstream&UserID=|8818b4dba79a43d18b986f46e4d00392|||Epic|8818b4dba79a43d18b986f46e4d00392|0&SessionID=7ED88ADF457E5D0E09C349A06FC64359
[3325.59] DevOnline: WebRequest_X_106 RECV: 204 
[3345.21] EOSGameClips: EOSGameClips: Starting background recording: API Version 2, Clip Duration 30
[3347.77] EOSGameClips: EOSGameClips: Currently recording: true
[3348.76] EOSGameClips: EOSGameClips: Starting background recording: API Version 2, Clip Duration 30
[3355.31] EOSGameClips: EOSGameClips: Starting background recording: API Version 2, Clip Duration 30
[3359.32] EOSGameClips: EOSGameClips: Starting background recording: API Version 2, Clip Duration 30
[3385.47] DevOnline: WebRequest_X_107 SEND: https://datarouter.ol.epicgames.com/datarouter/api/v1/public/data?AppID=RocketLeague.Release&AppVersion=1210528741&AppEnvironment=Prod&UploadType=eteventstream&UserID=|8818b4dba79a43d18b986f46e4d00392|||Epic|8818b4dba79a43d18b986f46e4d00392|0&SessionID=7ED88ADF457E5D0E09C349A06FC64359
[3385.58] DevOnline: WebRequest_X_107 RECV: 204 
[3418.14] EOSGameClips: EOSGameClips: Currently recording: true
[3432.55] EOSGameClips: EOSGameClips: Starting background recording: API Version 2, Clip Duration 30
[3435.12] EOSGameClips: EOSGameClips: Currently recording: true
[3436.10] EOSGameClips: EOSGameClips: Starting background recording: API Version 2, Clip Duration 30
[3442.37] EOSGameClips: EOSGameClips: Starting background recording: API Version 2, Clip Duration 30
[3445.46] DevOnline: WebRequest_X_108 SEND: https://datarouter.ol.epicgames.com/datarouter/api/v1/public/data?AppID=RocketLeague.Release&AppVersion=1210528741&AppEnvironment=Prod&UploadType=eteventstream&UserID=|8818b4dba79a43d18b986f46e4d00392|||Epic|8818b4dba79a43d18b986f46e4d00392|0&SessionID=7ED88ADF457E5D0E09C349A06FC64359
[3445.58] DevOnline: WebRequest_X_108 RECV: 204 
[3446.39] EOSGameClips: EOSGameClips: Starting background recording: API Version 2, Clip Duration 30
[3477.93] EOSGameClips: EOSGameClips: Starting background recording: API Version 2, Clip Duration 30
[3480.48] EOSGameClips: EOSGameClips: Currently recording: true
[3481.47] EOSGameClips: EOSGameClips: Starting background recording: API Version 2, Clip Duration 30
[3486.74] XPProgression: GFxHUD_TA.HandleGameStateChanged Current player match score = 425, UniqueId=(Epic|8818b4dba79a43d18b986f46e4d00392|0), with total match time = 225.7889 seconds, with total net time = 225.7889seconds
[3486.74] Party: Ranked Game Finished, Clear party member server
[3486.74] RankedReconnect: RankedReconnectSave_TA_0.ClearRankedReconnect()
[3486.97] PartyChallenge: UpdateChallengeProgressForCompetitive bChallengesComplete=(True) ChallengeState=(Challenge_Success) bChallengeSync=(True) bChallengesAreValid=(True) bLegacyPlayer=(False) bGuestAccount=(False) Online_X.UniqueNetIDToString(Manager.Outer.PlayerID)=(Epic|8818b4dba79a43d18b986f46e4d00392|0) Complete
[3486.97] PsyNet: PsyNetServiceProvider_X_1 ExecuteService Complete, Service=Challenges/PlayerProgress 
[3487.00] PartyChallenge: UpdateChallengeProgressForCompetitive bChallengesComplete=(True) ChallengeState=(Challenge_Success) bChallengeSync=(True) bChallengesAreValid=(True) bLegacyPlayer=(False) bGuestAccount=(False) Online_X.UniqueNetIDToString(Manager.Outer.PlayerID)=(Epic|8818b4dba79a43d18b986f46e4d00392|0) Complete
[3487.01] PsyNet: PsyNetServiceProvider_X_1 ExecuteService Complete, Service=Challenges/PlayerProgress 
[3487.02] XPProgression: SaveData_TA.HandleRewardDropNotification PsyNetService_RewardDropReceived_TA returned Total XP Earned = 1774.0000, in match with ID = F3FAE72811F12DB39BD8FB94B6670E51 , Current player match score = 425, UniqueId=(Epic|8818b4dba79a43d18b986f46e4d00392|0), with total match time = 225.7889 seconds, with total net time = 225.7889seconds
[3487.03] PsyNet: PsyNetServiceProvider_X_1 ExecuteService Complete, Service=Reward/RewardResult 
[3487.29] DevOnline: PlayerDataStorage_WriteFile: Beginning to upload file. User=(8818b4dba79a43d18b986f46e4d00392) FileName=(RLSaveData)
[3487.44] PsyNet: PsyNetChannel_X_0 party:2uuPQ5vF receive message MessageID=243
[3487.44] PsyNet: PsyNetChannel_X_0 party:2uuPQ5vF executing MessageID=243
[3487.44] Party: HandleLobbyReceiveBinaryData LobbyUID=PsyNet-2uuPQ5vF MemberIndex=0 PlayerUID=PS4|785668489479049324|0 Message=PartyMessage_XPLevelUpdate_TA
[3487.44] PartyChallenge: UpdateXPLevelForPlayer InPlayerId=(PS4|785668489479049324|0) InXPLevel=(1065)
[3487.45] PsyNet: PsyNetServiceProvider_X_1 ExecuteService Complete, Service=Party/System 
[3487.73] EOSGameClips: EOSGameClips: Starting background recording: API Version 2, Clip Duration 30
[3488.92] DevOnline: PlayerDataStorage_WriteFile: File upload complete. User=(8818b4dba79a43d18b986f46e4d00392) FileName=(RLSaveData) Success=(1)
[3489.72] ScriptWarning: ScriptWarning, Accessed None 'Car'
	CarComponent_Boost_TA cs_day_p.TheWorld:PersistentLevel.CarComponent_Boost_TA_526
	Function TAGame.CarComponent_Boost_TA:GiveBoost:01A5
Script call stack:
	Function TAGame.CarComponent_Boost_TA:ClientGiveBoost
	Function TAGame.CarComponent_Boost_TA:GiveBoost

[3489.73] XPProgression: GFxHUD_TA.HandleGameStateChanged Current player match score = 425, UniqueId=(Epic|8818b4dba79a43d18b986f46e4d00392|0), with total match time = 225.7889 seconds, with total net time = 225.7889seconds
[3489.73] Party: Ranked Game Finished, Clear party member server
[3489.73] RankedReconnect: RankedReconnectSave_TA_0.ClearRankedReconnect()
[3490.72] EOSGameClips: EOSGameClips: Starting background recording: API Version 2, Clip Duration 30
[3494.73] PsyNetStaticData: HandleCacheExpired
[3494.73] PsyNetStaticData: UpdateCacheTimerEnabled CacheTimer.bEnabled=(True)
[3494.73] XPProgression: GFxHUD_TA.HandleGameStateChanged Current player match score = 425, UniqueId=(Epic|8818b4dba79a43d18b986f46e4d00392|0), with total match time = 225.7889 seconds, with total net time = 225.7889seconds
[3494.73] Party: Ranked Game Finished, Clear party member server
[3494.73] RankedReconnect: RankedReconnectSave_TA_0.ClearRankedReconnect()
[3494.74] DevOnline: WebRequest_X_109 SEND: https://config.psynet.gg/v2/Config/BattleCars/1210528741/Prod/Epic/INT/
[3494.76] Online: TryToPlayOnline ControllerID=(-1)
[3494.76] Online: HandlePrivilegeCheckFinished PrivilegeCheck.bHasRestriction=(False)
[3494.76] Online: HandlePrivilegeCheck PrivilegeCheck.bHasRestriction=(False)
[3494.77] EOSGameClips: EOSGameClips: Recording changed from Recording to NotRecording.
[3494.89] DevOnline: WebRequest_X_109 RECV: 304 
[3494.94] DevOnline: EOSSDK-LogEOSGameClips: Missing encoder drain completed message.
[3494.98] Log: FSaveDataExportTask(0) wrote 1063502 bytes to memory
[3494.98] Log: SaveGameDataAsync game thread time: 8 ms
[3494.99] Log: Deleting old save file ..\..\TAGame\SaveDataEpic\DBE_Production\8818b4dba79a43d18b986f46e4d00392_2.save
[3495.00] Log: SaveDataExport(0): Finished - File:[..\..\TAGame\SaveDataEpic\DBE_Production\8818b4dba79a43d18b986f46e4d00392_1.save] Result:[1]
[3495.00] SettingsExport: CreateSnapshot Metadata {"userId":"Epic|8818b4dba79a43d18b986f46e4d00392|0","platformKey":"Epic","schemaVersion":0,"clientVersion":1532151,"timestampUtc":1775038951,"settingsVersion":7990,"checksum":2121043171 Payload Size  97007
[3495.00] SettingsExport: Payload changed. Notifying new Checksum: 2121043171
[3495.00] SettingsExport: Local settings updated, uploading data
[3501.57] PsyNet: PsyNetChannel_X_0 party:2uuPQ5vF receive message MessageID=244
[3501.57] PsyNet: PsyNetChannel_X_0 party:2uuPQ5vF executing MessageID=244
[3501.57] Party: HandleLobbyReceiveBinaryData LobbyUID=PsyNet-2uuPQ5vF MemberIndex=0 PlayerUID=PS4|785668489479049324|0 Message=PartyMessage_SearchStatus_X
[3501.57] Party: HandleSearchStatus StatusMessage.SearchState=(Searching) StatusMessage.bIsSearching=(True)
[3501.58] PsyNet: PsyNetServiceProvider_X_1 ExecuteService Complete, Service=Party/System 
[3505.46] DevOnline: WebRequest_X_110 SEND: https://datarouter.ol.epicgames.com/datarouter/api/v1/public/data?AppID=RocketLeague.Release&AppVersion=1210528741&AppEnvironment=Prod&UploadType=eteventstream&UserID=|8818b4dba79a43d18b986f46e4d00392|||Epic|8818b4dba79a43d18b986f46e4d00392|0&SessionID=7ED88ADF457E5D0E09C349A06FC64359
[3505.58] DevOnline: WebRequest_X_110 RECV: 204 
[3506.20] PsyNet: PsyNetChannel_X_0 party:2uuPQ5vF receive message MessageID=245
[3506.20] PsyNet: PsyNetChannel_X_0 party:2uuPQ5vF executing MessageID=245
[3506.20] Party: HandleLobbyReceiveBinaryData LobbyUID=PsyNet-2uuPQ5vF MemberIndex=0 PlayerUID=PS4|785668489479049324|0 Message=PartyMessage_PartyMemberJoinGame_X
[3506.20] Party: Ranked Game Finished, Clear party member server
[3506.21] PsyNet: PsyNetServiceProvider_X_1 ExecuteService Complete, Service=Party/System 
[3506.28] PsyNet: PsyNetChannel_X_0 party:2uuPQ5vF receive message MessageID=246
[3506.28] PsyNet: PsyNetChannel_X_0 party:2uuPQ5vF executing MessageID=246
[3506.28] Party: HandleLobbyReceiveBinaryData LobbyUID=PsyNet-2uuPQ5vF MemberIndex=0 PlayerUID=PS4|785668489479049324|0 Message=PartyMessage_MatchmakingAvailability_X
[3506.28] Party: SetAvailableForMatchmakingForMember PartyMemberID:'PS4|785668489479049324|0' MatchmakeRestrictions=(0)
[3506.29] PsyNet: PsyNetServiceProvider_X_1 ExecuteService Complete, Service=Party/System 
[3509.34] PsyNetBeaconDetail_X: PsyNetBeacon_X_0 ReserveConnection ReservationID=(F028EC30C48D4CCAB9B0FAB51E2459EB) ConnectionID=(eyJ0eXAiOiJKV1QiLCJhbGciOiJIUzUxMiJ9.eyJqdGkiOiJjMjI5ZjQwZWY4Zjg0OWUwOGJlNjVlNDczMWI2MmU2MyIsImlzcyI6IlBzeU5ldCIsInBsYXllcl9pZCI6IkVwaWN8ODgxOGI0ZGJhNzlhNDNkMThiOTg2ZjQ2ZTRkMDAzOTJ8MCIsInNlcnZlcl9uYW1lIjoiRVU3LTBDNzMwQkNCMTE0OUQ0RjhBLVNvcGhvbnQiLCJpYXQiOjE3NzUwMzg5NjUsIm5iZiI6MTc3NTAzODk2NSwiZXhwIjoxNzc1MDUzMzY1fQ.h_vgNfHGpmYHdWsGRaMWksqAiE1ft3qen9ftIfX_8mZFH--haTZZLuPig-cbanNCsUkjzcFkV4dxAT06yFKJQA)
[3509.34] PsyNetBeaconDetail_X: PsyNetBeacon_X_0 ClientHandleMessage Message.MessageType=(ClientReservationMessage_X) Message.ReservationID=(F028EC30C48D4CCAB9B0FAB51E2459EB)
[3509.34] Party: Received game server from notification (v3) Message.Reservation=((ServerName="EU7-0C730BCB1149D4F8A-Sophont",Playlist=11,Region="EU",ReservationID="F028EC30C48D4CCAB9B0FAB51E2459EB",DSRToken="eyJ0eXAiOiJKV1QiLCJhbGciOiJIUzUxMiJ9.eyJqdGkiOiJjMjI5ZjQwZWY4Zjg0OWUwOGJlNjVlNDczMWI2MmU2MyIsImlzcyI6IlBzeU5ldCIsInBsYXllcl9pZCI6IkVwaWN8ODgxOGI0ZGJhNzlhNDNkMThiOTg2ZjQ2ZTRkMDAzOTJ8MCIsInNlcnZlcl9uYW1lIjoiRVU3LTBDNzMwQkNCMTE0OUQ0RjhBLVNvcGhvbnQiLCJpYXQiOjE3NzUwMzg5NjUsIm5iZiI6MTc3NTAzODk2NSwiZXhwIjoxNzc1MDUzMzY1fQ.h_vgNfHGpmYHdWsGRaMWksqAiE1ft3qen9ftIfX_8mZFH--haTZZLuPig-cbanNCsUkjzcFkV4dxAT06yFKJQA",JoinName="GJIE8PHRAC5456RG",JoinPassword="TAAIYV00PSAOXV03"))
[3509.35] JoinGame: StartJoin Reservation=((ServerName="EU7-0C730BCB1149D4F8A-Sophont",Playlist=11,Region="EU",ReservationID="F028EC30C48D4CCAB9B0FAB51E2459EB",DSRToken="eyJ0eXAiOiJKV1QiLCJhbGciOiJIUzUxMiJ9.eyJqdGkiOiJjMjI5ZjQwZWY4Zjg0OWUwOGJlNjVlNDczMWI2MmU2MyIsImlzcyI6IlBzeU5ldCIsInBsYXllcl9pZCI6IkVwaWN8ODgxOGI0ZGJhNzlhNDNkMThiOTg2ZjQ2ZTRkMDAzOTJ8MCIsInNlcnZlcl9uYW1lIjoiRVU3LTBDNzMwQkNCMTE0OUQ0RjhBLVNvcGhvbnQiLCJpYXQiOjE3NzUwMzg5NjUsIm5iZiI6MTc3NTAzODk2NSwiZXhwIjoxNzc1MDUzMzY1fQ.h_vgNfHGpmYHdWsGRaMWksqAiE1ft3qen9ftIfX_8mZFH--haTZZLuPig-cbanNCsUkjzcFkV4dxAT06yFKJQA",JoinName="GJIE8PHRAC5456RG",JoinPassword="TAAIYV00PSAOXV03")) JoinSettings=((PlaylistId=11,Password="TAAIYV00PSAOXV03"))
[3509.35] JoinGame: GotoJoinGameState OnlineGameJoinGame_TA -> VerifyPrivileges
[3509.35] Online: TryToPlayOnline ControllerID=(-1)
[3509.35] PsyNet: PsyNetServiceProvider_X_1 ExecuteService Complete, Service=DSR/ClientMessage 
[3509.35] Online: HandlePrivilegeCheckFinished PrivilegeCheck.bHasRestriction=(False)
[3509.35] JoinGame: GotoJoinGameState VerifyPrivileges -> ReservingServerForMatchmaking
[3509.35] PsyNetBeaconDetail_X: PsyNetBeacon_X_0 SendMessageToServer Message=(AddReservationMessagePublic_X_11)
[3509.75] PsyNet: PsyNetChannel_X_0 party:2uuPQ5vF receive message MessageID=247
[3509.75] PsyNet: PsyNetChannel_X_0 party:2uuPQ5vF executing MessageID=247
[3509.75] Party: HandleLobbyReceiveBinaryData LobbyUID=PsyNet-2uuPQ5vF MemberIndex=0 PlayerUID=PS4|785668489479049324|0 Message=PartyMessage_SearchStatus_X
[3509.75] Party: HandleSearchStatus StatusMessage.SearchState=(Joining) StatusMessage.bIsSearching=(True)
[3509.76] PsyNet: PsyNetServiceProvider_X_1 ExecuteService Complete, Service=Party/System 
[3509.88] PsyNetBeaconDetail_X: PsyNetBeacon_X_0 ClientHandleMessage Message.MessageType=(ReservationsWaitingMessage_X) Message.ReservationID=(F028EC30C48D4CCAB9B0FAB51E2459EB)
[3509.88] JoinGame: Waiting for more players to add reservations
[3509.88] Party: HandleServerReserved (Reservation=(ServerName="EU7-0C730BCB1149D4F8A-Sophont",Playlist=11,Region="EU",ReservationID="F028EC30C48D4CCAB9B0FAB51E2459EB",DSRToken="eyJ0eXAiOiJKV1QiLCJhbGciOiJIUzUxMiJ9.eyJqdGkiOiJjMjI5ZjQwZWY4Zjg0OWUwOGJlNjVlNDczMWI2MmU2MyIsImlzcyI6IlBzeU5ldCIsInBsYXllcl9pZCI6IkVwaWN8ODgxOGI0ZGJhNzlhNDNkMThiOTg2ZjQ2ZTRkMDAzOTJ8MCIsInNlcnZlcl9uYW1lIjoiRVU3LTBDNzMwQkNCMTE0OUQ0RjhBLVNvcGhvbnQiLCJpYXQiOjE3NzUwMzg5NjUsIm5iZiI6MTc3NTAzODk2NSwiZXhwIjoxNzc1MDUzMzY1fQ.h_vgNfHGpmYHdWsGRaMWksqAiE1ft3qen9ftIfX_8mZFH--haTZZLuPig-cbanNCsUkjzcFkV4dxAT06yFKJQA",JoinName="GJIE8PHRAC5456RG",JoinPassword="TAAIYV00PSAOXV03"),JoinCredentials="GJIE8PHRAC5456RG:TAAIYV00PSAOXV03")
[3509.89] PsyNet: PsyNetServiceProvider_X_1 ExecuteService Complete, Service=DSR/ClientMessage 
[3510.11] PsyNet: PsyNetChannel_X_0 party:2uuPQ5vF receive message MessageID=248
[3510.11] PsyNet: PsyNetChannel_X_0 party:2uuPQ5vF executing MessageID=248
[3510.11] Party: HandleLobbyReceiveBinaryData LobbyUID=PsyNet-2uuPQ5vF MemberIndex=0 PlayerUID=PS4|785668489479049324|0 Message=PartyMessage_JoinGame_X
[3510.11] Party: HandlePartyJoinGame MatchSettings=((ServerName="EU7-0C730BCB1149D4F8A-Sophont",PlaylistId=11,CustomPassword="TAAIYV00PSAOXV03",ReservationID="F028EC30C48D4CCAB9B0FAB51E2459EB",JoinName="GJIE8PHRAC5456RG",JoinPassword="TAAIYV00PSAOXV03"))
[3510.12] PsyNet: PsyNetServiceProvider_X_1 ExecuteService Complete, Service=Party/System 
[3510.88] PsyNetBeaconDetail_X: PsyNetBeacon_X_0 ClientHandleMessage Message.MessageType=(ReservationsReadyMessage_X) Message.ReservationID=(F028EC30C48D4CCAB9B0FAB51E2459EB)
[3510.88] Party: HandleServerReserved (Reservation=(ServerName="EU7-0C730BCB1149D4F8A-Sophont",Playlist=11,Region="EU",ReservationID="F028EC30C48D4CCAB9B0FAB51E2459EB",DSRToken="eyJ0eXAiOiJKV1QiLCJhbGciOiJIUzUxMiJ9.eyJqdGkiOiJjMjI5ZjQwZWY4Zjg0OWUwOGJlNjVlNDczMWI2MmU2MyIsImlzcyI6IlBzeU5ldCIsInBsYXllcl9pZCI6IkVwaWN8ODgxOGI0ZGJhNzlhNDNkMThiOTg2ZjQ2ZTRkMDAzOTJ8MCIsInNlcnZlcl9uYW1lIjoiRVU3LTBDNzMwQkNCMTE0OUQ0RjhBLVNvcGhvbnQiLCJpYXQiOjE3NzUwMzg5NjUsIm5iZiI6MTc3NTAzODk2NSwiZXhwIjoxNzc1MDUzMzY1fQ.h_vgNfHGpmYHdWsGRaMWksqAiE1ft3qen9ftIfX_8mZFH--haTZZLuPig-cbanNCsUkjzcFkV4dxAT06yFKJQA",JoinName="GJIE8PHRAC5456RG",JoinPassword="TAAIYV00PSAOXV03"),PingURL="18.168.71.65:8129",GameURL="18.168.71.65:8128",JoinCredentials="GJIE8PHRAC5456RG:TAAIYV00PSAOXV03")
[3510.88] JoinGame: GotoJoinGameState ReservingServerForMatchmaking -> JoinCountdown
[3510.88] PsyNetBeaconDetail_X: PsyNetBeacon_X_0 SendMessageToServer Message=(PingMessage_X_34)
[3510.89] PsyNet: PsyNetServiceProvider_X_1 ExecuteService Complete, Service=DSR/ClientMessage 
[3511.25] PsyNetBeaconDetail_X: PsyNetBeacon_X_0 ClientHandleMessage Message.MessageType=(PingMessage_X) Message.ReservationID=(F028EC30C48D4CCAB9B0FAB51E2459EB)
[3511.25] PsyNet: PsyNetServiceProvider_X_1 ExecuteService Complete, Service=DSR/ClientMessage 
[3511.27] PsyNet: PsyNetChannel_X_0 party:2uuPQ5vF receive message MessageID=249
[3511.27] PsyNet: PsyNetChannel_X_0 party:2uuPQ5vF executing MessageID=249
[3511.27] Party: HandleLobbyReceiveBinaryData LobbyUID=PsyNet-2uuPQ5vF MemberIndex=0 PlayerUID=PS4|785668489479049324|0 Message=PartyMessage_JoinGame_X
[3511.27] Party: HandlePartyJoinGame MatchSettings=((ServerName="EU7-0C730BCB1149D4F8A-Sophont",PlaylistId=11,CustomPassword="TAAIYV00PSAOXV03",ReservationID="F028EC30C48D4CCAB9B0FAB51E2459EB",JoinName="GJIE8PHRAC5456RG",JoinPassword="TAAIYV00PSAOXV03"))
[3511.28] PsyNet: PsyNetServiceProvider_X_1 ExecuteService Complete, Service=Party/System 
[3513.89] JoinGame: GotoJoinGameState JoinCountdown -> OpeningLoadingScreen
[3513.89] RankedReconnect: OnlineGameJoinGame_TA_0::OpeningLoadingScreen.BeginState()
[3513.89] RankedReconnect: LocalPlayer_TA_0.UpdateRankedReconnect() RankedTeamDoubles True 4 False
[3513.89] RankedReconnect: RankedReconnectSave_TA_0.SetRankedReconnect() Server=((Reservation=(ServerName="EU7-0C730BCB1149D4F8A-Sophont",Playlist=11,Region="EU",ReservationID="F028EC30C48D4CCAB9B0FAB51E2459EB",DSRToken="eyJ0eXAiOiJKV1QiLCJhbGciOiJIUzUxMiJ9.eyJqdGkiOiJjMjI5ZjQwZWY4Zjg0OWUwOGJlNjVlNDczMWI2MmU2MyIsImlzcyI6IlBzeU5ldCIsInBsYXllcl9pZCI6IkVwaWN8ODgxOGI0ZGJhNzlhNDNkMThiOTg2ZjQ2ZTRkMDAzOTJ8MCIsInNlcnZlcl9uYW1lIjoiRVU3LTBDNzMwQkNCMTE0OUQ0RjhBLVNvcGhvbnQiLCJpYXQiOjE3NzUwMzg5NjUsIm5iZiI6MTc3NTAzODk2NSwiZXhwIjoxNzc1MDUzMzY1fQ.h_vgNfHGpmYHdWsGRaMWksqAiE1ft3qen9ftIfX_8mZFH--haTZZLuPig-cbanNCsUkjzcFkV4dxAT06yFKJQA",JoinName="GJIE8PHRAC5456RG",JoinPassword="TAAIYV00PSAOXV03"),PingURL="18.168.71.65:8129",GameURL="18.168.71.65:8128",JoinCredentials="GJIE8PHRAC5456RG:TAAIYV00PSAOXV03")) EpochNow=(1775038970)
[3513.89] DevNet: Browse: JoinGameTransition?Name=%e6%bc%a2+%e9%be%8d+%e7%8e%8b+%e7%a5%9e+%e9%97%87%e6%bc%a2+%e9%be%8d+%e7%8e%8b+%e7%a5%9e?game=TAGame.GameInfo_Transition_TA
[3513.94] Log: FSaveDataExportTask(0) wrote 1064427 bytes to memory
[3513.94] Log: SaveGameDataAsync game thread time: 8 ms
[3513.95] Log: LoadMap: JoinGameTransition?Name=%e6%bc%a2+%e9%be%8d+%e7%8e%8b+%e7%a5%9e+%e9%97%87%e6%bc%a2+%e9%be%8d+%e7%8e%8b+%e7%a5%9e?game=TAGame.GameInfo_Transition_TA
[3513.95] Spawn: TextChatActor_TA_31 Destroyed
[3513.95] EOSGameClips: ShutDown : Shutting down EOSGameClipsController_TA. Self=(EOSGameClipsController_TA_14) PlayerOwner?.GetUniqueNetId()=(Epic|8818b4dba79a43d18b986f46e4d00392|0)
[3513.95] Spawn: TextChatActor_TA_32 Destroyed
[3513.95] Spawn: TextChatActor_TA_33 Destroyed
[3513.95] Spawn: TextChatActor_TA_34 Destroyed
[3513.95] Spawn: TextChatActor_TA_35 Destroyed
[3513.97] Log: Deleting old save file ..\..\TAGame\SaveDataEpic\DBE_Production\8818b4dba79a43d18b986f46e4d00392.save
[3513.97] Log: SaveDataExport(0): Finished - File:[..\..\TAGame\SaveDataEpic\DBE_Production\8818b4dba79a43d18b986f46e4d00392_2.save] Result:[1]
[3513.97] DevOnline: PsyNet Flush Start TimeoutSeconds=0.250000
[3514.17] DevOnline: PsyNet Flush End
[3514.18] NetComeGo: Close TcpipConnection_7 13.50.35.168:7766 01/04/2026 11:22:52 'Control channel cleanup'
[3514.18] NetComeGo: TcpipConnection_7 Control channel closed, reason=Control channel cleanup
[3514.19] Exit: TcpNetDriver_7 shut down
[3514.20] Log: Fully load package: ..\..\TAGame\CookedPCConsole\GameInfo_Transition_SF.upk
[3514.20] Log: Game class is 'GameInfo_Transition_TA'
[3514.24] Log: Bringing World JoinGameTransition.TheWorld up for play (0) at 2026.04.01-11.22.53
[3514.24] Log: Bringing up level for play took: 0.035353
[3514.24] PartyChallenge: UpdateChallengeProgressForCompetitive bChallengesComplete=(True) ChallengeState=(Challenge_Success) bChallengeSync=(True) bChallengesAreValid=(True) bLegacyPlayer=(False) bGuestAccount=(False) Online_X.UniqueNetIDToString(Manager.Outer.PlayerID)=(Epic|8818b4dba79a43d18b986f46e4d00392|0) Complete
[3514.24] PartyChallenge: InitializeCompetitiveChallenges bGuestAccount=(False) bCompletedChallengesForCompetitive=(True) bLegacyPlayer=(False) Online_X.UniqueNetIDToString(OnlinePlayer.PlayerID)=(Epic|8818b4dba79a43d18b986f46e4d00392|0)
[3514.24] JoinGame: GotoJoinGameState OpeningLoadingScreen -> JoiningNewServer
[3514.24] DevNet: SetProgress, MessageType=1, Title=, Message=Connecting...
[3514.24] Log: ########### Finished loading level: 0.290031 seconds
[3514.24] SettingsExport: CreateSnapshot Metadata {"userId":"Epic|8818b4dba79a43d18b986f46e4d00392|0","platformKey":"Epic","schemaVersion":0,"clientVersion":1532151,"timestampUtc":1775038972,"settingsVersion":7991,"checksum":1130892811 Payload Size  97007
[3514.24] SettingsExport: Payload changed. Notifying new Checksum: 1130892811
[3514.24] SettingsExport: Local settings updated, uploading data
[3514.24] DevNet: Browse: 18.168.71.65:8128/MENU_Main_p?Name=%e6%bc%a2+%e9%be%8d+%e7%8e%8b+%e7%a5%9e+%e9%97%87%e6%bc%a2+%e9%be%8d+%e7%8e%8b+%e7%a5%9e
[3514.24] DevNet: Game client on port 8128, rate 15000
[3514.24] NetComeGo: SEND first packet Length=80 CRC=644119464
[3514.27] NetComeGo: TcpipConnection_8 RECV first packet IP=18.168.71.65:8128 Length=15 CRC=-978323668 HandshakeStatus=0 bUseSessionUID=1 InSessionUID=(0 0 0) SessionUID=(0 0 0)
[3514.27] NetComeGo: Client set SessionUID to: 156 6 250
[3514.35] DevNet: Welcomed by server (Level: Paname_Dusk_P, Game: TAGame.GameInfo_Soccar_TA, GameTags: )
[3514.36] Log: FSaveDataExportTask(0) wrote 1064427 bytes to memory
[3514.36] Log: SaveGameDataAsync game thread time: 8 ms
[3514.38] Log: Deleting old save file ..\..\TAGame\SaveDataEpic\DBE_Production\8818b4dba79a43d18b986f46e4d00392_1.save
[3514.38] Log: SaveDataExport(0): Finished - File:[..\..\TAGame\SaveDataEpic\DBE_Production\8818b4dba79a43d18b986f46e4d00392.save] Result:[1]
[3514.40] Log: Flushing async loaders.
[3514.40] Log: Flushed async loaders.
[3514.40] Log: LoadMap: 18.168.71.65:8128/Paname_Dusk_P?Name=%e6%bc%a2+%e9%be%8d+%e7%8e%8b+%e7%a5%9e+%e9%97%87%e6%bc%a2+%e9%be%8d+%e7%8e%8b+%e7%a5%9e?game=TAGame.GameInfo_Soccar_TA
[3514.42] DevOnline: PsyNet Flush Start TimeoutSeconds=0.250000
[3514.43] PsyNet: PsyNetChannel_X_0 party:2uuPQ5vF receive message MessageID=250
[3514.43] PsyNet: PsyNetChannel_X_0 party:2uuPQ5vF executing MessageID=250
[3514.45] PsyNet: PsyNetServiceProvider_X_1 ExecuteService Complete, Service=Party/System 
[3514.60] DevOnline: PsyNet Flush End
[3514.60] Log: Fully load package: ..\..\TAGame\CookedPCConsole\GameInfo_Soccar_SF.upk
[3514.65] Log: Fully load package: ..\..\TAGame\CookedPCConsole\GFxSounds_XP_SF.upk
[3514.66] Log: Fully load package: ..\..\TAGame\CookedPCConsole\GFx_XPProgressMenu_SF.upk
[3514.68] Log: Fully load package: ..\..\TAGame\CookedPCConsole\GFX_EndGameMenu_SF.upk
[3514.72] Log: Fully load package: ..\..\TAGame\CookedPCConsole\GFX_WinnerMenu_SF.upk
[3514.74] Log: Fully load package: ..\..\TAGame\CookedPCConsole\GFX_MidGameScoreboard_SF.upk
[3514.74] Log: Fully load package: ..\..\TAGame\CookedPCConsole\GFX_MidGameMenu_SF.upk
[3514.75] Log: Fully load package: ..\..\TAGame\CookedPCConsole\GFX_HudMatchInfo_SF.upk
[3514.76] Log: Fully load package: ..\..\TAGame\CookedPCConsole\GFX_Hud_SF.upk
[3515.57] Warning: Warning, Material hat_flyingcarpet.Whale_FlyingCarpet_MAT missing bUsedWithStaticLighting=True!
[3515.57] Warning: Warning, Material hat_flyingcarpet.Whale_FlyingCarpet_MAT missing bUsedWithStaticLighting=True!
[3515.57] Warning: Warning, Material hat_flyingcarpet.Whale_FlyingCarpet_MAT missing bUsedWithStaticLighting=True!
[3515.57] Warning: Warning, Material hat_flyingcarpet.Whale_FlyingCarpet_MAT missing bUsedWithStaticLighting=True!
[3515.57] Warning: Warning, Material hat_flyingcarpet.Whale_FlyingCarpet_MAT missing bUsedWithStaticLighting=True!
[3515.58] Warning: Warning, Material hat_flyingcarpet.Whale_FlyingCarpet_MAT missing bUsedWithStaticLighting=True!
[3515.89] Log: Bringing World Paname_Dusk_P.TheWorld up for play (0) at 2026.04.01-11.22.54
[3515.89] Warning: Warning, Material hat_flyingcarpet.Whale_FlyingCarpet_MAT missing bUsedWithStaticLighting=True!
[3515.89] Warning: Warning, Material hat_flyingcarpet.Whale_FlyingCarpet_MAT missing bUsedWithStaticLighting=True!
[3515.89] Log: Bringing up level for play took: 0.322175
[3516.18] RootMenu: [GFx] UIShellInstance - setting the shell instance
[3516.22] PartyChallenge: UpdateChallengeProgressForCompetitive bChallengesComplete=(True) ChallengeState=(Challenge_Success) bChallengeSync=(True) bChallengesAreValid=(True) bLegacyPlayer=(False) bGuestAccount=(False) Online_X.UniqueNetIDToString(Manager.Outer.PlayerID)=(Epic|8818b4dba79a43d18b986f46e4d00392|0) Complete
[3516.22] PartyChallenge: InitializeCompetitiveChallenges bGuestAccount=(False) bCompletedChallengesForCompetitive=(True) bLegacyPlayer=(False) Online_X.UniqueNetIDToString(OnlinePlayer.PlayerID)=(Epic|8818b4dba79a43d18b986f46e4d00392|0)
[3516.22] JoinGame: OnJoinGameComplete bSuccess=(True) FailReason=()
[3516.22] JoinGame: GotoJoinGameState JoiningNewServer -> None
[3516.22] PsyNetBeaconDetail_X: PsyNetBeacon_X_0 Close
[3516.22] PsyNetBeaconDetail_X: PsyNetBeacon_X_0 CloseConnection Connection.ConnectionID=(eyJ0eXAiOiJKV1QiLCJhbGciOiJIUzUxMiJ9.eyJqdGkiOiJjMjI5ZjQwZWY4Zjg0OWUwOGJlNjVlNDczMWI2MmU2MyIsImlzcyI6IlBzeU5ldCIsInBsYXllcl9pZCI6IkVwaWN8ODgxOGI0ZGJhNzlhNDNkMThiOTg2ZjQ2ZTRkMDAzOTJ8MCIsInNlcnZlcl9uYW1lIjoiRVU3LTBDNzMwQkNCMTE0OUQ0RjhBLVNvcGhvbnQiLCJpYXQiOjE3NzUwMzg5NjUsIm5iZiI6MTc3NTAzODk2NSwiZXhwIjoxNzc1MDUzMzY1fQ.h_vgNfHGpmYHdWsGRaMWksqAiE1ft3qen9ftIfX_8mZFH--haTZZLuPig-cbanNCsUkjzcFkV4dxAT06yFKJQA)
[3516.22] Spawn: TextChatActor_TA_36 OnOwnerChanged PlayerController_TA_15
[3516.22] EOSGameClips: Construct Constructed EOSGameClipsController_TA. Self=(EOSGameClipsController_TA_15)
[3516.22] Log: ########### Finished loading level: 1.817340 seconds
[3516.22] MusicPlayer: HandleTrackEnd CurrentTrackPlayingID=(0) PlayingID=(71169)
[3516.22] MusicPlayer: HandleTrackEnd CurrentTrackPlayingID=(0) PlayingID=(71169)
[3516.22] DevOnline: EOSSDK-LogEOSRTC: TickTracker Tick is delayed. TimePeriod=[10.540250s]  TickIntervalThreshold=[0.100000s] MaxTickInterval=[1.871517s] MaxExecutionTime=[0.000074s] TicksCount=[984] ExpectedTicksCount=[1054]
[3516.23] SettingsExport: Settings content not changed. Will not update the Settings Online
[3516.23] PsyNet: PsyNetChannel_X_0 party:2uuPQ5vF receive message MessageID=251
[3516.23] PsyNet: PsyNetChannel_X_0 party:2uuPQ5vF executing MessageID=251
[3516.23] Party: HandleLobbyReceiveBinaryData LobbyUID=PsyNet-2uuPQ5vF MemberIndex=0 PlayerUID=PS4|785668489479049324|0 Message=PartyMessage_PartyMemberJoinGame_X
[3517.30] PsyNet: PsyNetServiceProvider_X_1 ExecuteService Complete, Service=Party/System 
[3517.30] EOSGameClips: ShutDown : Shutting down EOSGameClipsController_TA. Self=(EOSGameClipsController_TA_15) PlayerOwner?.GetUniqueNetId()=(Epic|8818b4dba79a43d18b986f46e4d00392|0)
[3517.31] PartyChallenge: UpdateChallengeProgressForCompetitive bChallengesComplete=(True) ChallengeState=(Challenge_Success) bChallengeSync=(True) bChallengesAreValid=(True) bLegacyPlayer=(False) bGuestAccount=(False) Online_X.UniqueNetIDToString(Manager.Outer.PlayerID)=(Epic|8818b4dba79a43d18b986f46e4d00392|0) Complete
[3517.31] PartyChallenge: InitializeCompetitiveChallenges bGuestAccount=(False) bCompletedChallengesForCompetitive=(True) bLegacyPlayer=(False) Online_X.UniqueNetIDToString(OnlinePlayer.PlayerID)=(Epic|8818b4dba79a43d18b986f46e4d00392|0)
[3517.31] EOSGameClips: Construct Constructed EOSGameClipsController_TA. Self=(EOSGameClipsController_TA_16)
[3517.31] ScriptLog: Client InputRate=60
[3517.31] DevNet: PlayerController_TA_16 setplayer LocalPlayer_TA_0
[3517.31] PsyNetStaticData: UpdateCacheTimerEnabled CacheTimer.bEnabled=(False)
[3517.31] MatchBroadcast: Init bBroadcastMatch=(False) MatchLog=(None)
[3517.36] ScriptLog: MatchGUID: B9D3196611F12DB4744593AEBDA41A2F
[3517.36] ScriptLog: Uncached PlatformId for Epic|8818b4dba79a43d18b986f46e4d00392|0
[3517.36] Spawn: TextChatActor_TA_37 OnOwnerChanged PlayerController_TA_16
[3517.44] RootMenu: [GFx] UIShellInstance - setting the shell instance
[3517.49] Eula: RequiresAcceptance? EulaConfig?.bRequiresAcceptance=(True) GetUISave()?.Contains('bAcceptedOfflineEULA')=(True) Eula.SyncState=(LSS_Accepted)
[3517.49] Party: BroadcastMatchmakingAvailabilityDelayed PartyMemberID:'Epic|8818b4dba79a43d18b986f46e4d00392|0' MatchmakeRestrictions=(0)
[3517.49] Party: SetAvailableForMatchmakingForMember PartyMemberID:'Epic|8818b4dba79a43d18b986f46e4d00392|0' MatchmakeRestrictions=(0)
[3517.54] LTM: SettingsType=(CustomMatchSettingsType_PrivateMatch)
[3517.65] PsyNet: PsyNetChannel_X_0 party:2uuPQ5vF receive message MessageID=252
[3517.65] PsyNet: PsyNetChannel_X_0 party:2uuPQ5vF executing MessageID=252
[3517.75] PsyNet: PsyNetServiceProvider_X_1 ExecuteService Complete, Service=Party/System 
[3517.96] DevOnline: RemoteUserDataReplicated Name: PRI_TA_32 Role: 1 RemoteRole: 3
[3517.99] ScriptLog: Uncached PlatformId for Epic|e07f206287ef4bc0af90df8a097a93f3|0
[3518.02] PsyNet: PsyNetChannel_X_0 party:2uuPQ5vF receive message MessageID=253
[3518.02] PsyNet: PsyNetChannel_X_0 party:2uuPQ5vF executing MessageID=253
[3518.03] PsyNet: PsyNetServiceProvider_X_1 ExecuteService Complete, Service=Party/System 
[3518.79] EOSVoice: Received full credentials from the server.
[3518.80] PsyNet: PsyNetServiceProvider_X_1 ExecuteService Complete, Service=VoiceChat/MatchToken 
[3519.59] PsyNet: PsyNetChannel_X_0 party:2uuPQ5vF receive message MessageID=254
[3519.59] PsyNet: PsyNetChannel_X_0 party:2uuPQ5vF executing MessageID=254
[3519.59] Party: HandleLobbyReceiveBinaryData LobbyUID=PsyNet-2uuPQ5vF MemberIndex=0 PlayerUID=PS4|785668489479049324|0 Message=PartyMessage_PartyMemberJoinGame_X
[3519.60] PsyNet: PsyNetServiceProvider_X_1 ExecuteService Complete, Service=Party/System 
[3520.13] PsyNet: PsyNetChannel_X_0 party:2uuPQ5vF receive message MessageID=255
[3520.13] PsyNet: PsyNetChannel_X_0 party:2uuPQ5vF executing MessageID=255
[3520.13] Party: HandleLobbyReceiveBinaryData LobbyUID=PsyNet-2uuPQ5vF MemberIndex=0 PlayerUID=PS4|785668489479049324|0 Message=PartyMessage_SearchStatus_X
[3520.13] Party: HandleSearchStatus StatusMessage.SearchState=(OnlineGameMatchmaking_X) StatusMessage.bIsSearching=(False)
[3520.13] PsyNet: PsyNetServiceProvider_X_1 ExecuteService Complete, Service=Party/System 
[3520.13] PsyNet: PsyNetChannel_X_0 party:2uuPQ5vF receive message MessageID=256
[3520.13] PsyNet: PsyNetChannel_X_0 party:2uuPQ5vF executing MessageID=256
[3520.13] Party: HandleLobbyReceiveBinaryData LobbyUID=PsyNet-2uuPQ5vF MemberIndex=0 PlayerUID=PS4|785668489479049324|0 Message=PartyMessage_MatchmakingAvailability_X
[3520.13] Party: SetAvailableForMatchmakingForMember PartyMemberID:'PS4|785668489479049324|0' MatchmakeRestrictions=(0)
[3520.14] PsyNet: PsyNetServiceProvider_X_1 ExecuteService Complete, Service=Party/System 
[3523.62] EOSGameClips: EOSGameClips: Starting background recording: API Version 2, Clip Duration 30
[3523.62] DevOnline: EOSSDK-LogEOSGameClips: Starting recording up to 30 seconds.
[3523.63] EOSGameClips: EOSGameClips: Recording changed from NotRecording to Recording.
[3526.23] DevOnline: EOSSDK-LogEOSRTC: TickTracker Tick is delayed. TimePeriod=[10.004352s]  TickIntervalThreshold=[0.100000s] MaxTickInterval=[0.102759s] MaxExecutionTime=[0.000206s] TicksCount=[980] ExpectedTicksCount=[1000]
[3527.65] EOSGameClips: EOSGameClips: Starting background recording: API Version 2, Clip Duration 30
[3543.99] EOSGameClips: EOSGameClips: Starting background recording: API Version 2, Clip Duration 30
[3546.57] EOSGameClips: EOSGameClips: Currently recording: true
[3547.56] EOSGameClips: EOSGameClips: Starting background recording: API Version 2, Clip Duration 30
[3553.54] EOSGameClips: EOSGameClips: Starting background recording: API Version 2, Clip Duration 30
[3557.55] EOSGameClips: EOSGameClips: Starting background recording: API Version 2, Clip Duration 30
[3567.60] DevOnline: WebRequest_X_111 SEND: https://datarouter.ol.epicgames.com/datarouter/api/v1/public/data?AppID=RocketLeague.Release&AppVersion=1210528741&AppEnvironment=Prod&UploadType=eteventstream&UserID=|8818b4dba79a43d18b986f46e4d00392|||Epic|8818b4dba79a43d18b986f46e4d00392|0&SessionID=7ED88ADF457E5D0E09C349A06FC64359
[3567.72] DevOnline: WebRequest_X_111 RECV: 204 
[3569.35] EOSGameClips: EOSGameClips: Starting background recording: API Version 2, Clip Duration 30
[3571.90] EOSGameClips: EOSGameClips: Currently recording: true
[3572.88] EOSGameClips: EOSGameClips: Starting background recording: API Version 2, Clip Duration 30
[3578.26] EOSGameClips: EOSGameClips: Starting background recording: API Version 2, Clip Duration 30
[3582.27] EOSGameClips: EOSGameClips: Starting background recording: API Version 2, Clip Duration 30
[3604.28] EOSGameClips: EOSGameClips: Starting background recording: API Version 2, Clip Duration 30
[3606.84] EOSGameClips: EOSGameClips: Currently recording: true
[3607.83] EOSGameClips: EOSGameClips: Starting background recording: API Version 2, Clip Duration 30
[3614.18] EOSGameClips: EOSGameClips: Starting background recording: API Version 2, Clip Duration 30
[3618.18] EOSGameClips: EOSGameClips: Starting background recording: API Version 2, Clip Duration 30
[3627.61] DevOnline: WebRequest_X_112 SEND: https://datarouter.ol.epicgames.com/datarouter/api/v1/public/data?AppID=RocketLeague.Release&AppVersion=1210528741&AppEnvironment=Prod&UploadType=eteventstream&UserID=|8818b4dba79a43d18b986f46e4d00392|||Epic|8818b4dba79a43d18b986f46e4d00392|0&SessionID=7ED88ADF457E5D0E09C349A06FC64359
[3627.72] DevOnline: WebRequest_X_112 RECV: 204 
[3646.68] EOSGameClips: EOSGameClips: Starting background recording: API Version 2, Clip Duration 30
[3649.25] EOSGameClips: EOSGameClips: Currently recording: true
[3650.24] EOSGameClips: EOSGameClips: Starting background recording: API Version 2, Clip Duration 30
[3657.61] EOSGameClips: EOSGameClips: Starting background recording: API Version 2, Clip Duration 30
[3661.62] EOSGameClips: EOSGameClips: Starting background recording: API Version 2, Clip Duration 30
[3687.60] DevOnline: WebRequest_X_113 SEND: https://datarouter.ol.epicgames.com/datarouter/api/v1/public/data?AppID=RocketLeague.Release&AppVersion=1210528741&AppEnvironment=Prod&UploadType=eteventstream&UserID=|8818b4dba79a43d18b986f46e4d00392|||Epic|8818b4dba79a43d18b986f46e4d00392|0&SessionID=7ED88ADF457E5D0E09C349A06FC64359
[3687.72] DevOnline: WebRequest_X_113 RECV: 204 
[3715.27] EOSGameClips: EOSGameClips: Starting background recording: API Version 2, Clip Duration 30
[3717.83] EOSGameClips: EOSGameClips: Currently recording: true
[3718.82] EOSGameClips: EOSGameClips: Starting background recording: API Version 2, Clip Duration 30
[3724.89] EOSGameClips: EOSGameClips: Starting background recording: API Version 2, Clip Duration 30
[3728.92] EOSGameClips: EOSGameClips: Starting background recording: API Version 2, Clip Duration 30
[3747.59] DevOnline: WebRequest_X_114 SEND: https://datarouter.ol.epicgames.com/datarouter/api/v1/public/data?AppID=RocketLeague.Release&AppVersion=1210528741&AppEnvironment=Prod&UploadType=eteventstream&UserID=|8818b4dba79a43d18b986f46e4d00392|||Epic|8818b4dba79a43d18b986f46e4d00392|0&SessionID=7ED88ADF457E5D0E09C349A06FC64359
[3748.06] DevOnline: WebRequest_X_114 RECV: 204 
[3807.59] DevOnline: WebRequest_X_115 SEND: https://datarouter.ol.epicgames.com/datarouter/api/v1/public/data?AppID=RocketLeague.Release&AppVersion=1210528741&AppEnvironment=Prod&UploadType=eteventstream&UserID=|8818b4dba79a43d18b986f46e4d00392|||Epic|8818b4dba79a43d18b986f46e4d00392|0&SessionID=7ED88ADF457E5D0E09C349A06FC64359
[3807.70] DevOnline: WebRequest_X_115 RECV: 204 
[3833.24] EOSGameClips: EOSGameClips: Currently recording: true
[3843.64] EOSGameClips: EOSGameClips: Starting background recording: API Version 2, Clip Duration 30
[3846.21] EOSGameClips: EOSGameClips: Currently recording: true
[3847.19] EOSGameClips: EOSGameClips: Starting background recording: API Version 2, Clip Duration 30
[3853.66] EOSGameClips: EOSGameClips: Starting background recording: API Version 2, Clip Duration 30
[3857.69] EOSGameClips: EOSGameClips: Starting background recording: API Version 2, Clip Duration 30
[3867.59] DevOnline: WebRequest_X_116 SEND: https://datarouter.ol.epicgames.com/datarouter/api/v1/public/data?AppID=RocketLeague.Release&AppVersion=1210528741&AppEnvironment=Prod&UploadType=eteventstream&UserID=|8818b4dba79a43d18b986f46e4d00392|||Epic|8818b4dba79a43d18b986f46e4d00392|0&SessionID=7ED88ADF457E5D0E09C349A06FC64359
[3867.71] DevOnline: WebRequest_X_116 RECV: 204 
[3899.41] EOSGameClips: EOSGameClips: Starting background recording: API Version 2, Clip Duration 30
[3901.98] EOSGameClips: EOSGameClips: Currently recording: true
[3902.96] EOSGameClips: EOSGameClips: Starting background recording: API Version 2, Clip Duration 30
[3912.63] EOSGameClips: EOSGameClips: Starting background recording: API Version 2, Clip Duration 30
[3916.63] EOSGameClips: EOSGameClips: Starting background recording: API Version 2, Clip Duration 30
[3927.58] DevOnline: WebRequest_X_117 SEND: https://datarouter.ol.epicgames.com/datarouter/api/v1/public/data?AppID=RocketLeague.Release&AppVersion=1210528741&AppEnvironment=Prod&UploadType=eteventstream&UserID=|8818b4dba79a43d18b986f46e4d00392|||Epic|8818b4dba79a43d18b986f46e4d00392|0&SessionID=7ED88ADF457E5D0E09C349A06FC64359
[3927.70] DevOnline: WebRequest_X_117 RECV: 204 
[3945.36] XPProgression: GFxHUD_TA.HandleGameStateChanged Current player match score = 501, UniqueId=(Epic|8818b4dba79a43d18b986f46e4d00392|0), with total match time = 300.6402 seconds, with total net time = 300.6402seconds
[3945.36] Party: Ranked Game Finished, Clear party member server
[3945.36] RankedReconnect: RankedReconnectSave_TA_0.ClearRankedReconnect()
[3945.59] PartyChallenge: UpdateChallengeProgressForCompetitive bChallengesComplete=(True) ChallengeState=(Challenge_Success) bChallengeSync=(True) bChallengesAreValid=(True) bLegacyPlayer=(False) bGuestAccount=(False) Online_X.UniqueNetIDToString(Manager.Outer.PlayerID)=(Epic|8818b4dba79a43d18b986f46e4d00392|0) Complete
[3945.60] PsyNet: PsyNetServiceProvider_X_1 ExecuteService Complete, Service=Challenges/PlayerProgress 
[3945.68] PartyChallenge: UpdateChallengeProgressForCompetitive bChallengesComplete=(True) ChallengeState=(Challenge_Success) bChallengeSync=(True) bChallengesAreValid=(True) bLegacyPlayer=(False) bGuestAccount=(False) Online_X.UniqueNetIDToString(Manager.Outer.PlayerID)=(Epic|8818b4dba79a43d18b986f46e4d00392|0) Complete
[3945.69] PsyNet: PsyNetServiceProvider_X_1 ExecuteService Complete, Service=Challenges/PlayerProgress 
[3945.71] XPProgression: SaveData_TA.HandleRewardDropNotification PsyNetService_RewardDropReceived_TA returned Total XP Earned = 2243.0000, in match with ID = B9D3196611F12DB4744593AEBDA41A2F , Current player match score = 501, UniqueId=(Epic|8818b4dba79a43d18b986f46e4d00392|0), with total match time = 300.8394 seconds, with total net time = 300.8394seconds
[3945.71] PartyChallenge: UpdateXPLevelForPlayer InPlayerId=(Epic|8818b4dba79a43d18b986f46e4d00392|0) InXPLevel=(343)
[3945.71] PsyNet: PsyNetServiceProvider_X_1 ExecuteService Complete, Service=Reward/RewardResult 
[3945.71] ScriptLog: GetDLCProducts, UnlockedDLCList=
[3946.05] PsyNet: PsyNetChannel_X_0 party:2uuPQ5vF receive message MessageID=257
[3946.05] PsyNet: PsyNetChannel_X_0 party:2uuPQ5vF executing MessageID=257
[3946.06] PsyNet: PsyNetServiceProvider_X_1 ExecuteService Complete, Service=Party/System 
[3946.35] EOSGameClips: EOSGameClips: Starting background recording: API Version 2, Clip Duration 30
[3948.06] DevOnline: PlayerDataStorage_WriteFile: Beginning to upload file. User=(8818b4dba79a43d18b986f46e4d00392) FileName=(RLSettingsData)
[3948.34] ScriptWarning: ScriptWarning, Accessed None 'Car'
	CarComponent_Boost_TA Paname_Dusk_P.TheWorld:PersistentLevel.CarComponent_Boost_TA_607
	Function TAGame.CarComponent_Boost_TA:GiveBoost:01A5
Script call stack:
	Function TAGame.CarComponent_Boost_TA:ClientGiveBoost
	Function TAGame.CarComponent_Boost_TA:GiveBoost

[3948.35] XPProgression: GFxHUD_TA.HandleGameStateChanged Current player match score = 501, UniqueId=(Epic|8818b4dba79a43d18b986f46e4d00392|0), with total match time = 300.8394 seconds, with total net time = 300.8394seconds
[3948.35] Party: Ranked Game Finished, Clear party member server
[3948.35] RankedReconnect: RankedReconnectSave_TA_0.ClearRankedReconnect()
[3948.89] PsyNet: PsyNetChannel_X_0 party:2uuPQ5vF receive message MessageID=258
[3948.89] PsyNet: PsyNetChannel_X_0 party:2uuPQ5vF executing MessageID=258
[3948.89] Party: HandleLobbyReceiveBinaryData LobbyUID=PsyNet-2uuPQ5vF MemberIndex=0 PlayerUID=PS4|785668489479049324|0 Message=PartyMessage_SearchStatus_X
[3948.89] Party: HandleSearchStatus StatusMessage.SearchState=(Searching) StatusMessage.bIsSearching=(True)
[3948.90] PsyNet: PsyNetServiceProvider_X_1 ExecuteService Complete, Service=Party/System 
[3949.24] DevOnline: PlayerDataStorage_WriteFile: File upload complete. User=(8818b4dba79a43d18b986f46e4d00392) FileName=(RLSettingsData) Success=(1)
[3949.24] SettingsExport: Settings data upload complete. Success: True
[3949.27] PsyNet: PsyNetChannel_X_0 party:2uuPQ5vF receive message MessageID=259
[3949.27] PsyNet: PsyNetChannel_X_0 party:2uuPQ5vF executing MessageID=259
[3949.27] Party: HandleLobbyReceiveBinaryData LobbyUID=PsyNet-2uuPQ5vF MemberIndex=0 PlayerUID=PS4|785668489479049324|0 Message=PartyMessage_SearchStatus_X
[3949.27] Party: HandleSearchStatus StatusMessage.SearchState=(OnlineGameMatchmaking_X) StatusMessage.bIsSearching=(False)
[3949.27] PsyNet: PsyNetServiceProvider_X_1 ExecuteService Complete, Service=Party/System 
[3949.34] EOSGameClips: EOSGameClips: Starting background recording: API Version 2, Clip Duration 30
[3949.64] PsyNet: PsyNetChannel_X_0 party:2uuPQ5vF receive message MessageID=260
[3949.64] PsyNet: PsyNetChannel_X_0 party:2uuPQ5vF executing MessageID=260
[3949.64] Party: HandleLobbyReceiveBinaryData LobbyUID=PsyNet-2uuPQ5vF MemberIndex=0 PlayerUID=PS4|785668489479049324|0 Message=PartyMessage_SearchStatus_X
[3949.64] Party: HandleSearchStatus StatusMessage.SearchState=(Searching) StatusMessage.bIsSearching=(True)
[3949.65] PsyNet: PsyNetServiceProvider_X_1 ExecuteService Complete, Service=Party/System 
[3950.68] PsyNet: PsyNetChannel_X_0 party:2uuPQ5vF receive message MessageID=261
[3950.68] PsyNet: PsyNetChannel_X_0 party:2uuPQ5vF executing MessageID=261
[3950.68] Party: HandleLobbyReceiveBinaryData LobbyUID=PsyNet-2uuPQ5vF MemberIndex=0 PlayerUID=PS4|785668489479049324|0 Message=PartyMessage_SearchStatus_X
[3950.68] Party: HandleSearchStatus StatusMessage.SearchState=(Searching) StatusMessage.bIsSearching=(True)
[3950.69] PsyNet: PsyNetServiceProvider_X_1 ExecuteService Complete, Service=Party/System 
[3953.05] Log: FSaveDataExportTask(0) wrote 1063969 bytes to memory
[3953.05] Log: SaveGameDataAsync game thread time: 8 ms
[3953.06] Log: Deleting old save file ..\..\TAGame\SaveDataEpic\DBE_Production\8818b4dba79a43d18b986f46e4d00392_2.save
[3953.07] Log: SaveDataExport(0): Finished - File:[..\..\TAGame\SaveDataEpic\DBE_Production\8818b4dba79a43d18b986f46e4d00392_1.save] Result:[1]
[3953.07] SettingsExport: CreateSnapshot Metadata {"userId":"Epic|8818b4dba79a43d18b986f46e4d00392|0","platformKey":"Epic","schemaVersion":0,"clientVersion":1532151,"timestampUtc":1775039409,"settingsVersion":7993,"checksum":961503684 Payload Size  97007
[3953.07] SettingsExport: Payload changed. Notifying new Checksum: 961503684
[3953.07] SettingsExport: Local settings updated, uploading data
[3953.22] Log: FUniqueNetId::FromString - could not parse ''
[3953.35] PsyNetStaticData: HandleCacheExpired
[3953.35] PsyNetStaticData: UpdateCacheTimerEnabled CacheTimer.bEnabled=(True)
[3953.35] XPProgression: GFxHUD_TA.HandleGameStateChanged Current player match score = 501, UniqueId=(Epic|8818b4dba79a43d18b986f46e4d00392|0), with total match time = 300.8394 seconds, with total net time = 300.8394seconds
[3953.35] Party: Ranked Game Finished, Clear party member server
[3953.35] RankedReconnect: RankedReconnectSave_TA_0.ClearRankedReconnect()
[3953.37] Online: TryToPlayOnline ControllerID=(-1)
[3953.37] Online: HandlePrivilegeCheckFinished PrivilegeCheck.bHasRestriction=(False)
[3953.37] Online: HandlePrivilegeCheck PrivilegeCheck.bHasRestriction=(False)
[3953.38] EOSGameClips: EOSGameClips: Recording changed from Recording to NotRecording.
[3953.38] DevOnline: WebRequest_X_118 SEND: https://config.psynet.gg/v2/Config/BattleCars/1210528741/Prod/Epic/INT/
[3953.50] DevOnline: WebRequest_X_118 RECV: 304 
[3953.55] DevOnline: EOSSDK-LogEOSGameClips: Missing encoder drain completed message.
[3954.35] PsyNetBeaconDetail_X: PsyNetBeacon_X_0 ReserveConnection ReservationID=(837BD976ACDB42E3B7C7D0827B65149D) ConnectionID=(eyJ0eXAiOiJKV1QiLCJhbGciOiJIUzUxMiJ9.eyJqdGkiOiI3ZjYyOWVhN2FjNmU0YzM4YjI2NzBhOTNjYWIwMTQ3YSIsImlzcyI6IlBzeU5ldCIsInBsYXllcl9pZCI6IkVwaWN8ODgxOGI0ZGJhNzlhNDNkMThiOTg2ZjQ2ZTRkMDAzOTJ8MCIsInNlcnZlcl9uYW1lIjoiRVU3LTBGNDczMjM0QTBBNDQ2RTMyLUVsZXZhdGlvbiIsImlhdCI6MTc3NTAzOTQxMCwibmJmIjoxNzc1MDM5NDEwLCJleHAiOjE3NzUwNTM4MTB9.ED-oofc6UzKST3BSGSDiw3FY1MKlaX1AWhaa5ifrP8FIneomuUXmcJKJvXuae1IJ9CEsRIdOhDarXEeZ0RdKDg)
[3954.35] PsyNetBeaconDetail_X: PsyNetBeacon_X_0 ClientHandleMessage Message.MessageType=(ClientReservationMessage_X) Message.ReservationID=(837BD976ACDB42E3B7C7D0827B65149D)
[3954.35] Party: Received game server from notification (v3) Message.Reservation=((ServerName="EU7-0F473234A0A446E32-Elevation",Playlist=11,Region="EU",ReservationID="837BD976ACDB42E3B7C7D0827B65149D",DSRToken="eyJ0eXAiOiJKV1QiLCJhbGciOiJIUzUxMiJ9.eyJqdGkiOiI3ZjYyOWVhN2FjNmU0YzM4YjI2NzBhOTNjYWIwMTQ3YSIsImlzcyI6IlBzeU5ldCIsInBsYXllcl9pZCI6IkVwaWN8ODgxOGI0ZGJhNzlhNDNkMThiOTg2ZjQ2ZTRkMDAzOTJ8MCIsInNlcnZlcl9uYW1lIjoiRVU3LTBGNDczMjM0QTBBNDQ2RTMyLUVsZXZhdGlvbiIsImlhdCI6MTc3NTAzOTQxMCwibmJmIjoxNzc1MDM5NDEwLCJleHAiOjE3NzUwNTM4MTB9.ED-oofc6UzKST3BSGSDiw3FY1MKlaX1AWhaa5ifrP8FIneomuUXmcJKJvXuae1IJ9CEsRIdOhDarXEeZ0RdKDg",JoinName="L4VRCA71K86NKA3A",JoinPassword="PJ978JNXQA33HR2S"))
[3954.36] JoinGame: StartJoin Reservation=((ServerName="EU7-0F473234A0A446E32-Elevation",Playlist=11,Region="EU",ReservationID="837BD976ACDB42E3B7C7D0827B65149D",DSRToken="eyJ0eXAiOiJKV1QiLCJhbGciOiJIUzUxMiJ9.eyJqdGkiOiI3ZjYyOWVhN2FjNmU0YzM4YjI2NzBhOTNjYWIwMTQ3YSIsImlzcyI6IlBzeU5ldCIsInBsYXllcl9pZCI6IkVwaWN8ODgxOGI0ZGJhNzlhNDNkMThiOTg2ZjQ2ZTRkMDAzOTJ8MCIsInNlcnZlcl9uYW1lIjoiRVU3LTBGNDczMjM0QTBBNDQ2RTMyLUVsZXZhdGlvbiIsImlhdCI6MTc3NTAzOTQxMCwibmJmIjoxNzc1MDM5NDEwLCJleHAiOjE3NzUwNTM4MTB9.ED-oofc6UzKST3BSGSDiw3FY1MKlaX1AWhaa5ifrP8FIneomuUXmcJKJvXuae1IJ9CEsRIdOhDarXEeZ0RdKDg",JoinName="L4VRCA71K86NKA3A",JoinPassword="PJ978JNXQA33HR2S")) JoinSettings=((PlaylistId=11,Password="PJ978JNXQA33HR2S"))
[3954.36] JoinGame: GotoJoinGameState OnlineGameJoinGame_TA -> VerifyPrivileges
[3954.36] Online: TryToPlayOnline ControllerID=(-1)
[3954.36] PsyNet: PsyNetServiceProvider_X_1 ExecuteService Complete, Service=DSR/ClientMessage 
[3954.36] Online: HandlePrivilegeCheckFinished PrivilegeCheck.bHasRestriction=(False)
[3954.36] JoinGame: GotoJoinGameState VerifyPrivileges -> ReservingServerForMatchmaking
[3954.36] PsyNetBeaconDetail_X: PsyNetBeacon_X_0 SendMessageToServer Message=(AddReservationMessagePublic_X_12)
[3954.78] PsyNet: PsyNetChannel_X_0 party:2uuPQ5vF receive message MessageID=262
[3954.78] PsyNet: PsyNetChannel_X_0 party:2uuPQ5vF executing MessageID=262
[3954.78] Party: HandleLobbyReceiveBinaryData LobbyUID=PsyNet-2uuPQ5vF MemberIndex=0 PlayerUID=PS4|785668489479049324|0 Message=PartyMessage_SearchStatus_X
[3954.78] Party: HandleSearchStatus StatusMessage.SearchState=(Joining) StatusMessage.bIsSearching=(True)
[3954.79] PsyNet: PsyNetServiceProvider_X_1 ExecuteService Complete, Service=Party/System 
[3954.90] PsyNetBeaconDetail_X: PsyNetBeacon_X_0 ClientHandleMessage Message.MessageType=(ReservationsWaitingMessage_X) Message.ReservationID=(837BD976ACDB42E3B7C7D0827B65149D)
[3954.90] JoinGame: Waiting for more players to add reservations
[3954.90] Party: HandleServerReserved (Reservation=(ServerName="EU7-0F473234A0A446E32-Elevation",Playlist=11,Region="EU",ReservationID="837BD976ACDB42E3B7C7D0827B65149D",DSRToken="eyJ0eXAiOiJKV1QiLCJhbGciOiJIUzUxMiJ9.eyJqdGkiOiI3ZjYyOWVhN2FjNmU0YzM4YjI2NzBhOTNjYWIwMTQ3YSIsImlzcyI6IlBzeU5ldCIsInBsYXllcl9pZCI6IkVwaWN8ODgxOGI0ZGJhNzlhNDNkMThiOTg2ZjQ2ZTRkMDAzOTJ8MCIsInNlcnZlcl9uYW1lIjoiRVU3LTBGNDczMjM0QTBBNDQ2RTMyLUVsZXZhdGlvbiIsImlhdCI6MTc3NTAzOTQxMCwibmJmIjoxNzc1MDM5NDEwLCJleHAiOjE3NzUwNTM4MTB9.ED-oofc6UzKST3BSGSDiw3FY1MKlaX1AWhaa5ifrP8FIneomuUXmcJKJvXuae1IJ9CEsRIdOhDarXEeZ0RdKDg",JoinName="L4VRCA71K86NKA3A",JoinPassword="PJ978JNXQA33HR2S"),JoinCredentials="L4VRCA71K86NKA3A:PJ978JNXQA33HR2S")
[3954.90] PsyNet: PsyNetServiceProvider_X_1 ExecuteService Complete, Service=DSR/ClientMessage 
[3955.13] PsyNet: PsyNetChannel_X_0 party:2uuPQ5vF receive message MessageID=263
[3955.13] PsyNet: PsyNetChannel_X_0 party:2uuPQ5vF executing MessageID=263
[3955.13] Party: HandleLobbyReceiveBinaryData LobbyUID=PsyNet-2uuPQ5vF MemberIndex=0 PlayerUID=PS4|785668489479049324|0 Message=PartyMessage_JoinGame_X
[3955.13] Party: HandlePartyJoinGame MatchSettings=((ServerName="EU7-0F473234A0A446E32-Elevation",PlaylistId=11,CustomPassword="PJ978JNXQA33HR2S",ReservationID="837BD976ACDB42E3B7C7D0827B65149D",JoinName="L4VRCA71K86NKA3A",JoinPassword="PJ978JNXQA33HR2S"))
[3955.14] PsyNet: PsyNetServiceProvider_X_1 ExecuteService Complete, Service=Party/System 
[3955.91] PsyNetBeaconDetail_X: PsyNetBeacon_X_0 ClientHandleMessage Message.MessageType=(ReservationsReadyMessage_X) Message.ReservationID=(837BD976ACDB42E3B7C7D0827B65149D)
[3955.91] Party: HandleServerReserved (Reservation=(ServerName="EU7-0F473234A0A446E32-Elevation",Playlist=11,Region="EU",ReservationID="837BD976ACDB42E3B7C7D0827B65149D",DSRToken="eyJ0eXAiOiJKV1QiLCJhbGciOiJIUzUxMiJ9.eyJqdGkiOiI3ZjYyOWVhN2FjNmU0YzM4YjI2NzBhOTNjYWIwMTQ3YSIsImlzcyI6IlBzeU5ldCIsInBsYXllcl9pZCI6IkVwaWN8ODgxOGI0ZGJhNzlhNDNkMThiOTg2ZjQ2ZTRkMDAzOTJ8MCIsInNlcnZlcl9uYW1lIjoiRVU3LTBGNDczMjM0QTBBNDQ2RTMyLUVsZXZhdGlvbiIsImlhdCI6MTc3NTAzOTQxMCwibmJmIjoxNzc1MDM5NDEwLCJleHAiOjE3NzUwNTM4MTB9.ED-oofc6UzKST3BSGSDiw3FY1MKlaX1AWhaa5ifrP8FIneomuUXmcJKJvXuae1IJ9CEsRIdOhDarXEeZ0RdKDg",JoinName="L4VRCA71K86NKA3A",JoinPassword="PJ978JNXQA33HR2S"),PingURL="18.170.204.28:7729",GameURL="18.170.204.28:7728",JoinCredentials="L4VRCA71K86NKA3A:PJ978JNXQA33HR2S")
[3955.91] JoinGame: GotoJoinGameState ReservingServerForMatchmaking -> JoinCountdown
[3955.91] PsyNetBeaconDetail_X: PsyNetBeacon_X_0 SendMessageToServer Message=(PingMessage_X_36)
[3955.92] PsyNet: PsyNetServiceProvider_X_1 ExecuteService Complete, Service=DSR/ClientMessage 
[3956.25] PsyNet: PsyNetChannel_X_0 party:2uuPQ5vF receive message MessageID=264
[3956.25] PsyNet: PsyNetChannel_X_0 party:2uuPQ5vF executing MessageID=264
[3956.25] Party: HandleLobbyReceiveBinaryData LobbyUID=PsyNet-2uuPQ5vF MemberIndex=0 PlayerUID=PS4|785668489479049324|0 Message=PartyMessage_JoinGame_X
[3956.25] Party: HandlePartyJoinGame MatchSettings=((ServerName="EU7-0F473234A0A446E32-Elevation",PlaylistId=11,CustomPassword="PJ978JNXQA33HR2S",ReservationID="837BD976ACDB42E3B7C7D0827B65149D",JoinName="L4VRCA71K86NKA3A",JoinPassword="PJ978JNXQA33HR2S"))
[3956.26] PsyNet: PsyNetServiceProvider_X_1 ExecuteService Complete, Service=Party/System 
[3956.44] PsyNetBeaconDetail_X: PsyNetBeacon_X_0 ClientHandleMessage Message.MessageType=(PingMessage_X) Message.ReservationID=(837BD976ACDB42E3B7C7D0827B65149D)
[3956.44] PsyNet: PsyNetServiceProvider_X_1 ExecuteService Complete, Service=DSR/ClientMessage 
[3958.91] JoinGame: GotoJoinGameState JoinCountdown -> OpeningLoadingScreen
[3958.91] RankedReconnect: OnlineGameJoinGame_TA_0::OpeningLoadingScreen.BeginState()
[3958.91] RankedReconnect: LocalPlayer_TA_0.UpdateRankedReconnect() RankedTeamDoubles True 4 False
[3958.91] RankedReconnect: RankedReconnectSave_TA_0.SetRankedReconnect() Server=((Reservation=(ServerName="EU7-0F473234A0A446E32-Elevation",Playlist=11,Region="EU",ReservationID="837BD976ACDB42E3B7C7D0827B65149D",DSRToken="eyJ0eXAiOiJKV1QiLCJhbGciOiJIUzUxMiJ9.eyJqdGkiOiI3ZjYyOWVhN2FjNmU0YzM4YjI2NzBhOTNjYWIwMTQ3YSIsImlzcyI6IlBzeU5ldCIsInBsYXllcl9pZCI6IkVwaWN8ODgxOGI0ZGJhNzlhNDNkMThiOTg2ZjQ2ZTRkMDAzOTJ8MCIsInNlcnZlcl9uYW1lIjoiRVU3LTBGNDczMjM0QTBBNDQ2RTMyLUVsZXZhdGlvbiIsImlhdCI6MTc3NTAzOTQxMCwibmJmIjoxNzc1MDM5NDEwLCJleHAiOjE3NzUwNTM4MTB9.ED-oofc6UzKST3BSGSDiw3FY1MKlaX1AWhaa5ifrP8FIneomuUXmcJKJvXuae1IJ9CEsRIdOhDarXEeZ0RdKDg",JoinName="L4VRCA71K86NKA3A",JoinPassword="PJ978JNXQA33HR2S"),PingURL="18.170.204.28:7729",GameURL="18.170.204.28:7728",JoinCredentials="L4VRCA71K86NKA3A:PJ978JNXQA33HR2S")) EpochNow=(1775039415)
[3958.92] DevNet: Browse: JoinGameTransition?Name=%e6%bc%a2+%e9%be%8d+%e7%8e%8b+%e7%a5%9e+%e9%97%87%e6%bc%a2+%e9%be%8d+%e7%8e%8b+%e7%a5%9e?game=TAGame.GameInfo_Transition_TA
[3958.97] Log: FSaveDataExportTask(0) wrote 1064898 bytes to memory
[3958.97] Log: SaveGameDataAsync game thread time: 8 ms
[3958.98] Log: LoadMap: JoinGameTransition?Name=%e6%bc%a2+%e9%be%8d+%e7%8e%8b+%e7%a5%9e+%e9%97%87%e6%bc%a2+%e9%be%8d+%e7%8e%8b+%e7%a5%9e?game=TAGame.GameInfo_Transition_TA
[3958.98] Spawn: TextChatActor_TA_36 Destroyed
[3958.98] EOSGameClips: ShutDown : Shutting down EOSGameClipsController_TA. Self=(EOSGameClipsController_TA_16) PlayerOwner?.GetUniqueNetId()=(Epic|8818b4dba79a43d18b986f46e4d00392|0)
[3958.98] Spawn: TextChatActor_TA_37 Destroyed
[3958.98] Spawn: TextChatActor_TA_38 Destroyed
[3958.98] Spawn: TextChatActor_TA_39 Destroyed
[3958.98] Spawn: TextChatActor_TA_40 Destroyed
[3959.00] Log: Deleting old save file ..\..\TAGame\SaveDataEpic\DBE_Production\8818b4dba79a43d18b986f46e4d00392.save
[3959.00] Log: SaveDataExport(0): Finished - File:[..\..\TAGame\SaveDataEpic\DBE_Production\8818b4dba79a43d18b986f46e4d00392_2.save] Result:[1]
[3959.00] DevOnline: PsyNet Flush Start TimeoutSeconds=0.250000
[3959.20] DevOnline: PsyNet Flush End
[3959.22] NetComeGo: Close TcpipConnection_8 18.168.71.65:8128 01/04/2026 11:30:18 'Control channel cleanup'
[3959.22] NetComeGo: TcpipConnection_8 Control channel closed, reason=Control channel cleanup
[3959.26] Exit: TcpNetDriver_8 shut down
[3959.27] Log: Fully load package: ..\..\TAGame\CookedPCConsole\GameInfo_Transition_SF.upk
[3959.27] Log: Game class is 'GameInfo_Transition_TA'
[3959.29] Log: Bringing World JoinGameTransition.TheWorld up for play (0) at 2026.04.01-11.30.18
[3959.29] Log: Bringing up level for play took: 0.010958
[3959.29] PartyChallenge: UpdateChallengeProgressForCompetitive bChallengesComplete=(True) ChallengeState=(Challenge_Success) bChallengeSync=(True) bChallengesAreValid=(True) bLegacyPlayer=(False) bGuestAccount=(False) Online_X.UniqueNetIDToString(Manager.Outer.PlayerID)=(Epic|8818b4dba79a43d18b986f46e4d00392|0) Complete
[3959.29] PartyChallenge: InitializeCompetitiveChallenges bGuestAccount=(False) bCompletedChallengesForCompetitive=(True) bLegacyPlayer=(False) Online_X.UniqueNetIDToString(OnlinePlayer.PlayerID)=(Epic|8818b4dba79a43d18b986f46e4d00392|0)
[3959.29] JoinGame: GotoJoinGameState OpeningLoadingScreen -> JoiningNewServer
[3959.29] DevNet: SetProgress, MessageType=1, Title=, Message=Connecting...
[3959.29] Log: ########### Finished loading level: 0.309467 seconds
[3959.29] SettingsExport: CreateSnapshot Metadata {"userId":"Epic|8818b4dba79a43d18b986f46e4d00392|0","platformKey":"Epic","schemaVersion":0,"clientVersion":1532151,"timestampUtc":1775039417,"settingsVersion":7994,"checksum":-497033507 Payload Size  97007
[3959.29] SettingsExport: Payload changed. Notifying new Checksum: -497033507
[3959.29] SettingsExport: Local settings updated, uploading data
[3959.29] DevNet: Browse: 18.170.204.28:7728/MENU_Main_p?Name=%e6%bc%a2+%e9%be%8d+%e7%8e%8b+%e7%a5%9e+%e9%97%87%e6%bc%a2+%e9%be%8d+%e7%8e%8b+%e7%a5%9e
[3959.29] DevNet: Game client on port 7728, rate 15000
[3959.29] NetComeGo: SEND first packet Length=80 CRC=1848516145
[3959.32] NetComeGo: TcpipConnection_9 RECV first packet IP=18.170.204.28:7728 Length=15 CRC=1108976620 HandshakeStatus=0 bUseSessionUID=1 InSessionUID=(0 0 0) SessionUID=(0 0 0)
[3959.32] NetComeGo: Client set SessionUID to: 120 65 31
[3959.39] DevNet: Welcomed by server (Level: cs_p, Game: TAGame.GameInfo_Soccar_TA, GameTags: )
[3959.40] Log: FSaveDataExportTask(0) wrote 1064898 bytes to memory
[3959.40] Log: SaveGameDataAsync game thread time: 8 ms
[3959.42] Log: Deleting old save file ..\..\TAGame\SaveDataEpic\DBE_Production\8818b4dba79a43d18b986f46e4d00392_1.save
[3959.42] Log: SaveDataExport(0): Finished - File:[..\..\TAGame\SaveDataEpic\DBE_Production\8818b4dba79a43d18b986f46e4d00392.save] Result:[1]
[3959.42] Log: Flushing async loaders.
[3959.43] Log: Flushed async loaders.
[3959.43] Log: LoadMap: 18.170.204.28:7728/cs_p?Name=%e6%bc%a2+%e9%be%8d+%e7%8e%8b+%e7%a5%9e+%e9%97%87%e6%bc%a2+%e9%be%8d+%e7%8e%8b+%e7%a5%9e?game=TAGame.GameInfo_Soccar_TA
[3959.44] DevOnline: PsyNet Flush Start TimeoutSeconds=0.250000
[3959.46] PsyNet: PsyNetChannel_X_0 party:2uuPQ5vF receive message MessageID=265
[3959.46] PsyNet: PsyNetChannel_X_0 party:2uuPQ5vF executing MessageID=265
[3959.48] PsyNet: PsyNetServiceProvider_X_1 ExecuteService Complete, Service=Party/System 
[3959.64] DevOnline: PsyNet Flush End
[3959.65] Log: Fully load package: ..\..\TAGame\CookedPCConsole\GameInfo_Soccar_SF.upk
[3959.69] Log: Fully load package: ..\..\TAGame\CookedPCConsole\GFxSounds_XP_SF.upk
[3959.70] Log: Fully load package: ..\..\TAGame\CookedPCConsole\GFx_XPProgressMenu_SF.upk
[3959.72] Log: Fully load package: ..\..\TAGame\CookedPCConsole\GFX_EndGameMenu_SF.upk
[3959.77] Log: Fully load package: ..\..\TAGame\CookedPCConsole\GFX_WinnerMenu_SF.upk
[3959.79] Log: Fully load package: ..\..\TAGame\CookedPCConsole\GFX_MidGameScoreboard_SF.upk
[3959.79] Log: Fully load package: ..\..\TAGame\CookedPCConsole\GFX_MidGameMenu_SF.upk
[3959.80] Log: Fully load package: ..\..\TAGame\CookedPCConsole\GFX_HudMatchInfo_SF.upk
[3959.81] Log: Fully load package: ..\..\TAGame\CookedPCConsole\GFX_Hud_SF.upk
[3960.21] Log: Bringing World cs_p.TheWorld up for play (0) at 2026.04.01-11.30.19
[3960.22] Log: Bringing up level for play took: 0.039070
[3960.37] RootMenu: [GFx] UIShellInstance - setting the shell instance
[3960.39] PartyChallenge: UpdateChallengeProgressForCompetitive bChallengesComplete=(True) ChallengeState=(Challenge_Success) bChallengeSync=(True) bChallengesAreValid=(True) bLegacyPlayer=(False) bGuestAccount=(False) Online_X.UniqueNetIDToString(Manager.Outer.PlayerID)=(Epic|8818b4dba79a43d18b986f46e4d00392|0) Complete
[3960.39] PartyChallenge: InitializeCompetitiveChallenges bGuestAccount=(False) bCompletedChallengesForCompetitive=(True) bLegacyPlayer=(False) Online_X.UniqueNetIDToString(OnlinePlayer.PlayerID)=(Epic|8818b4dba79a43d18b986f46e4d00392|0)
[3960.39] JoinGame: OnJoinGameComplete bSuccess=(True) FailReason=()
[3960.39] JoinGame: GotoJoinGameState JoiningNewServer -> None
[3960.39] PsyNetBeaconDetail_X: PsyNetBeacon_X_0 Close
[3960.39] PsyNetBeaconDetail_X: PsyNetBeacon_X_0 CloseConnection Connection.ConnectionID=(eyJ0eXAiOiJKV1QiLCJhbGciOiJIUzUxMiJ9.eyJqdGkiOiI3ZjYyOWVhN2FjNmU0YzM4YjI2NzBhOTNjYWIwMTQ3YSIsImlzcyI6IlBzeU5ldCIsInBsYXllcl9pZCI6IkVwaWN8ODgxOGI0ZGJhNzlhNDNkMThiOTg2ZjQ2ZTRkMDAzOTJ8MCIsInNlcnZlcl9uYW1lIjoiRVU3LTBGNDczMjM0QTBBNDQ2RTMyLUVsZXZhdGlvbiIsImlhdCI6MTc3NTAzOTQxMCwibmJmIjoxNzc1MDM5NDEwLCJleHAiOjE3NzUwNTM4MTB9.ED-oofc6UzKST3BSGSDiw3FY1MKlaX1AWhaa5ifrP8FIneomuUXmcJKJvXuae1IJ9CEsRIdOhDarXEeZ0RdKDg)
[3960.39] Spawn: TextChatActor_TA_41 OnOwnerChanged PlayerController_TA_17
[3960.39] EOSGameClips: Construct Constructed EOSGameClipsController_TA. Self=(EOSGameClipsController_TA_17)
[3960.39] Log: ########### Finished loading level: 0.959645 seconds
[3960.39] SettingsExport: Settings content not changed. Will not update the Settings Online
[3960.39] PsyNet: PsyNetChannel_X_0 party:2uuPQ5vF receive message MessageID=266
[3960.39] PsyNet: PsyNetChannel_X_0 party:2uuPQ5vF executing MessageID=266
[3960.39] Party: HandleLobbyReceiveBinaryData LobbyUID=PsyNet-2uuPQ5vF MemberIndex=0 PlayerUID=PS4|785668489479049324|0 Message=PartyMessage_PartyMemberJoinGame_X
[3960.64] PsyNet: PsyNetServiceProvider_X_1 ExecuteService Complete, Service=Party/System 
[3960.64] EOSGameClips: ShutDown : Shutting down EOSGameClipsController_TA. Self=(EOSGameClipsController_TA_17) PlayerOwner?.GetUniqueNetId()=(Epic|8818b4dba79a43d18b986f46e4d00392|0)
[3960.65] PartyChallenge: UpdateChallengeProgressForCompetitive bChallengesComplete=(True) ChallengeState=(Challenge_Success) bChallengeSync=(True) bChallengesAreValid=(True) bLegacyPlayer=(False) bGuestAccount=(False) Online_X.UniqueNetIDToString(Manager.Outer.PlayerID)=(Epic|8818b4dba79a43d18b986f46e4d00392|0) Complete
[3960.65] PartyChallenge: InitializeCompetitiveChallenges bGuestAccount=(False) bCompletedChallengesForCompetitive=(True) bLegacyPlayer=(False) Online_X.UniqueNetIDToString(OnlinePlayer.PlayerID)=(Epic|8818b4dba79a43d18b986f46e4d00392|0)
[3960.65] EOSGameClips: Construct Constructed EOSGameClipsController_TA. Self=(EOSGameClipsController_TA_18)
[3960.65] ScriptLog: Client InputRate=60
[3960.65] DevNet: PlayerController_TA_18 setplayer LocalPlayer_TA_0
[3960.65] PsyNetStaticData: UpdateCacheTimerEnabled CacheTimer.bEnabled=(False)
[3960.65] MatchBroadcast: Init bBroadcastMatch=(False) MatchLog=(None)
[3960.67] ScriptLog: Uncached PlatformId for Epic|8818b4dba79a43d18b986f46e4d00392|0
[3960.67] ScriptLog: MatchGUID: C3127F6611F12DB5F1754782284E6B98
[3960.67] Spawn: TextChatActor_TA_42 OnOwnerChanged PlayerController_TA_18
[3960.72] RootMenu: [GFx] UIShellInstance - setting the shell instance
[3960.75] Eula: RequiresAcceptance? EulaConfig?.bRequiresAcceptance=(True) GetUISave()?.Contains('bAcceptedOfflineEULA')=(True) Eula.SyncState=(LSS_Accepted)
[3960.75] Party: BroadcastMatchmakingAvailabilityDelayed PartyMemberID:'Epic|8818b4dba79a43d18b986f46e4d00392|0' MatchmakeRestrictions=(0)
[3960.75] Party: SetAvailableForMatchmakingForMember PartyMemberID:'Epic|8818b4dba79a43d18b986f46e4d00392|0' MatchmakeRestrictions=(0)
[3960.77] LTM: SettingsType=(CustomMatchSettingsType_PrivateMatch)
[3961.04] PsyNet: PsyNetChannel_X_0 party:2uuPQ5vF receive message MessageID=267
[3961.04] PsyNet: PsyNetChannel_X_0 party:2uuPQ5vF executing MessageID=267
[3961.05] PsyNet: PsyNetServiceProvider_X_1 ExecuteService Complete, Service=Party/System 
[3961.74] DevOnline: WebRequest_X_119 SEND:  https://rl-cdn.psyonix.com/Ads/Prod/260.aC72R2Xg/402.jpg
[3961.74] DevOnline: WebRequest_X_119 RECV: 0 
[3961.74] Log: WebRequest_X_119 type: HTTPError, message: 
[3962.28] PsyNet: PsyNetChannel_X_0 party:2uuPQ5vF receive message MessageID=268
[3962.28] PsyNet: PsyNetChannel_X_0 party:2uuPQ5vF executing MessageID=268
[3962.29] PsyNet: PsyNetServiceProvider_X_1 ExecuteService Complete, Service=Party/System 
[3962.70] EOSVoice: Received full credentials from the server.
[3962.71] PsyNet: PsyNetServiceProvider_X_1 ExecuteService Complete, Service=VoiceChat/MatchToken 
[3963.11] PsyNet: PsyNetChannel_X_0 party:2uuPQ5vF receive message MessageID=269
[3963.11] PsyNet: PsyNetChannel_X_0 party:2uuPQ5vF executing MessageID=269
[3963.11] Party: HandleLobbyReceiveBinaryData LobbyUID=PsyNet-2uuPQ5vF MemberIndex=0 PlayerUID=PS4|785668489479049324|0 Message=PartyMessage_PartyMemberJoinGame_X
[3963.11] PsyNet: PsyNetServiceProvider_X_1 ExecuteService Complete, Service=Party/System 
[3963.61] PsyNet: PsyNetChannel_X_0 party:2uuPQ5vF receive message MessageID=270
[3963.61] PsyNet: PsyNetChannel_X_0 party:2uuPQ5vF executing MessageID=270
[3963.61] Party: HandleLobbyReceiveBinaryData LobbyUID=PsyNet-2uuPQ5vF MemberIndex=0 PlayerUID=PS4|785668489479049324|0 Message=PartyMessage_SearchStatus_X
[3963.61] Party: HandleSearchStatus StatusMessage.SearchState=(OnlineGameMatchmaking_X) StatusMessage.bIsSearching=(False)
[3963.62] PsyNet: PsyNetServiceProvider_X_1 ExecuteService Complete, Service=Party/System 
[3963.63] PsyNet: PsyNetChannel_X_0 party:2uuPQ5vF receive message MessageID=271
[3963.63] PsyNet: PsyNetChannel_X_0 party:2uuPQ5vF executing MessageID=271
[3963.63] Party: HandleLobbyReceiveBinaryData LobbyUID=PsyNet-2uuPQ5vF MemberIndex=0 PlayerUID=PS4|785668489479049324|0 Message=PartyMessage_MatchmakingAvailability_X
[3963.63] Party: SetAvailableForMatchmakingForMember PartyMemberID:'PS4|785668489479049324|0' MatchmakeRestrictions=(0)
[3963.64] PsyNet: PsyNetServiceProvider_X_1 ExecuteService Complete, Service=Party/System 
[3965.95] Log: Flushing async loaders.
[3965.95] Log: Flushed async loaders.
[3966.33] DevOnline: EOSSDK-LogEOSRTC: TickTracker Tick is delayed. TimePeriod=[10.006949s]  TickIntervalThreshold=[0.100000s] MaxTickInterval=[0.356651s] MaxExecutionTime=[0.000067s] TicksCount=[977] ExpectedTicksCount=[1000]
[3969.92] EOSGameClips: EOSGameClips: Starting background recording: API Version 2, Clip Duration 30
[3969.92] DevOnline: EOSSDK-LogEOSGameClips: Starting recording up to 30 seconds.
[3969.93] EOSGameClips: EOSGameClips: Recording changed from NotRecording to Recording.
[3973.93] EOSGameClips: EOSGameClips: Starting background recording: API Version 2, Clip Duration 30
[3988.18] DevOnline: WebRequest_X_120 SEND: https://datarouter.ol.epicgames.com/datarouter/api/v1/public/data?AppID=RocketLeague.Release&AppVersion=1210528741&AppEnvironment=Prod&UploadType=eteventstream&UserID=|8818b4dba79a43d18b986f46e4d00392|||Epic|8818b4dba79a43d18b986f46e4d00392|0&SessionID=7ED88ADF457E5D0E09C349A06FC64359
[3988.29] DevOnline: WebRequest_X_120 RECV: 204 
[4048.17] DevOnline: WebRequest_X_121 SEND: https://datarouter.ol.epicgames.com/datarouter/api/v1/public/data?AppID=RocketLeague.Release&AppVersion=1210528741&AppEnvironment=Prod&UploadType=eteventstream&UserID=|8818b4dba79a43d18b986f46e4d00392|||Epic|8818b4dba79a43d18b986f46e4d00392|0&SessionID=7ED88ADF457E5D0E09C349A06FC64359
[4048.29] DevOnline: WebRequest_X_121 RECV: 204 
[4062.06] EOSGameClips: EOSGameClips: Starting background recording: API Version 2, Clip Duration 30
[4064.62] EOSGameClips: EOSGameClips: Currently recording: true
[4065.60] EOSGameClips: EOSGameClips: Starting background recording: API Version 2, Clip Duration 30
[4075.62] EOSGameClips: EOSGameClips: Starting background recording: API Version 2, Clip Duration 30
[4079.59] EOSGameClips: EOSGameClips: Starting background recording: API Version 2, Clip Duration 30
[4108.16] DevOnline: WebRequest_X_122 SEND: https://datarouter.ol.epicgames.com/datarouter/api/v1/public/data?AppID=RocketLeague.Release&AppVersion=1210528741&AppEnvironment=Prod&UploadType=eteventstream&UserID=|8818b4dba79a43d18b986f46e4d00392|||Epic|8818b4dba79a43d18b986f46e4d00392|0&SessionID=7ED88ADF457E5D0E09C349A06FC64359
[4108.28] DevOnline: WebRequest_X_122 RECV: 204 
[4110.78] EOSGameClips: EOSGameClips: Starting background recording: API Version 2, Clip Duration 30
[4113.33] EOSGameClips: EOSGameClips: Currently recording: true
[4114.32] EOSGameClips: EOSGameClips: Starting background recording: API Version 2, Clip Duration 30
[4124.33] EOSGameClips: EOSGameClips: Starting background recording: API Version 2, Clip Duration 30
[4128.32] EOSGameClips: EOSGameClips: Starting background recording: API Version 2, Clip Duration 30
[4146.05] EOSGameClips: EOSGameClips: Currently recording: true
[4168.17] DevOnline: WebRequest_X_123 SEND: https://datarouter.ol.epicgames.com/datarouter/api/v1/public/data?AppID=RocketLeague.Release&AppVersion=1210528741&AppEnvironment=Prod&UploadType=eteventstream&UserID=|8818b4dba79a43d18b986f46e4d00392|||Epic|8818b4dba79a43d18b986f46e4d00392|0&SessionID=7ED88ADF457E5D0E09C349A06FC64359
[4168.28] DevOnline: WebRequest_X_123 RECV: 204 
[4185.19] EOSGameClips: EOSGameClips: Starting background recording: API Version 2, Clip Duration 30
[4187.75] EOSGameClips: EOSGameClips: Currently recording: true
[4188.74] EOSGameClips: EOSGameClips: Starting background recording: API Version 2, Clip Duration 30
[4191.92] EOSGameClips: EOSGameClips: Starting background recording: API Version 2, Clip Duration 30
[4195.92] EOSGameClips: EOSGameClips: Starting background recording: API Version 2, Clip Duration 30
[4228.16] DevOnline: WebRequest_X_124 SEND: https://datarouter.ol.epicgames.com/datarouter/api/v1/public/data?AppID=RocketLeague.Release&AppVersion=1210528741&AppEnvironment=Prod&UploadType=eteventstream&UserID=|8818b4dba79a43d18b986f46e4d00392|||Epic|8818b4dba79a43d18b986f46e4d00392|0&SessionID=7ED88ADF457E5D0E09C349A06FC64359
[4228.28] DevOnline: WebRequest_X_124 RECV: 204 
[4283.30] EOSGameClips: EOSGameClips: Starting background recording: API Version 2, Clip Duration 30
[4285.84] EOSGameClips: EOSGameClips: Currently recording: true
[4286.83] EOSGameClips: EOSGameClips: Starting background recording: API Version 2, Clip Duration 30
[4288.15] DevOnline: WebRequest_X_125 SEND: https://datarouter.ol.epicgames.com/datarouter/api/v1/public/data?AppID=RocketLeague.Release&AppVersion=1210528741&AppEnvironment=Prod&UploadType=eteventstream&UserID=|8818b4dba79a43d18b986f46e4d00392|||Epic|8818b4dba79a43d18b986f46e4d00392|0&SessionID=7ED88ADF457E5D0E09C349A06FC64359
[4288.27] DevOnline: WebRequest_X_125 RECV: 204 
[4289.80] XPProgression: GFxHUD_TA.HandleGameStateChanged Current player match score = 258, UniqueId=(Epic|8818b4dba79a43d18b986f46e4d00392|0), with total match time = 254.7954 seconds, with total net time = 254.7954seconds
[4289.80] Party: Ranked Game Finished, Clear party member server
[4289.80] RankedReconnect: RankedReconnectSave_TA_0.ClearRankedReconnect()
[4290.04] PartyChallenge: UpdateChallengeProgressForCompetitive bChallengesComplete=(True) ChallengeState=(Challenge_Success) bChallengeSync=(True) bChallengesAreValid=(True) bLegacyPlayer=(False) bGuestAccount=(False) Online_X.UniqueNetIDToString(Manager.Outer.PlayerID)=(Epic|8818b4dba79a43d18b986f46e4d00392|0) Complete
[4290.04] PsyNet: PsyNetServiceProvider_X_1 ExecuteService Complete, Service=Challenges/PlayerProgress 
[4290.05] PartyChallenge: UpdateChallengeProgressForCompetitive bChallengesComplete=(True) ChallengeState=(Challenge_Success) bChallengeSync=(True) bChallengesAreValid=(True) bLegacyPlayer=(False) bGuestAccount=(False) Online_X.UniqueNetIDToString(Manager.Outer.PlayerID)=(Epic|8818b4dba79a43d18b986f46e4d00392|0) Complete
[4290.05] PsyNet: PsyNetServiceProvider_X_1 ExecuteService Complete, Service=Challenges/PlayerProgress 
[4290.07] XPProgression: SaveData_TA.HandleRewardDropNotification PsyNetService_RewardDropReceived_TA returned Total XP Earned = 1898.0000, in match with ID = C3127F6611F12DB5F1754782284E6B98 , Current player match score = 258, UniqueId=(Epic|8818b4dba79a43d18b986f46e4d00392|0), with total match time = 254.7954 seconds, with total net time = 254.7954seconds
[4290.08] PsyNet: PsyNetServiceProvider_X_1 ExecuteService Complete, Service=Reward/RewardResult 
[4290.79] EOSGameClips: EOSGameClips: Starting background recording: API Version 2, Clip Duration 30
[4291.86] DevOnline: PlayerDataStorage_WriteFile: Beginning to upload file. User=(8818b4dba79a43d18b986f46e4d00392) FileName=(RLSaveData)
[4292.41] DevOnline: PlayerDataStorage_WriteFile: Beginning to upload file. User=(8818b4dba79a43d18b986f46e4d00392) FileName=(RLSettingsData)
[4292.78] ScriptWarning: ScriptWarning, Accessed None 'Car'
	CarComponent_Boost_TA cs_p.TheWorld:PersistentLevel.CarComponent_Boost_TA_649
	Function TAGame.CarComponent_Boost_TA:GiveBoost:01A5
Script call stack:
	Function TAGame.CarComponent_Boost_TA:ClientGiveBoost
	Function TAGame.CarComponent_Boost_TA:GiveBoost

[4292.78] XPProgression: GFxHUD_TA.HandleGameStateChanged Current player match score = 258, UniqueId=(Epic|8818b4dba79a43d18b986f46e4d00392|0), with total match time = 254.7954 seconds, with total net time = 254.7954seconds
[4292.78] Party: Ranked Game Finished, Clear party member server
[4292.78] RankedReconnect: RankedReconnectSave_TA_0.ClearRankedReconnect()
[4293.52] DevOnline: PlayerDataStorage_WriteFile: File upload complete. User=(8818b4dba79a43d18b986f46e4d00392) FileName=(RLSaveData) Success=(1)
[4293.57] DevOnline: PlayerDataStorage_WriteFile: File upload complete. User=(8818b4dba79a43d18b986f46e4d00392) FileName=(RLSettingsData) Success=(1)
[4293.57] SettingsExport: Settings data upload complete. Success: True
[4293.78] EOSGameClips: EOSGameClips: Starting background recording: API Version 2, Clip Duration 30
[4297.79] PsyNetStaticData: HandleCacheExpired
[4297.79] PsyNetStaticData: UpdateCacheTimerEnabled CacheTimer.bEnabled=(True)
[4297.79] XPProgression: GFxHUD_TA.HandleGameStateChanged Current player match score = 258, UniqueId=(Epic|8818b4dba79a43d18b986f46e4d00392|0), with total match time = 254.7954 seconds, with total net time = 254.7954seconds
[4297.79] Party: Ranked Game Finished, Clear party member server
[4297.79] RankedReconnect: RankedReconnectSave_TA_0.ClearRankedReconnect()
[4297.82] Online: TryToPlayOnline ControllerID=(-1)
[4297.82] Online: HandlePrivilegeCheckFinished PrivilegeCheck.bHasRestriction=(False)
[4297.82] Online: HandlePrivilegeCheck PrivilegeCheck.bHasRestriction=(False)
[4297.82] EOSGameClips: EOSGameClips: Recording changed from Recording to NotRecording.
[4297.83] DevOnline: WebRequest_X_126 SEND: https://config.psynet.gg/v2/Config/BattleCars/1210528741/Prod/Epic/INT/
[4297.89] Log: FSaveDataExportTask(0) wrote 1063969 bytes to memory
[4297.89] Log: SaveGameDataAsync game thread time: 8 ms
[4297.91] Log: Deleting old save file ..\..\TAGame\SaveDataEpic\DBE_Production\8818b4dba79a43d18b986f46e4d00392_2.save
[4297.91] Log: SaveDataExport(0): Finished - File:[..\..\TAGame\SaveDataEpic\DBE_Production\8818b4dba79a43d18b986f46e4d00392_1.save] Result:[1]
[4297.92] SettingsExport: CreateSnapshot Metadata {"userId":"Epic|8818b4dba79a43d18b986f46e4d00392|0","platformKey":"Epic","schemaVersion":0,"clientVersion":1532151,"timestampUtc":1775039754,"settingsVersion":7996,"checksum":-909352123 Payload Size  97007
[4297.92] SettingsExport: Payload changed. Notifying new Checksum: -909352123
[4297.92] SettingsExport: Local settings updated, uploading data
[4297.95] DevOnline: WebRequest_X_126 RECV: 304 
[4298.00] DevOnline: EOSSDK-LogEOSGameClips: Missing encoder drain completed message.
[4300.90] Log: FSaveDataExportTask(0) wrote 1063969 bytes to memory
[4300.90] Log: SaveGameDataAsync game thread time: 8 ms
[4300.92] Log: Deleting old save file ..\..\TAGame\SaveDataEpic\DBE_Production\8818b4dba79a43d18b986f46e4d00392.save
[4300.92] Log: SaveDataExport(0): Finished - File:[..\..\TAGame\SaveDataEpic\DBE_Production\8818b4dba79a43d18b986f46e4d00392_2.save] Result:[1]
[4300.92] SettingsExport: Settings content not changed. Will not update the Settings Online
[4302.72] DevNet: Bad connection: IP=18.170.204.28:7728 Name=" ç ã ^ «" ç ã ^ State=3 Ping=0.024237 ReceiveTime=0.000000 AckTime=0.274933
[4310.11] PsyNet: PsyNetChannel_X_0 party:2uuPQ5vF receive message MessageID=272
[4310.11] PsyNet: PsyNetChannel_X_0 party:2uuPQ5vF executing MessageID=272
[4310.11] Party: HandleLobbyReceiveBinaryData LobbyUID=PsyNet-2uuPQ5vF MemberIndex=0 PlayerUID=PS4|785668489479049324|0 Message=PartyMessage_SearchStatus_X
[4310.11] Party: HandleSearchStatus StatusMessage.SearchState=(Searching) StatusMessage.bIsSearching=(True)
[4310.11] PsyNet: PsyNetServiceProvider_X_1 ExecuteService Complete, Service=Party/System 
[4317.70] PsyNet: PsyNetChannel_X_0 party:2uuPQ5vF receive message MessageID=273
[4317.70] PsyNet: PsyNetChannel_X_0 party:2uuPQ5vF executing MessageID=273
[4317.70] Party: HandleLobbyReceiveBinaryData LobbyUID=PsyNet-2uuPQ5vF MemberIndex=0 PlayerUID=PS4|785668489479049324|0 Message=PartyMessage_PartyMemberJoinGame_X
[4317.70] Party: Ranked Game Finished, Clear party member server
[4317.71] PsyNet: PsyNetServiceProvider_X_1 ExecuteService Complete, Service=Party/System 
[4317.80] PsyNet: PsyNetChannel_X_0 party:2uuPQ5vF receive message MessageID=274
[4317.80] PsyNet: PsyNetChannel_X_0 party:2uuPQ5vF executing MessageID=274
[4317.80] Party: HandleLobbyReceiveBinaryData LobbyUID=PsyNet-2uuPQ5vF MemberIndex=0 PlayerUID=PS4|785668489479049324|0 Message=PartyMessage_MatchmakingAvailability_X
[4317.80] Party: SetAvailableForMatchmakingForMember PartyMemberID:'PS4|785668489479049324|0' MatchmakeRestrictions=(0)
[4317.81] PsyNet: PsyNetServiceProvider_X_1 ExecuteService Complete, Service=Party/System 
[4319.55] PsyNetBeaconDetail_X: PsyNetBeacon_X_0 ReserveConnection ReservationID=(8616731A2BEF42D0B1217041777DC6B5) ConnectionID=(eyJ0eXAiOiJKV1QiLCJhbGciOiJIUzUxMiJ9.eyJqdGkiOiIwZGM5NTM4ZTg1NWE0MDM1OTFmMzNjMGU1MGRkOGFkNyIsImlzcyI6IlBzeU5ldCIsInBsYXllcl9pZCI6IkVwaWN8ODgxOGI0ZGJhNzlhNDNkMThiOTg2ZjQ2ZTRkMDAzOTJ8MCIsInNlcnZlcl9uYW1lIjoiRVU3LTAwMkJDRENBMjRFRDIyQkFCLUFpbGVyb24yIiwiaWF0IjoxNzc1MDM5Nzc2LCJuYmYiOjE3NzUwMzk3NzYsImV4cCI6MTc3NTA1NDE3Nn0.XG2JnpDW2kvufgfMCKX65GHFZJdIRF8LBW0fKVfKcJwsyTjuGFOxu475bV62J1B2ISK88yZIgEBilUZlPnRdlQ)
[4319.55] PsyNetBeaconDetail_X: PsyNetBeacon_X_0 ClientHandleMessage Message.MessageType=(ClientReservationMessage_X) Message.ReservationID=(8616731A2BEF42D0B1217041777DC6B5)
[4319.55] Party: Received game server from notification (v3) Message.Reservation=((ServerName="EU7-002BCDCA24ED22BAB-Aileron2",Playlist=11,Region="EU",ReservationID="8616731A2BEF42D0B1217041777DC6B5",DSRToken="eyJ0eXAiOiJKV1QiLCJhbGciOiJIUzUxMiJ9.eyJqdGkiOiIwZGM5NTM4ZTg1NWE0MDM1OTFmMzNjMGU1MGRkOGFkNyIsImlzcyI6IlBzeU5ldCIsInBsYXllcl9pZCI6IkVwaWN8ODgxOGI0ZGJhNzlhNDNkMThiOTg2ZjQ2ZTRkMDAzOTJ8MCIsInNlcnZlcl9uYW1lIjoiRVU3LTAwMkJDRENBMjRFRDIyQkFCLUFpbGVyb24yIiwiaWF0IjoxNzc1MDM5Nzc2LCJuYmYiOjE3NzUwMzk3NzYsImV4cCI6MTc3NTA1NDE3Nn0.XG2JnpDW2kvufgfMCKX65GHFZJdIRF8LBW0fKVfKcJwsyTjuGFOxu475bV62J1B2ISK88yZIgEBilUZlPnRdlQ",JoinName="3ZH4DMLVU4G4PPVN",JoinPassword="KWLKNTZFM0P0HPLB"))
[4319.56] JoinGame: StartJoin Reservation=((ServerName="EU7-002BCDCA24ED22BAB-Aileron2",Playlist=11,Region="EU",ReservationID="8616731A2BEF42D0B1217041777DC6B5",DSRToken="eyJ0eXAiOiJKV1QiLCJhbGciOiJIUzUxMiJ9.eyJqdGkiOiIwZGM5NTM4ZTg1NWE0MDM1OTFmMzNjMGU1MGRkOGFkNyIsImlzcyI6IlBzeU5ldCIsInBsYXllcl9pZCI6IkVwaWN8ODgxOGI0ZGJhNzlhNDNkMThiOTg2ZjQ2ZTRkMDAzOTJ8MCIsInNlcnZlcl9uYW1lIjoiRVU3LTAwMkJDRENBMjRFRDIyQkFCLUFpbGVyb24yIiwiaWF0IjoxNzc1MDM5Nzc2LCJuYmYiOjE3NzUwMzk3NzYsImV4cCI6MTc3NTA1NDE3Nn0.XG2JnpDW2kvufgfMCKX65GHFZJdIRF8LBW0fKVfKcJwsyTjuGFOxu475bV62J1B2ISK88yZIgEBilUZlPnRdlQ",JoinName="3ZH4DMLVU4G4PPVN",JoinPassword="KWLKNTZFM0P0HPLB")) JoinSettings=((PlaylistId=11,Password="KWLKNTZFM0P0HPLB"))
[4319.56] JoinGame: GotoJoinGameState OnlineGameJoinGame_TA -> VerifyPrivileges
[4319.56] Online: TryToPlayOnline ControllerID=(-1)
[4319.56] PsyNet: PsyNetServiceProvider_X_1 ExecuteService Complete, Service=DSR/ClientMessage 
[4319.56] Online: HandlePrivilegeCheckFinished PrivilegeCheck.bHasRestriction=(False)
[4319.56] JoinGame: GotoJoinGameState VerifyPrivileges -> ReservingServerForMatchmaking
[4319.56] PsyNetBeaconDetail_X: PsyNetBeacon_X_0 SendMessageToServer Message=(AddReservationMessagePublic_X_13)
[4319.95] PsyNet: PsyNetChannel_X_0 party:2uuPQ5vF receive message MessageID=275
[4319.95] PsyNet: PsyNetChannel_X_0 party:2uuPQ5vF executing MessageID=275
[4319.95] Party: HandleLobbyReceiveBinaryData LobbyUID=PsyNet-2uuPQ5vF MemberIndex=0 PlayerUID=PS4|785668489479049324|0 Message=PartyMessage_SearchStatus_X
[4319.95] Party: HandleSearchStatus StatusMessage.SearchState=(Joining) StatusMessage.bIsSearching=(True)
[4319.96] PsyNet: PsyNetServiceProvider_X_1 ExecuteService Complete, Service=Party/System 
[4320.31] PsyNet: PsyNetChannel_X_0 party:2uuPQ5vF receive message MessageID=276
[4320.31] PsyNet: PsyNetChannel_X_0 party:2uuPQ5vF executing MessageID=276
[4320.31] Party: HandleLobbyReceiveBinaryData LobbyUID=PsyNet-2uuPQ5vF MemberIndex=0 PlayerUID=PS4|785668489479049324|0 Message=PartyMessage_JoinGame_X
[4320.31] Party: HandlePartyJoinGame MatchSettings=((ServerName="EU7-002BCDCA24ED22BAB-Aileron2",PlaylistId=11,CustomPassword="KWLKNTZFM0P0HPLB",ReservationID="8616731A2BEF42D0B1217041777DC6B5",JoinName="3ZH4DMLVU4G4PPVN",JoinPassword="KWLKNTZFM0P0HPLB"))
[4320.32] PsyNet: PsyNetServiceProvider_X_1 ExecuteService Complete, Service=Party/System 
[4320.98] PsyNetBeaconDetail_X: PsyNetBeacon_X_0 ClientHandleMessage Message.MessageType=(ReservationsReadyMessage_X) Message.ReservationID=(8616731A2BEF42D0B1217041777DC6B5)
[4320.98] Party: HandleServerReserved (Reservation=(ServerName="EU7-002BCDCA24ED22BAB-Aileron2",Playlist=11,Region="EU",ReservationID="8616731A2BEF42D0B1217041777DC6B5",DSRToken="eyJ0eXAiOiJKV1QiLCJhbGciOiJIUzUxMiJ9.eyJqdGkiOiIwZGM5NTM4ZTg1NWE0MDM1OTFmMzNjMGU1MGRkOGFkNyIsImlzcyI6IlBzeU5ldCIsInBsYXllcl9pZCI6IkVwaWN8ODgxOGI0ZGJhNzlhNDNkMThiOTg2ZjQ2ZTRkMDAzOTJ8MCIsInNlcnZlcl9uYW1lIjoiRVU3LTAwMkJDRENBMjRFRDIyQkFCLUFpbGVyb24yIiwiaWF0IjoxNzc1MDM5Nzc2LCJuYmYiOjE3NzUwMzk3NzYsImV4cCI6MTc3NTA1NDE3Nn0.XG2JnpDW2kvufgfMCKX65GHFZJdIRF8LBW0fKVfKcJwsyTjuGFOxu475bV62J1B2ISK88yZIgEBilUZlPnRdlQ",JoinName="3ZH4DMLVU4G4PPVN",JoinPassword="KWLKNTZFM0P0HPLB"),PingURL="18.170.202.10:7955",GameURL="18.170.202.10:7954",JoinCredentials="3ZH4DMLVU4G4PPVN:KWLKNTZFM0P0HPLB")
[4320.98] JoinGame: GotoJoinGameState ReservingServerForMatchmaking -> JoinCountdown
[4320.98] PsyNetBeaconDetail_X: PsyNetBeacon_X_0 SendMessageToServer Message=(PingMessage_X_38)
[4320.99] PsyNet: PsyNetServiceProvider_X_1 ExecuteService Complete, Service=DSR/ClientMessage 
[4321.30] PsyNetBeaconDetail_X: PsyNetBeacon_X_0 ClientHandleMessage Message.MessageType=(PingMessage_X) Message.ReservationID=(8616731A2BEF42D0B1217041777DC6B5)
[4321.30] PsyNet: PsyNetServiceProvider_X_1 ExecuteService Complete, Service=DSR/ClientMessage 
[4321.30] PsyNet: PsyNetChannel_X_0 party:2uuPQ5vF receive message MessageID=277
[4321.30] PsyNet: PsyNetChannel_X_0 party:2uuPQ5vF executing MessageID=277
[4321.30] Party: HandleLobbyReceiveBinaryData LobbyUID=PsyNet-2uuPQ5vF MemberIndex=0 PlayerUID=PS4|785668489479049324|0 Message=PartyMessage_JoinGame_X
[4321.30] Party: HandlePartyJoinGame MatchSettings=((ServerName="EU7-002BCDCA24ED22BAB-Aileron2",PlaylistId=11,CustomPassword="KWLKNTZFM0P0HPLB",ReservationID="8616731A2BEF42D0B1217041777DC6B5",JoinName="3ZH4DMLVU4G4PPVN",JoinPassword="KWLKNTZFM0P0HPLB"))
[4321.31] PsyNet: PsyNetServiceProvider_X_1 ExecuteService Complete, Service=Party/System 
[4323.92] DevOnline: PlayerDataStorage_WriteFile: Beginning to upload file. User=(8818b4dba79a43d18b986f46e4d00392) FileName=(RLSettingsData)
[4323.99] JoinGame: GotoJoinGameState JoinCountdown -> OpeningLoadingScreen
[4323.99] RankedReconnect: OnlineGameJoinGame_TA_0::OpeningLoadingScreen.BeginState()
[4323.99] RankedReconnect: LocalPlayer_TA_0.UpdateRankedReconnect() RankedTeamDoubles True 4 False
[4323.99] RankedReconnect: RankedReconnectSave_TA_0.SetRankedReconnect() Server=((Reservation=(ServerName="EU7-002BCDCA24ED22BAB-Aileron2",Playlist=11,Region="EU",ReservationID="8616731A2BEF42D0B1217041777DC6B5",DSRToken="eyJ0eXAiOiJKV1QiLCJhbGciOiJIUzUxMiJ9.eyJqdGkiOiIwZGM5NTM4ZTg1NWE0MDM1OTFmMzNjMGU1MGRkOGFkNyIsImlzcyI6IlBzeU5ldCIsInBsYXllcl9pZCI6IkVwaWN8ODgxOGI0ZGJhNzlhNDNkMThiOTg2ZjQ2ZTRkMDAzOTJ8MCIsInNlcnZlcl9uYW1lIjoiRVU3LTAwMkJDRENBMjRFRDIyQkFCLUFpbGVyb24yIiwiaWF0IjoxNzc1MDM5Nzc2LCJuYmYiOjE3NzUwMzk3NzYsImV4cCI6MTc3NTA1NDE3Nn0.XG2JnpDW2kvufgfMCKX65GHFZJdIRF8LBW0fKVfKcJwsyTjuGFOxu475bV62J1B2ISK88yZIgEBilUZlPnRdlQ",JoinName="3ZH4DMLVU4G4PPVN",JoinPassword="KWLKNTZFM0P0HPLB"),PingURL="18.170.202.10:7955",GameURL="18.170.202.10:7954",JoinCredentials="3ZH4DMLVU4G4PPVN:KWLKNTZFM0P0HPLB")) EpochNow=(1775039780)
[4323.99] DevNet: Browse: JoinGameTransition?Name=%e6%bc%a2+%e9%be%8d+%e7%8e%8b+%e7%a5%9e+%e9%97%87%e6%bc%a2+%e9%be%8d+%e7%8e%8b+%e7%a5%9e?game=TAGame.GameInfo_Transition_TA
[4324.05] Log: FSaveDataExportTask(0) wrote 1064896 bytes to memory
[4324.05] Log: SaveGameDataAsync game thread time: 9 ms
[4324.05] Log: LoadMap: JoinGameTransition?Name=%e6%bc%a2+%e9%be%8d+%e7%8e%8b+%e7%a5%9e+%e9%97%87%e6%bc%a2+%e9%be%8d+%e7%8e%8b+%e7%a5%9e?game=TAGame.GameInfo_Transition_TA
[4324.05] Spawn: TextChatActor_TA_41 Destroyed
[4324.05] EOSGameClips: ShutDown : Shutting down EOSGameClipsController_TA. Self=(EOSGameClipsController_TA_18) PlayerOwner?.GetUniqueNetId()=(Epic|8818b4dba79a43d18b986f46e4d00392|0)
[4324.06] Spawn: TextChatActor_TA_42 Destroyed
[4324.06] Spawn: TextChatActor_TA_43 Destroyed
[4324.06] Spawn: TextChatActor_TA_44 Destroyed
[4324.06] Spawn: TextChatActor_TA_45 Destroyed
[4324.07] Log: Deleting old save file ..\..\TAGame\SaveDataEpic\DBE_Production\8818b4dba79a43d18b986f46e4d00392_1.save
[4324.07] Log: SaveDataExport(0): Finished - File:[..\..\TAGame\SaveDataEpic\DBE_Production\8818b4dba79a43d18b986f46e4d00392.save] Result:[1]
[4324.08] DevOnline: PsyNet Flush Start TimeoutSeconds=0.250000
[4324.28] DevOnline: PsyNet Flush End
[4324.30] NetComeGo: Close TcpipConnection_9 18.170.204.28:7728 01/04/2026 11:36:23 'Control channel cleanup'
[4324.30] NetComeGo: TcpipConnection_9 Control channel closed, reason=Control channel cleanup
[4324.31] Exit: TcpNetDriver_9 shut down
[4324.32] Log: Fully load package: ..\..\TAGame\CookedPCConsole\GameInfo_Transition_SF.upk
[4324.32] Log: Game class is 'GameInfo_Transition_TA'
[4324.33] Log: Bringing World JoinGameTransition.TheWorld up for play (0) at 2026.04.01-11.36.23
[4324.33] Log: Bringing up level for play took: 0.003412
[4324.33] PartyChallenge: UpdateChallengeProgressForCompetitive bChallengesComplete=(True) ChallengeState=(Challenge_Success) bChallengeSync=(True) bChallengesAreValid=(True) bLegacyPlayer=(False) bGuestAccount=(False) Online_X.UniqueNetIDToString(Manager.Outer.PlayerID)=(Epic|8818b4dba79a43d18b986f46e4d00392|0) Complete
[4324.33] PartyChallenge: InitializeCompetitiveChallenges bGuestAccount=(False) bCompletedChallengesForCompetitive=(True) bLegacyPlayer=(False) Online_X.UniqueNetIDToString(OnlinePlayer.PlayerID)=(Epic|8818b4dba79a43d18b986f46e4d00392|0)
[4324.33] JoinGame: GotoJoinGameState OpeningLoadingScreen -> JoiningNewServer
[4324.33] DevNet: SetProgress, MessageType=1, Title=, Message=Connecting...
[4324.33] Log: ########### Finished loading level: 0.274652 seconds
[4324.33] SettingsExport: CreateSnapshot Metadata {"userId":"Epic|8818b4dba79a43d18b986f46e4d00392|0","platformKey":"Epic","schemaVersion":0,"clientVersion":1532151,"timestampUtc":1775039781,"settingsVersion":7998,"checksum":-101245723 Payload Size  97007
[4324.33] SettingsExport: Payload changed. Notifying new Checksum: -101245723
[4324.33] SettingsExport: Local settings updated, uploading data
[4324.33] DevNet: Browse: 18.170.202.10:7954/MENU_Main_p?Name=%e6%bc%a2+%e9%be%8d+%e7%8e%8b+%e7%a5%9e+%e9%97%87%e6%bc%a2+%e9%be%8d+%e7%8e%8b+%e7%a5%9e
[4324.33] DevNet: Game client on port 7954, rate 15000
[4324.33] NetComeGo: SEND first packet Length=80 CRC=-1939797595
[4324.35] NetComeGo: TcpipConnection_10 RECV first packet IP=18.170.202.10:7954 Length=15 CRC=346486920 HandshakeStatus=0 bUseSessionUID=1 InSessionUID=(0 0 0) SessionUID=(0 0 0)
[4324.35] NetComeGo: Client set SessionUID to: 63 165 138
[4324.43] DevNet: Welcomed by server (Level: UF_Day_P, Game: TAGame.GameInfo_Soccar_TA, GameTags: )
[4324.44] Log: FSaveDataExportTask(0) wrote 1064896 bytes to memory
[4324.44] Log: SaveGameDataAsync game thread time: 8 ms
[4324.45] Log: Flushing async loaders.
[4324.46] Log: Deleting old save file ..\..\TAGame\SaveDataEpic\DBE_Production\8818b4dba79a43d18b986f46e4d00392_2.save
[4324.46] Log: SaveDataExport(0): Finished - File:[..\..\TAGame\SaveDataEpic\DBE_Production\8818b4dba79a43d18b986f46e4d00392_1.save] Result:[1]
[4324.46] Log: Flushed async loaders.
[4324.46] Log: LoadMap: 18.170.202.10:7954/UF_Day_P?Name=%e6%bc%a2+%e9%be%8d+%e7%8e%8b+%e7%a5%9e+%e9%97%87%e6%bc%a2+%e9%be%8d+%e7%8e%8b+%e7%a5%9e?game=TAGame.GameInfo_Soccar_TA
[4324.47] DevOnline: PsyNet Flush Start TimeoutSeconds=0.250000
[4324.50] PsyNet: PsyNetChannel_X_0 party:2uuPQ5vF receive message MessageID=278
[4324.50] PsyNet: PsyNetChannel_X_0 party:2uuPQ5vF executing MessageID=278
[4324.52] PsyNet: PsyNetServiceProvider_X_1 ExecuteService Complete, Service=Party/System 
[4324.65] DevOnline: PsyNet Flush End
[4324.66] Log: Fully load package: ..\..\TAGame\CookedPCConsole\GameInfo_Soccar_SF.upk
[4324.70] Log: Fully load package: ..\..\TAGame\CookedPCConsole\GFxSounds_XP_SF.upk
[4324.71] Log: Fully load package: ..\..\TAGame\CookedPCConsole\GFx_XPProgressMenu_SF.upk
[4324.73] Log: Fully load package: ..\..\TAGame\CookedPCConsole\GFX_EndGameMenu_SF.upk
[4324.77] Log: Fully load package: ..\..\TAGame\CookedPCConsole\GFX_WinnerMenu_SF.upk
[4324.79] Log: Fully load package: ..\..\TAGame\CookedPCConsole\GFX_MidGameScoreboard_SF.upk
[4324.79] Log: Fully load package: ..\..\TAGame\CookedPCConsole\GFX_MidGameMenu_SF.upk
[4324.81] Log: Fully load package: ..\..\TAGame\CookedPCConsole\GFX_HudMatchInfo_SF.upk
[4324.82] Log: Fully load package: ..\..\TAGame\CookedPCConsole\GFX_Hud_SF.upk
[4325.85] Log: Octree Warning (AddPrimitive): StaticMeshActor_SMC_445 (Owner: UF_Day_P.TheWorld:PersistentLevel.MeshCollector5) Outside World.
[4325.85] Log: Octree Warning (AddPrimitive): StaticMeshActor_SMC_619 (Owner: UF_Day_P.TheWorld:PersistentLevel.MeshCollector5) Outside World.
[4325.85] Log: Octree Warning (AddPrimitive): StaticMeshActor_SMC_627 (Owner: UF_Day_P.TheWorld:PersistentLevel.MeshCollector5) Outside World.
[4325.89] Log: Bringing World UF_Day_P.TheWorld up for play (0) at 2026.04.01-11.36.24
[4325.89] Log: Bringing up level for play took: 0.350488
[4326.20] RootMenu: [GFx] UIShellInstance - setting the shell instance
[4326.24] PartyChallenge: UpdateChallengeProgressForCompetitive bChallengesComplete=(True) ChallengeState=(Challenge_Success) bChallengeSync=(True) bChallengesAreValid=(True) bLegacyPlayer=(False) bGuestAccount=(False) Online_X.UniqueNetIDToString(Manager.Outer.PlayerID)=(Epic|8818b4dba79a43d18b986f46e4d00392|0) Complete
[4326.24] PartyChallenge: InitializeCompetitiveChallenges bGuestAccount=(False) bCompletedChallengesForCompetitive=(True) bLegacyPlayer=(False) Online_X.UniqueNetIDToString(OnlinePlayer.PlayerID)=(Epic|8818b4dba79a43d18b986f46e4d00392|0)
[4326.24] JoinGame: OnJoinGameComplete bSuccess=(True) FailReason=()
[4326.24] JoinGame: GotoJoinGameState JoiningNewServer -> None
[4326.24] PsyNetBeaconDetail_X: PsyNetBeacon_X_0 Close
[4326.24] PsyNetBeaconDetail_X: PsyNetBeacon_X_0 CloseConnection Connection.ConnectionID=(eyJ0eXAiOiJKV1QiLCJhbGciOiJIUzUxMiJ9.eyJqdGkiOiIwZGM5NTM4ZTg1NWE0MDM1OTFmMzNjMGU1MGRkOGFkNyIsImlzcyI6IlBzeU5ldCIsInBsYXllcl9pZCI6IkVwaWN8ODgxOGI0ZGJhNzlhNDNkMThiOTg2ZjQ2ZTRkMDAzOTJ8MCIsInNlcnZlcl9uYW1lIjoiRVU3LTAwMkJDRENBMjRFRDIyQkFCLUFpbGVyb24yIiwiaWF0IjoxNzc1MDM5Nzc2LCJuYmYiOjE3NzUwMzk3NzYsImV4cCI6MTc3NTA1NDE3Nn0.XG2JnpDW2kvufgfMCKX65GHFZJdIRF8LBW0fKVfKcJwsyTjuGFOxu475bV62J1B2ISK88yZIgEBilUZlPnRdlQ)
[4326.24] Spawn: TextChatActor_TA_46 OnOwnerChanged PlayerController_TA_19
[4326.24] EOSGameClips: Construct Constructed EOSGameClipsController_TA. Self=(EOSGameClipsController_TA_19)
[4326.24] Log: ########### Finished loading level: 1.785235 seconds
[4326.24] MusicPlayer: HandleTrackEnd CurrentTrackPlayingID=(0) PlayingID=(86633)
[4326.24] MusicPlayer: HandleTrackEnd CurrentTrackPlayingID=(0) PlayingID=(86633)
[4326.25] SettingsExport: Settings content not changed. Will not update the Settings Online
[4326.25] PsyNet: PsyNetChannel_X_0 party:2uuPQ5vF receive message MessageID=279
[4326.25] PsyNet: PsyNetChannel_X_0 party:2uuPQ5vF executing MessageID=279
[4326.25] Party: HandleLobbyReceiveBinaryData LobbyUID=PsyNet-2uuPQ5vF MemberIndex=0 PlayerUID=PS4|785668489479049324|0 Message=PartyMessage_PartyMemberJoinGame_X
[4327.26] PsyNet: PsyNetServiceProvider_X_1 ExecuteService Complete, Service=Party/System 
[4327.26] EOSGameClips: ShutDown : Shutting down EOSGameClipsController_TA. Self=(EOSGameClipsController_TA_19) PlayerOwner?.GetUniqueNetId()=(Epic|8818b4dba79a43d18b986f46e4d00392|0)
[4327.27] PartyChallenge: UpdateChallengeProgressForCompetitive bChallengesComplete=(True) ChallengeState=(Challenge_Success) bChallengeSync=(True) bChallengesAreValid=(True) bLegacyPlayer=(False) bGuestAccount=(False) Online_X.UniqueNetIDToString(Manager.Outer.PlayerID)=(Epic|8818b4dba79a43d18b986f46e4d00392|0) Complete
[4327.27] PartyChallenge: InitializeCompetitiveChallenges bGuestAccount=(False) bCompletedChallengesForCompetitive=(True) bLegacyPlayer=(False) Online_X.UniqueNetIDToString(OnlinePlayer.PlayerID)=(Epic|8818b4dba79a43d18b986f46e4d00392|0)
[4327.27] EOSGameClips: Construct Constructed EOSGameClipsController_TA. Self=(EOSGameClipsController_TA_20)
[4327.27] ScriptLog: Client InputRate=60
[4327.27] DevNet: PlayerController_TA_20 setplayer LocalPlayer_TA_0
[4327.27] PsyNetStaticData: UpdateCacheTimerEnabled CacheTimer.bEnabled=(False)
[4327.27] MatchBroadcast: Init bBroadcastMatch=(False) MatchLog=(None)
[4327.32] ScriptLog: Uncached PlatformId for Epic|8818b4dba79a43d18b986f46e4d00392|0
[4327.32] ScriptLog: MatchGUID: 9CAF5EA611F12DB688C0EE96A264708C
[4327.32] Spawn: TextChatActor_TA_47 OnOwnerChanged PlayerController_TA_20
[4327.40] RootMenu: [GFx] UIShellInstance - setting the shell instance
[4327.45] ScriptLog: Uncached PlatformId for Epic|2b28b46437f448cbaa11581fa3f81669|0
[4327.46] Eula: RequiresAcceptance? EulaConfig?.bRequiresAcceptance=(True) GetUISave()?.Contains('bAcceptedOfflineEULA')=(True) Eula.SyncState=(LSS_Accepted)
[4327.46] Party: BroadcastMatchmakingAvailabilityDelayed PartyMemberID:'Epic|8818b4dba79a43d18b986f46e4d00392|0' MatchmakeRestrictions=(0)
[4327.46] Party: SetAvailableForMatchmakingForMember PartyMemberID:'Epic|8818b4dba79a43d18b986f46e4d00392|0' MatchmakeRestrictions=(0)
[4327.46] DevOnline: EOSSDK-LogEOSRTC: TickTracker Tick is delayed. TimePeriod=[11.054124s]  TickIntervalThreshold=[0.100000s] MaxTickInterval=[1.215025s] MaxExecutionTime=[0.000064s] TicksCount=[917] ExpectedTicksCount=[1105]
[4327.46] Log: Flushing async loaders.
[4327.46] Log: Flushed async loaders.
[4327.52] LTM: SettingsType=(CustomMatchSettingsType_PrivateMatch)
[4327.74] NetworkInputBuffer: Hitch detected! 106.9336ms
[4327.76] PsyNet: PsyNetChannel_X_0 party:2uuPQ5vF receive message MessageID=280
[4327.76] PsyNet: PsyNetChannel_X_0 party:2uuPQ5vF executing MessageID=280
[4327.77] PsyNet: PsyNetServiceProvider_X_1 ExecuteService Complete, Service=Party/System 
[4328.17] PsyNet: PsyNetChannel_X_0 party:2uuPQ5vF receive message MessageID=281
[4328.17] PsyNet: PsyNetChannel_X_0 party:2uuPQ5vF executing MessageID=281
[4328.17] PsyNet: PsyNetServiceProvider_X_1 ExecuteService Complete, Service=Party/System 
[4328.45] EOSVoice: Received full credentials from the server.
[4328.45] PsyNet: PsyNetServiceProvider_X_1 ExecuteService Complete, Service=VoiceChat/MatchToken 
[4328.76] DevOnline: PlayerDataStorage_WriteFile: File upload complete. User=(8818b4dba79a43d18b986f46e4d00392) FileName=(RLSettingsData) Success=(1)
[4328.76] SettingsExport: Settings data upload complete. Success: True
[4328.98] PsyNet: PsyNetChannel_X_0 party:2uuPQ5vF receive message MessageID=282
[4328.98] PsyNet: PsyNetChannel_X_0 party:2uuPQ5vF executing MessageID=282
[4328.98] Party: HandleLobbyReceiveBinaryData LobbyUID=PsyNet-2uuPQ5vF MemberIndex=0 PlayerUID=PS4|785668489479049324|0 Message=PartyMessage_PartyMemberJoinGame_X
[4328.99] PsyNet: PsyNetServiceProvider_X_1 ExecuteService Complete, Service=Party/System 
[4329.35] PsyNet: PsyNetChannel_X_0 party:2uuPQ5vF receive message MessageID=283
[4329.35] PsyNet: PsyNetChannel_X_0 party:2uuPQ5vF executing MessageID=283
[4329.35] Party: HandleLobbyReceiveBinaryData LobbyUID=PsyNet-2uuPQ5vF MemberIndex=0 PlayerUID=PS4|785668489479049324|0 Message=PartyMessage_SearchStatus_X
[4329.35] Party: HandleSearchStatus StatusMessage.SearchState=(OnlineGameMatchmaking_X) StatusMessage.bIsSearching=(False)
[4329.36] PsyNet: PsyNetServiceProvider_X_1 ExecuteService Complete, Service=Party/System 
[4329.37] PsyNet: PsyNetChannel_X_0 party:2uuPQ5vF receive message MessageID=284
[4329.37] PsyNet: PsyNetChannel_X_0 party:2uuPQ5vF executing MessageID=284
[4329.37] Party: HandleLobbyReceiveBinaryData LobbyUID=PsyNet-2uuPQ5vF MemberIndex=0 PlayerUID=PS4|785668489479049324|0 Message=PartyMessage_MatchmakingAvailability_X
[4329.37] Party: SetAvailableForMatchmakingForMember PartyMemberID:'PS4|785668489479049324|0' MatchmakeRestrictions=(0)
[4329.37] PsyNet: PsyNetServiceProvider_X_1 ExecuteService Complete, Service=Party/System 
[4333.02] EOSGameClips: EOSGameClips: Starting background recording: API Version 2, Clip Duration 30
[4333.02] DevOnline: EOSSDK-LogEOSGameClips: Starting recording up to 30 seconds.
[4333.03] EOSGameClips: EOSGameClips: Recording changed from NotRecording to Recording.
[4337.04] EOSGameClips: EOSGameClips: Starting background recording: API Version 2, Clip Duration 30
[4337.46] DevOnline: EOSSDK-LogEOSRTC: TickTracker Tick is delayed. TimePeriod=[10.004032s]  TickIntervalThreshold=[0.100000s] MaxTickInterval=[0.108358s] MaxExecutionTime=[0.000128s] TicksCount=[1137] ExpectedTicksCount=[1000]
[4350.18] DevOnline: WebRequest_X_127 SEND: https://datarouter.ol.epicgames.com/datarouter/api/v1/public/data?AppID=RocketLeague.Release&AppVersion=1210528741&AppEnvironment=Prod&UploadType=eteventstream&UserID=|8818b4dba79a43d18b986f46e4d00392|||Epic|8818b4dba79a43d18b986f46e4d00392|0&SessionID=7ED88ADF457E5D0E09C349A06FC64359
[4350.30] DevOnline: WebRequest_X_127 RECV: 204 
[4372.91] EOSGameClips: EOSGameClips: Starting background recording: API Version 2, Clip Duration 30
[4375.48] EOSGameClips: EOSGameClips: Currently recording: true
[4376.46] EOSGameClips: EOSGameClips: Starting background recording: API Version 2, Clip Duration 30
[4384.96] EOSGameClips: EOSGameClips: Starting background recording: API Version 2, Clip Duration 30
[4388.97] EOSGameClips: EOSGameClips: Starting background recording: API Version 2, Clip Duration 30
[4410.17] DevOnline: WebRequest_X_128 SEND: https://datarouter.ol.epicgames.com/datarouter/api/v1/public/data?AppID=RocketLeague.Release&AppVersion=1210528741&AppEnvironment=Prod&UploadType=eteventstream&UserID=|8818b4dba79a43d18b986f46e4d00392|||Epic|8818b4dba79a43d18b986f46e4d00392|0&SessionID=7ED88ADF457E5D0E09C349A06FC64359
[4410.29] DevOnline: WebRequest_X_128 RECV: 204 
[4446.41] EOSGameClips: EOSGameClips: Currently recording: true
[4470.17] DevOnline: WebRequest_X_129 SEND: https://datarouter.ol.epicgames.com/datarouter/api/v1/public/data?AppID=RocketLeague.Release&AppVersion=1210528741&AppEnvironment=Prod&UploadType=eteventstream&UserID=|8818b4dba79a43d18b986f46e4d00392|||Epic|8818b4dba79a43d18b986f46e4d00392|0&SessionID=7ED88ADF457E5D0E09C349A06FC64359
[4470.29] DevOnline: WebRequest_X_129 RECV: 204 
[4507.06] EOSGameClips: EOSGameClips: Starting background recording: API Version 2, Clip Duration 30
[4509.62] EOSGameClips: EOSGameClips: Currently recording: true
[4510.61] EOSGameClips: EOSGameClips: Starting background recording: API Version 2, Clip Duration 30
[4517.28] EOSGameClips: EOSGameClips: Starting background recording: API Version 2, Clip Duration 30
[4521.28] EOSGameClips: EOSGameClips: Starting background recording: API Version 2, Clip Duration 30
[4530.16] DevOnline: WebRequest_X_130 SEND: https://datarouter.ol.epicgames.com/datarouter/api/v1/public/data?AppID=RocketLeague.Release&AppVersion=1210528741&AppEnvironment=Prod&UploadType=eteventstream&UserID=|8818b4dba79a43d18b986f46e4d00392|||Epic|8818b4dba79a43d18b986f46e4d00392|0&SessionID=7ED88ADF457E5D0E09C349A06FC64359
[4530.28] DevOnline: WebRequest_X_130 RECV: 204 
[4590.16] DevOnline: WebRequest_X_131 SEND: https://datarouter.ol.epicgames.com/datarouter/api/v1/public/data?AppID=RocketLeague.Release&AppVersion=1210528741&AppEnvironment=Prod&UploadType=eteventstream&UserID=|8818b4dba79a43d18b986f46e4d00392|||Epic|8818b4dba79a43d18b986f46e4d00392|0&SessionID=7ED88ADF457E5D0E09C349A06FC64359
[4590.27] DevOnline: WebRequest_X_131 RECV: 204 
[4590.53] EOSGameClips: EOSGameClips: Starting background recording: API Version 2, Clip Duration 30
[4593.09] EOSGameClips: EOSGameClips: Currently recording: true
[4594.08] EOSGameClips: EOSGameClips: Starting background recording: API Version 2, Clip Duration 30
[4601.42] EOSGameClips: EOSGameClips: Starting background recording: API Version 2, Clip Duration 30
[4605.44] EOSGameClips: EOSGameClips: Starting background recording: API Version 2, Clip Duration 30
[4620.98] EOSGameClips: EOSGameClips: Starting background recording: API Version 2, Clip Duration 30
[4623.54] EOSGameClips: EOSGameClips: Currently recording: true
[4624.52] EOSGameClips: EOSGameClips: Starting background recording: API Version 2, Clip Duration 30
[4631.96] EOSGameClips: EOSGameClips: Starting background recording: API Version 2, Clip Duration 30
[4635.97] EOSGameClips: EOSGameClips: Starting background recording: API Version 2, Clip Duration 30
[4650.16] DevOnline: WebRequest_X_132 SEND: https://datarouter.ol.epicgames.com/datarouter/api/v1/public/data?AppID=RocketLeague.Release&AppVersion=1210528741&AppEnvironment=Prod&UploadType=eteventstream&UserID=|8818b4dba79a43d18b986f46e4d00392|||Epic|8818b4dba79a43d18b986f46e4d00392|0&SessionID=7ED88ADF457E5D0E09C349A06FC64359
[4650.27] DevOnline: WebRequest_X_132 RECV: 204 
[4661.59] EOSGameClips: EOSGameClips: Starting background recording: API Version 2, Clip Duration 30
[4664.15] EOSGameClips: EOSGameClips: Currently recording: true
[4665.13] EOSGameClips: EOSGameClips: Starting background recording: API Version 2, Clip Duration 30
[4675.89] EOSGameClips: EOSGameClips: Starting background recording: API Version 2, Clip Duration 30
[4679.89] EOSGameClips: EOSGameClips: Starting background recording: API Version 2, Clip Duration 30
[4706.79] EOSGameClips: EOSGameClips: Currently recording: true
[4710.15] DevOnline: WebRequest_X_133 SEND: https://datarouter.ol.epicgames.com/datarouter/api/v1/public/data?AppID=RocketLeague.Release&AppVersion=1210528741&AppEnvironment=Prod&UploadType=eteventstream&UserID=|8818b4dba79a43d18b986f46e4d00392|||Epic|8818b4dba79a43d18b986f46e4d00392|0&SessionID=7ED88ADF457E5D0E09C349A06FC64359
[4710.27] DevOnline: WebRequest_X_133 RECV: 204 
[4715.33] EOSGameClips: EOSGameClips: Starting background recording: API Version 2, Clip Duration 30
[4717.88] EOSGameClips: EOSGameClips: Currently recording: true
[4718.87] EOSGameClips: EOSGameClips: Starting background recording: API Version 2, Clip Duration 30
[4728.55] XPProgression: GFxHUD_TA.HandleGameStateChanged Current player match score = 346, UniqueId=(Epic|8818b4dba79a43d18b986f46e4d00392|0), with total match time = 286.9626 seconds, with total net time = 286.9626seconds
[4728.55] Party: Ranked Game Finished, Clear party member server
[4728.55] RankedReconnect: RankedReconnectSave_TA_0.ClearRankedReconnect()
[4728.76] PartyChallenge: UpdateChallengeProgressForCompetitive bChallengesComplete=(True) ChallengeState=(Challenge_Success) bChallengeSync=(True) bChallengesAreValid=(True) bLegacyPlayer=(False) bGuestAccount=(False) Online_X.UniqueNetIDToString(Manager.Outer.PlayerID)=(Epic|8818b4dba79a43d18b986f46e4d00392|0) Complete
[4728.77] PsyNet: PsyNetServiceProvider_X_1 ExecuteService Complete, Service=Challenges/PlayerProgress 
[4728.79] XPProgression: SaveData_TA.HandleRewardDropNotification PsyNetService_RewardDropReceived_TA returned Total XP Earned = 2129.0000, in match with ID = 9CAF5EA611F12DB688C0EE96A264708C , Current player match score = 346, UniqueId=(Epic|8818b4dba79a43d18b986f46e4d00392|0), with total match time = 286.9626 seconds, with total net time = 286.9626seconds
[4728.80] PsyNet: PsyNetServiceProvider_X_1 ExecuteService Complete, Service=Reward/RewardResult 
[4728.80] PartyChallenge: UpdateChallengeProgressForCompetitive bChallengesComplete=(True) ChallengeState=(Challenge_Success) bChallengeSync=(True) bChallengesAreValid=(True) bLegacyPlayer=(False) bGuestAccount=(False) Online_X.UniqueNetIDToString(Manager.Outer.PlayerID)=(Epic|8818b4dba79a43d18b986f46e4d00392|0) Complete
[4728.81] PsyNet: PsyNetServiceProvider_X_1 ExecuteService Complete, Service=Challenges/PlayerProgress 
[4729.55] EOSGameClips: EOSGameClips: Starting background recording: API Version 2, Clip Duration 30
[4729.71] DevOnline: PlayerDataStorage_WriteFile: Beginning to upload file. User=(8818b4dba79a43d18b986f46e4d00392) FileName=(RLSettingsData)
[4731.01] DevOnline: PlayerDataStorage_WriteFile: File upload complete. User=(8818b4dba79a43d18b986f46e4d00392) FileName=(RLSettingsData) Success=(1)
[4731.01] SettingsExport: Settings data upload complete. Success: True
[4731.53] ScriptWarning: ScriptWarning, Accessed None 'Car'
	CarComponent_Boost_TA UF_Day_P.TheWorld:PersistentLevel.CarComponent_Boost_TA_718
	Function TAGame.CarComponent_Boost_TA:GiveBoost:01A5
Script call stack:
	Function TAGame.CarComponent_Boost_TA:ClientGiveBoost
	Function TAGame.CarComponent_Boost_TA:GiveBoost

[4731.53] XPProgression: GFxHUD_TA.HandleGameStateChanged Current player match score = 346, UniqueId=(Epic|8818b4dba79a43d18b986f46e4d00392|0), with total match time = 286.9626 seconds, with total net time = 286.9626seconds
[4731.53] Party: Ranked Game Finished, Clear party member server
[4731.53] RankedReconnect: RankedReconnectSave_TA_0.ClearRankedReconnect()
[4732.52] EOSGameClips: EOSGameClips: Starting background recording: API Version 2, Clip Duration 30
[4736.54] PsyNetStaticData: HandleCacheExpired
[4736.54] PsyNetStaticData: UpdateCacheTimerEnabled CacheTimer.bEnabled=(True)
[4736.54] XPProgression: GFxHUD_TA.HandleGameStateChanged Current player match score = 346, UniqueId=(Epic|8818b4dba79a43d18b986f46e4d00392|0), with total match time = 286.9626 seconds, with total net time = 286.9626seconds
[4736.54] Party: Ranked Game Finished, Clear party member server
[4736.54] RankedReconnect: RankedReconnectSave_TA_0.ClearRankedReconnect()
[4736.56] Online: TryToPlayOnline ControllerID=(-1)
[4736.56] Online: HandlePrivilegeCheckFinished PrivilegeCheck.bHasRestriction=(False)
[4736.56] Online: HandlePrivilegeCheck PrivilegeCheck.bHasRestriction=(False)
[4736.56] EOSGameClips: EOSGameClips: Recording changed from Recording to NotRecording.
[4736.57] DevOnline: WebRequest_X_134 SEND: https://config.psynet.gg/v2/Config/BattleCars/1210528741/Prod/Epic/INT/
[4736.68] DevOnline: WebRequest_X_134 RECV: 304 
[4736.74] DevOnline: EOSSDK-LogEOSGameClips: Missing encoder drain completed message.
[4736.93] Log: FSaveDataExportTask(0) wrote 1063901 bytes to memory
[4736.93] Log: SaveGameDataAsync game thread time: 8 ms
[4736.94] Log: Deleting old save file ..\..\TAGame\SaveDataEpic\DBE_Production\8818b4dba79a43d18b986f46e4d00392.save
[4736.94] Log: SaveDataExport(0): Finished - File:[..\..\TAGame\SaveDataEpic\DBE_Production\8818b4dba79a43d18b986f46e4d00392_2.save] Result:[1]
[4736.95] SettingsExport: CreateSnapshot Metadata {"userId":"Epic|8818b4dba79a43d18b986f46e4d00392|0","platformKey":"Epic","schemaVersion":0,"clientVersion":1532151,"timestampUtc":1775040193,"settingsVersion":8000,"checksum":1167725159 Payload Size  97007
[4736.95] SettingsExport: Payload changed. Notifying new Checksum: 1167725159
[4736.95] SettingsExport: Local settings updated, uploading data
[4760.56] DevOnline: PlayerDataStorage_WriteFile: Beginning to upload file. User=(8818b4dba79a43d18b986f46e4d00392) FileName=(RLSaveData)
[4760.95] DevOnline: PlayerDataStorage_WriteFile: Beginning to upload file. User=(8818b4dba79a43d18b986f46e4d00392) FileName=(RLSettingsData)
[4761.85] DevOnline: PlayerDataStorage_WriteFile: File upload complete. User=(8818b4dba79a43d18b986f46e4d00392) FileName=(RLSettingsData) Success=(1)
[4761.85] SettingsExport: Settings data upload complete. Success: True
[4762.23] DevOnline: PlayerDataStorage_WriteFile: File upload complete. User=(8818b4dba79a43d18b986f46e4d00392) FileName=(RLSaveData) Success=(1)
[4770.14] DevOnline: WebRequest_X_135 SEND: https://datarouter.ol.epicgames.com/datarouter/api/v1/public/data?AppID=RocketLeague.Release&AppVersion=1210528741&AppEnvironment=Prod&UploadType=eteventstream&UserID=|8818b4dba79a43d18b986f46e4d00392|||Epic|8818b4dba79a43d18b986f46e4d00392|0&SessionID=7ED88ADF457E5D0E09C349A06FC64359
[4770.26] DevOnline: WebRequest_X_135 RECV: 204 
[4779.09] ScriptWarning: ScriptWarning, Accessed None 'GameEvent'
	Car_TA UF_Day_P.TheWorld:PersistentLevel.Car_TA_740
	Function TAGame.Car_TA:GetPreviewTeamIndex:0037
Script call stack:
	Function TAGame.Ball_TA:ReplicatedEvent
	Function TAGame.Ball_TA:Explode
	Function TAGame.Ball_TA:InitExplosionFX
	Function TAGame.ProductAsset_GoalExplosion_TA:GetExplosionFXActorForPRI
	Function TAGame.PaintedFXSelector_TA:GetFXActorForPRI
	Function TAGame.Car_TA:GetLoadoutTeamIndex
	Function TAGame.Car_TA:GetPreviewTeamIndex

[4779.09] ScriptWarning: ScriptWarning, Accessed array 'Default__PaintedFXSelector_TA.Loadouts' out of bounds (255/2)
	PaintedFXSelector_TA TAGame.Default__PaintedFXSelector_TA
	Function TAGame.PaintedFXSelector_TA:GetFXActorForPRI:0150
Script call stack:
	Function TAGame.Ball_TA:ReplicatedEvent
	Function TAGame.Ball_TA:Explode
	Function TAGame.Ball_TA:InitExplosionFX
	Function TAGame.ProductAsset_GoalExplosion_TA:GetExplosionFXActorForPRI
	Function TAGame.PaintedFXSelector_TA:GetFXActorForPRI

[4779.09] ScriptWarning: ScriptWarning, Accessed array 'Default__PaintedFXSelector_TA.Loadouts' out of bounds (255/2)
	PaintedFXSelector_TA TAGame.Default__PaintedFXSelector_TA
	Function TAGame.PaintedFXSelector_TA:GetFXActorForPRI:01EA
Script call stack:
	Function TAGame.Ball_TA:ReplicatedEvent
	Function TAGame.Ball_TA:Explode
	Function TAGame.Ball_TA:InitExplosionFX
	Function TAGame.ProductAsset_GoalExplosion_TA:GetExplosionFXActorForPRI
	Function TAGame.PaintedFXSelector_TA:GetFXActorForPRI

[4785.06] ScriptWarning: ScriptWarning, Accessed None 'GameEvent'
	Car_TA UF_Day_P.TheWorld:PersistentLevel.Car_TA_745
	Function TAGame.Car_TA:GetPreviewTeamIndex:0037
Script call stack:
	Function TAGame.Ball_TA:ReplicatedEvent
	Function TAGame.Ball_TA:Explode
	Function TAGame.Ball_TA:InitExplosionFX
	Function TAGame.ProductAsset_GoalExplosion_TA:GetExplosionFXActorForPRI
	Function TAGame.PaintedFXSelector_TA:GetFXActorForPRI
	Function TAGame.Car_TA:GetLoadoutTeamIndex
	Function TAGame.Car_TA:GetPreviewTeamIndex

[4785.06] ScriptWarning: ScriptWarning, Accessed array 'Default__PaintedFXSelector_TA.Loadouts' out of bounds (255/2)
	PaintedFXSelector_TA TAGame.Default__PaintedFXSelector_TA
	Function TAGame.PaintedFXSelector_TA:GetFXActorForPRI:0150
Script call stack:
	Function TAGame.Ball_TA:ReplicatedEvent
	Function TAGame.Ball_TA:Explode
	Function TAGame.Ball_TA:InitExplosionFX
	Function TAGame.ProductAsset_GoalExplosion_TA:GetExplosionFXActorForPRI
	Function TAGame.PaintedFXSelector_TA:GetFXActorForPRI

[4785.06] ScriptWarning: ScriptWarning, Accessed array 'Default__PaintedFXSelector_TA.Loadouts' out of bounds (255/2)
	PaintedFXSelector_TA TAGame.Default__PaintedFXSelector_TA
	Function TAGame.PaintedFXSelector_TA:GetFXActorForPRI:01EA
Script call stack:
	Function TAGame.Ball_TA:ReplicatedEvent
	Function TAGame.Ball_TA:Explode
	Function TAGame.Ball_TA:InitExplosionFX
	Function TAGame.ProductAsset_GoalExplosion_TA:GetExplosionFXActorForPRI
	Function TAGame.PaintedFXSelector_TA:GetFXActorForPRI

[4796.54] NetComeGo: TcpipConnection_10 Control channel closed, reason=Disconnect command
[4796.54] DevNet: GameViewportClient_TA_0.SetProgressMessage() MessageType=PMT_ConnectionFailure Message=The match has concluded. : host migration not enabled.. handling connection error.
[4796.54] ScriptLog: OnlineGameJoinGame_TA_0::OnlineGameJoinGame_TA.HandleConnectionFailed() MessageType=(PMT_ConnectionFailure)
[4796.54] DevNet: GameViewportClient_TA_0.NotifyConnectionError() Title=(The match has concluded.) Message=() NetMode:'NM_Client' Map=(UF_Day_P)
[4796.54] DevNet: URL: Adding default option Name=%e6%bc%a2+%e9%be%8d+%e7%8e%8b+%e7%a5%9e+%e9%97%87%e6%bc%a2+%e9%be%8d+%e7%8e%8b+%e7%a5%9e
[4796.54] DevNet: URL: Adding default option Name=%e6%bc%a2+%e9%be%8d+%e7%8e%8b+%e7%a5%9e+%e9%97%87%e6%bc%a2+%e9%be%8d+%e7%8e%8b+%e7%a5%9e
[4796.54] DevNet: Browse: MENU_Main_p?failed?Name=%e6%bc%a2+%e9%be%8d+%e7%8e%8b+%e7%a5%9e+%e9%97%87%e6%bc%a2+%e9%be%8d+%e7%8e%8b+%e7%a5%9e
[4796.54] Log: Failed; returning to Entry
[4796.60] Log: FSaveDataExportTask(0) wrote 1063901 bytes to memory
[4796.60] Log: SaveGameDataAsync game thread time: 8 ms
[4796.60] Log: LoadMap: MENU_Main_p?failed?Name=%e6%bc%a2+%e9%be%8d+%e7%8e%8b+%e7%a5%9e+%e9%97%87%e6%bc%a2+%e9%be%8d+%e7%8e%8b+%e7%a5%9e
[4796.60] Spawn: TextChatActor_TA_46 Destroyed
[4796.60] EOSGameClips: ShutDown : Shutting down EOSGameClipsController_TA. Self=(EOSGameClipsController_TA_20) PlayerOwner?.GetUniqueNetId()=(Epic|8818b4dba79a43d18b986f46e4d00392|0)
[4796.60] Spawn: TextChatActor_TA_47 Destroyed
[4796.60] Spawn: TextChatActor_TA_48 Destroyed
[4796.60] Spawn: TextChatActor_TA_49 Destroyed
[4796.60] Spawn: TextChatActor_TA_50 Destroyed
[4796.62] Log: Deleting old save file ..\..\TAGame\SaveDataEpic\DBE_Production\8818b4dba79a43d18b986f46e4d00392_1.save
[4796.62] Log: SaveDataExport(0): Finished - File:[..\..\TAGame\SaveDataEpic\DBE_Production\8818b4dba79a43d18b986f46e4d00392.save] Result:[1]
[4796.62] DevOnline: PsyNet Flush Start TimeoutSeconds=0.250000
[4796.81] DevOnline: PsyNet Flush End
[4796.89] NetComeGo: Close TcpipConnection_10 18.170.202.10:7954 01/04/2026 11:44:15 'UNetConnection::CleanUp'
[4796.89] NetComeGo: TcpipConnection_10 Control channel null, Sending unstable close to 18.170.202.10:7954 on temporary Control channel.
[4796.89] Exit: TcpNetDriver_10 shut down
[4796.92] Log: Fully load package: ..\..\TAGame\CookedPCConsole\GameInfo_GFxMenu_SF.upk
[4796.93] Log: Fully load package: ..\..\TAGame\CookedPCConsole\GFxSounds_MainMenu_SF.upk
[4796.93] Log: Fully load package: ..\..\TAGame\CookedPCConsole\GFX_StartMenu_SF.upk
[4796.98] Log: Fully load package: ..\..\TAGame\CookedPCConsole\GFX_MainMenu_SF.upk
[4797.02] Log: Game class is 'GameInfo_GFxMenu_TA'
[4797.04] Log: Bringing World menu_main_p.TheWorld up for play (0) at 2026.04.01-11.44.15
[4797.04] Log: Flushing async loaders.
[4797.18] Log: Flushed async loaders.
[4797.19] Log: Bringing up level for play took: 0.175181
[4797.41] RootMenu: [GFx] UIShellInstance - setting the shell instance
[4797.43] PartyChallenge: UpdateChallengeProgressForCompetitive bChallengesComplete=(True) ChallengeState=(Challenge_Success) bChallengeSync=(True) bChallengesAreValid=(True) bLegacyPlayer=(False) bGuestAccount=(False) Online_X.UniqueNetIDToString(Manager.Outer.PlayerID)=(Epic|8818b4dba79a43d18b986f46e4d00392|0) Complete
[4797.43] PartyChallenge: InitializeCompetitiveChallenges bGuestAccount=(False) bCompletedChallengesForCompetitive=(True) bLegacyPlayer=(False) Online_X.UniqueNetIDToString(OnlinePlayer.PlayerID)=(Epic|8818b4dba79a43d18b986f46e4d00392|0)
[4797.43] Log: ########### Finished loading level: 0.825208 seconds
[4797.43] DevNet: SetProgress, MessageType=4, Title=Connection Lost, Message=Your connection to the game has been lost. (Error: 42)
[4797.43] DevNet: GameViewportClient_TA_0.SetProgressMessage() MessageType=PMT_ConnectionFailure Message=Your connection to the game has been lost. (Error: 42) : host migration not enabled.. handling connection error.
[4797.43] ScriptLog: OnlineGameJoinGame_TA_0::OnlineGameJoinGame_TA.HandleConnectionFailed() MessageType=(PMT_ConnectionFailure)
[4797.43] DevNet: GameViewportClient_TA_0.NotifyConnectionError() Title=(Your connection to the game has been lost. (Error: 42)) Message=(Connection Lost) NetMode:'NM_Standalone' Map=(MENU_Main_p)
[4797.45] Eula: RequiresAcceptance? EulaConfig?.bRequiresAcceptance=(True) GetUISave()?.Contains('bAcceptedOfflineEULA')=(True) Eula.SyncState=(LSS_Accepted)
[4797.45] Party: BroadcastMatchmakingAvailabilityDelayed PartyMemberID:'Epic|8818b4dba79a43d18b986f46e4d00392|0' MatchmakeRestrictions=(4)
[4797.45] Party: SetAvailableForMatchmakingForMember PartyMemberID:'Epic|8818b4dba79a43d18b986f46e4d00392|0' MatchmakeRestrictions=(4)
[4797.45] SettingsExport: CreateSnapshot Metadata {"userId":"Epic|8818b4dba79a43d18b986f46e4d00392|0","platformKey":"Epic","schemaVersion":0,"clientVersion":1532151,"timestampUtc":1775040254,"settingsVersion":8001,"checksum":2022602591 Payload Size  97007
[4797.45] SettingsExport: Payload changed. Notifying new Checksum: 2022602591
[4797.45] SettingsExport: Local settings updated, uploading data
[4797.45] DevOnline: PlayerDataStorage_WriteFile: Beginning to upload file. User=(8818b4dba79a43d18b986f46e4d00392) FileName=(RLSettingsData)
[4797.45] Log: Flushing async loaders.
[4797.56] Log: Flushed async loaders.
[4797.60] DevOnline: PlayerDataStorage_WriteFile: Beginning to upload file. User=(8818b4dba79a43d18b986f46e4d00392) FileName=(RLSaveData)
[4797.60] MusicPlayer: PlayMusicTrack CurrentTrackPlayingID=(0) Track.Cue=(HalfAnOrange_MarkTwain_GlacierRemix)
[4797.60] MusicPlayer: PlayMusicTrack CurrentTrackPlayingID=(103262)
[4797.61] DevOnline: EOSSDK-LogEOSRTC: TickTracker Tick is delayed. TimePeriod=[10.069319s]  TickIntervalThreshold=[0.100000s] MaxTickInterval=[0.158296s] MaxExecutionTime=[0.000108s] TicksCount=[1082] ExpectedTicksCount=[1006]
[4797.61] Eula: RequiresAcceptance? EulaConfig?.bRequiresAcceptance=(True) GetUISave()?.Contains('bAcceptedOfflineEULA')=(True) Eula.SyncState=(LSS_Accepted)
[4797.61] AuthEpicVerbose: [GFx] Epic login changed. m_uiState:MainMenu bPromptParentalConsent:false bPromptToChoosePrimaryAccount:false bEpicSaveDataLoaded:false bPlatformLinked:false
[4797.61] FTEDev: Trying to start FTE Group Prime_MatchComplete which is already completed and cannot be restarted CurrentActiveGroup.bCanBeDoneAgain=(False) bIgnoreCompletion=(False)
[4797.61] FTEDev: Group Prime_LegacyUpdate Is not meant for users of type FTESave.LegacyGroupType=(LGT_NewUser)
[4797.61] FTEDev: Trying to start FTE Group Prime_MatchComplete which is already completed and cannot be restarted CurrentActiveGroup.bCanBeDoneAgain=(False) bIgnoreCompletion=(False)
[4797.61] FTEDev: Group Prime_LegacyUpdate Is not meant for users of type FTESave.LegacyGroupType=(LGT_NewUser)
[4797.86] MusicPlayer: HandleTrackEnd CurrentTrackPlayingID=(103262) PlayingID=(94822)
[4797.86] MusicPlayer: HandleTrackEnd CurrentTrackPlayingID=(103262) PlayingID=(94822)
[4797.87] Online: TryToPlayOnline ControllerID=(-1)
[4797.93] MusicPlayer: HandleTrackStart CurrentTrackPlayingID=(103262) PlayingID=(103262)
[4797.93] MusicPlayer: HandleTrackStart CurrentTrackPlayingID=(103262) PlayingID=(103262)
[4797.93] Online: HandlePrivilegeCheckFinished PrivilegeCheck.bHasRestriction=(False)
[4797.93] Online: HandlePrivilegeCheck PrivilegeCheck.bHasRestriction=(False)
[4797.94] PsyNet: PsyNetChannel_X_0 party:2uuPQ5vF receive message MessageID=285
[4797.94] PsyNet: PsyNetChannel_X_0 party:2uuPQ5vF executing MessageID=285
[4797.97] PsyNet: PsyNetServiceProvider_X_1 ExecuteService Complete, Service=Party/System 
[4798.01] PsyNet: PsyNetChannel_X_0 party:2uuPQ5vF receive message MessageID=286
[4798.01] PsyNet: PsyNetChannel_X_0 party:2uuPQ5vF executing MessageID=286
[4798.01] PsyNet: PsyNetServiceProvider_X_1 ExecuteService Complete, Service=Party/System 
[4799.43] PsyNet: PsyNetChannel_X_0 party:2uuPQ5vF receive message MessageID=287
[4799.43] PsyNet: PsyNetChannel_X_0 party:2uuPQ5vF executing MessageID=287
[4799.43] Party: HandleLobbyReceiveBinaryData LobbyUID=PsyNet-2uuPQ5vF MemberIndex=0 PlayerUID=PS4|785668489479049324|0 Message=PartyMessage_PartyMemberJoinGame_X
[4799.43] PsyNet: PsyNetServiceProvider_X_1 ExecuteService Complete, Service=Party/System 
[4799.44] Log: Flushing async loaders.
[4799.49] Log: Flushed async loaders.
[4799.52] PsyNet: PsyNetChannel_X_0 party:2uuPQ5vF receive message MessageID=288
[4799.52] PsyNet: PsyNetChannel_X_0 party:2uuPQ5vF executing MessageID=288
[4799.52] Party: HandleLobbyReceiveBinaryData LobbyUID=PsyNet-2uuPQ5vF MemberIndex=0 PlayerUID=PS4|785668489479049324|0 Message=PartyMessage_MatchmakingAvailability_X
[4799.52] Party: SetAvailableForMatchmakingForMember PartyMemberID:'PS4|785668489479049324|0' MatchmakeRestrictions=(4)
[4799.54] PsyNet: PsyNetServiceProvider_X_1 ExecuteService Complete, Service=Party/System 
[4800.07] DevOnline: PlayerDataStorage_WriteFile: File upload complete. User=(8818b4dba79a43d18b986f46e4d00392) FileName=(RLSettingsData) Success=(1)
[4800.07] SettingsExport: Settings data upload complete. Success: True
[4800.27] DevOnline: PlayerDataStorage_WriteFile: File upload complete. User=(8818b4dba79a43d18b986f46e4d00392) FileName=(RLSaveData) Success=(1)
[4807.61] DevOnline: EOSSDK-LogEOSRTC: TickTracker Tick is delayed. TimePeriod=[10.006001s]  TickIntervalThreshold=[0.100000s] MaxTickInterval=[0.254657s] MaxExecutionTime=[0.000078s] TicksCount=[1141] ExpectedTicksCount=[1000]
[4830.64] DevOnline: WebRequest_X_136 SEND: https://datarouter.ol.epicgames.com/datarouter/api/v1/public/data?AppID=RocketLeague.Release&AppVersion=1210528741&AppEnvironment=Prod&UploadType=eteventstream&UserID=|8818b4dba79a43d18b986f46e4d00392|||Epic|8818b4dba79a43d18b986f46e4d00392|0&SessionID=7ED88ADF457E5D0E09C349A06FC64359
[4830.76] DevOnline: WebRequest_X_136 RECV: 204 
[4890.64] DevOnline: WebRequest_X_137 SEND: https://datarouter.ol.epicgames.com/datarouter/api/v1/public/data?AppID=RocketLeague.Release&AppVersion=1210528741&AppEnvironment=Prod&UploadType=eteventstream&UserID=|8818b4dba79a43d18b986f46e4d00392|||Epic|8818b4dba79a43d18b986f46e4d00392|0&SessionID=7ED88ADF457E5D0E09C349A06FC64359
[4890.75] DevOnline: WebRequest_X_137 RECV: 204 
[4950.63] DevOnline: WebRequest_X_138 SEND: https://datarouter.ol.epicgames.com/datarouter/api/v1/public/data?AppID=RocketLeague.Release&AppVersion=1210528741&AppEnvironment=Prod&UploadType=eteventstream&UserID=|8818b4dba79a43d18b986f46e4d00392|||Epic|8818b4dba79a43d18b986f46e4d00392|0&SessionID=7ED88ADF457E5D0E09C349A06FC64359
[4950.75] DevOnline: WebRequest_X_138 RECV: 204 
[4962.44] RankedReconnect: LocalPlayer_TA_0.CheckForRankedReconnect() bOpenedStartMenu=(True) IsMenuLevel=(True) bLoggedIn=(True) IsPrimaryPlayer=(True) RankedReconnectAvailable=(False) EpochTime=(0) EpochNow=(1775040419) TimeSince=(1775040419) ReconnectTimeoutSeconds=(900) Reservation=()
[4966.70] PsyNet: PsyNetChannel_X_0 party:2uuPQ5vF receive message MessageID=289
[4966.70] PsyNet: PsyNetChannel_X_0 party:2uuPQ5vF executing MessageID=289
[4966.70] Party: HandleLobbyReceiveBinaryData LobbyUID=PsyNet-2uuPQ5vF MemberIndex=0 PlayerUID=PS4|785668489479049324|0 Message=PartyMessage_SearchStatus_X
[4966.70] Party: HandleSearchStatus StatusMessage.SearchState=(Searching) StatusMessage.bIsSearching=(True)
[4966.71] PsyNet: PsyNetServiceProvider_X_1 ExecuteService Complete, Service=Party/System 
[4968.05] PsyNet: PsyNetChannel_X_0 party:2uuPQ5vF receive message MessageID=290
[4968.05] PsyNet: PsyNetChannel_X_0 party:2uuPQ5vF executing MessageID=290
[4968.05] Party: HandleLobbyReceiveBinaryData LobbyUID=PsyNet-2uuPQ5vF MemberIndex=0 PlayerUID=PS4|785668489479049324|0 Message=PartyMessage_SearchStatus_X
[4968.05] Party: HandleSearchStatus StatusMessage.SearchState=(Searching) StatusMessage.bIsSearching=(True)
[4968.06] PsyNet: PsyNetServiceProvider_X_1 ExecuteService Complete, Service=Party/System 
[4968.14] Online: TryToPlayOnline ControllerID=(-1)
[4968.15] Online: HandlePrivilegeCheckFinished PrivilegeCheck.bHasRestriction=(False)
[4968.15] Online: HandlePrivilegeCheck PrivilegeCheck.bHasRestriction=(False)
[4971.35] PsyNet: PsyNetServiceProvider_X_1 ExecuteService Complete, Service=Reward/RewardResult 
[4971.35] PartyChallenge: UpdateChallengeProgressForCompetitive bChallengesComplete=(True) ChallengeState=(Challenge_Success) bChallengeSync=(True) bChallengesAreValid=(True) bLegacyPlayer=(False) bGuestAccount=(False) Online_X.UniqueNetIDToString(Manager.Outer.PlayerID)=(Epic|8818b4dba79a43d18b986f46e4d00392|0) Complete
[4971.36] PsyNet: PsyNetServiceProvider_X_1 ExecuteService Complete, Service=Challenges/PlayerProgress 
[4972.86] Log: FSaveDataExportTask(0) wrote 1063901 bytes to memory
[4972.86] Log: SaveGameDataAsync game thread time: 8 ms
[4972.88] Log: Deleting old save file ..\..\TAGame\SaveDataEpic\DBE_Production\8818b4dba79a43d18b986f46e4d00392_2.save
[4972.88] Log: SaveDataExport(0): Finished - File:[..\..\TAGame\SaveDataEpic\DBE_Production\8818b4dba79a43d18b986f46e4d00392_1.save] Result:[1]
[4972.88] SettingsExport: Settings content not changed. Will not update the Settings Online
[4973.81] PsyNet: PsyNetServiceProvider_X_1 ExecuteService Complete, Service=Reward/RewardResult 
[4973.81] ScriptLog: GetDLCProducts, UnlockedDLCList=
[4973.85] PartyChallenge: UpdateChallengeProgressForCompetitive bChallengesComplete=(True) ChallengeState=(Challenge_Success) bChallengeSync=(True) bChallengesAreValid=(True) bLegacyPlayer=(False) bGuestAccount=(False) Online_X.UniqueNetIDToString(Manager.Outer.PlayerID)=(Epic|8818b4dba79a43d18b986f46e4d00392|0) Complete
[4973.88] PsyNet: PsyNetServiceProvider_X_1 ExecuteService Complete, Service=Challenges/PlayerProgress 
[4973.91] DevOnline: PlayerDataStorage_WriteFile: Beginning to upload file. User=(8818b4dba79a43d18b986f46e4d00392) FileName=(RLSaveData)
[4975.60] DevOnline: PlayerDataStorage_WriteFile: File upload complete. User=(8818b4dba79a43d18b986f46e4d00392) FileName=(RLSaveData) Success=(1)
[4975.74] PsyNetBeaconDetail_X: PsyNetBeacon_X_0 ReserveConnection ReservationID=(FB2C971B6B594C01ADD7260FF346776B) ConnectionID=(eyJ0eXAiOiJKV1QiLCJhbGciOiJIUzUxMiJ9.eyJqdGkiOiJmY2Y5NTVkNzZmYTc0YmM0YmFmNzg5MGZlZWFiMGU4MyIsImlzcyI6IlBzeU5ldCIsInBsYXllcl9pZCI6IkVwaWN8ODgxOGI0ZGJhNzlhNDNkMThiOTg2ZjQ2ZTRkMDAzOTJ8MCIsInNlcnZlcl9uYW1lIjoiRVU3LTA0REI5N0M1NDIyRDA2MzY1LVBlcmlnZWUiLCJpYXQiOjE3NzUwNDA0MzIsIm5iZiI6MTc3NTA0MDQzMiwiZXhwIjoxNzc1MDU0ODMyfQ.eTQAnXRMBJ9LNaBmC6iolV3hNpt6mELFBaWR6ArZAS7iSCBdzeWkbSHXmlPYz_w8y44BGiCjoc1Ur_WDELiZug)
[4975.74] PsyNetBeaconDetail_X: PsyNetBeacon_X_0 ClientHandleMessage Message.MessageType=(ClientReservationMessage_X) Message.ReservationID=(FB2C971B6B594C01ADD7260FF346776B)
[4975.74] Party: Received game server from notification (v3) Message.Reservation=((ServerName="EU7-04DB97C5422D06365-Perigee",Playlist=11,Region="EU",ReservationID="FB2C971B6B594C01ADD7260FF346776B",DSRToken="eyJ0eXAiOiJKV1QiLCJhbGciOiJIUzUxMiJ9.eyJqdGkiOiJmY2Y5NTVkNzZmYTc0YmM0YmFmNzg5MGZlZWFiMGU4MyIsImlzcyI6IlBzeU5ldCIsInBsYXllcl9pZCI6IkVwaWN8ODgxOGI0ZGJhNzlhNDNkMThiOTg2ZjQ2ZTRkMDAzOTJ8MCIsInNlcnZlcl9uYW1lIjoiRVU3LTA0REI5N0M1NDIyRDA2MzY1LVBlcmlnZWUiLCJpYXQiOjE3NzUwNDA0MzIsIm5iZiI6MTc3NTA0MDQzMiwiZXhwIjoxNzc1MDU0ODMyfQ.eTQAnXRMBJ9LNaBmC6iolV3hNpt6mELFBaWR6ArZAS7iSCBdzeWkbSHXmlPYz_w8y44BGiCjoc1Ur_WDELiZug",JoinName="D04NTE8IKLQRWTXY",JoinPassword="ON00899GO02ZHNRK"))
[4975.74] JoinGame: StartJoin Reservation=((ServerName="EU7-04DB97C5422D06365-Perigee",Playlist=11,Region="EU",ReservationID="FB2C971B6B594C01ADD7260FF346776B",DSRToken="eyJ0eXAiOiJKV1QiLCJhbGciOiJIUzUxMiJ9.eyJqdGkiOiJmY2Y5NTVkNzZmYTc0YmM0YmFmNzg5MGZlZWFiMGU4MyIsImlzcyI6IlBzeU5ldCIsInBsYXllcl9pZCI6IkVwaWN8ODgxOGI0ZGJhNzlhNDNkMThiOTg2ZjQ2ZTRkMDAzOTJ8MCIsInNlcnZlcl9uYW1lIjoiRVU3LTA0REI5N0M1NDIyRDA2MzY1LVBlcmlnZWUiLCJpYXQiOjE3NzUwNDA0MzIsIm5iZiI6MTc3NTA0MDQzMiwiZXhwIjoxNzc1MDU0ODMyfQ.eTQAnXRMBJ9LNaBmC6iolV3hNpt6mELFBaWR6ArZAS7iSCBdzeWkbSHXmlPYz_w8y44BGiCjoc1Ur_WDELiZug",JoinName="D04NTE8IKLQRWTXY",JoinPassword="ON00899GO02ZHNRK")) JoinSettings=((PlaylistId=11,Password="ON00899GO02ZHNRK"))
[4975.74] JoinGame: GotoJoinGameState OnlineGameJoinGame_TA -> VerifyPrivileges
[4975.74] Online: TryToPlayOnline ControllerID=(-1)
[4975.74] PsyNet: PsyNetServiceProvider_X_1 ExecuteService Complete, Service=DSR/ClientMessage 
[4975.74] Online: HandlePrivilegeCheckFinished PrivilegeCheck.bHasRestriction=(False)
[4975.74] JoinGame: GotoJoinGameState VerifyPrivileges -> ReservingServerForMatchmaking
[4975.74] PsyNetBeaconDetail_X: PsyNetBeacon_X_0 SendMessageToServer Message=(AddReservationMessagePublic_X_14)
[4975.86] Log: FSaveDataExportTask(0) wrote 1064364 bytes to memory
[4975.86] Log: SaveGameDataAsync game thread time: 8 ms
[4975.87] Log: Deleting old save file ..\..\TAGame\SaveDataEpic\DBE_Production\8818b4dba79a43d18b986f46e4d00392.save
[4975.88] Log: SaveDataExport(0): Finished - File:[..\..\TAGame\SaveDataEpic\DBE_Production\8818b4dba79a43d18b986f46e4d00392_2.save] Result:[1]
[4975.88] SettingsExport: Settings content not changed. Will not update the Settings Online
[4976.28] PsyNetBeaconDetail_X: PsyNetBeacon_X_0 ClientHandleMessage Message.MessageType=(ReservationsWaitingMessage_X) Message.ReservationID=(FB2C971B6B594C01ADD7260FF346776B)
[4976.28] JoinGame: Waiting for more players to add reservations
[4976.28] Party: HandleServerReserved (Reservation=(ServerName="EU7-04DB97C5422D06365-Perigee",Playlist=11,Region="EU",ReservationID="FB2C971B6B594C01ADD7260FF346776B",DSRToken="eyJ0eXAiOiJKV1QiLCJhbGciOiJIUzUxMiJ9.eyJqdGkiOiJmY2Y5NTVkNzZmYTc0YmM0YmFmNzg5MGZlZWFiMGU4MyIsImlzcyI6IlBzeU5ldCIsInBsYXllcl9pZCI6IkVwaWN8ODgxOGI0ZGJhNzlhNDNkMThiOTg2ZjQ2ZTRkMDAzOTJ8MCIsInNlcnZlcl9uYW1lIjoiRVU3LTA0REI5N0M1NDIyRDA2MzY1LVBlcmlnZWUiLCJpYXQiOjE3NzUwNDA0MzIsIm5iZiI6MTc3NTA0MDQzMiwiZXhwIjoxNzc1MDU0ODMyfQ.eTQAnXRMBJ9LNaBmC6iolV3hNpt6mELFBaWR6ArZAS7iSCBdzeWkbSHXmlPYz_w8y44BGiCjoc1Ur_WDELiZug",JoinName="D04NTE8IKLQRWTXY",JoinPassword="ON00899GO02ZHNRK"),JoinCredentials="D04NTE8IKLQRWTXY:ON00899GO02ZHNRK")
[4976.29] PsyNet: PsyNetServiceProvider_X_1 ExecuteService Complete, Service=DSR/ClientMessage 
[4976.38] PsyNet: PsyNetServiceProvider_X_1 ExecuteService Complete, Service=Reward/RewardResult 
[4976.38] ScriptLog: GetDLCProducts, UnlockedDLCList=
[4976.42] PartyChallenge: UpdateChallengeProgressForCompetitive bChallengesComplete=(True) ChallengeState=(Challenge_Success) bChallengeSync=(True) bChallengesAreValid=(True) bLegacyPlayer=(False) bGuestAccount=(False) Online_X.UniqueNetIDToString(Manager.Outer.PlayerID)=(Epic|8818b4dba79a43d18b986f46e4d00392|0) Complete
[4976.45] PsyNet: PsyNetServiceProvider_X_1 ExecuteService Complete, Service=Challenges/PlayerProgress 
[4978.17] PartyChallenge: UpdateXPLevelForPlayer InPlayerId=(Epic|8818b4dba79a43d18b986f46e4d00392|0) InXPLevel=(344)
[4978.18] PsyNet: PsyNetServiceProvider_X_1 ExecuteService Complete, Service=Reward/RewardResult 
[4978.18] PartyChallenge: UpdateChallengeProgressForCompetitive bChallengesComplete=(True) ChallengeState=(Challenge_Success) bChallengeSync=(True) bChallengesAreValid=(True) bLegacyPlayer=(False) bGuestAccount=(False) Online_X.UniqueNetIDToString(Manager.Outer.PlayerID)=(Epic|8818b4dba79a43d18b986f46e4d00392|0) Complete
[4978.19] PsyNet: PsyNetServiceProvider_X_1 ExecuteService Complete, Service=Challenges/PlayerProgress 
[4978.29] PsyNet: PsyNetChannel_X_0 party:2uuPQ5vF receive message MessageID=291
[4978.29] PsyNet: PsyNetChannel_X_0 party:2uuPQ5vF executing MessageID=291
[4978.29] Party: HandleLobbyReceiveBinaryData LobbyUID=PsyNet-2uuPQ5vF MemberIndex=0 PlayerUID=PS4|785668489479049324|0 Message=PartyMessage_PartyMemberJoinGame_X
[4978.30] PsyNet: PsyNetServiceProvider_X_1 ExecuteService Complete, Service=Party/System 
[4978.40] PsyNet: PsyNetChannel_X_0 party:2uuPQ5vF receive message MessageID=292
[4978.40] PsyNet: PsyNetChannel_X_0 party:2uuPQ5vF executing MessageID=292
[4978.40] Party: HandleLobbyReceiveBinaryData LobbyUID=PsyNet-2uuPQ5vF MemberIndex=0 PlayerUID=PS4|785668489479049324|0 Message=PartyMessage_MatchmakingAvailability_X
[4978.40] Party: SetAvailableForMatchmakingForMember PartyMemberID:'PS4|785668489479049324|0' MatchmakeRestrictions=(0)
[4978.41] PsyNet: PsyNetServiceProvider_X_1 ExecuteService Complete, Service=Party/System 
[4978.51] PsyNet: PsyNetChannel_X_0 party:2uuPQ5vF receive message MessageID=293
[4978.51] PsyNet: PsyNetChannel_X_0 party:2uuPQ5vF executing MessageID=293
[4978.52] PsyNet: PsyNetServiceProvider_X_1 ExecuteService Complete, Service=Party/System 
[4978.74] PsyNetBeaconDetail_X: PsyNetBeacon_X_0 SendMessageToServer Message=(PingMessage_X_40)
[4978.76] PsyNet: PsyNetChannel_X_0 party:2uuPQ5vF receive message MessageID=294
[4978.76] PsyNet: PsyNetChannel_X_0 party:2uuPQ5vF executing MessageID=294
[4978.76] Party: HandleLobbyReceiveBinaryData LobbyUID=PsyNet-2uuPQ5vF MemberIndex=0 PlayerUID=PS4|785668489479049324|0 Message=PartyMessage_SearchStatus_X
[4978.76] Party: HandleSearchStatus StatusMessage.SearchState=(Joining) StatusMessage.bIsSearching=(True)
[4978.77] PsyNet: PsyNetServiceProvider_X_1 ExecuteService Complete, Service=Party/System 
[4978.87] Log: FSaveDataExportTask(0) wrote 1064827 bytes to memory
[4978.87] Log: SaveGameDataAsync game thread time: 8 ms
[4978.89] Log: Deleting old save file ..\..\TAGame\SaveDataEpic\DBE_Production\8818b4dba79a43d18b986f46e4d00392_1.save
[4978.89] Log: SaveDataExport(0): Finished - File:[..\..\TAGame\SaveDataEpic\DBE_Production\8818b4dba79a43d18b986f46e4d00392.save] Result:[1]
[4978.89] SettingsExport: Settings content not changed. Will not update the Settings Online
[4979.14] PsyNetBeaconDetail_X: PsyNetBeacon_X_0 ClientHandleMessage Message.MessageType=(PingMessage_X) Message.ReservationID=(FB2C971B6B594C01ADD7260FF346776B)
[4979.15] PsyNet: PsyNetServiceProvider_X_1 ExecuteService Complete, Service=DSR/ClientMessage 
[4979.65] PsyNetBeaconDetail_X: PsyNetBeacon_X_0 ClientHandleMessage Message.MessageType=(ReservationsReadyMessage_X) Message.ReservationID=(FB2C971B6B594C01ADD7260FF346776B)
[4979.65] Party: HandleServerReserved (Reservation=(ServerName="EU7-04DB97C5422D06365-Perigee",Playlist=11,Region="EU",ReservationID="FB2C971B6B594C01ADD7260FF346776B",DSRToken="eyJ0eXAiOiJKV1QiLCJhbGciOiJIUzUxMiJ9.eyJqdGkiOiJmY2Y5NTVkNzZmYTc0YmM0YmFmNzg5MGZlZWFiMGU4MyIsImlzcyI6IlBzeU5ldCIsInBsYXllcl9pZCI6IkVwaWN8ODgxOGI0ZGJhNzlhNDNkMThiOTg2ZjQ2ZTRkMDAzOTJ8MCIsInNlcnZlcl9uYW1lIjoiRVU3LTA0REI5N0M1NDIyRDA2MzY1LVBlcmlnZWUiLCJpYXQiOjE3NzUwNDA0MzIsIm5iZiI6MTc3NTA0MDQzMiwiZXhwIjoxNzc1MDU0ODMyfQ.eTQAnXRMBJ9LNaBmC6iolV3hNpt6mELFBaWR6ArZAS7iSCBdzeWkbSHXmlPYz_w8y44BGiCjoc1Ur_WDELiZug",JoinName="D04NTE8IKLQRWTXY",JoinPassword="ON00899GO02ZHNRK"),PingURL="18.168.43.167:7761",GameURL="18.168.43.167:7760",JoinCredentials="D04NTE8IKLQRWTXY:ON00899GO02ZHNRK")
[4979.65] JoinGame: GotoJoinGameState ReservingServerForMatchmaking -> JoinCountdown
[4979.65] PsyNetBeaconDetail_X: PsyNetBeacon_X_0 SendMessageToServer Message=(PingMessage_X_42)
[4979.66] PsyNet: PsyNetServiceProvider_X_1 ExecuteService Complete, Service=DSR/ClientMessage 
[4979.96] PsyNetBeaconDetail_X: PsyNetBeacon_X_0 ClientHandleMessage Message.MessageType=(PingMessage_X) Message.ReservationID=(FB2C971B6B594C01ADD7260FF346776B)
[4979.96] PsyNet: PsyNetServiceProvider_X_1 ExecuteService Complete, Service=DSR/ClientMessage 
[4979.97] PartyChallenge: UpdateChallengeProgressForCompetitive bChallengesComplete=(True) ChallengeState=(Challenge_Success) bChallengeSync=(True) bChallengesAreValid=(True) bLegacyPlayer=(False) bGuestAccount=(False) Online_X.UniqueNetIDToString(Manager.Outer.PlayerID)=(Epic|8818b4dba79a43d18b986f46e4d00392|0) Complete
[4979.98] PsyNet: PsyNetServiceProvider_X_1 ExecuteService Complete, Service=Challenges/PlayerProgress 
[4979.98] PartyChallenge: UpdateXPLevelForPlayer InPlayerId=(Epic|8818b4dba79a43d18b986f46e4d00392|0) InXPLevel=(345)
[4979.99] PsyNet: PsyNetServiceProvider_X_1 ExecuteService Complete, Service=Reward/RewardResult 
[4980.08] PsyNet: PsyNetChannel_X_0 party:2uuPQ5vF receive message MessageID=295
[4980.08] PsyNet: PsyNetChannel_X_0 party:2uuPQ5vF executing MessageID=295
[4980.08] Party: HandleLobbyReceiveBinaryData LobbyUID=PsyNet-2uuPQ5vF MemberIndex=0 PlayerUID=PS4|785668489479049324|0 Message=PartyMessage_JoinGame_X
[4980.08] Party: HandlePartyJoinGame MatchSettings=((ServerName="EU7-04DB97C5422D06365-Perigee",PlaylistId=11,CustomPassword="ON00899GO02ZHNRK",ReservationID="FB2C971B6B594C01ADD7260FF346776B",JoinName="D04NTE8IKLQRWTXY",JoinPassword="ON00899GO02ZHNRK"))
[4980.09] PsyNet: PsyNetServiceProvider_X_1 ExecuteService Complete, Service=Party/System 
[4980.33] PsyNet: PsyNetChannel_X_0 party:2uuPQ5vF receive message MessageID=296
[4980.33] PsyNet: PsyNetChannel_X_0 party:2uuPQ5vF executing MessageID=296
[4980.33] PsyNet: PsyNetServiceProvider_X_1 ExecuteService Complete, Service=Party/System 
[4981.87] Log: FSaveDataExportTask(0) wrote 1064827 bytes to memory
[4981.87] Log: SaveGameDataAsync game thread time: 8 ms
[4981.89] Log: Deleting old save file ..\..\TAGame\SaveDataEpic\DBE_Production\8818b4dba79a43d18b986f46e4d00392_2.save
[4981.89] Log: SaveDataExport(0): Finished - File:[..\..\TAGame\SaveDataEpic\DBE_Production\8818b4dba79a43d18b986f46e4d00392_1.save] Result:[1]
[4981.89] SettingsExport: Settings content not changed. Will not update the Settings Online
[4982.65] JoinGame: GotoJoinGameState JoinCountdown -> OpeningLoadingScreen
[4982.65] RankedReconnect: OnlineGameJoinGame_TA_0::OpeningLoadingScreen.BeginState()
[4982.65] RankedReconnect: LocalPlayer_TA_0.UpdateRankedReconnect() RankedTeamDoubles True 4 False
[4982.65] RankedReconnect: RankedReconnectSave_TA_0.SetRankedReconnect() Server=((Reservation=(ServerName="EU7-04DB97C5422D06365-Perigee",Playlist=11,Region="EU",ReservationID="FB2C971B6B594C01ADD7260FF346776B",DSRToken="eyJ0eXAiOiJKV1QiLCJhbGciOiJIUzUxMiJ9.eyJqdGkiOiJmY2Y5NTVkNzZmYTc0YmM0YmFmNzg5MGZlZWFiMGU4MyIsImlzcyI6IlBzeU5ldCIsInBsYXllcl9pZCI6IkVwaWN8ODgxOGI0ZGJhNzlhNDNkMThiOTg2ZjQ2ZTRkMDAzOTJ8MCIsInNlcnZlcl9uYW1lIjoiRVU3LTA0REI5N0M1NDIyRDA2MzY1LVBlcmlnZWUiLCJpYXQiOjE3NzUwNDA0MzIsIm5iZiI6MTc3NTA0MDQzMiwiZXhwIjoxNzc1MDU0ODMyfQ.eTQAnXRMBJ9LNaBmC6iolV3hNpt6mELFBaWR6ArZAS7iSCBdzeWkbSHXmlPYz_w8y44BGiCjoc1Ur_WDELiZug",JoinName="D04NTE8IKLQRWTXY",JoinPassword="ON00899GO02ZHNRK"),PingURL="18.168.43.167:7761",GameURL="18.168.43.167:7760",JoinCredentials="D04NTE8IKLQRWTXY:ON00899GO02ZHNRK")) EpochNow=(1775040439)
[4982.65] DevNet: Browse: JoinGameTransition?Name=%e6%bc%a2+%e9%be%8d+%e7%8e%8b+%e7%a5%9e+%e9%97%87%e6%bc%a2+%e9%be%8d+%e7%8e%8b+%e7%a5%9e?game=TAGame.GameInfo_Transition_TA
[4982.66] Log: Flushing async loaders.
[4983.03] Log: Flushed async loaders.
[4983.10] Log: FSaveDataExportTask(0) wrote 1065752 bytes to memory
[4983.10] Log: SaveGameDataAsync game thread time: 8 ms
[4983.10] Log: LoadMap: JoinGameTransition?Name=%e6%bc%a2+%e9%be%8d+%e7%8e%8b+%e7%a5%9e+%e9%97%87%e6%bc%a2+%e9%be%8d+%e7%8e%8b+%e7%a5%9e?game=TAGame.GameInfo_Transition_TA
[4983.12] Log: Deleting old save file ..\..\TAGame\SaveDataEpic\DBE_Production\8818b4dba79a43d18b986f46e4d00392.save
[4983.12] Log: SaveDataExport(0): Finished - File:[..\..\TAGame\SaveDataEpic\DBE_Production\8818b4dba79a43d18b986f46e4d00392_2.save] Result:[1]
[4983.12] DevOnline: PsyNet Flush Start TimeoutSeconds=0.250000
[4983.37] DevOnline: PsyNet Flush End
[4983.40] Log: Fully load package: ..\..\TAGame\CookedPCConsole\GameInfo_Transition_SF.upk
[4983.40] Log: Game class is 'GameInfo_Transition_TA'
[4983.41] Log: Bringing World JoinGameTransition.TheWorld up for play (0) at 2026.04.01-11.47.22
[4983.41] Log: Bringing up level for play took: 0.004039
[4983.41] PartyChallenge: UpdateChallengeProgressForCompetitive bChallengesComplete=(True) ChallengeState=(Challenge_Success) bChallengeSync=(True) bChallengesAreValid=(True) bLegacyPlayer=(False) bGuestAccount=(False) Online_X.UniqueNetIDToString(Manager.Outer.PlayerID)=(Epic|8818b4dba79a43d18b986f46e4d00392|0) Complete
[4983.41] PartyChallenge: InitializeCompetitiveChallenges bGuestAccount=(False) bCompletedChallengesForCompetitive=(True) bLegacyPlayer=(False) Online_X.UniqueNetIDToString(OnlinePlayer.PlayerID)=(Epic|8818b4dba79a43d18b986f46e4d00392|0)
[4983.41] JoinGame: GotoJoinGameState OpeningLoadingScreen -> JoiningNewServer
[4983.41] DevNet: SetProgress, MessageType=1, Title=, Message=Connecting...
[4983.41] Log: ########### Finished loading level: 0.305077 seconds
[4983.41] SettingsExport: Settings content not changed. Will not update the Settings Online
[4983.41] DevNet: Browse: 18.168.43.167:7760/MENU_Main_p?Name=%e6%bc%a2+%e9%be%8d+%e7%8e%8b+%e7%a5%9e+%e9%97%87%e6%bc%a2+%e9%be%8d+%e7%8e%8b+%e7%a5%9e
[4983.41] DevNet: Game client on port 7760, rate 15000
[4983.41] NetComeGo: SEND first packet Length=80 CRC=-405571160
[4983.42] Log: UTimersComponent_X::SetTimerInternal called with invalid Callback (UpdateNextProductData)
[4983.42] ScriptWarning: ScriptWarning, Dynamic array Filter: Failed to find filter function '__GFxData_Products_TA__GetAttributesWithAdditionalAssets_0x1' in object 'GFxData_Products_TA_11'
	GFxData_Products_TA Transient.GFxData_Products_TA_11
	Function TAGame.GFxData_Products_TA:GetAttributesWithAdditionalAssets:00DA
Script call stack:
	Function TAGame.__GFxData_Products_TA__StartLoadingProduct_0x1:__GFxData_Products_TA__StartLoadingProduct_0x2
	Function TAGame.GFxData_Products_TA:HandleThumbnailLoaded
	Function TAGame.GFxData_Products_TA:LoadAdditionalProductReferences
	Function TAGame.GFxData_Products_TA:GetAttributesWithAdditionalAssets

[4983.47] Log: UTimersComponent_X::SetTimerInternal called with invalid Callback (UpdateNextProductData)
[4983.47] ScriptWarning: ScriptWarning, Dynamic array Filter: Failed to find filter function '__GFxData_Products_TA__GetAttributesWithAdditionalAssets_0x1' in object 'GFxData_Products_TA_11'
	GFxData_Products_TA Transient.GFxData_Products_TA_11
	Function TAGame.GFxData_Products_TA:GetAttributesWithAdditionalAssets:00DA
Script call stack:
	Function TAGame.__GFxData_Products_TA__StartLoadingProduct_0x1:__GFxData_Products_TA__StartLoadingProduct_0x2
	Function TAGame.GFxData_Products_TA:HandleThumbnailLoaded
	Function TAGame.GFxData_Products_TA:LoadAdditionalProductReferences
	Function TAGame.GFxData_Products_TA:GetAttributesWithAdditionalAssets

[4983.54] PsyNet: PsyNetChannel_X_0 party:2uuPQ5vF receive message MessageID=297
[4983.54] PsyNet: PsyNetChannel_X_0 party:2uuPQ5vF executing MessageID=297
[4983.54] Party: HandleLobbyReceiveBinaryData LobbyUID=PsyNet-2uuPQ5vF MemberIndex=0 PlayerUID=PS4|785668489479049324|0 Message=PartyMessage_PartyMemberJoinGame_X
[4983.57] PsyNet: PsyNetServiceProvider_X_1 ExecuteService Complete, Service=Party/System 
[4983.69] NetComeGo: TcpipConnection_11 RECV first packet IP=18.168.43.167:7760 Length=15 CRC=-1258830727 HandshakeStatus=0 bUseSessionUID=1 InSessionUID=(0 0 0) SessionUID=(0 0 0)
[4983.69] NetComeGo: Client set SessionUID to: 88 190 86
[4983.82] PsyNet: PsyNetChannel_X_0 party:2uuPQ5vF receive message MessageID=298
[4983.82] PsyNet: PsyNetChannel_X_0 party:2uuPQ5vF executing MessageID=298
[4983.83] PsyNet: PsyNetServiceProvider_X_1 ExecuteService Complete, Service=Party/System 
[4984.11] DevNet: Welcomed by server (Level: UF_Day_P, Game: TAGame.GameInfo_Soccar_TA, GameTags: )
[4984.12] Log: FSaveDataExportTask(0) wrote 1065752 bytes to memory
[4984.12] Log: SaveGameDataAsync game thread time: 8 ms
[4984.13] Log: Flushing async loaders.
[4984.13] Log: Deleting old save file ..\..\TAGame\SaveDataEpic\DBE_Production\8818b4dba79a43d18b986f46e4d00392_1.save
[4984.13] Log: Flushed async loaders.
[4984.13] Log: LoadMap: 18.168.43.167:7760/UF_Day_P?Name=%e6%bc%a2+%e9%be%8d+%e7%8e%8b+%e7%a5%9e+%e9%97%87%e6%bc%a2+%e9%be%8d+%e7%8e%8b+%e7%a5%9e?game=TAGame.GameInfo_Soccar_TA
[4984.14] Log: SaveDataExport(0): Finished - File:[..\..\TAGame\SaveDataEpic\DBE_Production\8818b4dba79a43d18b986f46e4d00392.save] Result:[1]
[4984.15] DevOnline: PsyNet Flush Start TimeoutSeconds=0.250000
[4984.33] DevOnline: PsyNet Flush End
[4984.33] Log: Fully load package: ..\..\TAGame\CookedPCConsole\GameInfo_Soccar_SF.upk
[4984.38] Log: Fully load package: ..\..\TAGame\CookedPCConsole\GFxSounds_XP_SF.upk
[4984.39] Log: Fully load package: ..\..\TAGame\CookedPCConsole\GFx_XPProgressMenu_SF.upk
[4984.41] Log: Fully load package: ..\..\TAGame\CookedPCConsole\GFX_EndGameMenu_SF.upk
[4984.45] Log: Fully load package: ..\..\TAGame\CookedPCConsole\GFX_WinnerMenu_SF.upk
[4984.47] Log: Fully load package: ..\..\TAGame\CookedPCConsole\GFX_MidGameScoreboard_SF.upk
[4984.48] Log: Fully load package: ..\..\TAGame\CookedPCConsole\GFX_MidGameMenu_SF.upk
[4984.49] Log: Fully load package: ..\..\TAGame\CookedPCConsole\GFX_HudMatchInfo_SF.upk
[4984.51] Log: Fully load package: ..\..\TAGame\CookedPCConsole\GFX_Hud_SF.upk
[4985.43] Log: Octree Warning (AddPrimitive): StaticMeshActor_SMC_445 (Owner: UF_Day_P.TheWorld:PersistentLevel.MeshCollector5) Outside World.
[4985.43] Log: Octree Warning (AddPrimitive): StaticMeshActor_SMC_619 (Owner: UF_Day_P.TheWorld:PersistentLevel.MeshCollector5) Outside World.
[4985.43] Log: Octree Warning (AddPrimitive): StaticMeshActor_SMC_627 (Owner: UF_Day_P.TheWorld:PersistentLevel.MeshCollector5) Outside World.
[4985.46] Log: Bringing World UF_Day_P.TheWorld up for play (0) at 2026.04.01-11.47.24
[4985.47] Log: Bringing up level for play took: 0.296907
[4985.65] RootMenu: [GFx] UIShellInstance - setting the shell instance
[4985.67] PartyChallenge: UpdateChallengeProgressForCompetitive bChallengesComplete=(True) ChallengeState=(Challenge_Success) bChallengeSync=(True) bChallengesAreValid=(True) bLegacyPlayer=(False) bGuestAccount=(False) Online_X.UniqueNetIDToString(Manager.Outer.PlayerID)=(Epic|8818b4dba79a43d18b986f46e4d00392|0) Complete
[4985.67] PartyChallenge: InitializeCompetitiveChallenges bGuestAccount=(False) bCompletedChallengesForCompetitive=(True) bLegacyPlayer=(False) Online_X.UniqueNetIDToString(OnlinePlayer.PlayerID)=(Epic|8818b4dba79a43d18b986f46e4d00392|0)
[4985.67] JoinGame: OnJoinGameComplete bSuccess=(True) FailReason=()
[4985.67] JoinGame: GotoJoinGameState JoiningNewServer -> None
[4985.67] PsyNetBeaconDetail_X: PsyNetBeacon_X_0 Close
[4985.67] PsyNetBeaconDetail_X: PsyNetBeacon_X_0 CloseConnection Connection.ConnectionID=(eyJ0eXAiOiJKV1QiLCJhbGciOiJIUzUxMiJ9.eyJqdGkiOiJmY2Y5NTVkNzZmYTc0YmM0YmFmNzg5MGZlZWFiMGU4MyIsImlzcyI6IlBzeU5ldCIsInBsYXllcl9pZCI6IkVwaWN8ODgxOGI0ZGJhNzlhNDNkMThiOTg2ZjQ2ZTRkMDAzOTJ8MCIsInNlcnZlcl9uYW1lIjoiRVU3LTA0REI5N0M1NDIyRDA2MzY1LVBlcmlnZWUiLCJpYXQiOjE3NzUwNDA0MzIsIm5iZiI6MTc3NTA0MDQzMiwiZXhwIjoxNzc1MDU0ODMyfQ.eTQAnXRMBJ9LNaBmC6iolV3hNpt6mELFBaWR6ArZAS7iSCBdzeWkbSHXmlPYz_w8y44BGiCjoc1Ur_WDELiZug)
[4985.67] Spawn: TextChatActor_TA_51 OnOwnerChanged PlayerController_TA_21
[4985.67] EOSGameClips: Construct Constructed EOSGameClipsController_TA. Self=(EOSGameClipsController_TA_21)
[4985.67] Log: ########### Finished loading level: 1.537659 seconds
[4985.68] SettingsExport: Settings content not changed. Will not update the Settings Online
[4985.92] LTM: SettingsType=(CustomMatchSettingsType_PrivateMatch)
[4985.95] EOSGameClips: ShutDown : Shutting down EOSGameClipsController_TA. Self=(EOSGameClipsController_TA_21) PlayerOwner?.GetUniqueNetId()=(Epic|8818b4dba79a43d18b986f46e4d00392|0)
[4985.95] PartyChallenge: UpdateChallengeProgressForCompetitive bChallengesComplete=(True) ChallengeState=(Challenge_Success) bChallengeSync=(True) bChallengesAreValid=(True) bLegacyPlayer=(False) bGuestAccount=(False) Online_X.UniqueNetIDToString(Manager.Outer.PlayerID)=(Epic|8818b4dba79a43d18b986f46e4d00392|0) Complete
[4985.95] PartyChallenge: InitializeCompetitiveChallenges bGuestAccount=(False) bCompletedChallengesForCompetitive=(True) bLegacyPlayer=(False) Online_X.UniqueNetIDToString(OnlinePlayer.PlayerID)=(Epic|8818b4dba79a43d18b986f46e4d00392|0)
[4985.95] EOSGameClips: Construct Constructed EOSGameClipsController_TA. Self=(EOSGameClipsController_TA_22)
[4985.95] ScriptLog: Client InputRate=60
[4985.95] DevNet: PlayerController_TA_22 setplayer LocalPlayer_TA_0
[4985.95] PsyNetStaticData: UpdateCacheTimerEnabled CacheTimer.bEnabled=(False)
[4985.95] MatchBroadcast: Init bBroadcastMatch=(False) MatchLog=(None)
[4985.98] ScriptLog: Uncached PlatformId for Epic|8818b4dba79a43d18b986f46e4d00392|0
[4985.98] Spawn: TextChatActor_TA_52 OnOwnerChanged PlayerController_TA_22
[4986.02] RootMenu: [GFx] UIShellInstance - setting the shell instance
[4986.05] DevOnline: RemoteUserDataReplicated Name: PRI_TA_44 Role: 1 RemoteRole: 3
[4986.06] ScriptLog: MatchGUID: 23CAFB5611F12DB8D82395941C972E74
[4986.13] MusicPlayer: HandleTrackEnd CurrentTrackPlayingID=(0) PlayingID=(103262)
[4986.13] MusicPlayer: HandleTrackEnd CurrentTrackPlayingID=(0) PlayingID=(103262)
[4986.14] Eula: RequiresAcceptance? EulaConfig?.bRequiresAcceptance=(True) GetUISave()?.Contains('bAcceptedOfflineEULA')=(True) Eula.SyncState=(LSS_Accepted)
[4986.14] Party: BroadcastMatchmakingAvailabilityDelayed PartyMemberID:'Epic|8818b4dba79a43d18b986f46e4d00392|0' MatchmakeRestrictions=(0)
[4986.14] Party: SetAvailableForMatchmakingForMember PartyMemberID:'Epic|8818b4dba79a43d18b986f46e4d00392|0' MatchmakeRestrictions=(0)
[4986.29] ScriptLog: Uncached PlatformId for Epic|961bdafdeadc4edfaf06b18a8f273efa|0
[4986.29] PsyNet: PsyNetChannel_X_0 party:2uuPQ5vF receive message MessageID=299
[4986.29] PsyNet: PsyNetChannel_X_0 party:2uuPQ5vF executing MessageID=299
[4986.29] PsyNet: PsyNetServiceProvider_X_1 ExecuteService Complete, Service=Party/System 
[4986.64] PsyNet: PsyNetChannel_X_0 party:2uuPQ5vF receive message MessageID=300
[4986.64] PsyNet: PsyNetChannel_X_0 party:2uuPQ5vF executing MessageID=300
[4986.64] PsyNet: PsyNetServiceProvider_X_1 ExecuteService Complete, Service=Party/System 
[4987.56] PsyNet: PsyNetChannel_X_0 party:2uuPQ5vF receive message MessageID=301
[4987.56] PsyNet: PsyNetChannel_X_0 party:2uuPQ5vF executing MessageID=301
[4987.56] Party: HandleLobbyReceiveBinaryData LobbyUID=PsyNet-2uuPQ5vF MemberIndex=0 PlayerUID=PS4|785668489479049324|0 Message=PartyMessage_PartyMemberJoinGame_X
[4987.57] PsyNet: PsyNetServiceProvider_X_1 ExecuteService Complete, Service=Party/System 
[4987.65] DevOnline: EOSSDK-LogEOSRTC: TickTracker Tick is delayed. TimePeriod=[10.007951s]  TickIntervalThreshold=[0.100000s] MaxTickInterval=[0.121768s] MaxExecutionTime=[0.000084s] TicksCount=[801] ExpectedTicksCount=[1000]
[4987.92] EOSVoice: Received full credentials from the server.
[4987.92] PsyNet: PsyNetServiceProvider_X_1 ExecuteService Complete, Service=VoiceChat/MatchToken 
[4988.07] PsyNet: PsyNetChannel_X_0 party:2uuPQ5vF receive message MessageID=302
[4988.07] PsyNet: PsyNetChannel_X_0 party:2uuPQ5vF executing MessageID=302
[4988.07] Party: HandleLobbyReceiveBinaryData LobbyUID=PsyNet-2uuPQ5vF MemberIndex=0 PlayerUID=PS4|785668489479049324|0 Message=PartyMessage_SearchStatus_X
[4988.07] Party: HandleSearchStatus StatusMessage.SearchState=(OnlineGameMatchmaking_X) StatusMessage.bIsSearching=(False)
[4988.07] PsyNet: PsyNetServiceProvider_X_1 ExecuteService Complete, Service=Party/System 
[4988.08] PsyNet: PsyNetChannel_X_0 party:2uuPQ5vF receive message MessageID=303
[4988.08] PsyNet: PsyNetChannel_X_0 party:2uuPQ5vF executing MessageID=303
[4988.08] Party: HandleLobbyReceiveBinaryData LobbyUID=PsyNet-2uuPQ5vF MemberIndex=0 PlayerUID=PS4|785668489479049324|0 Message=PartyMessage_MatchmakingAvailability_X
[4988.08] Party: SetAvailableForMatchmakingForMember PartyMemberID:'PS4|785668489479049324|0' MatchmakeRestrictions=(0)
[4988.09] PsyNet: PsyNetServiceProvider_X_1 ExecuteService Complete, Service=Party/System 
[4991.59] EOSGameClips: EOSGameClips: Starting background recording: API Version 2, Clip Duration 30
[4991.59] DevOnline: EOSSDK-LogEOSGameClips: Starting recording up to 30 seconds.
[4991.60] EOSGameClips: EOSGameClips: Recording changed from NotRecording to Recording.
[4995.59] EOSGameClips: EOSGameClips: Starting background recording: API Version 2, Clip Duration 30
[5012.15] DevOnline: WebRequest_X_139 SEND: https://datarouter.ol.epicgames.com/datarouter/api/v1/public/data?AppID=RocketLeague.Release&AppVersion=1210528741&AppEnvironment=Prod&UploadType=eteventstream&UserID=|8818b4dba79a43d18b986f46e4d00392|||Epic|8818b4dba79a43d18b986f46e4d00392|0&SessionID=7ED88ADF457E5D0E09C349A06FC64359
[5012.26] DevOnline: WebRequest_X_139 RECV: 204 
[5054.92] EOSGameClips: EOSGameClips: Currently recording: true
[5072.14] DevOnline: WebRequest_X_140 SEND: https://datarouter.ol.epicgames.com/datarouter/api/v1/public/data?AppID=RocketLeague.Release&AppVersion=1210528741&AppEnvironment=Prod&UploadType=eteventstream&UserID=|8818b4dba79a43d18b986f46e4d00392|||Epic|8818b4dba79a43d18b986f46e4d00392|0&SessionID=7ED88ADF457E5D0E09C349A06FC64359
[5072.26] DevOnline: WebRequest_X_140 RECV: 204 
[5098.64] EOSGameClips: EOSGameClips: Starting background recording: API Version 2, Clip Duration 30
[5101.19] EOSGameClips: EOSGameClips: Currently recording: true
[5102.17] EOSGameClips: EOSGameClips: Starting background recording: API Version 2, Clip Duration 30
[5112.20] EOSGameClips: EOSGameClips: Starting background recording: API Version 2, Clip Duration 30
[5116.18] EOSGameClips: EOSGameClips: Starting background recording: API Version 2, Clip Duration 30
[5132.14] DevOnline: WebRequest_X_141 SEND: https://datarouter.ol.epicgames.com/datarouter/api/v1/public/data?AppID=RocketLeague.Release&AppVersion=1210528741&AppEnvironment=Prod&UploadType=eteventstream&UserID=|8818b4dba79a43d18b986f46e4d00392|||Epic|8818b4dba79a43d18b986f46e4d00392|0&SessionID=7ED88ADF457E5D0E09C349A06FC64359
[5132.26] DevOnline: WebRequest_X_141 RECV: 204 
[5147.95] EOSGameClips: EOSGameClips: Starting background recording: API Version 2, Clip Duration 30
[5150.51] EOSGameClips: EOSGameClips: Currently recording: true
[5151.42] EOSGameClips: EOSGameClips: Currently recording: true
[5151.50] EOSGameClips: EOSGameClips: Starting background recording: API Version 2, Clip Duration 30
[5152.28] Log: FSaveDataExportTask(0) wrote 1065824 bytes to memory
[5152.28] Log: SaveGameDataAsync game thread time: 8 ms
[5152.29] Log: Deleting old save file ..\..\TAGame\SaveDataEpic\DBE_Production\8818b4dba79a43d18b986f46e4d00392_2.save
[5152.29] Log: SaveDataExport(0): Finished - File:[..\..\TAGame\SaveDataEpic\DBE_Production\8818b4dba79a43d18b986f46e4d00392_1.save] Result:[1]
[5152.30] SettingsExport: Settings content not changed. Will not update the Settings Online
[5159.81] Log: FUniqueNetId::FromString - could not parse ''
[5161.35] EOSGameClips: EOSGameClips: Starting background recording: API Version 2, Clip Duration 30
[5165.34] EOSGameClips: EOSGameClips: Starting background recording: API Version 2, Clip Duration 30
[5192.13] DevOnline: WebRequest_X_142 SEND: https://datarouter.ol.epicgames.com/datarouter/api/v1/public/data?AppID=RocketLeague.Release&AppVersion=1210528741&AppEnvironment=Prod&UploadType=eteventstream&UserID=|8818b4dba79a43d18b986f46e4d00392|||Epic|8818b4dba79a43d18b986f46e4d00392|0&SessionID=7ED88ADF457E5D0E09C349A06FC64359
[5192.25] DevOnline: WebRequest_X_142 RECV: 204 
[5234.59] EOSGameClips: EOSGameClips: Currently recording: true
[5252.13] DevOnline: WebRequest_X_143 SEND: https://datarouter.ol.epicgames.com/datarouter/api/v1/public/data?AppID=RocketLeague.Release&AppVersion=1210528741&AppEnvironment=Prod&UploadType=eteventstream&UserID=|8818b4dba79a43d18b986f46e4d00392|||Epic|8818b4dba79a43d18b986f46e4d00392|0&SessionID=7ED88ADF457E5D0E09C349A06FC64359
[5252.24] DevOnline: WebRequest_X_143 RECV: 204 
[5312.12] DevOnline: WebRequest_X_144 SEND: https://datarouter.ol.epicgames.com/datarouter/api/v1/public/data?AppID=RocketLeague.Release&AppVersion=1210528741&AppEnvironment=Prod&UploadType=eteventstream&UserID=|8818b4dba79a43d18b986f46e4d00392|||Epic|8818b4dba79a43d18b986f46e4d00392|0&SessionID=7ED88ADF457E5D0E09C349A06FC64359
[5312.24] DevOnline: WebRequest_X_144 RECV: 204 
[5326.67] EOSGameClips: EOSGameClips: Currently recording: true
[5336.44] EOSGameClips: EOSGameClips: Starting background recording: API Version 2, Clip Duration 30
[5338.76] Log: FSaveDataExportTask(0) wrote 1065824 bytes to memory
[5338.76] Log: SaveGameDataAsync game thread time: 8 ms
[5338.77] Log: Deleting old save file ..\..\TAGame\SaveDataEpic\DBE_Production\8818b4dba79a43d18b986f46e4d00392.save
[5338.77] Log: SaveDataExport(0): Finished - File:[..\..\TAGame\SaveDataEpic\DBE_Production\8818b4dba79a43d18b986f46e4d00392_2.save] Result:[1]
[5338.78] SettingsExport: Settings content not changed. Will not update the Settings Online
[5339.00] EOSGameClips: EOSGameClips: Currently recording: true
[5339.98] EOSGameClips: EOSGameClips: Starting background recording: API Version 2, Clip Duration 30
[5341.04] Log: FUniqueNetId::FromString - could not parse ''
[5342.73] EOSGameClips: EOSGameClips: Currently recording: true
[5349.87] EOSGameClips: EOSGameClips: Starting background recording: API Version 2, Clip Duration 30
[5353.86] EOSGameClips: EOSGameClips: Starting background recording: API Version 2, Clip Duration 30
[5358.47] XPProgression: GFxHUD_TA.HandleGameStateChanged Current player match score = 394, UniqueId=(Epic|8818b4dba79a43d18b986f46e4d00392|0), with total match time = 302.2544 seconds, with total net time = 302.2544seconds
[5358.47] Party: Ranked Game Finished, Clear party member server
[5358.47] RankedReconnect: RankedReconnectSave_TA_0.ClearRankedReconnect()
[5358.70] PartyChallenge: UpdateChallengeProgressForCompetitive bChallengesComplete=(True) ChallengeState=(Challenge_Success) bChallengeSync=(True) bChallengesAreValid=(True) bLegacyPlayer=(False) bGuestAccount=(False) Online_X.UniqueNetIDToString(Manager.Outer.PlayerID)=(Epic|8818b4dba79a43d18b986f46e4d00392|0) Complete
[5358.71] PsyNet: PsyNetServiceProvider_X_1 ExecuteService Complete, Service=Challenges/PlayerProgress 
[5358.71] PartyChallenge: UpdateChallengeProgressForCompetitive bChallengesComplete=(True) ChallengeState=(Challenge_Success) bChallengeSync=(True) bChallengesAreValid=(True) bLegacyPlayer=(False) bGuestAccount=(False) Online_X.UniqueNetIDToString(Manager.Outer.PlayerID)=(Epic|8818b4dba79a43d18b986f46e4d00392|0) Complete
[5358.72] PsyNet: PsyNetServiceProvider_X_1 ExecuteService Complete, Service=Challenges/PlayerProgress 
[5358.73] XPProgression: SaveData_TA.HandleRewardDropNotification PsyNetService_RewardDropReceived_TA returned Total XP Earned = 2244.0000, in match with ID = 23CAFB5611F12DB8D82395941C972E74 , Current player match score = 394, UniqueId=(Epic|8818b4dba79a43d18b986f46e4d00392|0), with total match time = 302.2544 seconds, with total net time = 302.2544seconds
[5358.74] PsyNet: PsyNetServiceProvider_X_1 ExecuteService Complete, Service=Reward/RewardResult 
[5358.81] Rewards: ClientGiveOnlineReward " ç ã ^ «" ç ã ^ Product=((ProductID=5905,InstanceID=(UpperBits=13576298701511804630,LowerBits=13732577233528644824),SeriesID=4,Attributes=((Key="Blueprint",Value="5914"),(Key="Quality",Value="Rare"),(Key="BlueprintCost",Value="100"))))
[5358.82] ScriptLog: GetDLCProducts, UnlockedDLCList=
[5359.47] EOSGameClips: EOSGameClips: Starting background recording: API Version 2, Clip Duration 30
[5359.71] DevOnline: PlayerDataStorage_WriteFile: Beginning to upload file. User=(8818b4dba79a43d18b986f46e4d00392) FileName=(RLSaveData)
[5361.37] DevOnline: PlayerDataStorage_WriteFile: File upload complete. User=(8818b4dba79a43d18b986f46e4d00392) FileName=(RLSaveData) Success=(1)
[5361.47] ScriptWarning: ScriptWarning, Accessed None 'Car'
	CarComponent_Boost_TA UF_Day_P.TheWorld:PersistentLevel.CarComponent_Boost_TA_789
	Function TAGame.CarComponent_Boost_TA:GiveBoost:01A5
Script call stack:
	Function TAGame.CarComponent_Boost_TA:ClientGiveBoost
	Function TAGame.CarComponent_Boost_TA:GiveBoost

[5361.47] XPProgression: GFxHUD_TA.HandleGameStateChanged Current player match score = 394, UniqueId=(Epic|8818b4dba79a43d18b986f46e4d00392|0), with total match time = 302.7201 seconds, with total net time = 302.7201seconds
[5361.47] Party: Ranked Game Finished, Clear party member server
[5361.47] RankedReconnect: RankedReconnectSave_TA_0.ClearRankedReconnect()
[5362.46] EOSGameClips: EOSGameClips: Starting background recording: API Version 2, Clip Duration 30
[5363.07] Log: FSaveDataExportTask(0) wrote 1065569 bytes to memory
[5363.07] Log: SaveGameDataAsync game thread time: 8 ms
[5363.09] Log: Deleting old save file ..\..\TAGame\SaveDataEpic\DBE_Production\8818b4dba79a43d18b986f46e4d00392_1.save
[5363.09] Log: SaveDataExport(0): Finished - File:[..\..\TAGame\SaveDataEpic\DBE_Production\8818b4dba79a43d18b986f46e4d00392.save] Result:[1]
[5363.09] SettingsExport: CreateSnapshot Metadata {"userId":"Epic|8818b4dba79a43d18b986f46e4d00392|0","platformKey":"Epic","schemaVersion":0,"clientVersion":1532151,"timestampUtc":1775040819,"settingsVersion":8010,"checksum":388050962 Payload Size  97007
[5363.09] SettingsExport: Payload changed. Notifying new Checksum: 388050962
[5363.09] SettingsExport: Local settings updated, uploading data
[5365.63] Log: FUniqueNetId::FromString - could not parse ''
[5366.47] PsyNetStaticData: HandleCacheExpired
[5366.47] PsyNetStaticData: UpdateCacheTimerEnabled CacheTimer.bEnabled=(True)
[5366.47] XPProgression: GFxHUD_TA.HandleGameStateChanged Current player match score = 394, UniqueId=(Epic|8818b4dba79a43d18b986f46e4d00392|0), with total match time = 302.7201 seconds, with total net time = 302.7201seconds
[5366.47] Party: Ranked Game Finished, Clear party member server
[5366.47] RankedReconnect: RankedReconnectSave_TA_0.ClearRankedReconnect()
[5366.49] Online: TryToPlayOnline ControllerID=(-1)
[5366.49] Online: HandlePrivilegeCheckFinished PrivilegeCheck.bHasRestriction=(False)
[5366.49] Online: HandlePrivilegeCheck PrivilegeCheck.bHasRestriction=(False)
[5366.50] EOSGameClips: EOSGameClips: Recording changed from Recording to NotRecording.
[5366.50] DevOnline: WebRequest_X_145 SEND: https://config.psynet.gg/v2/Config/BattleCars/1210528741/Prod/Epic/INT/
[5366.63] DevOnline: WebRequest_X_145 RECV: 304 
[5366.67] DevOnline: EOSSDK-LogEOSGameClips: Missing encoder drain completed message.
[5372.12] DevOnline: WebRequest_X_146 SEND: https://datarouter.ol.epicgames.com/datarouter/api/v1/public/data?AppID=RocketLeague.Release&AppVersion=1210528741&AppEnvironment=Prod&UploadType=eteventstream&UserID=|8818b4dba79a43d18b986f46e4d00392|||Epic|8818b4dba79a43d18b986f46e4d00392|0&SessionID=7ED88ADF457E5D0E09C349A06FC64359
[5372.24] DevOnline: WebRequest_X_146 RECV: 204 
[5373.80] Log: FUniqueNetId::FromString - could not parse ''
[5376.43] Log: FSaveDataExportTask(0) wrote 1065569 bytes to memory
[5376.43] Log: SaveGameDataAsync game thread time: 8 ms
[5376.44] Log: Deleting old save file ..\..\TAGame\SaveDataEpic\DBE_Production\8818b4dba79a43d18b986f46e4d00392_2.save
[5376.44] Log: SaveDataExport(0): Finished - File:[..\..\TAGame\SaveDataEpic\DBE_Production\8818b4dba79a43d18b986f46e4d00392_1.save] Result:[1]
[5376.44] SettingsExport: Settings content not changed. Will not update the Settings Online
[5392.10] DevOnline: PlayerDataStorage_WriteFile: Beginning to upload file. User=(8818b4dba79a43d18b986f46e4d00392) FileName=(RLSettingsData)
[5393.22] DevOnline: PlayerDataStorage_WriteFile: File upload complete. User=(8818b4dba79a43d18b986f46e4d00392) FileName=(RLSettingsData) Success=(1)
[5393.22] SettingsExport: Settings data upload complete. Success: True
[5403.55] PsyNet: PsyNetChannel_X_0 party:2uuPQ5vF receive message MessageID=304
[5403.55] PsyNet: PsyNetChannel_X_0 party:2uuPQ5vF executing MessageID=304
[5403.55] Party: HandleLobbyReceiveBinaryData LobbyUID=PsyNet-2uuPQ5vF MemberIndex=0 PlayerUID=PS4|785668489479049324|0 Message=PartyMessage_SearchStatus_X
[5403.55] Party: HandleSearchStatus StatusMessage.SearchState=(Searching) StatusMessage.bIsSearching=(True)
[5403.56] PsyNet: PsyNetServiceProvider_X_1 ExecuteService Complete, Service=Party/System 
[5405.14] PsyNet: PsyNetChannel_X_0 party:2uuPQ5vF receive message MessageID=305
[5405.14] PsyNet: PsyNetChannel_X_0 party:2uuPQ5vF executing MessageID=305
[5405.14] Party: HandleLobbyReceiveBinaryData LobbyUID=PsyNet-2uuPQ5vF MemberIndex=0 PlayerUID=PS4|785668489479049324|0 Message=PartyMessage_SearchStatus_X
[5405.14] Party: HandleSearchStatus StatusMessage.SearchState=(Searching) StatusMessage.bIsSearching=(True)
[5405.14] PsyNet: PsyNetServiceProvider_X_1 ExecuteService Complete, Service=Party/System 
[5409.05] Log: FUniqueNetId::FromString - could not parse ''
[5414.80] PsyNetBeaconDetail_X: PsyNetBeacon_X_0 ReserveConnection ReservationID=(A86BE09391984F8A80D045C82037226A) ConnectionID=(eyJ0eXAiOiJKV1QiLCJhbGciOiJIUzUxMiJ9.eyJqdGkiOiIyZmM2MjNhMTA3MTc0ODAzYjBhNmQ2NDkyYWM3NDE5NyIsImlzcyI6IlBzeU5ldCIsInBsYXllcl9pZCI6IkVwaWN8ODgxOGI0ZGJhNzlhNDNkMThiOTg2ZjQ2ZTRkMDAzOTJ8MCIsInNlcnZlcl9uYW1lIjoiRVU3LTAwMkJDRENBMjRFRDIyQkFCLVJhdGNoZXQyIiwiaWF0IjoxNzc1MDQwODcxLCJuYmYiOjE3NzUwNDA4NzEsImV4cCI6MTc3NTA1NTI3MX0.ZKVpJYfEMrietq8OhdUPwOoircAstIzFSwUEYUdAunVWkjU0wc5s9A2Rwi0zTBilaVJHTg50lSaVBOYW9izc0Q)
[5414.80] PsyNetBeaconDetail_X: PsyNetBeacon_X_0 ClientHandleMessage Message.MessageType=(ClientReservationMessage_X) Message.ReservationID=(A86BE09391984F8A80D045C82037226A)
[5414.80] Party: Received game server from notification (v3) Message.Reservation=((ServerName="EU7-002BCDCA24ED22BAB-Ratchet2",Playlist=11,Region="EU",ReservationID="A86BE09391984F8A80D045C82037226A",DSRToken="eyJ0eXAiOiJKV1QiLCJhbGciOiJIUzUxMiJ9.eyJqdGkiOiIyZmM2MjNhMTA3MTc0ODAzYjBhNmQ2NDkyYWM3NDE5NyIsImlzcyI6IlBzeU5ldCIsInBsYXllcl9pZCI6IkVwaWN8ODgxOGI0ZGJhNzlhNDNkMThiOTg2ZjQ2ZTRkMDAzOTJ8MCIsInNlcnZlcl9uYW1lIjoiRVU3LTAwMkJDRENBMjRFRDIyQkFCLVJhdGNoZXQyIiwiaWF0IjoxNzc1MDQwODcxLCJuYmYiOjE3NzUwNDA4NzEsImV4cCI6MTc3NTA1NTI3MX0.ZKVpJYfEMrietq8OhdUPwOoircAstIzFSwUEYUdAunVWkjU0wc5s9A2Rwi0zTBilaVJHTg50lSaVBOYW9izc0Q",JoinName="X2VK3MRF1Q0WDJ24",JoinPassword="LDI5544FQ1WDBF0Z"))
[5414.81] JoinGame: StartJoin Reservation=((ServerName="EU7-002BCDCA24ED22BAB-Ratchet2",Playlist=11,Region="EU",ReservationID="A86BE09391984F8A80D045C82037226A",DSRToken="eyJ0eXAiOiJKV1QiLCJhbGciOiJIUzUxMiJ9.eyJqdGkiOiIyZmM2MjNhMTA3MTc0ODAzYjBhNmQ2NDkyYWM3NDE5NyIsImlzcyI6IlBzeU5ldCIsInBsYXllcl9pZCI6IkVwaWN8ODgxOGI0ZGJhNzlhNDNkMThiOTg2ZjQ2ZTRkMDAzOTJ8MCIsInNlcnZlcl9uYW1lIjoiRVU3LTAwMkJDRENBMjRFRDIyQkFCLVJhdGNoZXQyIiwiaWF0IjoxNzc1MDQwODcxLCJuYmYiOjE3NzUwNDA4NzEsImV4cCI6MTc3NTA1NTI3MX0.ZKVpJYfEMrietq8OhdUPwOoircAstIzFSwUEYUdAunVWkjU0wc5s9A2Rwi0zTBilaVJHTg50lSaVBOYW9izc0Q",JoinName="X2VK3MRF1Q0WDJ24",JoinPassword="LDI5544FQ1WDBF0Z")) JoinSettings=((PlaylistId=11,Password="LDI5544FQ1WDBF0Z"))
[5414.81] JoinGame: GotoJoinGameState OnlineGameJoinGame_TA -> VerifyPrivileges
[5414.81] Online: TryToPlayOnline ControllerID=(-1)
[5414.81] PsyNet: PsyNetServiceProvider_X_1 ExecuteService Complete, Service=DSR/ClientMessage 
[5414.81] Online: HandlePrivilegeCheckFinished PrivilegeCheck.bHasRestriction=(False)
[5414.81] JoinGame: GotoJoinGameState VerifyPrivileges -> ReservingServerForMatchmaking
[5414.81] PsyNetBeaconDetail_X: PsyNetBeacon_X_0 SendMessageToServer Message=(AddReservationMessagePublic_X_15)
[5414.95] ScriptWarning: ScriptWarning, Accessed None 'GameEvent'
	Car_TA UF_Day_P.TheWorld:PersistentLevel.Car_TA_816
	Function TAGame.Car_TA:GetPreviewTeamIndex:0037
Script call stack:
	Function TAGame.Ball_TA:ReplicatedEvent
	Function TAGame.Ball_TA:Explode
	Function TAGame.Ball_TA:InitExplosionFX
	Function TAGame.ProductAsset_GoalExplosion_TA:GetExplosionFXActorForPRI
	Function TAGame.PaintedFXSelector_TA:GetFXActorForPRI
	Function TAGame.Car_TA:GetLoadoutTeamIndex
	Function TAGame.Car_TA:GetPreviewTeamIndex

[5414.95] ScriptWarning: ScriptWarning, Accessed array 'Default__PaintedFXSelector_TA.Loadouts' out of bounds (255/2)
	PaintedFXSelector_TA TAGame.Default__PaintedFXSelector_TA
	Function TAGame.PaintedFXSelector_TA:GetFXActorForPRI:0150
Script call stack:
	Function TAGame.Ball_TA:ReplicatedEvent
	Function TAGame.Ball_TA:Explode
	Function TAGame.Ball_TA:InitExplosionFX
	Function TAGame.ProductAsset_GoalExplosion_TA:GetExplosionFXActorForPRI
	Function TAGame.PaintedFXSelector_TA:GetFXActorForPRI

[5414.95] ScriptWarning: ScriptWarning, Accessed array 'Default__PaintedFXSelector_TA.Loadouts' out of bounds (255/2)
	PaintedFXSelector_TA TAGame.Default__PaintedFXSelector_TA
	Function TAGame.PaintedFXSelector_TA:GetFXActorForPRI:01EA
Script call stack:
	Function TAGame.Ball_TA:ReplicatedEvent
	Function TAGame.Ball_TA:Explode
	Function TAGame.Ball_TA:InitExplosionFX
	Function TAGame.ProductAsset_GoalExplosion_TA:GetExplosionFXActorForPRI
	Function TAGame.PaintedFXSelector_TA:GetFXActorForPRI

[5415.24] PsyNet: PsyNetChannel_X_0 party:2uuPQ5vF receive message MessageID=306
[5415.24] PsyNet: PsyNetChannel_X_0 party:2uuPQ5vF executing MessageID=306
[5415.24] Party: HandleLobbyReceiveBinaryData LobbyUID=PsyNet-2uuPQ5vF MemberIndex=0 PlayerUID=PS4|785668489479049324|0 Message=PartyMessage_SearchStatus_X
[5415.24] Party: HandleSearchStatus StatusMessage.SearchState=(Joining) StatusMessage.bIsSearching=(True)
[5415.24] PsyNet: PsyNetServiceProvider_X_1 ExecuteService Complete, Service=Party/System 
[5415.35] PsyNetBeaconDetail_X: PsyNetBeacon_X_0 ClientHandleMessage Message.MessageType=(ReservationsWaitingMessage_X) Message.ReservationID=(A86BE09391984F8A80D045C82037226A)
[5415.35] JoinGame: Waiting for more players to add reservations
[5415.35] Party: HandleServerReserved (Reservation=(ServerName="EU7-002BCDCA24ED22BAB-Ratchet2",Playlist=11,Region="EU",ReservationID="A86BE09391984F8A80D045C82037226A",DSRToken="eyJ0eXAiOiJKV1QiLCJhbGciOiJIUzUxMiJ9.eyJqdGkiOiIyZmM2MjNhMTA3MTc0ODAzYjBhNmQ2NDkyYWM3NDE5NyIsImlzcyI6IlBzeU5ldCIsInBsYXllcl9pZCI6IkVwaWN8ODgxOGI0ZGJhNzlhNDNkMThiOTg2ZjQ2ZTRkMDAzOTJ8MCIsInNlcnZlcl9uYW1lIjoiRVU3LTAwMkJDRENBMjRFRDIyQkFCLVJhdGNoZXQyIiwiaWF0IjoxNzc1MDQwODcxLCJuYmYiOjE3NzUwNDA4NzEsImV4cCI6MTc3NTA1NTI3MX0.ZKVpJYfEMrietq8OhdUPwOoircAstIzFSwUEYUdAunVWkjU0wc5s9A2Rwi0zTBilaVJHTg50lSaVBOYW9izc0Q",JoinName="X2VK3MRF1Q0WDJ24",JoinPassword="LDI5544FQ1WDBF0Z"),JoinCredentials="X2VK3MRF1Q0WDJ24:LDI5544FQ1WDBF0Z")
[5415.36] PsyNet: PsyNetServiceProvider_X_1 ExecuteService Complete, Service=DSR/ClientMessage 
[5415.59] PsyNet: PsyNetChannel_X_0 party:2uuPQ5vF receive message MessageID=307
[5415.59] PsyNet: PsyNetChannel_X_0 party:2uuPQ5vF executing MessageID=307
[5415.59] Party: HandleLobbyReceiveBinaryData LobbyUID=PsyNet-2uuPQ5vF MemberIndex=0 PlayerUID=PS4|785668489479049324|0 Message=PartyMessage_JoinGame_X
[5415.59] Party: HandlePartyJoinGame MatchSettings=((ServerName="EU7-002BCDCA24ED22BAB-Ratchet2",PlaylistId=11,CustomPassword="LDI5544FQ1WDBF0Z",ReservationID="A86BE09391984F8A80D045C82037226A",JoinName="X2VK3MRF1Q0WDJ24",JoinPassword="LDI5544FQ1WDBF0Z"))
[5415.59] PsyNet: PsyNetServiceProvider_X_1 ExecuteService Complete, Service=Party/System 
[5417.80] PsyNetBeaconDetail_X: PsyNetBeacon_X_0 SendMessageToServer Message=(PingMessage_X_44)
[5418.21] PsyNetBeaconDetail_X: PsyNetBeacon_X_0 ClientHandleMessage Message.MessageType=(PingMessage_X) Message.ReservationID=(A86BE09391984F8A80D045C82037226A)
[5418.22] PsyNet: PsyNetServiceProvider_X_1 ExecuteService Complete, Service=DSR/ClientMessage 
[5420.68] PsyNetBeaconDetail_X: PsyNetBeacon_X_0 ClientHandleMessage Message.MessageType=(ReservationsReadyMessage_X) Message.ReservationID=(A86BE09391984F8A80D045C82037226A)
[5420.68] Party: HandleServerReserved (Reservation=(ServerName="EU7-002BCDCA24ED22BAB-Ratchet2",Playlist=11,Region="EU",ReservationID="A86BE09391984F8A80D045C82037226A",DSRToken="eyJ0eXAiOiJKV1QiLCJhbGciOiJIUzUxMiJ9.eyJqdGkiOiIyZmM2MjNhMTA3MTc0ODAzYjBhNmQ2NDkyYWM3NDE5NyIsImlzcyI6IlBzeU5ldCIsInBsYXllcl9pZCI6IkVwaWN8ODgxOGI0ZGJhNzlhNDNkMThiOTg2ZjQ2ZTRkMDAzOTJ8MCIsInNlcnZlcl9uYW1lIjoiRVU3LTAwMkJDRENBMjRFRDIyQkFCLVJhdGNoZXQyIiwiaWF0IjoxNzc1MDQwODcxLCJuYmYiOjE3NzUwNDA4NzEsImV4cCI6MTc3NTA1NTI3MX0.ZKVpJYfEMrietq8OhdUPwOoircAstIzFSwUEYUdAunVWkjU0wc5s9A2Rwi0zTBilaVJHTg50lSaVBOYW9izc0Q",JoinName="X2VK3MRF1Q0WDJ24",JoinPassword="LDI5544FQ1WDBF0Z"),PingURL="18.170.202.10:7769",GameURL="18.170.202.10:7768",JoinCredentials="X2VK3MRF1Q0WDJ24:LDI5544FQ1WDBF0Z")
[5420.68] JoinGame: GotoJoinGameState ReservingServerForMatchmaking -> JoinCountdown
[5420.68] PsyNetBeaconDetail_X: PsyNetBeacon_X_0 SendMessageToServer Message=(PingMessage_X_46)
[5420.69] PsyNet: PsyNetServiceProvider_X_1 ExecuteService Complete, Service=DSR/ClientMessage 
[5421.02] PsyNet: PsyNetChannel_X_0 party:2uuPQ5vF receive message MessageID=308
[5421.02] PsyNet: PsyNetChannel_X_0 party:2uuPQ5vF executing MessageID=308
[5421.02] Party: HandleLobbyReceiveBinaryData LobbyUID=PsyNet-2uuPQ5vF MemberIndex=0 PlayerUID=PS4|785668489479049324|0 Message=PartyMessage_JoinGame_X
[5421.02] Party: HandlePartyJoinGame MatchSettings=((ServerName="EU7-002BCDCA24ED22BAB-Ratchet2",PlaylistId=11,CustomPassword="LDI5544FQ1WDBF0Z",ReservationID="A86BE09391984F8A80D045C82037226A",JoinName="X2VK3MRF1Q0WDJ24",JoinPassword="LDI5544FQ1WDBF0Z"))
[5421.04] PsyNet: PsyNetServiceProvider_X_1 ExecuteService Complete, Service=Party/System 
[5421.09] PsyNetBeaconDetail_X: PsyNetBeacon_X_0 ClientHandleMessage Message.MessageType=(PingMessage_X) Message.ReservationID=(A86BE09391984F8A80D045C82037226A)
[5421.10] PsyNet: PsyNetServiceProvider_X_1 ExecuteService Complete, Service=DSR/ClientMessage 
[5423.68] JoinGame: GotoJoinGameState JoinCountdown -> OpeningLoadingScreen
[5423.68] RankedReconnect: OnlineGameJoinGame_TA_0::OpeningLoadingScreen.BeginState()
[5423.68] RankedReconnect: LocalPlayer_TA_0.UpdateRankedReconnect() RankedTeamDoubles True 4 False
[5423.68] RankedReconnect: RankedReconnectSave_TA_0.SetRankedReconnect() Server=((Reservation=(ServerName="EU7-002BCDCA24ED22BAB-Ratchet2",Playlist=11,Region="EU",ReservationID="A86BE09391984F8A80D045C82037226A",DSRToken="eyJ0eXAiOiJKV1QiLCJhbGciOiJIUzUxMiJ9.eyJqdGkiOiIyZmM2MjNhMTA3MTc0ODAzYjBhNmQ2NDkyYWM3NDE5NyIsImlzcyI6IlBzeU5ldCIsInBsYXllcl9pZCI6IkVwaWN8ODgxOGI0ZGJhNzlhNDNkMThiOTg2ZjQ2ZTRkMDAzOTJ8MCIsInNlcnZlcl9uYW1lIjoiRVU3LTAwMkJDRENBMjRFRDIyQkFCLVJhdGNoZXQyIiwiaWF0IjoxNzc1MDQwODcxLCJuYmYiOjE3NzUwNDA4NzEsImV4cCI6MTc3NTA1NTI3MX0.ZKVpJYfEMrietq8OhdUPwOoircAstIzFSwUEYUdAunVWkjU0wc5s9A2Rwi0zTBilaVJHTg50lSaVBOYW9izc0Q",JoinName="X2VK3MRF1Q0WDJ24",JoinPassword="LDI5544FQ1WDBF0Z"),PingURL="18.170.202.10:7769",GameURL="18.170.202.10:7768",JoinCredentials="X2VK3MRF1Q0WDJ24:LDI5544FQ1WDBF0Z")) EpochNow=(1775040880)
[5423.68] DevNet: Browse: JoinGameTransition?Name=%e6%bc%a2+%e9%be%8d+%e7%8e%8b+%e7%a5%9e+%e9%97%87%e6%bc%a2+%e9%be%8d+%e7%8e%8b+%e7%a5%9e?game=TAGame.GameInfo_Transition_TA
[5423.74] Log: FSaveDataExportTask(0) wrote 1066496 bytes to memory
[5423.74] Log: SaveGameDataAsync game thread time: 8 ms
[5423.75] Log: LoadMap: JoinGameTransition?Name=%e6%bc%a2+%e9%be%8d+%e7%8e%8b+%e7%a5%9e+%e9%97%87%e6%bc%a2+%e9%be%8d+%e7%8e%8b+%e7%a5%9e?game=TAGame.GameInfo_Transition_TA
[5423.75] Spawn: TextChatActor_TA_51 Destroyed
[5423.75] EOSGameClips: ShutDown : Shutting down EOSGameClipsController_TA. Self=(EOSGameClipsController_TA_22) PlayerOwner?.GetUniqueNetId()=(Epic|8818b4dba79a43d18b986f46e4d00392|0)
[5423.75] Spawn: TextChatActor_TA_52 Destroyed
[5423.75] Spawn: TextChatActor_TA_53 Destroyed
[5423.75] Spawn: TextChatActor_TA_54 Destroyed
[5423.75] Spawn: TextChatActor_TA_55 Destroyed
[5423.77] Log: Deleting old save file ..\..\TAGame\SaveDataEpic\DBE_Production\8818b4dba79a43d18b986f46e4d00392.save
[5423.77] Log: SaveDataExport(0): Finished - File:[..\..\TAGame\SaveDataEpic\DBE_Production\8818b4dba79a43d18b986f46e4d00392_2.save] Result:[1]
[5423.77] DevOnline: PsyNet Flush Start TimeoutSeconds=0.250000
[5423.79] ScriptWarning: ScriptWarning, Accessed None 'GameEvent'
	GFxData_TextModerationManager_TA Transient.GFxData_TextModerationManager_TA_0
	Function TAGame.GFxData_TextModerationManager_TA:HandleMessageReceived:0223
Script call stack:
	Function ProjectX.RPC_X:OnComplete
	Function ProjectX.PsyNetWordFilter_X:__PsyNetWordFilter_X__WordFilterSanitizeString_0x2
	Function ProjectX.PsyNetWordFilter_X:HandlePsyNetWordFilter
	Function ProjectX.PsyNetWordFilter_X:HandlePsyNetWordFilterSuccess
	Function ProjectX.__OnlineGameWordFilter_X__InternalSanitize_0x1:__OnlineGameWordFilter_X__InternalSanitize_0x1
	Function ProjectX.OnlineGameWordFilter_X:HandleCommentSanitized
	Function TAGame.__TextModerationManager_TA__HandleTextMessageValidated_0x1:__TextModerationManager_TA__HandleTextMessageValidated_0x2
	Function TAGame.TextModerationManager_TA:HandleChatMessageSanitized
	Function TAGame.GFxData_TextModerationManager_TA:HandleMessageReceived

[5423.79] ScriptWarning: ScriptWarning, Accessed None 'GameEvent'
	HUDBase_TA TAGame.Default__HUDBase_TA
	Function TAGame.HUDBase_TA:FormatTimeStamp:0034
Script call stack:
	Function ProjectX.RPC_X:OnComplete
	Function ProjectX.PsyNetWordFilter_X:__PsyNetWordFilter_X__WordFilterSanitizeString_0x2
	Function ProjectX.PsyNetWordFilter_X:HandlePsyNetWordFilter
	Function ProjectX.PsyNetWordFilter_X:HandlePsyNetWordFilterSuccess
	Function ProjectX.__OnlineGameWordFilter_X__InternalSanitize_0x1:__OnlineGameWordFilter_X__InternalSanitize_0x1
	Function ProjectX.OnlineGameWordFilter_X:HandleCommentSanitized
	Function TAGame.__TextModerationManager_TA__HandleTextMessageValidated_0x1:__TextModerationManager_TA__HandleTextMessageValidated_0x2
	Function TAGame.TextModerationManager_TA:HandleChatMessageSanitized
	Function TAGame.GFxData_TextModerationManager_TA:HandleMessageReceived
	Function TAGame.HUDBase_TA:FormatTimeStamp

[5423.79] ScriptWarning: ScriptWarning, Accessed None 'GameEvent'
	HUDBase_TA TAGame.Default__HUDBase_TA
	Function TAGame.HUDBase_TA:FormatTimeStamp:00B5
Script call stack:
	Function ProjectX.RPC_X:OnComplete
	Function ProjectX.PsyNetWordFilter_X:__PsyNetWordFilter_X__WordFilterSanitizeString_0x2
	Function ProjectX.PsyNetWordFilter_X:HandlePsyNetWordFilter
	Function ProjectX.PsyNetWordFilter_X:HandlePsyNetWordFilterSuccess
	Function ProjectX.__OnlineGameWordFilter_X__InternalSanitize_0x1:__OnlineGameWordFilter_X__InternalSanitize_0x1
	Function ProjectX.OnlineGameWordFilter_X:HandleCommentSanitized
	Function TAGame.__TextModerationManager_TA__HandleTextMessageValidated_0x1:__TextModerationManager_TA__HandleTextMessageValidated_0x2
	Function TAGame.TextModerationManager_TA:HandleChatMessageSanitized
	Function TAGame.GFxData_TextModerationManager_TA:HandleMessageReceived
	Function TAGame.HUDBase_TA:FormatTimeStamp

[5423.97] DevOnline: PsyNet Flush End
[5423.99] NetComeGo: Close TcpipConnection_11 18.168.43.167:7760 01/04/2026 11:54:42 'Control channel cleanup'
[5423.99] NetComeGo: TcpipConnection_11 Control channel closed, reason=Control channel cleanup
[5424.01] Exit: TcpNetDriver_11 shut down
[5424.02] Log: Fully load package: ..\..\TAGame\CookedPCConsole\GameInfo_Transition_SF.upk
[5424.02] Log: Game class is 'GameInfo_Transition_TA'
[5424.03] Log: Bringing World JoinGameTransition.TheWorld up for play (0) at 2026.04.01-11.54.42
[5424.03] Log: Bringing up level for play took: 0.003836
[5424.03] PartyChallenge: UpdateChallengeProgressForCompetitive bChallengesComplete=(True) ChallengeState=(Challenge_Success) bChallengeSync=(True) bChallengesAreValid=(True) bLegacyPlayer=(False) bGuestAccount=(False) Online_X.UniqueNetIDToString(Manager.Outer.PlayerID)=(Epic|8818b4dba79a43d18b986f46e4d00392|0) Complete
[5424.03] PartyChallenge: InitializeCompetitiveChallenges bGuestAccount=(False) bCompletedChallengesForCompetitive=(True) bLegacyPlayer=(False) Online_X.UniqueNetIDToString(OnlinePlayer.PlayerID)=(Epic|8818b4dba79a43d18b986f46e4d00392|0)
[5424.03] JoinGame: GotoJoinGameState OpeningLoadingScreen -> JoiningNewServer
[5424.03] DevNet: SetProgress, MessageType=1, Title=, Message=Connecting...
[5424.03] Log: ########### Finished loading level: 0.280950 seconds
[5424.03] SettingsExport: CreateSnapshot Metadata {"userId":"Epic|8818b4dba79a43d18b986f46e4d00392|0","platformKey":"Epic","schemaVersion":0,"clientVersion":1532151,"timestampUtc":1775040880,"settingsVersion":8012,"checksum":750418310 Payload Size  97007
[5424.03] SettingsExport: Payload changed. Notifying new Checksum: 750418310
[5424.03] SettingsExport: Local settings updated, uploading data
[5424.03] DevNet: Browse: 18.170.202.10:7768/MENU_Main_p?Name=%e6%bc%a2+%e9%be%8d+%e7%8e%8b+%e7%a5%9e+%e9%97%87%e6%bc%a2+%e9%be%8d+%e7%8e%8b+%e7%a5%9e
[5424.03] DevNet: Game client on port 7768, rate 15000
[5424.03] NetComeGo: SEND first packet Length=80 CRC=952331695
[5424.08] NetComeGo: TcpipConnection_12 RECV first packet IP=18.170.202.10:7768 Length=15 CRC=-1205108569 HandshakeStatus=0 bUseSessionUID=1 InSessionUID=(0 0 0) SessionUID=(0 0 0)
[5424.08] NetComeGo: Client set SessionUID to: 65 206 132
[5424.16] DevNet: Welcomed by server (Level: CHN_Stadium_P, Game: TAGame.GameInfo_Soccar_TA, GameTags: )
[5424.17] Log: FSaveDataExportTask(0) wrote 1066496 bytes to memory
[5424.17] Log: SaveGameDataAsync game thread time: 8 ms
[5424.18] Log: Flushing async loaders.
[5424.19] Log: Flushed async loaders.
[5424.19] Log: LoadMap: 18.170.202.10:7768/CHN_Stadium_P?Name=%e6%bc%a2+%e9%be%8d+%e7%8e%8b+%e7%a5%9e+%e9%97%87%e6%bc%a2+%e9%be%8d+%e7%8e%8b+%e7%a5%9e?game=TAGame.GameInfo_Soccar_TA
[5424.20] Log: Deleting old save file ..\..\TAGame\SaveDataEpic\DBE_Production\8818b4dba79a43d18b986f46e4d00392_1.save
[5424.20] Log: SaveDataExport(0): Finished - File:[..\..\TAGame\SaveDataEpic\DBE_Production\8818b4dba79a43d18b986f46e4d00392.save] Result:[1]
[5424.20] DevOnline: PsyNet Flush Start TimeoutSeconds=0.250000
[5424.23] PsyNet: PsyNetChannel_X_0 party:2uuPQ5vF receive message MessageID=309
[5424.23] PsyNet: PsyNetChannel_X_0 party:2uuPQ5vF executing MessageID=309
[5424.25] PsyNet: PsyNetServiceProvider_X_1 ExecuteService Complete, Service=Party/System 
[5424.38] DevOnline: PsyNet Flush End
[5424.39] Log: Fully load package: ..\..\TAGame\CookedPCConsole\GameInfo_Soccar_SF.upk
[5424.45] Log: Fully load package: ..\..\TAGame\CookedPCConsole\GFxSounds_XP_SF.upk
[5424.46] Log: Fully load package: ..\..\TAGame\CookedPCConsole\GFx_XPProgressMenu_SF.upk
[5424.48] Log: Fully load package: ..\..\TAGame\CookedPCConsole\GFX_EndGameMenu_SF.upk
[5424.52] Log: Fully load package: ..\..\TAGame\CookedPCConsole\GFX_WinnerMenu_SF.upk
[5424.54] Log: Fully load package: ..\..\TAGame\CookedPCConsole\GFX_MidGameScoreboard_SF.upk
[5424.55] Log: Fully load package: ..\..\TAGame\CookedPCConsole\GFX_MidGameMenu_SF.upk
[5424.56] Log: Fully load package: ..\..\TAGame\CookedPCConsole\GFX_HudMatchInfo_SF.upk
[5424.57] Log: Fully load package: ..\..\TAGame\CookedPCConsole\GFX_Hud_SF.upk
[5425.37] Log: Bringing World CHN_Stadium_P.TheWorld up for play (0) at 2026.04.01-11.54.44
[5425.38] Log: Bringing up level for play took: 0.119585
[5425.63] RootMenu: [GFx] UIShellInstance - setting the shell instance
[5425.65] PartyChallenge: UpdateChallengeProgressForCompetitive bChallengesComplete=(True) ChallengeState=(Challenge_Success) bChallengeSync=(True) bChallengesAreValid=(True) bLegacyPlayer=(False) bGuestAccount=(False) Online_X.UniqueNetIDToString(Manager.Outer.PlayerID)=(Epic|8818b4dba79a43d18b986f46e4d00392|0) Complete
[5425.65] PartyChallenge: InitializeCompetitiveChallenges bGuestAccount=(False) bCompletedChallengesForCompetitive=(True) bLegacyPlayer=(False) Online_X.UniqueNetIDToString(OnlinePlayer.PlayerID)=(Epic|8818b4dba79a43d18b986f46e4d00392|0)
[5425.65] JoinGame: OnJoinGameComplete bSuccess=(True) FailReason=()
[5425.65] JoinGame: GotoJoinGameState JoiningNewServer -> None
[5425.65] PsyNetBeaconDetail_X: PsyNetBeacon_X_0 Close
[5425.65] PsyNetBeaconDetail_X: PsyNetBeacon_X_0 CloseConnection Connection.ConnectionID=(eyJ0eXAiOiJKV1QiLCJhbGciOiJIUzUxMiJ9.eyJqdGkiOiIyZmM2MjNhMTA3MTc0ODAzYjBhNmQ2NDkyYWM3NDE5NyIsImlzcyI6IlBzeU5ldCIsInBsYXllcl9pZCI6IkVwaWN8ODgxOGI0ZGJhNzlhNDNkMThiOTg2ZjQ2ZTRkMDAzOTJ8MCIsInNlcnZlcl9uYW1lIjoiRVU3LTAwMkJDRENBMjRFRDIyQkFCLVJhdGNoZXQyIiwiaWF0IjoxNzc1MDQwODcxLCJuYmYiOjE3NzUwNDA4NzEsImV4cCI6MTc3NTA1NTI3MX0.ZKVpJYfEMrietq8OhdUPwOoircAstIzFSwUEYUdAunVWkjU0wc5s9A2Rwi0zTBilaVJHTg50lSaVBOYW9izc0Q)
[5425.65] Spawn: TextChatActor_TA_56 OnOwnerChanged PlayerController_TA_23
[5425.65] EOSGameClips: Construct Constructed EOSGameClipsController_TA. Self=(EOSGameClipsController_TA_23)
[5425.65] Log: ########### Finished loading level: 1.469504 seconds
[5425.66] MusicPlayer: HandleTrackEnd CurrentTrackPlayingID=(0) PlayingID=(103371)
[5425.66] MusicPlayer: HandleTrackEnd CurrentTrackPlayingID=(0) PlayingID=(103371)
[5425.66] SettingsExport: Settings content not changed. Will not update the Settings Online
[5425.66] PsyNet: PsyNetChannel_X_0 party:2uuPQ5vF receive message MessageID=310
[5425.66] PsyNet: PsyNetChannel_X_0 party:2uuPQ5vF executing MessageID=310
[5425.66] Party: HandleLobbyReceiveBinaryData LobbyUID=PsyNet-2uuPQ5vF MemberIndex=0 PlayerUID=PS4|785668489479049324|0 Message=PartyMessage_PartyMemberJoinGame_X
[5425.96] PsyNet: PsyNetServiceProvider_X_1 ExecuteService Complete, Service=Party/System 
[5425.96] LTM: SettingsType=(CustomMatchSettingsType_PrivateMatch)
[5426.43] EOSGameClips: ShutDown : Shutting down EOSGameClipsController_TA. Self=(EOSGameClipsController_TA_23) PlayerOwner?.GetUniqueNetId()=(Epic|8818b4dba79a43d18b986f46e4d00392|0)
[5426.44] PartyChallenge: UpdateChallengeProgressForCompetitive bChallengesComplete=(True) ChallengeState=(Challenge_Success) bChallengeSync=(True) bChallengesAreValid=(True) bLegacyPlayer=(False) bGuestAccount=(False) Online_X.UniqueNetIDToString(Manager.Outer.PlayerID)=(Epic|8818b4dba79a43d18b986f46e4d00392|0) Complete
[5426.44] PartyChallenge: InitializeCompetitiveChallenges bGuestAccount=(False) bCompletedChallengesForCompetitive=(True) bLegacyPlayer=(False) Online_X.UniqueNetIDToString(OnlinePlayer.PlayerID)=(Epic|8818b4dba79a43d18b986f46e4d00392|0)
[5426.44] EOSGameClips: Construct Constructed EOSGameClipsController_TA. Self=(EOSGameClipsController_TA_24)
[5426.44] ScriptLog: Client InputRate=60
[5426.44] DevNet: PlayerController_TA_24 setplayer LocalPlayer_TA_0
[5426.44] PsyNetStaticData: UpdateCacheTimerEnabled CacheTimer.bEnabled=(False)
[5426.44] MatchBroadcast: Init bBroadcastMatch=(False) MatchLog=(None)
[5426.47] ScriptLog: MatchGUID: 298D088A11F12DB95E0A1F86C907051E
[5426.47] ScriptLog: Uncached PlatformId for Epic|8818b4dba79a43d18b986f46e4d00392|0
[5426.47] Spawn: TextChatActor_TA_57 OnOwnerChanged PlayerController_TA_24
[5426.53] RootMenu: [GFx] UIShellInstance - setting the shell instance
[5426.64] Eula: RequiresAcceptance? EulaConfig?.bRequiresAcceptance=(True) GetUISave()?.Contains('bAcceptedOfflineEULA')=(True) Eula.SyncState=(LSS_Accepted)
[5426.64] Party: BroadcastMatchmakingAvailabilityDelayed PartyMemberID:'Epic|8818b4dba79a43d18b986f46e4d00392|0' MatchmakeRestrictions=(0)
[5426.64] Party: SetAvailableForMatchmakingForMember PartyMemberID:'Epic|8818b4dba79a43d18b986f46e4d00392|0' MatchmakeRestrictions=(0)
[5426.86] PsyNet: PsyNetChannel_X_0 party:2uuPQ5vF receive message MessageID=311
[5426.86] PsyNet: PsyNetChannel_X_0 party:2uuPQ5vF executing MessageID=311
[5426.87] PsyNet: PsyNetServiceProvider_X_1 ExecuteService Complete, Service=Party/System 
[5427.43] PsyNet: PsyNetChannel_X_0 party:2uuPQ5vF receive message MessageID=312
[5427.43] PsyNet: PsyNetChannel_X_0 party:2uuPQ5vF executing MessageID=312
[5427.44] PsyNet: PsyNetServiceProvider_X_1 ExecuteService Complete, Service=Party/System 
[5427.72] DevOnline: EOSSDK-LogEOSRTC: TickTracker Tick is delayed. TimePeriod=[10.005195s]  TickIntervalThreshold=[0.100000s] MaxTickInterval=[0.154402s] MaxExecutionTime=[0.000113s] TicksCount=[850] ExpectedTicksCount=[1000]
[5428.02] EOSVoice: Received full credentials from the server.
[5428.02] PsyNet: PsyNetServiceProvider_X_1 ExecuteService Complete, Service=VoiceChat/MatchToken 
[5428.62] PsyNet: PsyNetChannel_X_0 party:2uuPQ5vF receive message MessageID=313
[5428.62] PsyNet: PsyNetChannel_X_0 party:2uuPQ5vF executing MessageID=313
[5428.62] Party: HandleLobbyReceiveBinaryData LobbyUID=PsyNet-2uuPQ5vF MemberIndex=0 PlayerUID=PS4|785668489479049324|0 Message=PartyMessage_PartyMemberJoinGame_X
[5428.62] PsyNet: PsyNetServiceProvider_X_1 ExecuteService Complete, Service=Party/System 
[5429.16] Log: Flushing async loaders.
[5429.16] Log: Flushed async loaders.
[5429.18] PsyNet: PsyNetChannel_X_0 party:2uuPQ5vF receive message MessageID=314
[5429.18] PsyNet: PsyNetChannel_X_0 party:2uuPQ5vF executing MessageID=314
[5429.18] Party: HandleLobbyReceiveBinaryData LobbyUID=PsyNet-2uuPQ5vF MemberIndex=0 PlayerUID=PS4|785668489479049324|0 Message=PartyMessage_SearchStatus_X
[5429.18] Party: HandleSearchStatus StatusMessage.SearchState=(OnlineGameMatchmaking_X) StatusMessage.bIsSearching=(False)
[5429.18] PsyNet: PsyNetServiceProvider_X_1 ExecuteService Complete, Service=Party/System 
[5429.20] PsyNet: PsyNetChannel_X_0 party:2uuPQ5vF receive message MessageID=315
[5429.20] PsyNet: PsyNetChannel_X_0 party:2uuPQ5vF executing MessageID=315
[5429.20] Party: HandleLobbyReceiveBinaryData LobbyUID=PsyNet-2uuPQ5vF MemberIndex=0 PlayerUID=PS4|785668489479049324|0 Message=PartyMessage_MatchmakingAvailability_X
[5429.20] Party: SetAvailableForMatchmakingForMember PartyMemberID:'PS4|785668489479049324|0' MatchmakeRestrictions=(0)
[5429.20] PsyNet: PsyNetServiceProvider_X_1 ExecuteService Complete, Service=Party/System 
[5433.14] EOSGameClips: EOSGameClips: Starting background recording: API Version 2, Clip Duration 30
[5433.14] DevOnline: EOSSDK-LogEOSGameClips: Starting recording up to 30 seconds.
[5433.15] EOSGameClips: EOSGameClips: Recording changed from NotRecording to Recording.
[5433.23] DevOnline: WebRequest_X_147 SEND: https://datarouter.ol.epicgames.com/datarouter/api/v1/public/data?AppID=RocketLeague.Release&AppVersion=1210528741&AppEnvironment=Prod&UploadType=eteventstream&UserID=|8818b4dba79a43d18b986f46e4d00392|||Epic|8818b4dba79a43d18b986f46e4d00392|0&SessionID=7ED88ADF457E5D0E09C349A06FC64359
[5433.23] EOSGameClips: EOSGameClips: Availability changed from Available to NotAvailable.
[5433.23] DevOnline: EOSSDK-LogEOSGameClips: 'Encoder->SetOutputType(EncoderOutputStreamID, OutputType, 0)' failed (0xC00D6D76: The input type is not supported for D3D device.)
[5433.23] DevOnline: EOSSDK-LogEOSGameClips: Did not find suitable video encoder.
[5433.23] DevOnline: EOSSDK-LogEOSGameClips: Encoder instance was marked as broken and will no longer encode frames.
[5433.25] EOSGameClips: EOSGameClips: Recording changed from Recording to NotRecording.
[5433.35] DevOnline: WebRequest_X_147 RECV: 204 
[5436.16] DevOnline: EOSSDK-LogEOSGameClips: Stop recording requested but recording is not available.
[5493.21] DevOnline: WebRequest_X_148 SEND: https://datarouter.ol.epicgames.com/datarouter/api/v1/public/data?AppID=RocketLeague.Release&AppVersion=1210528741&AppEnvironment=Prod&UploadType=eteventstream&UserID=|8818b4dba79a43d18b986f46e4d00392|||Epic|8818b4dba79a43d18b986f46e4d00392|0&SessionID=7ED88ADF457E5D0E09C349A06FC64359
[5493.32] DevOnline: WebRequest_X_148 RECV: 204 
[5547.88] EOSGameClips: EOSGameClips: Currently recording: false
[5547.88] EOSGameClips: CaptureClipPressed Game clips is currently not recording.
[5553.20] DevOnline: WebRequest_X_149 SEND: https://datarouter.ol.epicgames.com/datarouter/api/v1/public/data?AppID=RocketLeague.Release&AppVersion=1210528741&AppEnvironment=Prod&UploadType=eteventstream&UserID=|8818b4dba79a43d18b986f46e4d00392|||Epic|8818b4dba79a43d18b986f46e4d00392|0&SessionID=7ED88ADF457E5D0E09C349A06FC64359
[5553.31] DevOnline: WebRequest_X_149 RECV: 204 
[5572.86] DevOnline: EOSSDK-LogEOSGameClips: Stop recording requested but recording is not available.
[5576.40] DevOnline: EOSSDK-LogEOSGameClips: Stop recording requested but recording is not available.
[5576.41] EOSGameClips: EOSGameClips: Currently recording: false
[5586.28] DevOnline: EOSSDK-LogEOSGameClips: Stop recording requested but recording is not available.
[5590.28] DevOnline: EOSSDK-LogEOSGameClips: Stop recording requested but recording is not available.
[5599.15] DevOnline: EOSSDK-LogEOSGameClips: Stop recording requested but recording is not available.
[5602.71] DevOnline: EOSSDK-LogEOSGameClips: Stop recording requested but recording is not available.
[5602.71] Log: Flushing async loaders.
[5602.72] Log: Flushed async loaders.
[5602.73] EOSGameClips: EOSGameClips: Currently recording: false
[5609.94] DevOnline: EOSSDK-LogEOSGameClips: Stop recording requested but recording is not available.
[5613.19] DevOnline: WebRequest_X_150 SEND: https://datarouter.ol.epicgames.com/datarouter/api/v1/public/data?AppID=RocketLeague.Release&AppVersion=1210528741&AppEnvironment=Prod&UploadType=eteventstream&UserID=|8818b4dba79a43d18b986f46e4d00392|||Epic|8818b4dba79a43d18b986f46e4d00392|0&SessionID=7ED88ADF457E5D0E09C349A06FC64359
[5613.31] DevOnline: WebRequest_X_150 RECV: 204 
[5613.95] DevOnline: EOSSDK-LogEOSGameClips: Stop recording requested but recording is not available.
[5653.48] DevOnline: EOSSDK-LogEOSGameClips: Stop recording requested but recording is not available.
[5657.03] DevOnline: EOSSDK-LogEOSGameClips: Stop recording requested but recording is not available.
[5657.04] EOSGameClips: EOSGameClips: Currently recording: false
[5663.00] DevOnline: EOSSDK-LogEOSGameClips: Stop recording requested but recording is not available.
[5667.01] DevOnline: EOSSDK-LogEOSGameClips: Stop recording requested but recording is not available.
[5673.19] DevOnline: WebRequest_X_151 SEND: https://datarouter.ol.epicgames.com/datarouter/api/v1/public/data?AppID=RocketLeague.Release&AppVersion=1210528741&AppEnvironment=Prod&UploadType=eteventstream&UserID=|8818b4dba79a43d18b986f46e4d00392|||Epic|8818b4dba79a43d18b986f46e4d00392|0&SessionID=7ED88ADF457E5D0E09C349A06FC64359
[5673.31] DevOnline: WebRequest_X_151 RECV: 204 
[5677.18] DevOnline: EOSSDK-LogEOSGameClips: Stop recording requested but recording is not available.
[5680.72] DevOnline: EOSSDK-LogEOSGameClips: Stop recording requested but recording is not available.
[5680.73] EOSGameClips: EOSGameClips: Currently recording: false
[5681.41] DevOnline: EOSSDK-LogEOSGameClips: Stop recording requested but recording is not available.
[5685.42] DevOnline: EOSSDK-LogEOSGameClips: Stop recording requested but recording is not available.
[5702.67] DevOnline: EOSSDK-LogEOSGameClips: Stop recording requested but recording is not available.
[5706.22] DevOnline: EOSSDK-LogEOSGameClips: Stop recording requested but recording is not available.
[5706.23] EOSGameClips: EOSGameClips: Currently recording: false
[5709.45] DevOnline: EOSSDK-LogEOSGameClips: Stop recording requested but recording is not available.
[5713.45] DevOnline: EOSSDK-LogEOSGameClips: Stop recording requested but recording is not available.
[5733.19] DevOnline: WebRequest_X_152 SEND: https://datarouter.ol.epicgames.com/datarouter/api/v1/public/data?AppID=RocketLeague.Release&AppVersion=1210528741&AppEnvironment=Prod&UploadType=eteventstream&UserID=|8818b4dba79a43d18b986f46e4d00392|||Epic|8818b4dba79a43d18b986f46e4d00392|0&SessionID=7ED88ADF457E5D0E09C349A06FC64359
[5733.30] DevOnline: WebRequest_X_152 RECV: 204 
[5749.73] DevOnline: EOSSDK-LogEOSGameClips: Stop recording requested but recording is not available.
[5753.27] DevOnline: EOSSDK-LogEOSGameClips: Stop recording requested but recording is not available.
[5753.28] EOSGameClips: EOSGameClips: Currently recording: false
[5759.28] DevOnline: EOSSDK-LogEOSGameClips: Stop recording requested but recording is not available.
[5763.29] DevOnline: EOSSDK-LogEOSGameClips: Stop recording requested but recording is not available.
[5793.18] DevOnline: WebRequest_X_153 SEND: https://datarouter.ol.epicgames.com/datarouter/api/v1/public/data?AppID=RocketLeague.Release&AppVersion=1210528741&AppEnvironment=Prod&UploadType=eteventstream&UserID=|8818b4dba79a43d18b986f46e4d00392|||Epic|8818b4dba79a43d18b986f46e4d00392|0&SessionID=7ED88ADF457E5D0E09C349A06FC64359
[5793.29] DevOnline: WebRequest_X_153 RECV: 204 
[5800.89] DevOnline: EOSSDK-LogEOSGameClips: Stop recording requested but recording is not available.
[5801.56] SplitScreen: Press Start ControllerId=0 Player=LocalPlayer_TA_0
[5803.36] EOSVoice: Recording stopped for room: VRT_Party
[5803.47] PsyNet: PsyNetChannel_X_0 party:2uuPQ5vF receive message MessageID=316
[5803.47] PsyNet: PsyNetChannel_X_0 party:2uuPQ5vF executing MessageID=316
[5803.47] Party: HandleLobbyMemberStatusUpdate LobbyUID=PsyNet-2uuPQ5vF Members=2 MemberIndex=0 MemberID=PS4|785668489479049324|0
[5803.47] Party: OnPartyLeaderChanged NewLeader=Epic|8818b4dba79a43d18b986f46e4d00392|0
[5803.47] Party: UpdatePartyLock NewLockStatus=(False)
[5803.48] PsyNet: PsyNetServiceProvider_X_1 ExecuteService Complete, Service=Party/PartyOwnerChanged 
[5803.48] PsyNet: PsyNetChannel_X_0 party:2uuPQ5vF receive message MessageID=317
[5803.48] PsyNet: PsyNetChannel_X_0 party:2uuPQ5vF executing MessageID=317
[5803.48] Party: HandleLobbyMemberStatusUpdate LobbyUID=PsyNet-2uuPQ5vF Members=1 MemberIndex=-1 MemberID= Status=Left
[5803.48] Party: Back down to one player, start party timeout
[5803.48] Party: UpdatePartyLock NewLockStatus=(False)
[5803.49] PsyNet: PsyNetServiceProvider_X_1 ExecuteService Complete, Service=Party/UserLeft 
[5803.57] PartyChallenge: UpdateLevelAndChallengesForPlayer InPlayerId=(Epic|8818b4dba79a43d18b986f46e4d00392|0) InXPLevel=(345) bInCompletedChallenges=(True) bInLegacyPlayer=(False) bInGuestAccount=(False)
[5803.57] Eula: RequiresAcceptance? EulaConfig?.bRequiresAcceptance=(True) GetUISave()?.Contains('bAcceptedOfflineEULA')=(True) Eula.SyncState=(LSS_Accepted)
[5803.57] Party: BroadcastMatchmakingAvailabilityDelayed PartyMemberID:'Epic|8818b4dba79a43d18b986f46e4d00392|0' MatchmakeRestrictions=(0)
[5803.57] Party: SetAvailableForMatchmakingForMember PartyMemberID:'Epic|8818b4dba79a43d18b986f46e4d00392|0' MatchmakeRestrictions=(0)
[5803.92] PsyNet: PsyNetChannel_X_0 party:2uuPQ5vF receive message MessageID=318
[5803.92] PsyNet: PsyNetChannel_X_0 party:2uuPQ5vF executing MessageID=318
[5803.92] PsyNet: PsyNetServiceProvider_X_1 ExecuteService Complete, Service=Party/System 
[5803.93] PsyNet: PsyNetChannel_X_0 party:2uuPQ5vF receive message MessageID=319
[5803.93] PsyNet: PsyNetChannel_X_0 party:2uuPQ5vF executing MessageID=319
[5803.94] PsyNet: PsyNetServiceProvider_X_1 ExecuteService Complete, Service=Party/System 
[5804.43] DevOnline: EOSSDK-LogEOSGameClips: Stop recording requested but recording is not available.
[5804.44] EOSGameClips: EOSGameClips: Currently recording: false
[5809.07] Party: Received PsyNet party notification (PsyNetService_PartyUserInvited_X) from player Notification.FromEpicUserID.EpicAccountId=(ba9db1f73c574bfdb0c10ca55d45bd69)
[5809.07] ScriptLog: ListenForPlayerBlockStatusDownloaded EpicId=(ba9db1f73c574bfdb0c10ca55d45bd69) PrimaryStatus=(PlatformBlockListStatus_0) PrimaryStatus.DownloadStatus=(EB_Success)
[5809.07] ScriptLog: TriggerPlayerCallback EpicId=(ba9db1f73c574bfdb0c10ca55d45bd69) Callback=(Transient.Parties_X_0:__Parties_X__HandleIncomingPartyNotification_0x1_1.__Parties_X__HandleIncomingPartyNotification_0x1) bBlocked=(False)
[5809.07] Party: Received blocked status bBlocked=(False) for party invite from player EpicId=(ba9db1f73c574bfdb0c10ca55d45bd69)
[5809.07] Party: HandlePlayerInvitePending PS4|785668489479049324|0 (Uid=8525395665543705191,Platform=OnlinePlatform_PsyNet) -1
[5809.08] PsyNet: PsyNetServiceProvider_X_1 ExecuteService Complete, Service=Party/UserInvited 
[5810.68] EOSGameClips: EOSGameClips: Currently recording: false
[5812.21] Log: FSaveDataExportTask(0) wrote 1066492 bytes to memory
[5812.21] Log: SaveGameDataAsync game thread time: 8 ms
[5812.22] Log: Deleting old save file ..\..\TAGame\SaveDataEpic\DBE_Production\8818b4dba79a43d18b986f46e4d00392_2.save
[5812.22] Log: SaveDataExport(0): Finished - File:[..\..\TAGame\SaveDataEpic\DBE_Production\8818b4dba79a43d18b986f46e4d00392_1.save] Result:[1]
[5812.23] SettingsExport: Settings content not changed. Will not update the Settings Online
[5814.13] Party: HandleUserInvitedResponse ForUserId=(PS4|785668489479049324|0) bAccepted=(True)
[5814.13] Party: HandlePlayerInvitedPrompt InviterId=(PS4|785668489479049324|0) bAccepted=(True)
[5814.13] Party: HandlePlayerInvited bAccepted=(True) InLobbyId:'PsyNet-g2c60JPv' FriendId:'PS4|785668489479049324|0'
[5814.96] DevOnline: EOSSDK-LogEOSGameClips: Stop recording requested but recording is not available.
[5815.07] Online: TryToPlayOnline ControllerID=(-1)
[5815.07] Online: HandlePrivilegeCheckFinished PrivilegeCheck.bHasRestriction=(False)
[5815.09] DevOnline: EOS_RTC_AddNotifyDisconnected 'EOS_Success'
[5815.09] DevOnline: Voice - Left voice room: 2uuPQ5vF
[5815.17] XPGatedPlaylists: Not currently in a party.
[5815.41] Party: HandleJoinLobby bWasSuccessful=(True) LobbyUID:'PsyNet-g2c60JPv' 
[5815.41] Party: OnPartyLeaderChanged NewLeader=PS4|785668489479049324|0
[5815.41] Party: HandleLobbyMemberStatusUpdate LobbyUID=PsyNet-g2c60JPv Members=2 MemberIndex=0 MemberID=PS4|785668489479049324|0
[5815.41] Party: HandleLobbyMemberStatusUpdate LobbyUID=PsyNet-g2c60JPv Members=2 MemberIndex=1 MemberID=Epic|8818b4dba79a43d18b986f46e4d00392|0
[5815.41] PsyNet: PsyNetChannel_X_1 Init party:g2c60JPv
[5815.41] PsyNet: PsyNetChannel_X_1 Open party:g2c60JPv
[5815.41] PsyNet: PsyNetChannel_X_1 party:g2c60JPv waiting for first channel message
[5815.41] PsyNet: PsyNetChannel_X_1 party:g2c60JPv first channel message MessageID=13
[5815.41] PsyNet: PsyNetChannel_X_1 party:g2c60JPv executing MessageID=13
[5815.41] Party: HandleLobbyMemberStatusUpdate LobbyUID=PsyNet-g2c60JPv Members=2 MemberIndex=1 MemberID=Epic|8818b4dba79a43d18b986f46e4d00392|0
[5815.41] PsyNet: PsyNetServiceProvider_X_1 ExecuteService Complete, Service=Party/UserJoined 
[5815.51] PartyChallenge: UpdateLevelAndChallengesForPlayer InPlayerId=(Epic|8818b4dba79a43d18b986f46e4d00392|0) InXPLevel=(345) bInCompletedChallenges=(True) bInLegacyPlayer=(False) bInGuestAccount=(False)
[5815.51] Eula: RequiresAcceptance? EulaConfig?.bRequiresAcceptance=(True) GetUISave()?.Contains('bAcceptedOfflineEULA')=(True) Eula.SyncState=(LSS_Accepted)
[5815.51] Party: BroadcastMatchmakingAvailabilityDelayed PartyMemberID:'Epic|8818b4dba79a43d18b986f46e4d00392|0' MatchmakeRestrictions=(0)
[5815.51] Party: SetAvailableForMatchmakingForMember PartyMemberID:'Epic|8818b4dba79a43d18b986f46e4d00392|0' MatchmakeRestrictions=(0)
[5815.51] Eula: RequiresAcceptance? EulaConfig?.bRequiresAcceptance=(True) GetUISave()?.Contains('bAcceptedOfflineEULA')=(True) Eula.SyncState=(LSS_Accepted)
[5815.51] Party: BroadcastMatchmakingAvailabilityDelayed PartyMemberID:'Epic|8818b4dba79a43d18b986f46e4d00392|0' MatchmakeRestrictions=(0)
[5815.51] Party: SetAvailableForMatchmakingForMember PartyMemberID:'Epic|8818b4dba79a43d18b986f46e4d00392|0' MatchmakeRestrictions=(0)
[5815.51] Party: BroadcastDisableCrossPlay PartyMemberID:'Epic|8818b4dba79a43d18b986f46e4d00392|0' PartyMembers[ PartyMemberIndex ].bDisableCrossPlay=(False)
[5815.51] Party: BroadcastCrossTextChatState PartyMemberID:'Epic|8818b4dba79a43d18b986f46e4d00392|0' PartyMembers[PartyMemberIndex].CrossChatState=(PCCS_Everybody)
[5815.61] PartyChallenge: UpdateLevelAndChallengesForPlayer InPlayerId=(Epic|8818b4dba79a43d18b986f46e4d00392|0) InXPLevel=(345) bInCompletedChallenges=(True) bInLegacyPlayer=(False) bInGuestAccount=(False)
[5815.75] PsyNet: PsyNetChannel_X_1 party:g2c60JPv receive message MessageID=14
[5815.75] PsyNet: PsyNetChannel_X_1 party:g2c60JPv executing MessageID=14
[5815.75] PsyNet: PsyNetServiceProvider_X_1 ExecuteService Complete, Service=Party/System 
[5815.76] EOSVoice: Joining room g2c60JPv
[5815.77] PsyNet: PsyNetChannel_X_1 party:g2c60JPv receive message MessageID=15
[5815.77] PsyNet: PsyNetChannel_X_1 party:g2c60JPv executing MessageID=15
[5815.77] Party: HandleLobbyReceiveBinaryData LobbyUID=PsyNet-g2c60JPv MemberIndex=0 PlayerUID=PS4|785668489479049324|0 Message=PartyMessage_CurrentVoiceRoom_TA
[5815.78] PsyNet: PsyNetServiceProvider_X_1 ExecuteService Complete, Service=Party/System 
[5815.78] PsyNet: PsyNetChannel_X_1 party:g2c60JPv receive message MessageID=16
[5815.78] PsyNet: PsyNetChannel_X_1 party:g2c60JPv executing MessageID=16
[5815.79] PsyNet: PsyNetServiceProvider_X_1 ExecuteService Complete, Service=Party/System 
[5815.80] PsyNet: PsyNetChannel_X_1 party:g2c60JPv receive message MessageID=17
[5815.80] PsyNet: PsyNetChannel_X_1 party:g2c60JPv executing MessageID=17
[5815.80] PsyNet: PsyNetServiceProvider_X_1 ExecuteService Complete, Service=Party/System 
[5815.81] PsyNet: PsyNetChannel_X_1 party:g2c60JPv receive message MessageID=18
[5815.81] PsyNet: PsyNetChannel_X_1 party:g2c60JPv executing MessageID=18
[5815.81] Party: HandleLobbyReceiveBinaryData LobbyUID=PsyNet-g2c60JPv MemberIndex=0 PlayerUID=PS4|785668489479049324|0 Message=PartyMessage_LobbySettings_X
[5815.81] PsyNet: PsyNetServiceProvider_X_1 ExecuteService Complete, Service=Party/System 
[5815.81] PsyNet: PsyNetChannel_X_1 party:g2c60JPv receive message MessageID=19
[5815.81] PsyNet: PsyNetChannel_X_1 party:g2c60JPv executing MessageID=19
[5815.81] Party: HandleLobbyReceiveBinaryData LobbyUID=PsyNet-g2c60JPv MemberIndex=0 PlayerUID=PS4|785668489479049324|0 Message=PartyMessage_LevelAndChallengesUpdate_TA
[5815.81] PartyChallenge: UpdateLevelAndChallengesForPlayer InPlayerId=(PS4|785668489479049324|0) InXPLevel=(1065) bInCompletedChallenges=(True) bInLegacyPlayer=(False) bInGuestAccount=(False)
[5815.82] PsyNet: PsyNetServiceProvider_X_1 ExecuteService Complete, Service=Party/System 
[5815.82] PsyNet: PsyNetChannel_X_1 party:g2c60JPv receive message MessageID=20
[5815.82] PsyNet: PsyNetChannel_X_1 party:g2c60JPv executing MessageID=20
[5815.82] Party: HandleLobbyReceiveBinaryData LobbyUID=PsyNet-g2c60JPv MemberIndex=0 PlayerUID=PS4|785668489479049324|0 Message=PartyMessage_MatchmakingAvailability_X
[5815.82] Party: SetAvailableForMatchmakingForMember PartyMemberID:'PS4|785668489479049324|0' MatchmakeRestrictions=(0)
[5815.83] PsyNet: PsyNetServiceProvider_X_1 ExecuteService Complete, Service=Party/System 
[5815.83] PsyNet: PsyNetChannel_X_1 party:g2c60JPv receive message MessageID=21
[5815.83] PsyNet: PsyNetChannel_X_1 party:g2c60JPv executing MessageID=21
[5815.83] Party: HandleLobbyReceiveBinaryData LobbyUID=PsyNet-g2c60JPv MemberIndex=0 PlayerUID=PS4|785668489479049324|0 Message=PartyMessage_DisableCrossPlay_X
[5815.84] PsyNet: PsyNetServiceProvider_X_1 ExecuteService Complete, Service=Party/System 
[5815.86] PsyNet: PsyNetChannel_X_1 party:g2c60JPv receive message MessageID=22
[5815.86] PsyNet: PsyNetChannel_X_1 party:g2c60JPv executing MessageID=22
[5815.86] PsyNet: PsyNetServiceProvider_X_1 ExecuteService Complete, Service=Party/System 
[5815.86] PsyNet: PsyNetChannel_X_1 party:g2c60JPv receive message MessageID=23
[5815.86] PsyNet: PsyNetChannel_X_1 party:g2c60JPv executing MessageID=23
[5815.87] PsyNet: PsyNetServiceProvider_X_1 ExecuteService Complete, Service=Party/System 
[5815.87] PsyNet: PsyNetChannel_X_1 party:g2c60JPv receive message MessageID=24
[5815.87] PsyNet: PsyNetChannel_X_1 party:g2c60JPv executing MessageID=24
[5815.87] Party: HandleLobbyReceiveBinaryData LobbyUID=PsyNet-g2c60JPv MemberIndex=0 PlayerUID=PS4|785668489479049324|0 Message=PartyMessage_PartyMemberJoinGame_X
[5815.88] PsyNet: PsyNetServiceProvider_X_1 ExecuteService Complete, Service=Party/System 
[5815.88] PsyNet: PsyNetChannel_X_1 party:g2c60JPv receive message MessageID=25
[5815.88] PsyNet: PsyNetChannel_X_1 party:g2c60JPv executing MessageID=25
[5815.88] Party: HandleLobbyReceiveBinaryData LobbyUID=PsyNet-g2c60JPv MemberIndex=0 PlayerUID=PS4|785668489479049324|0 Message=PartyMessage_CrossPlayTextChat_X
[5815.89] PsyNet: PsyNetServiceProvider_X_1 ExecuteService Complete, Service=Party/System 
[5815.89] PsyNet: PsyNetChannel_X_1 party:g2c60JPv receive message MessageID=26
[5815.89] PsyNet: PsyNetChannel_X_1 party:g2c60JPv executing MessageID=26
[5815.89] Party: HandleLobbyReceiveBinaryData LobbyUID=PsyNet-g2c60JPv MemberIndex=0 PlayerUID=PS4|785668489479049324|0 Message=PartyMessage_UserChatReportingLevel_TA
[5815.90] PsyNet: PsyNetServiceProvider_X_1 ExecuteService Complete, Service=Party/System 
[5815.90] PsyNet: PsyNetChannel_X_1 party:g2c60JPv receive message MessageID=27
[5815.90] PsyNet: PsyNetChannel_X_1 party:g2c60JPv executing MessageID=27
[5815.90] Party: HandleLobbyReceiveBinaryData LobbyUID=PsyNet-g2c60JPv MemberIndex=0 PlayerUID=PS4|785668489479049324|0 Message=PartyMessage_Loadout_TA
[5815.90] Party: HandleLoadoutMessage MemberID=PS4|785668489479049324|0
[5815.90] PsyNet: PsyNetServiceProvider_X_1 ExecuteService Complete, Service=Party/System 
[5815.91] PsyNet: PsyNetChannel_X_1 party:g2c60JPv receive message MessageID=28
[5815.91] PsyNet: PsyNetChannel_X_1 party:g2c60JPv executing MessageID=28
[5815.92] PsyNet: PsyNetServiceProvider_X_1 ExecuteService Complete, Service=Party/System 
[5815.93] PsyNet: PsyNetChannel_X_1 party:g2c60JPv receive message MessageID=29
[5815.93] PsyNet: PsyNetChannel_X_1 party:g2c60JPv executing MessageID=29
[5815.94] PsyNet: PsyNetServiceProvider_X_1 ExecuteService Complete, Service=Party/System 
[5815.95] PsyNet: PsyNetChannel_X_1 party:g2c60JPv receive message MessageID=30
[5815.95] PsyNet: PsyNetChannel_X_1 party:g2c60JPv executing MessageID=30
[5815.95] PsyNet: PsyNetServiceProvider_X_1 ExecuteService Complete, Service=Party/System 
[5815.96] PsyNet: PsyNetChannel_X_1 party:g2c60JPv receive message MessageID=31
[5815.96] PsyNet: PsyNetChannel_X_1 party:g2c60JPv executing MessageID=31
[5815.97] PsyNet: PsyNetServiceProvider_X_1 ExecuteService Complete, Service=Party/System 
[5815.98] PsyNet: PsyNetChannel_X_1 party:g2c60JPv receive message MessageID=32
[5815.98] PsyNet: PsyNetChannel_X_1 party:g2c60JPv executing MessageID=32
[5815.99] PsyNet: PsyNetServiceProvider_X_1 ExecuteService Complete, Service=Party/System 
[5816.00] PsyNet: PsyNetChannel_X_1 party:g2c60JPv receive message MessageID=33
[5816.00] PsyNet: PsyNetChannel_X_1 party:g2c60JPv executing MessageID=33
[5816.00] PsyNet: PsyNetServiceProvider_X_1 ExecuteService Complete, Service=Party/System 
[5816.06] PsyNet: PsyNetChannel_X_1 party:g2c60JPv receive message MessageID=34
[5816.06] PsyNet: PsyNetChannel_X_1 party:g2c60JPv executing MessageID=34
[5816.06] PsyNet: PsyNetServiceProvider_X_1 ExecuteService Complete, Service=Party/System 
[5816.16] DevOnline: EOSSDK-LogEOSRTC: [MediaService] Usupported control message "<Redacted>"
[5816.30] EOSVoice: SetPlayerMuteStatus for player 8818b4dba79a43d18b986f46e4d00392 in room g2c60JPv to False
[5816.31] EOSVoice: Recording started for room: VRT_Party
[5816.31] PsyNet: PsyNetChannel_X_1 party:g2c60JPv receive message MessageID=35
[5816.31] PsyNet: PsyNetChannel_X_1 party:g2c60JPv executing MessageID=35
[5816.31] Party: HandleLobbyReceiveBinaryData LobbyUID=PsyNet-g2c60JPv MemberIndex=0 PlayerUID=PS4|785668489479049324|0 Message=PartyMessage_LevelAndChallengesUpdate_TA
[5816.31] PartyChallenge: UpdateLevelAndChallengesForPlayer InPlayerId=(PS4|785668489479049324|0) InXPLevel=(1065) bInCompletedChallenges=(True) bInLegacyPlayer=(False) bInGuestAccount=(False)
[5816.31] PsyNet: PsyNetServiceProvider_X_1 ExecuteService Complete, Service=Party/System 
[5816.32] PsyNet: PsyNetChannel_X_1 party:g2c60JPv receive message MessageID=36
[5816.32] PsyNet: PsyNetChannel_X_1 party:g2c60JPv executing MessageID=36
[5816.32] Party: HandleLobbyReceiveBinaryData LobbyUID=PsyNet-g2c60JPv MemberIndex=0 PlayerUID=PS4|785668489479049324|0 Message=PartyMessage_LocalPlayers_X
[5816.32] Party: Handle PartyMessage_LocalPlayers_X: IsPrimaryPlayer=True
[5816.33] PsyNet: PsyNetServiceProvider_X_1 ExecuteService Complete, Service=Party/System 
[5816.34] PsyNet: PsyNetChannel_X_1 party:g2c60JPv receive message MessageID=37
[5816.34] PsyNet: PsyNetChannel_X_1 party:g2c60JPv executing MessageID=37
[5816.34] Party: HandleLobbyReceiveBinaryData LobbyUID=PsyNet-g2c60JPv MemberIndex=0 PlayerUID=PS4|785668489479049324|0 Message=PartyMessage_LevelAndChallengesUpdate_TA
[5816.34] PartyChallenge: UpdateLevelAndChallengesForPlayer InPlayerId=(PS4|785668489479049324|0) InXPLevel=(1065) bInCompletedChallenges=(True) bInLegacyPlayer=(False) bInGuestAccount=(False)
[5816.35] PsyNet: PsyNetServiceProvider_X_1 ExecuteService Complete, Service=Party/System 
[5816.35] PsyNet: PsyNetChannel_X_1 party:g2c60JPv receive message MessageID=38
[5816.35] PsyNet: PsyNetChannel_X_1 party:g2c60JPv executing MessageID=38
[5816.35] Party: HandleLobbyReceiveBinaryData LobbyUID=PsyNet-g2c60JPv MemberIndex=0 PlayerUID=PS4|785668489479049324|0 Message=PartyMessage_GetPlatformPartyResponse_X
[5816.35] PsyNet: PsyNetServiceProvider_X_1 ExecuteService Complete, Service=Party/System 
[5816.42] PartyChallenge: UpdateLevelAndChallengesForPlayer InPlayerId=(Epic|8818b4dba79a43d18b986f46e4d00392|0) InXPLevel=(345) bInCompletedChallenges=(True) bInLegacyPlayer=(False) bInGuestAccount=(False)
[5816.65] PsyNet: PsyNetChannel_X_1 party:g2c60JPv receive message MessageID=39
[5816.65] PsyNet: PsyNetChannel_X_1 party:g2c60JPv executing MessageID=39
[5816.65] PsyNet: PsyNetServiceProvider_X_1 ExecuteService Complete, Service=Party/System 
[5816.66] PsyNet: PsyNetChannel_X_1 party:g2c60JPv receive message MessageID=40
[5816.66] PsyNet: PsyNetChannel_X_1 party:g2c60JPv executing MessageID=40
[5816.67] PsyNet: PsyNetServiceProvider_X_1 ExecuteService Complete, Service=Party/System 
[5818.95] DevOnline: EOSSDK-LogEOSGameClips: Stop recording requested but recording is not available.
[5819.04] XPProgression: GFxHUD_TA.HandleGameStateChanged Current player match score = 202, UniqueId=(Epic|8818b4dba79a43d18b986f46e4d00392|0), with total match time = 271.3062 seconds, with total net time = 271.3062seconds
[5819.04] Party: Ranked Game Finished, Clear party member server
[5819.04] RankedReconnect: RankedReconnectSave_TA_0.ClearRankedReconnect()
[5819.05] DevOnline: EOSSDK-LogEOSGameClips: Stop recording requested but recording is not available.
[5819.40] XPProgression: SaveData_TA.HandleRewardDropNotification PsyNetService_RewardDropReceived_TA returned Total XP Earned = 1893.0000, in match with ID = 298D088A11F12DB95E0A1F86C907051E , Current player match score = 202, UniqueId=(Epic|8818b4dba79a43d18b986f46e4d00392|0), with total match time = 271.3062 seconds, with total net time = 271.3062seconds
[5819.40] PsyNet: PsyNetServiceProvider_X_1 ExecuteService Complete, Service=Reward/RewardResult 
[5820.05] PsyNet: PsyNetChannel_X_1 party:g2c60JPv receive message MessageID=41
[5820.05] PsyNet: PsyNetChannel_X_1 party:g2c60JPv executing MessageID=41
[5820.05] Party: HandleLobbyReceiveBinaryData LobbyUID=PsyNet-g2c60JPv MemberIndex=0 PlayerUID=PS4|785668489479049324|0 Message=PartyMessage_SearchStatus_X
[5820.05] Party: HandleSearchStatus StatusMessage.SearchState=(Searching) StatusMessage.bIsSearching=(True)
[5820.05] PsyNet: PsyNetServiceProvider_X_1 ExecuteService Complete, Service=Party/System 
[5821.01] DevOnline: PlayerDataStorage_WriteFile: Beginning to upload file. User=(8818b4dba79a43d18b986f46e4d00392) FileName=(RLSettingsData)
[5821.63] PsyNet: PsyNetChannel_X_1 party:g2c60JPv receive message MessageID=42
[5821.63] PsyNet: PsyNetChannel_X_1 party:g2c60JPv executing MessageID=42
[5821.63] Party: HandleLobbyReceiveBinaryData LobbyUID=PsyNet-g2c60JPv MemberIndex=0 PlayerUID=PS4|785668489479049324|0 Message=PartyMessage_SearchStatus_X
[5821.63] Party: HandleSearchStatus StatusMessage.SearchState=(Searching) StatusMessage.bIsSearching=(True)
[5821.63] PsyNet: PsyNetServiceProvider_X_1 ExecuteService Complete, Service=Party/System 
[5822.02] XPProgression: GFxHUD_TA.HandleGameStateChanged Current player match score = 202, UniqueId=(Epic|8818b4dba79a43d18b986f46e4d00392|0), with total match time = 271.3062 seconds, with total net time = 271.3062seconds
[5822.02] Party: Ranked Game Finished, Clear party member server
[5822.02] RankedReconnect: RankedReconnectSave_TA_0.ClearRankedReconnect()
[5822.02] DevOnline: EOSSDK-LogEOSGameClips: Stop recording requested but recording is not available.
[5822.11] DevOnline: PlayerDataStorage_WriteFile: File upload complete. User=(8818b4dba79a43d18b986f46e4d00392) FileName=(RLSettingsData) Success=(1)
[5822.11] SettingsExport: Settings data upload complete. Success: True
[5827.03] PsyNetStaticData: HandleCacheExpired
[5827.03] PsyNetStaticData: UpdateCacheTimerEnabled CacheTimer.bEnabled=(True)
[5827.03] XPProgression: GFxHUD_TA.HandleGameStateChanged Current player match score = 202, UniqueId=(Epic|8818b4dba79a43d18b986f46e4d00392|0), with total match time = 271.3062 seconds, with total net time = 271.3062seconds
[5827.03] Party: Ranked Game Finished, Clear party member server
[5827.03] RankedReconnect: RankedReconnectSave_TA_0.ClearRankedReconnect()
[5827.03] DevOnline: EOSSDK-LogEOSGameClips: Stop recording requested but recording is not available.
[5827.05] Online: TryToPlayOnline ControllerID=(-1)
[5827.05] Online: HandlePrivilegeCheckFinished PrivilegeCheck.bHasRestriction=(False)
[5827.05] Online: HandlePrivilegeCheck PrivilegeCheck.bHasRestriction=(False)
[5827.06] DevOnline: WebRequest_X_154 SEND: https://config.psynet.gg/v2/Config/BattleCars/1210528741/Prod/Epic/INT/
[5827.16] DevOnline: WebRequest_X_154 RECV: 304 
[5827.39] PsyNetBeaconDetail_X: PsyNetBeacon_X_0 ReserveConnection ReservationID=(FB783F251D7C44EBB3B0511E45741E57) ConnectionID=(eyJ0eXAiOiJKV1QiLCJhbGciOiJIUzUxMiJ9.eyJqdGkiOiI5ZDRlYWEzMzdjNzU0MmJjODQ5OWI3NGZlNmQ2Y2JmYSIsImlzcyI6IlBzeU5ldCIsInBsYXllcl9pZCI6IkVwaWN8ODgxOGI0ZGJhNzlhNDNkMThiOTg2ZjQ2ZTRkMDAzOTJ8MCIsInNlcnZlcl9uYW1lIjoiRVU3LTA3NTE5QjhEQTI1OTQ2NEM5LUVsZXZhdGlvbjMiLCJpYXQiOjE3NzUwNDEyODMsIm5iZiI6MTc3NTA0MTI4MywiZXhwIjoxNzc1MDU1NjgzfQ.VL9kCP-_vZ18-driO0fgWe7oq5vFvrIXrIL2PaRuB9d_x-iGBoDqKLxU8Lb7Fg2fMnoQGUT046EnUSmded97Kw)
[5827.39] PsyNetBeaconDetail_X: PsyNetBeacon_X_0 ClientHandleMessage Message.MessageType=(ClientReservationMessage_X) Message.ReservationID=(FB783F251D7C44EBB3B0511E45741E57)
[5827.39] Party: Received game server from notification (v3) Message.Reservation=((ServerName="EU7-07519B8DA259464C9-Elevation3",Playlist=11,Region="EU",ReservationID="FB783F251D7C44EBB3B0511E45741E57",DSRToken="eyJ0eXAiOiJKV1QiLCJhbGciOiJIUzUxMiJ9.eyJqdGkiOiI5ZDRlYWEzMzdjNzU0MmJjODQ5OWI3NGZlNmQ2Y2JmYSIsImlzcyI6IlBzeU5ldCIsInBsYXllcl9pZCI6IkVwaWN8ODgxOGI0ZGJhNzlhNDNkMThiOTg2ZjQ2ZTRkMDAzOTJ8MCIsInNlcnZlcl9uYW1lIjoiRVU3LTA3NTE5QjhEQTI1OTQ2NEM5LUVsZXZhdGlvbjMiLCJpYXQiOjE3NzUwNDEyODMsIm5iZiI6MTc3NTA0MTI4MywiZXhwIjoxNzc1MDU1NjgzfQ.VL9kCP-_vZ18-driO0fgWe7oq5vFvrIXrIL2PaRuB9d_x-iGBoDqKLxU8Lb7Fg2fMnoQGUT046EnUSmded97Kw",JoinName="GJGII0WZ37UHMP99",JoinPassword="E2U13F05RZ8AOGUV"))
[5827.39] JoinGame: StartJoin Reservation=((ServerName="EU7-07519B8DA259464C9-Elevation3",Playlist=11,Region="EU",ReservationID="FB783F251D7C44EBB3B0511E45741E57",DSRToken="eyJ0eXAiOiJKV1QiLCJhbGciOiJIUzUxMiJ9.eyJqdGkiOiI5ZDRlYWEzMzdjNzU0MmJjODQ5OWI3NGZlNmQ2Y2JmYSIsImlzcyI6IlBzeU5ldCIsInBsYXllcl9pZCI6IkVwaWN8ODgxOGI0ZGJhNzlhNDNkMThiOTg2ZjQ2ZTRkMDAzOTJ8MCIsInNlcnZlcl9uYW1lIjoiRVU3LTA3NTE5QjhEQTI1OTQ2NEM5LUVsZXZhdGlvbjMiLCJpYXQiOjE3NzUwNDEyODMsIm5iZiI6MTc3NTA0MTI4MywiZXhwIjoxNzc1MDU1NjgzfQ.VL9kCP-_vZ18-driO0fgWe7oq5vFvrIXrIL2PaRuB9d_x-iGBoDqKLxU8Lb7Fg2fMnoQGUT046EnUSmded97Kw",JoinName="GJGII0WZ37UHMP99",JoinPassword="E2U13F05RZ8AOGUV")) JoinSettings=((PlaylistId=11,Password="E2U13F05RZ8AOGUV"))
[5827.39] JoinGame: GotoJoinGameState OnlineGameJoinGame_TA -> VerifyPrivileges
[5827.39] Online: TryToPlayOnline ControllerID=(-1)
[5827.39] PsyNet: PsyNetServiceProvider_X_1 ExecuteService Complete, Service=DSR/ClientMessage 
[5827.39] Online: HandlePrivilegeCheckFinished PrivilegeCheck.bHasRestriction=(False)
[5827.39] JoinGame: GotoJoinGameState VerifyPrivileges -> ReservingServerForMatchmaking
[5827.39] PsyNetBeaconDetail_X: PsyNetBeacon_X_0 SendMessageToServer Message=(AddReservationMessagePublic_X_16)
[5827.93] PsyNetBeaconDetail_X: PsyNetBeacon_X_0 ClientHandleMessage Message.MessageType=(ReservationsWaitingMessage_X) Message.ReservationID=(FB783F251D7C44EBB3B0511E45741E57)
[5827.93] JoinGame: Waiting for more players to add reservations
[5827.93] Party: HandleServerReserved (Reservation=(ServerName="EU7-07519B8DA259464C9-Elevation3",Playlist=11,Region="EU",ReservationID="FB783F251D7C44EBB3B0511E45741E57",DSRToken="eyJ0eXAiOiJKV1QiLCJhbGciOiJIUzUxMiJ9.eyJqdGkiOiI5ZDRlYWEzMzdjNzU0MmJjODQ5OWI3NGZlNmQ2Y2JmYSIsImlzcyI6IlBzeU5ldCIsInBsYXllcl9pZCI6IkVwaWN8ODgxOGI0ZGJhNzlhNDNkMThiOTg2ZjQ2ZTRkMDAzOTJ8MCIsInNlcnZlcl9uYW1lIjoiRVU3LTA3NTE5QjhEQTI1OTQ2NEM5LUVsZXZhdGlvbjMiLCJpYXQiOjE3NzUwNDEyODMsIm5iZiI6MTc3NTA0MTI4MywiZXhwIjoxNzc1MDU1NjgzfQ.VL9kCP-_vZ18-driO0fgWe7oq5vFvrIXrIL2PaRuB9d_x-iGBoDqKLxU8Lb7Fg2fMnoQGUT046EnUSmded97Kw",JoinName="GJGII0WZ37UHMP99",JoinPassword="E2U13F05RZ8AOGUV"),JoinCredentials="GJGII0WZ37UHMP99:E2U13F05RZ8AOGUV")
[5827.94] PsyNet: PsyNetServiceProvider_X_1 ExecuteService Complete, Service=DSR/ClientMessage 
[5828.10] PsyNet: PsyNetChannel_X_1 party:g2c60JPv receive message MessageID=43
[5828.10] PsyNet: PsyNetChannel_X_1 party:g2c60JPv executing MessageID=43
[5828.10] Party: HandleLobbyReceiveBinaryData LobbyUID=PsyNet-g2c60JPv MemberIndex=0 PlayerUID=PS4|785668489479049324|0 Message=PartyMessage_SearchStatus_X
[5828.10] Party: HandleSearchStatus StatusMessage.SearchState=(Joining) StatusMessage.bIsSearching=(True)
[5828.10] PsyNet: PsyNetServiceProvider_X_1 ExecuteService Complete, Service=Party/System 
[5828.77] Log: FSaveDataExportTask(0) wrote 1065464 bytes to memory
[5828.77] Log: SaveGameDataAsync game thread time: 8 ms
[5828.79] Log: Deleting old save file ..\..\TAGame\SaveDataEpic\DBE_Production\8818b4dba79a43d18b986f46e4d00392.save
[5828.79] Log: SaveDataExport(0): Finished - File:[..\..\TAGame\SaveDataEpic\DBE_Production\8818b4dba79a43d18b986f46e4d00392_2.save] Result:[1]
[5828.79] SettingsExport: CreateSnapshot Metadata {"userId":"Epic|8818b4dba79a43d18b986f46e4d00392|0","platformKey":"Epic","schemaVersion":0,"clientVersion":1532151,"timestampUtc":1775041285,"settingsVersion":8015,"checksum":-1800859673 Payload Size  97008
[5828.79] SettingsExport: Payload changed. Notifying new Checksum: -1800859673
[5828.79] SettingsExport: Local settings updated, uploading data
[5828.94] PsyNetBeaconDetail_X: PsyNetBeacon_X_0 ClientHandleMessage Message.MessageType=(ReservationsReadyMessage_X) Message.ReservationID=(FB783F251D7C44EBB3B0511E45741E57)
[5828.94] Party: HandleServerReserved (Reservation=(ServerName="EU7-07519B8DA259464C9-Elevation3",Playlist=11,Region="EU",ReservationID="FB783F251D7C44EBB3B0511E45741E57",DSRToken="eyJ0eXAiOiJKV1QiLCJhbGciOiJIUzUxMiJ9.eyJqdGkiOiI5ZDRlYWEzMzdjNzU0MmJjODQ5OWI3NGZlNmQ2Y2JmYSIsImlzcyI6IlBzeU5ldCIsInBsYXllcl9pZCI6IkVwaWN8ODgxOGI0ZGJhNzlhNDNkMThiOTg2ZjQ2ZTRkMDAzOTJ8MCIsInNlcnZlcl9uYW1lIjoiRVU3LTA3NTE5QjhEQTI1OTQ2NEM5LUVsZXZhdGlvbjMiLCJpYXQiOjE3NzUwNDEyODMsIm5iZiI6MTc3NTA0MTI4MywiZXhwIjoxNzc1MDU1NjgzfQ.VL9kCP-_vZ18-driO0fgWe7oq5vFvrIXrIL2PaRuB9d_x-iGBoDqKLxU8Lb7Fg2fMnoQGUT046EnUSmded97Kw",JoinName="GJGII0WZ37UHMP99",JoinPassword="E2U13F05RZ8AOGUV"),PingURL="13.41.12.68:7709",GameURL="13.41.12.68:7708",JoinCredentials="GJGII0WZ37UHMP99:E2U13F05RZ8AOGUV")
[5828.94] JoinGame: GotoJoinGameState ReservingServerForMatchmaking -> JoinCountdown
[5828.94] PsyNetBeaconDetail_X: PsyNetBeacon_X_0 SendMessageToServer Message=(PingMessage_X_48)
[5828.95] PsyNet: PsyNetServiceProvider_X_1 ExecuteService Complete, Service=DSR/ClientMessage 
[5829.34] PsyNetBeaconDetail_X: PsyNetBeacon_X_0 ClientHandleMessage Message.MessageType=(PingMessage_X) Message.ReservationID=(FB783F251D7C44EBB3B0511E45741E57)
[5829.35] PsyNet: PsyNetServiceProvider_X_1 ExecuteService Complete, Service=DSR/ClientMessage 
[5829.36] PsyNet: PsyNetChannel_X_1 party:g2c60JPv receive message MessageID=44
[5829.36] PsyNet: PsyNetChannel_X_1 party:g2c60JPv executing MessageID=44
[5829.36] Party: HandleLobbyReceiveBinaryData LobbyUID=PsyNet-g2c60JPv MemberIndex=0 PlayerUID=PS4|785668489479049324|0 Message=PartyMessage_JoinGame_X
[5829.36] Party: HandlePartyJoinGame MatchSettings=((ServerName="EU7-07519B8DA259464C9-Elevation3",PlaylistId=11,CustomPassword="E2U13F05RZ8AOGUV",ReservationID="FB783F251D7C44EBB3B0511E45741E57",JoinName="GJGII0WZ37UHMP99",JoinPassword="E2U13F05RZ8AOGUV"))
[5829.36] PsyNet: PsyNetServiceProvider_X_1 ExecuteService Complete, Service=Party/System 
[5830.49] DevNet: Bad connection: IP=18.170.202.10:7768 Name=" ç ã ^ «" ç ã ^ State=3 Ping=0.026132 ReceiveTime=0.008331 AckTime=0.399902
[5831.50] DevNet: Bad connection: IP=18.170.202.10:7768 Name=" ç ã ^ «" ç ã ^ State=3 Ping=0.498514 ReceiveTime=0.000000 AckTime=0.000000
[5831.94] JoinGame: GotoJoinGameState JoinCountdown -> OpeningLoadingScreen
[5831.94] RankedReconnect: OnlineGameJoinGame_TA_0::OpeningLoadingScreen.BeginState()
[5831.94] RankedReconnect: LocalPlayer_TA_0.UpdateRankedReconnect() RankedTeamDoubles True 4 False
[5831.94] RankedReconnect: RankedReconnectSave_TA_0.SetRankedReconnect() Server=((Reservation=(ServerName="EU7-07519B8DA259464C9-Elevation3",Playlist=11,Region="EU",ReservationID="FB783F251D7C44EBB3B0511E45741E57",DSRToken="eyJ0eXAiOiJKV1QiLCJhbGciOiJIUzUxMiJ9.eyJqdGkiOiI5ZDRlYWEzMzdjNzU0MmJjODQ5OWI3NGZlNmQ2Y2JmYSIsImlzcyI6IlBzeU5ldCIsInBsYXllcl9pZCI6IkVwaWN8ODgxOGI0ZGJhNzlhNDNkMThiOTg2ZjQ2ZTRkMDAzOTJ8MCIsInNlcnZlcl9uYW1lIjoiRVU3LTA3NTE5QjhEQTI1OTQ2NEM5LUVsZXZhdGlvbjMiLCJpYXQiOjE3NzUwNDEyODMsIm5iZiI6MTc3NTA0MTI4MywiZXhwIjoxNzc1MDU1NjgzfQ.VL9kCP-_vZ18-driO0fgWe7oq5vFvrIXrIL2PaRuB9d_x-iGBoDqKLxU8Lb7Fg2fMnoQGUT046EnUSmded97Kw",JoinName="GJGII0WZ37UHMP99",JoinPassword="E2U13F05RZ8AOGUV"),PingURL="13.41.12.68:7709",GameURL="13.41.12.68:7708",JoinCredentials="GJGII0WZ37UHMP99:E2U13F05RZ8AOGUV")) EpochNow=(1775041288)
[5831.94] DevNet: Browse: JoinGameTransition?Name=%e6%bc%a2+%e9%be%8d+%e7%8e%8b+%e7%a5%9e+%e9%97%87%e6%bc%a2+%e9%be%8d+%e7%8e%8b+%e7%a5%9e?game=TAGame.GameInfo_Transition_TA
[5832.01] Log: FSaveDataExportTask(0) wrote 1066396 bytes to memory
[5832.01] Log: SaveGameDataAsync game thread time: 8 ms
[5832.01] Log: LoadMap: JoinGameTransition?Name=%e6%bc%a2+%e9%be%8d+%e7%8e%8b+%e7%a5%9e+%e9%97%87%e6%bc%a2+%e9%be%8d+%e7%8e%8b+%e7%a5%9e?game=TAGame.GameInfo_Transition_TA
[5832.01] Spawn: TextChatActor_TA_56 Destroyed
[5832.01] EOSGameClips: ShutDown : Shutting down EOSGameClipsController_TA. Self=(EOSGameClipsController_TA_24) PlayerOwner?.GetUniqueNetId()=(Epic|8818b4dba79a43d18b986f46e4d00392|0)
[5832.01] Spawn: TextChatActor_TA_57 Destroyed
[5832.01] Spawn: TextChatActor_TA_58 Destroyed
[5832.01] Spawn: TextChatActor_TA_59 Destroyed
[5832.01] Spawn: TextChatActor_TA_60 Destroyed
[5832.03] Log: Deleting old save file ..\..\TAGame\SaveDataEpic\DBE_Production\8818b4dba79a43d18b986f46e4d00392_1.save
[5832.03] Log: SaveDataExport(0): Finished - File:[..\..\TAGame\SaveDataEpic\DBE_Production\8818b4dba79a43d18b986f46e4d00392.save] Result:[1]
[5832.03] DevOnline: PsyNet Flush Start TimeoutSeconds=0.250000
[5832.23] DevOnline: PsyNet Flush End
[5832.24] NetComeGo: Close TcpipConnection_12 18.170.202.10:7768 01/04/2026 12:01:31 'Control channel cleanup'
[5832.24] NetComeGo: TcpipConnection_12 Control channel closed, reason=Control channel cleanup
[5832.25] Exit: TcpNetDriver_12 shut down
[5832.26] Log: Fully load package: ..\..\TAGame\CookedPCConsole\GameInfo_Transition_SF.upk
[5832.26] Log: Game class is 'GameInfo_Transition_TA'
[5832.31] Log: Bringing World JoinGameTransition.TheWorld up for play (0) at 2026.04.01-12.01.31
[5832.31] Log: Bringing up level for play took: 0.047080
[5832.31] PartyChallenge: UpdateChallengeProgressForCompetitive bChallengesComplete=(True) ChallengeState=(Challenge_Success) bChallengeSync=(True) bChallengesAreValid=(True) bLegacyPlayer=(False) bGuestAccount=(False) Online_X.UniqueNetIDToString(Manager.Outer.PlayerID)=(Epic|8818b4dba79a43d18b986f46e4d00392|0) Complete
[5832.31] PartyChallenge: InitializeCompetitiveChallenges bGuestAccount=(False) bCompletedChallengesForCompetitive=(True) bLegacyPlayer=(False) Online_X.UniqueNetIDToString(OnlinePlayer.PlayerID)=(Epic|8818b4dba79a43d18b986f46e4d00392|0)
[5832.31] JoinGame: GotoJoinGameState OpeningLoadingScreen -> JoiningNewServer
[5832.31] DevNet: SetProgress, MessageType=1, Title=, Message=Connecting...
[5832.31] Log: ########### Finished loading level: 0.301502 seconds
[5832.31] DevOnline: EOSSDK-LogEOSGameClips: Stop recording requested but recording is not available.
[5832.31] SettingsExport: CreateSnapshot Metadata {"userId":"Epic|8818b4dba79a43d18b986f46e4d00392|0","platformKey":"Epic","schemaVersion":0,"clientVersion":1532151,"timestampUtc":1775041290,"settingsVersion":8016,"checksum":1018842570 Payload Size  97008
[5832.31] SettingsExport: Payload changed. Notifying new Checksum: 1018842570
[5832.31] SettingsExport: Local settings updated, uploading data
[5832.31] DevNet: Browse: 13.41.12.68:7708/MENU_Main_p?Name=%e6%bc%a2+%e9%be%8d+%e7%8e%8b+%e7%a5%9e+%e9%97%87%e6%bc%a2+%e9%be%8d+%e7%8e%8b+%e7%a5%9e
[5832.31] DevNet: Game client on port 7708, rate 15000
[5832.31] NetComeGo: SEND first packet Length=80 CRC=387969054
[5832.35] NetComeGo: TcpipConnection_13 RECV first packet IP=13.41.12.68:7708 Length=15 CRC=1008174108 HandshakeStatus=0 bUseSessionUID=1 InSessionUID=(0 0 0) SessionUID=(0 0 0)
[5832.35] NetComeGo: Client set SessionUID to: 6 224 145
[5832.45] DevNet: Welcomed by server (Level: FF_Dusk_P, Game: TAGame.GameInfo_Soccar_TA, GameTags: )
[5832.46] Log: FSaveDataExportTask(0) wrote 1066396 bytes to memory
[5832.46] Log: SaveGameDataAsync game thread time: 9 ms
[5832.48] Log: Deleting old save file ..\..\TAGame\SaveDataEpic\DBE_Production\8818b4dba79a43d18b986f46e4d00392_2.save
[5832.48] Log: SaveDataExport(0): Finished - File:[..\..\TAGame\SaveDataEpic\DBE_Production\8818b4dba79a43d18b986f46e4d00392_1.save] Result:[1]
[5832.48] Log: Flushing async loaders.
[5832.49] Log: Flushed async loaders.
[5832.49] Log: LoadMap: 13.41.12.68:7708/FF_Dusk_P?Name=%e6%bc%a2+%e9%be%8d+%e7%8e%8b+%e7%a5%9e+%e9%97%87%e6%bc%a2+%e9%be%8d+%e7%8e%8b+%e7%a5%9e?game=TAGame.GameInfo_Soccar_TA
[5832.50] DevOnline: PsyNet Flush Start TimeoutSeconds=0.250000
[5832.52] PsyNet: PsyNetChannel_X_1 party:g2c60JPv receive message MessageID=45
[5832.52] PsyNet: PsyNetChannel_X_1 party:g2c60JPv executing MessageID=45
[5832.53] PsyNet: PsyNetServiceProvider_X_1 ExecuteService Complete, Service=Party/System 
[5832.68] DevOnline: PsyNet Flush End
[5832.69] Log: Fully load package: ..\..\TAGame\CookedPCConsole\GameInfo_Soccar_SF.upk
[5832.74] Log: Fully load package: ..\..\TAGame\CookedPCConsole\GFxSounds_XP_SF.upk
[5832.75] Log: Fully load package: ..\..\TAGame\CookedPCConsole\GFx_XPProgressMenu_SF.upk
[5832.77] Log: Fully load package: ..\..\TAGame\CookedPCConsole\GFX_EndGameMenu_SF.upk
[5832.81] Log: Fully load package: ..\..\TAGame\CookedPCConsole\GFX_WinnerMenu_SF.upk
[5832.83] Log: Fully load package: ..\..\TAGame\CookedPCConsole\GFX_MidGameScoreboard_SF.upk
[5832.84] Log: Fully load package: ..\..\TAGame\CookedPCConsole\GFX_MidGameMenu_SF.upk
[5832.85] Log: Fully load package: ..\..\TAGame\CookedPCConsole\GFX_HudMatchInfo_SF.upk
[5832.86] Log: Fully load package: ..\..\TAGame\CookedPCConsole\GFX_Hud_SF.upk
[5833.67] Warning: Warning, Material Antenna_Baseball.AT_Baseball_MAT missing bUsedWithStaticLighting=True!
[5833.67] Warning: Warning, Material Antenna_Baseball.AT_Baseball_MAT missing bUsedWithStaticLighting=True!
[5833.67] Warning: Warning, Material Antenna_Baseball.AT_Baseball_MAT missing bUsedWithStaticLighting=True!
[5833.67] Warning: Warning, Material Antenna_Baseball.AT_Baseball_MAT missing bUsedWithStaticLighting=True!
[5833.72] Log: Bringing World FF_Dusk_P.TheWorld up for play (0) at 2026.04.01-12.01.32
[5833.72] Warning: Warning, Material StringLights.Materials.StringLights_Mat missing bUsedWithStaticLighting=True!
[5833.72] Warning: Warning, Material StringLights.Materials.StringLights_Mat missing bUsedWithStaticLighting=True!
[5833.73] Warning: Warning, Material StringLights.Materials.StringLights_Mat missing bUsedWithStaticLighting=True!
[5833.73] Warning: Warning, Material StringLights.Materials.StringLights_Mat missing bUsedWithStaticLighting=True!
[5833.73] Log: Octree Warning (AddPrimitive): StaticMeshActor_SMC_136 (Owner: FF_Dusk_DriftMtn.TheWorld:PersistentLevel.MeshCollector2) Outside World.
[5833.73] Log: Bringing up level for play took: 0.059851
[5834.14] RootMenu: [GFx] UIShellInstance - setting the shell instance
[5834.18] PartyChallenge: UpdateChallengeProgressForCompetitive bChallengesComplete=(True) ChallengeState=(Challenge_Success) bChallengeSync=(True) bChallengesAreValid=(True) bLegacyPlayer=(False) bGuestAccount=(False) Online_X.UniqueNetIDToString(Manager.Outer.PlayerID)=(Epic|8818b4dba79a43d18b986f46e4d00392|0) Complete
[5834.18] PartyChallenge: InitializeCompetitiveChallenges bGuestAccount=(False) bCompletedChallengesForCompetitive=(True) bLegacyPlayer=(False) Online_X.UniqueNetIDToString(OnlinePlayer.PlayerID)=(Epic|8818b4dba79a43d18b986f46e4d00392|0)
[5834.18] JoinGame: OnJoinGameComplete bSuccess=(True) FailReason=()
[5834.18] JoinGame: GotoJoinGameState JoiningNewServer -> None
[5834.18] PsyNetBeaconDetail_X: PsyNetBeacon_X_0 Close
[5834.18] PsyNetBeaconDetail_X: PsyNetBeacon_X_0 CloseConnection Connection.ConnectionID=(eyJ0eXAiOiJKV1QiLCJhbGciOiJIUzUxMiJ9.eyJqdGkiOiI5ZDRlYWEzMzdjNzU0MmJjODQ5OWI3NGZlNmQ2Y2JmYSIsImlzcyI6IlBzeU5ldCIsInBsYXllcl9pZCI6IkVwaWN8ODgxOGI0ZGJhNzlhNDNkMThiOTg2ZjQ2ZTRkMDAzOTJ8MCIsInNlcnZlcl9uYW1lIjoiRVU3LTA3NTE5QjhEQTI1OTQ2NEM5LUVsZXZhdGlvbjMiLCJpYXQiOjE3NzUwNDEyODMsIm5iZiI6MTc3NTA0MTI4MywiZXhwIjoxNzc1MDU1NjgzfQ.VL9kCP-_vZ18-driO0fgWe7oq5vFvrIXrIL2PaRuB9d_x-iGBoDqKLxU8Lb7Fg2fMnoQGUT046EnUSmded97Kw)
[5834.19] Spawn: TextChatActor_TA_61 OnOwnerChanged PlayerController_TA_25
[5834.19] EOSGameClips: Construct Constructed EOSGameClipsController_TA. Self=(EOSGameClipsController_TA_25)
[5834.19] Log: ########### Finished loading level: 1.696864 seconds
[5834.19] SettingsExport: Settings content not changed. Will not update the Settings Online
[5834.19] PsyNet: PsyNetChannel_X_1 party:g2c60JPv receive message MessageID=46
[5834.19] PsyNet: PsyNetChannel_X_1 party:g2c60JPv executing MessageID=46
[5834.19] Party: HandleLobbyReceiveBinaryData LobbyUID=PsyNet-g2c60JPv MemberIndex=0 PlayerUID=PS4|785668489479049324|0 Message=PartyMessage_PartyMemberJoinGame_X
[5835.20] PsyNet: PsyNetServiceProvider_X_1 ExecuteService Complete, Service=Party/System 
[5835.20] EOSGameClips: ShutDown : Shutting down EOSGameClipsController_TA. Self=(EOSGameClipsController_TA_25) PlayerOwner?.GetUniqueNetId()=(Epic|8818b4dba79a43d18b986f46e4d00392|0)
[5835.20] PartyChallenge: UpdateChallengeProgressForCompetitive bChallengesComplete=(True) ChallengeState=(Challenge_Success) bChallengeSync=(True) bChallengesAreValid=(True) bLegacyPlayer=(False) bGuestAccount=(False) Online_X.UniqueNetIDToString(Manager.Outer.PlayerID)=(Epic|8818b4dba79a43d18b986f46e4d00392|0) Complete
[5835.20] PartyChallenge: InitializeCompetitiveChallenges bGuestAccount=(False) bCompletedChallengesForCompetitive=(True) bLegacyPlayer=(False) Online_X.UniqueNetIDToString(OnlinePlayer.PlayerID)=(Epic|8818b4dba79a43d18b986f46e4d00392|0)
[5835.20] EOSGameClips: Construct Constructed EOSGameClipsController_TA. Self=(EOSGameClipsController_TA_26)
[5835.20] ScriptLog: Client InputRate=60
[5835.20] DevNet: PlayerController_TA_26 setplayer LocalPlayer_TA_0
[5835.21] PsyNetStaticData: UpdateCacheTimerEnabled CacheTimer.bEnabled=(False)
[5835.21] MatchBroadcast: Init bBroadcastMatch=(False) MatchLog=(None)
[5835.25] ScriptLog: Uncached PlatformId for Epic|8818b4dba79a43d18b986f46e4d00392|0
[5835.25] Spawn: TextChatActor_TA_63 OnOwnerChanged PlayerController_TA_26
[5835.32] RootMenu: [GFx] UIShellInstance - setting the shell instance
[5835.38] ScriptLog: MatchGUID: 1F683A4A11F12DBA8E7BBF8085745828
[5835.38] Eula: RequiresAcceptance? EulaConfig?.bRequiresAcceptance=(True) GetUISave()?.Contains('bAcceptedOfflineEULA')=(True) Eula.SyncState=(LSS_Accepted)
[5835.38] Party: BroadcastMatchmakingAvailabilityDelayed PartyMemberID:'Epic|8818b4dba79a43d18b986f46e4d00392|0' MatchmakeRestrictions=(0)
[5835.38] Party: SetAvailableForMatchmakingForMember PartyMemberID:'Epic|8818b4dba79a43d18b986f46e4d00392|0' MatchmakeRestrictions=(0)
[5835.38] DevOnline: EOSSDK-LogEOSGameClips: Stop recording requested but recording is not available.
[5835.44] LTM: SettingsType=(CustomMatchSettingsType_PrivateMatch)
[5835.68] PsyNet: PsyNetChannel_X_1 party:g2c60JPv receive message MessageID=47
[5835.68] PsyNet: PsyNetChannel_X_1 party:g2c60JPv executing MessageID=47
[5835.69] PsyNet: PsyNetServiceProvider_X_1 ExecuteService Complete, Service=Party/System 
[5836.14] PsyNet: PsyNetChannel_X_1 party:g2c60JPv receive message MessageID=48
[5836.14] PsyNet: PsyNetChannel_X_1 party:g2c60JPv executing MessageID=48
[5836.15] PsyNet: PsyNetServiceProvider_X_1 ExecuteService Complete, Service=Party/System 
[5836.44] EOSVoice: Received full credentials from the server.
[5836.44] PsyNet: PsyNetServiceProvider_X_1 ExecuteService Complete, Service=VoiceChat/MatchToken 
[5837.33] PsyNet: PsyNetChannel_X_1 party:g2c60JPv receive message MessageID=49
[5837.33] PsyNet: PsyNetChannel_X_1 party:g2c60JPv executing MessageID=49
[5837.33] Party: HandleLobbyReceiveBinaryData LobbyUID=PsyNet-g2c60JPv MemberIndex=0 PlayerUID=PS4|785668489479049324|0 Message=PartyMessage_PartyMemberJoinGame_X
[5837.34] PsyNet: PsyNetServiceProvider_X_1 ExecuteService Complete, Service=Party/System 
[5837.81] PsyNet: PsyNetChannel_X_1 party:g2c60JPv receive message MessageID=50
[5837.81] PsyNet: PsyNetChannel_X_1 party:g2c60JPv executing MessageID=50
[5837.81] Party: HandleLobbyReceiveBinaryData LobbyUID=PsyNet-g2c60JPv MemberIndex=0 PlayerUID=PS4|785668489479049324|0 Message=PartyMessage_SearchStatus_X
[5837.81] Party: HandleSearchStatus StatusMessage.SearchState=(OnlineGameMatchmaking_X) StatusMessage.bIsSearching=(False)
[5837.82] PsyNet: PsyNetServiceProvider_X_1 ExecuteService Complete, Service=Party/System 
[5837.82] PsyNet: PsyNetChannel_X_1 party:g2c60JPv receive message MessageID=51
[5837.82] PsyNet: PsyNetChannel_X_1 party:g2c60JPv executing MessageID=51
[5837.82] Party: HandleLobbyReceiveBinaryData LobbyUID=PsyNet-g2c60JPv MemberIndex=0 PlayerUID=PS4|785668489479049324|0 Message=PartyMessage_MatchmakingAvailability_X
[5837.82] Party: SetAvailableForMatchmakingForMember PartyMemberID:'PS4|785668489479049324|0' MatchmakeRestrictions=(0)
[5837.82] PsyNet: PsyNetServiceProvider_X_1 ExecuteService Complete, Service=Party/System 
[5837.83] DevOnline: EOSSDK-LogEOSRTC: TickTracker Tick is delayed. TimePeriod=[10.005043s]  TickIntervalThreshold=[0.100000s] MaxTickInterval=[0.128981s] MaxExecutionTime=[0.000220s] TicksCount=[736] ExpectedTicksCount=[1000]
[5840.34] DevOnline: EOSSDK-LogEOSGameClips: Stop recording requested but recording is not available.
[5844.35] DevOnline: EOSSDK-LogEOSGameClips: Stop recording requested but recording is not available.
[5855.12] DevOnline: WebRequest_X_155 SEND: https://datarouter.ol.epicgames.com/datarouter/api/v1/public/data?AppID=RocketLeague.Release&AppVersion=1210528741&AppEnvironment=Prod&UploadType=eteventstream&UserID=|8818b4dba79a43d18b986f46e4d00392|||Epic|8818b4dba79a43d18b986f46e4d00392|0&SessionID=7ED88ADF457E5D0E09C349A06FC64359
[5855.24] DevOnline: WebRequest_X_155 RECV: 204 
[5858.10] DevOnline: EOSSDK-LogEOSGameClips: Stop recording requested but recording is not available.
[5861.67] DevOnline: EOSSDK-LogEOSGameClips: Stop recording requested but recording is not available.
[5861.67] Log: Flushing async loaders.
[5861.68] Log: Flushed async loaders.
[5861.69] EOSGameClips: EOSGameClips: Currently recording: false
[5868.13] DevOnline: EOSSDK-LogEOSGameClips: Stop recording requested but recording is not available.
[5872.13] DevOnline: EOSSDK-LogEOSGameClips: Stop recording requested but recording is not available.
[5915.12] DevOnline: WebRequest_X_156 SEND: https://datarouter.ol.epicgames.com/datarouter/api/v1/public/data?AppID=RocketLeague.Release&AppVersion=1210528741&AppEnvironment=Prod&UploadType=eteventstream&UserID=|8818b4dba79a43d18b986f46e4d00392|||Epic|8818b4dba79a43d18b986f46e4d00392|0&SessionID=7ED88ADF457E5D0E09C349A06FC64359
[5915.24] DevOnline: WebRequest_X_156 RECV: 204 
[5975.12] DevOnline: WebRequest_X_157 SEND: https://datarouter.ol.epicgames.com/datarouter/api/v1/public/data?AppID=RocketLeague.Release&AppVersion=1210528741&AppEnvironment=Prod&UploadType=eteventstream&UserID=|8818b4dba79a43d18b986f46e4d00392|||Epic|8818b4dba79a43d18b986f46e4d00392|0&SessionID=7ED88ADF457E5D0E09C349A06FC64359
[5975.23] DevOnline: WebRequest_X_157 RECV: 204 
[6013.71] DevOnline: EOSSDK-LogEOSGameClips: Stop recording requested but recording is not available.
[6017.26] DevOnline: EOSSDK-LogEOSGameClips: Stop recording requested but recording is not available.
[6017.26] EOSGameClips: EOSGameClips: Currently recording: false
[6022.90] DevOnline: EOSSDK-LogEOSGameClips: Stop recording requested but recording is not available.
[6026.89] DevOnline: EOSSDK-LogEOSGameClips: Stop recording requested but recording is not available.
[6035.12] DevOnline: WebRequest_X_158 SEND: https://datarouter.ol.epicgames.com/datarouter/api/v1/public/data?AppID=RocketLeague.Release&AppVersion=1210528741&AppEnvironment=Prod&UploadType=eteventstream&UserID=|8818b4dba79a43d18b986f46e4d00392|||Epic|8818b4dba79a43d18b986f46e4d00392|0&SessionID=7ED88ADF457E5D0E09C349A06FC64359
[6035.23] DevOnline: WebRequest_X_158 RECV: 204 
[6085.86] DevOnline: EOSSDK-LogEOSGameClips: Stop recording requested but recording is not available.
[6089.42] DevOnline: EOSSDK-LogEOSGameClips: Stop recording requested but recording is not available.
[6089.43] EOSGameClips: EOSGameClips: Currently recording: false
[6095.11] DevOnline: WebRequest_X_159 SEND: https://datarouter.ol.epicgames.com/datarouter/api/v1/public/data?AppID=RocketLeague.Release&AppVersion=1210528741&AppEnvironment=Prod&UploadType=eteventstream&UserID=|8818b4dba79a43d18b986f46e4d00392|||Epic|8818b4dba79a43d18b986f46e4d00392|0&SessionID=7ED88ADF457E5D0E09C349A06FC64359
[6095.22] DevOnline: WebRequest_X_159 RECV: 204 
[6100.02] DevOnline: EOSSDK-LogEOSGameClips: Stop recording requested but recording is not available.
[6104.01] DevOnline: EOSSDK-LogEOSGameClips: Stop recording requested but recording is not available.
[6125.31] DevOnline: EOSSDK-LogEOSGameClips: Stop recording requested but recording is not available.
[6128.86] DevOnline: EOSSDK-LogEOSGameClips: Stop recording requested but recording is not available.
[6128.87] EOSGameClips: EOSGameClips: Currently recording: false
[6139.41] DevOnline: EOSSDK-LogEOSGameClips: Stop recording requested but recording is not available.
[6143.41] DevOnline: EOSSDK-LogEOSGameClips: Stop recording requested but recording is not available.
[6155.10] DevOnline: WebRequest_X_160 SEND: https://datarouter.ol.epicgames.com/datarouter/api/v1/public/data?AppID=RocketLeague.Release&AppVersion=1210528741&AppEnvironment=Prod&UploadType=eteventstream&UserID=|8818b4dba79a43d18b986f46e4d00392|||Epic|8818b4dba79a43d18b986f46e4d00392|0&SessionID=7ED88ADF457E5D0E09C349A06FC64359
[6155.22] DevOnline: WebRequest_X_160 RECV: 204 
[6215.09] DevOnline: WebRequest_X_161 SEND: https://datarouter.ol.epicgames.com/datarouter/api/v1/public/data?AppID=RocketLeague.Release&AppVersion=1210528741&AppEnvironment=Prod&UploadType=eteventstream&UserID=|8818b4dba79a43d18b986f46e4d00392|||Epic|8818b4dba79a43d18b986f46e4d00392|0&SessionID=7ED88ADF457E5D0E09C349A06FC64359
[6215.21] DevOnline: WebRequest_X_161 RECV: 204 
[6219.28] DevOnline: EOSSDK-LogEOSGameClips: Stop recording requested but recording is not available.
[6223.29] DevOnline: EOSSDK-LogEOSGameClips: Stop recording requested but recording is not available.
[6246.91] DevOnline: EOSSDK-LogEOSGameClips: Stop recording requested but recording is not available.
[6250.46] DevOnline: EOSSDK-LogEOSGameClips: Stop recording requested but recording is not available.
[6250.47] EOSGameClips: EOSGameClips: Currently recording: false
[6261.29] XPProgression: GFxHUD_TA.HandleGameStateChanged Current player match score = 552, UniqueId=(Epic|8818b4dba79a43d18b986f46e4d00392|0), with total match time = 322.3619 seconds, with total net time = 322.3619seconds
[6261.29] Party: Ranked Game Finished, Clear party member server
[6261.29] RankedReconnect: RankedReconnectSave_TA_0.ClearRankedReconnect()
[6261.29] DevOnline: EOSSDK-LogEOSGameClips: Stop recording requested but recording is not available.
[6261.54] PartyChallenge: UpdateChallengeProgressForCompetitive bChallengesComplete=(True) ChallengeState=(Challenge_Success) bChallengeSync=(True) bChallengesAreValid=(True) bLegacyPlayer=(False) bGuestAccount=(False) Online_X.UniqueNetIDToString(Manager.Outer.PlayerID)=(Epic|8818b4dba79a43d18b986f46e4d00392|0) Complete
[6261.54] PsyNet: PsyNetServiceProvider_X_1 ExecuteService Complete, Service=Challenges/PlayerProgress 
[6261.55] XPProgression: SaveData_TA.HandleRewardDropNotification PsyNetService_RewardDropReceived_TA returned Total XP Earned = 2400.0000, in match with ID = 1F683A4A11F12DBA8E7BBF8085745828 , Current player match score = 552, UniqueId=(Epic|8818b4dba79a43d18b986f46e4d00392|0), with total match time = 322.3619 seconds, with total net time = 322.3619seconds
[6261.56] PsyNet: PsyNetServiceProvider_X_1 ExecuteService Complete, Service=Reward/RewardResult 
[6261.81] DevOnline: PlayerDataStorage_WriteFile: Beginning to upload file. User=(8818b4dba79a43d18b986f46e4d00392) FileName=(RLSaveData)
[6262.70] PsyNet: PsyNetChannel_X_1 party:g2c60JPv receive message MessageID=52
[6262.70] PsyNet: PsyNetChannel_X_1 party:g2c60JPv executing MessageID=52
[6262.70] Party: HandleLobbyReceiveBinaryData LobbyUID=PsyNet-g2c60JPv MemberIndex=0 PlayerUID=PS4|785668489479049324|0 Message=PartyMessage_SearchStatus_X
[6262.70] Party: HandleSearchStatus StatusMessage.SearchState=(Searching) StatusMessage.bIsSearching=(True)
[6262.71] PsyNet: PsyNetServiceProvider_X_1 ExecuteService Complete, Service=Party/System 
[6263.06] PsyNet: PsyNetChannel_X_1 party:g2c60JPv receive message MessageID=53
[6263.06] PsyNet: PsyNetChannel_X_1 party:g2c60JPv executing MessageID=53
[6263.06] Party: HandleLobbyReceiveBinaryData LobbyUID=PsyNet-g2c60JPv MemberIndex=0 PlayerUID=PS4|785668489479049324|0 Message=PartyMessage_SearchStatus_X
[6263.06] Party: HandleSearchStatus StatusMessage.SearchState=(OnlineGameMatchmaking_X) StatusMessage.bIsSearching=(False)
[6263.07] PsyNet: PsyNetServiceProvider_X_1 ExecuteService Complete, Service=Party/System 
[6263.07] PsyNet: PsyNetChannel_X_1 party:g2c60JPv receive message MessageID=54
[6263.07] PsyNet: PsyNetChannel_X_1 party:g2c60JPv executing MessageID=54
[6263.07] Party: HandleLobbyReceiveBinaryData LobbyUID=PsyNet-g2c60JPv MemberIndex=0 PlayerUID=PS4|785668489479049324|0 Message=PartyMessage_SearchStatus_X
[6263.07] Party: HandleSearchStatus StatusMessage.SearchState=(Searching) StatusMessage.bIsSearching=(True)
[6263.08] PsyNet: PsyNetServiceProvider_X_1 ExecuteService Complete, Service=Party/System 
[6263.42] DevOnline: PlayerDataStorage_WriteFile: File upload complete. User=(8818b4dba79a43d18b986f46e4d00392) FileName=(RLSaveData) Success=(1)
[6263.44] PsyNet: PsyNetChannel_X_1 party:g2c60JPv receive message MessageID=55
[6263.44] PsyNet: PsyNetChannel_X_1 party:g2c60JPv executing MessageID=55
[6263.44] Party: HandleLobbyReceiveBinaryData LobbyUID=PsyNet-g2c60JPv MemberIndex=0 PlayerUID=PS4|785668489479049324|0 Message=PartyMessage_SearchStatus_X
[6263.44] Party: HandleSearchStatus StatusMessage.SearchState=(Searching) StatusMessage.bIsSearching=(True)
[6263.45] PsyNet: PsyNetServiceProvider_X_1 ExecuteService Complete, Service=Party/System 
[6263.47] PsyNet: PsyNetChannel_X_1 party:g2c60JPv receive message MessageID=56
[6263.47] PsyNet: PsyNetChannel_X_1 party:g2c60JPv executing MessageID=56
[6263.47] Party: HandleLobbyReceiveBinaryData LobbyUID=PsyNet-g2c60JPv MemberIndex=0 PlayerUID=PS4|785668489479049324|0 Message=PartyMessage_SearchStatus_X
[6263.47] Party: HandleSearchStatus StatusMessage.SearchState=(OnlineGameMatchmaking_X) StatusMessage.bIsSearching=(False)
[6263.47] PsyNet: PsyNetServiceProvider_X_1 ExecuteService Complete, Service=Party/System 
[6263.82] PsyNet: PsyNetChannel_X_1 party:g2c60JPv receive message MessageID=57
[6263.82] PsyNet: PsyNetChannel_X_1 party:g2c60JPv executing MessageID=57
[6263.82] Party: HandleLobbyReceiveBinaryData LobbyUID=PsyNet-g2c60JPv MemberIndex=0 PlayerUID=PS4|785668489479049324|0 Message=PartyMessage_SearchStatus_X
[6263.82] Party: HandleSearchStatus StatusMessage.SearchState=(OnlineGameMatchmaking_X) StatusMessage.bIsSearching=(False)
[6263.82] PsyNet: PsyNetServiceProvider_X_1 ExecuteService Complete, Service=Party/System 
[6263.82] PsyNet: PsyNetChannel_X_1 party:g2c60JPv receive message MessageID=58
[6263.82] PsyNet: PsyNetChannel_X_1 party:g2c60JPv executing MessageID=58
[6263.82] Party: HandleLobbyReceiveBinaryData LobbyUID=PsyNet-g2c60JPv MemberIndex=0 PlayerUID=PS4|785668489479049324|0 Message=PartyMessage_SearchStatus_X
[6263.82] Party: HandleSearchStatus StatusMessage.SearchState=(Searching) StatusMessage.bIsSearching=(True)
[6263.83] PsyNet: PsyNetServiceProvider_X_1 ExecuteService Complete, Service=Party/System 
[6264.20] PsyNet: PsyNetChannel_X_1 party:g2c60JPv receive message MessageID=59
[6264.20] PsyNet: PsyNetChannel_X_1 party:g2c60JPv executing MessageID=59
[6264.20] Party: HandleLobbyReceiveBinaryData LobbyUID=PsyNet-g2c60JPv MemberIndex=0 PlayerUID=PS4|785668489479049324|0 Message=PartyMessage_SearchStatus_X
[6264.20] Party: HandleSearchStatus StatusMessage.SearchState=(Searching) StatusMessage.bIsSearching=(True)
[6264.21] PsyNet: PsyNetServiceProvider_X_1 ExecuteService Complete, Service=Party/System 
[6264.28] ScriptWarning: ScriptWarning, Accessed None 'Car'
	CarComponent_Boost_TA FF_Dusk_P.TheWorld:PersistentLevel.CarComponent_Boost_TA_936
	Function TAGame.CarComponent_Boost_TA:GiveBoost:01A5
Script call stack:
	Function TAGame.CarComponent_Boost_TA:ClientGiveBoost
	Function TAGame.CarComponent_Boost_TA:GiveBoost

[6264.28] XPProgression: GFxHUD_TA.HandleGameStateChanged Current player match score = 552, UniqueId=(Epic|8818b4dba79a43d18b986f46e4d00392|0), with total match time = 322.3619 seconds, with total net time = 322.3619seconds
[6264.28] Party: Ranked Game Finished, Clear party member server
[6264.28] RankedReconnect: RankedReconnectSave_TA_0.ClearRankedReconnect()
[6264.29] DevOnline: EOSSDK-LogEOSGameClips: Stop recording requested but recording is not available.
[6269.27] PsyNetStaticData: HandleCacheExpired
[6269.27] PsyNetStaticData: UpdateCacheTimerEnabled CacheTimer.bEnabled=(True)
[6269.27] XPProgression: GFxHUD_TA.HandleGameStateChanged Current player match score = 552, UniqueId=(Epic|8818b4dba79a43d18b986f46e4d00392|0), with total match time = 322.3619 seconds, with total net time = 322.3619seconds
[6269.27] Party: Ranked Game Finished, Clear party member server
[6269.27] RankedReconnect: RankedReconnectSave_TA_0.ClearRankedReconnect()
[6269.27] DevOnline: EOSSDK-LogEOSGameClips: Stop recording requested but recording is not available.
[6269.29] Online: TryToPlayOnline ControllerID=(-1)
[6269.29] Online: HandlePrivilegeCheckFinished PrivilegeCheck.bHasRestriction=(False)
[6269.29] Online: HandlePrivilegeCheck PrivilegeCheck.bHasRestriction=(False)
[6269.30] DevOnline: WebRequest_X_162 SEND: https://config.psynet.gg/v2/Config/BattleCars/1210528741/Prod/Epic/INT/
[6269.41] DevOnline: WebRequest_X_162 RECV: 304 
[6270.59] Log: FSaveDataExportTask(0) wrote 1065565 bytes to memory
[6270.59] Log: SaveGameDataAsync game thread time: 8 ms
[6270.61] Log: Deleting old save file ..\..\TAGame\SaveDataEpic\DBE_Production\8818b4dba79a43d18b986f46e4d00392.save
[6270.61] Log: SaveDataExport(0): Finished - File:[..\..\TAGame\SaveDataEpic\DBE_Production\8818b4dba79a43d18b986f46e4d00392_2.save] Result:[1]
[6270.61] SettingsExport: CreateSnapshot Metadata {"userId":"Epic|8818b4dba79a43d18b986f46e4d00392|0","platformKey":"Epic","schemaVersion":0,"clientVersion":1532151,"timestampUtc":1775041727,"settingsVersion":8018,"checksum":-1668068872 Payload Size  97007
[6270.61] SettingsExport: Payload changed. Notifying new Checksum: -1668068872
[6270.61] SettingsExport: Local settings updated, uploading data
[6271.91] PsyNetBeaconDetail_X: PsyNetBeacon_X_0 ReserveConnection ReservationID=(C3498B0133FE4D02BE55A3A8ED8DBAA7) ConnectionID=(eyJ0eXAiOiJKV1QiLCJhbGciOiJIUzUxMiJ9.eyJqdGkiOiJhYjI0YTVlMWMxMzI0OTUxYmRjOTlkNDQxZmQzZGUzOSIsImlzcyI6IlBzeU5ldCIsInBsYXllcl9pZCI6IkVwaWN8ODgxOGI0ZGJhNzlhNDNkMThiOTg2ZjQ2ZTRkMDAzOTJ8MCIsInNlcnZlcl9uYW1lIjoiRVU3LTBDODA2RUI2RDIxMDExQzEwLUVzcGVyMyIsImlhdCI6MTc3NTA0MTcyOCwibmJmIjoxNzc1MDQxNzI4LCJleHAiOjE3NzUwNTYxMjh9.kiC1YaE7-hp-qr-izwz_QhK9XICQBHxtlmzl_c6mKBwq_1zV07AmTFYrd5yLGe-Q7RDvbahBw9ngRN5djXGsAg)
[6271.91] PsyNetBeaconDetail_X: PsyNetBeacon_X_0 ClientHandleMessage Message.MessageType=(ClientReservationMessage_X) Message.ReservationID=(C3498B0133FE4D02BE55A3A8ED8DBAA7)
[6271.91] Party: Received game server from notification (v3) Message.Reservation=((ServerName="EU7-0C806EB6D21011C10-Esper3",Playlist=11,Region="EU",ReservationID="C3498B0133FE4D02BE55A3A8ED8DBAA7",DSRToken="eyJ0eXAiOiJKV1QiLCJhbGciOiJIUzUxMiJ9.eyJqdGkiOiJhYjI0YTVlMWMxMzI0OTUxYmRjOTlkNDQxZmQzZGUzOSIsImlzcyI6IlBzeU5ldCIsInBsYXllcl9pZCI6IkVwaWN8ODgxOGI0ZGJhNzlhNDNkMThiOTg2ZjQ2ZTRkMDAzOTJ8MCIsInNlcnZlcl9uYW1lIjoiRVU3LTBDODA2RUI2RDIxMDExQzEwLUVzcGVyMyIsImlhdCI6MTc3NTA0MTcyOCwibmJmIjoxNzc1MDQxNzI4LCJleHAiOjE3NzUwNTYxMjh9.kiC1YaE7-hp-qr-izwz_QhK9XICQBHxtlmzl_c6mKBwq_1zV07AmTFYrd5yLGe-Q7RDvbahBw9ngRN5djXGsAg",JoinName="KYEPC87E7TWE97YF",JoinPassword="PWDJD8SPPSW557NF"))
[6271.92] JoinGame: StartJoin Reservation=((ServerName="EU7-0C806EB6D21011C10-Esper3",Playlist=11,Region="EU",ReservationID="C3498B0133FE4D02BE55A3A8ED8DBAA7",DSRToken="eyJ0eXAiOiJKV1QiLCJhbGciOiJIUzUxMiJ9.eyJqdGkiOiJhYjI0YTVlMWMxMzI0OTUxYmRjOTlkNDQxZmQzZGUzOSIsImlzcyI6IlBzeU5ldCIsInBsYXllcl9pZCI6IkVwaWN8ODgxOGI0ZGJhNzlhNDNkMThiOTg2ZjQ2ZTRkMDAzOTJ8MCIsInNlcnZlcl9uYW1lIjoiRVU3LTBDODA2RUI2RDIxMDExQzEwLUVzcGVyMyIsImlhdCI6MTc3NTA0MTcyOCwibmJmIjoxNzc1MDQxNzI4LCJleHAiOjE3NzUwNTYxMjh9.kiC1YaE7-hp-qr-izwz_QhK9XICQBHxtlmzl_c6mKBwq_1zV07AmTFYrd5yLGe-Q7RDvbahBw9ngRN5djXGsAg",JoinName="KYEPC87E7TWE97YF",JoinPassword="PWDJD8SPPSW557NF")) JoinSettings=((PlaylistId=11,Password="PWDJD8SPPSW557NF"))
[6271.92] JoinGame: GotoJoinGameState OnlineGameJoinGame_TA -> VerifyPrivileges
[6271.92] Online: TryToPlayOnline ControllerID=(-1)
[6271.92] PsyNet: PsyNetServiceProvider_X_1 ExecuteService Complete, Service=DSR/ClientMessage 
[6271.92] Online: HandlePrivilegeCheckFinished PrivilegeCheck.bHasRestriction=(False)
[6271.92] JoinGame: GotoJoinGameState VerifyPrivileges -> ReservingServerForMatchmaking
[6271.92] PsyNetBeaconDetail_X: PsyNetBeacon_X_0 SendMessageToServer Message=(AddReservationMessagePublic_X_17)
[6272.31] PsyNet: PsyNetChannel_X_1 party:g2c60JPv receive message MessageID=60
[6272.31] PsyNet: PsyNetChannel_X_1 party:g2c60JPv executing MessageID=60
[6272.31] Party: HandleLobbyReceiveBinaryData LobbyUID=PsyNet-g2c60JPv MemberIndex=0 PlayerUID=PS4|785668489479049324|0 Message=PartyMessage_SearchStatus_X
[6272.31] Party: HandleSearchStatus StatusMessage.SearchState=(Joining) StatusMessage.bIsSearching=(True)
[6272.32] PsyNet: PsyNetServiceProvider_X_1 ExecuteService Complete, Service=Party/System 
[6272.67] PsyNet: PsyNetChannel_X_1 party:g2c60JPv receive message MessageID=61
[6272.67] PsyNet: PsyNetChannel_X_1 party:g2c60JPv executing MessageID=61
[6272.67] Party: HandleLobbyReceiveBinaryData LobbyUID=PsyNet-g2c60JPv MemberIndex=0 PlayerUID=PS4|785668489479049324|0 Message=PartyMessage_JoinGame_X
[6272.67] Party: HandlePartyJoinGame MatchSettings=((ServerName="EU7-0C806EB6D21011C10-Esper3",PlaylistId=11,CustomPassword="PWDJD8SPPSW557NF",ReservationID="C3498B0133FE4D02BE55A3A8ED8DBAA7",JoinName="KYEPC87E7TWE97YF",JoinPassword="PWDJD8SPPSW557NF"))
[6272.67] PsyNet: PsyNetServiceProvider_X_1 ExecuteService Complete, Service=Party/System 
[6273.39] PsyNetBeaconDetail_X: PsyNetBeacon_X_0 ClientHandleMessage Message.MessageType=(ReservationsReadyMessage_X) Message.ReservationID=(C3498B0133FE4D02BE55A3A8ED8DBAA7)
[6273.39] Party: HandleServerReserved (Reservation=(ServerName="EU7-0C806EB6D21011C10-Esper3",Playlist=11,Region="EU",ReservationID="C3498B0133FE4D02BE55A3A8ED8DBAA7",DSRToken="eyJ0eXAiOiJKV1QiLCJhbGciOiJIUzUxMiJ9.eyJqdGkiOiJhYjI0YTVlMWMxMzI0OTUxYmRjOTlkNDQxZmQzZGUzOSIsImlzcyI6IlBzeU5ldCIsInBsYXllcl9pZCI6IkVwaWN8ODgxOGI0ZGJhNzlhNDNkMThiOTg2ZjQ2ZTRkMDAzOTJ8MCIsInNlcnZlcl9uYW1lIjoiRVU3LTBDODA2RUI2RDIxMDExQzEwLUVzcGVyMyIsImlhdCI6MTc3NTA0MTcyOCwibmJmIjoxNzc1MDQxNzI4LCJleHAiOjE3NzUwNTYxMjh9.kiC1YaE7-hp-qr-izwz_QhK9XICQBHxtlmzl_c6mKBwq_1zV07AmTFYrd5yLGe-Q7RDvbahBw9ngRN5djXGsAg",JoinName="KYEPC87E7TWE97YF",JoinPassword="PWDJD8SPPSW557NF"),PingURL="18.168.38.216:8059",GameURL="18.168.38.216:8058",JoinCredentials="KYEPC87E7TWE97YF:PWDJD8SPPSW557NF")
[6273.39] JoinGame: GotoJoinGameState ReservingServerForMatchmaking -> JoinCountdown
[6273.39] PsyNetBeaconDetail_X: PsyNetBeacon_X_0 SendMessageToServer Message=(PingMessage_X_50)
[6273.40] PsyNet: PsyNetServiceProvider_X_1 ExecuteService Complete, Service=DSR/ClientMessage 
[6273.72] PsyNet: PsyNetChannel_X_1 party:g2c60JPv receive message MessageID=62
[6273.72] PsyNet: PsyNetChannel_X_1 party:g2c60JPv executing MessageID=62
[6273.72] Party: HandleLobbyReceiveBinaryData LobbyUID=PsyNet-g2c60JPv MemberIndex=0 PlayerUID=PS4|785668489479049324|0 Message=PartyMessage_JoinGame_X
[6273.72] Party: HandlePartyJoinGame MatchSettings=((ServerName="EU7-0C806EB6D21011C10-Esper3",PlaylistId=11,CustomPassword="PWDJD8SPPSW557NF",ReservationID="C3498B0133FE4D02BE55A3A8ED8DBAA7",JoinName="KYEPC87E7TWE97YF",JoinPassword="PWDJD8SPPSW557NF"))
[6273.73] PsyNet: PsyNetServiceProvider_X_1 ExecuteService Complete, Service=Party/System 
[6273.90] PsyNetBeaconDetail_X: PsyNetBeacon_X_0 ClientHandleMessage Message.MessageType=(PingMessage_X) Message.ReservationID=(C3498B0133FE4D02BE55A3A8ED8DBAA7)
[6273.90] PsyNet: PsyNetServiceProvider_X_1 ExecuteService Complete, Service=DSR/ClientMessage 
[6275.10] DevOnline: WebRequest_X_163 SEND: https://datarouter.ol.epicgames.com/datarouter/api/v1/public/data?AppID=RocketLeague.Release&AppVersion=1210528741&AppEnvironment=Prod&UploadType=eteventstream&UserID=|8818b4dba79a43d18b986f46e4d00392|||Epic|8818b4dba79a43d18b986f46e4d00392|0&SessionID=7ED88ADF457E5D0E09C349A06FC64359
[6275.21] DevOnline: WebRequest_X_163 RECV: 204 
[6276.40] JoinGame: GotoJoinGameState JoinCountdown -> OpeningLoadingScreen
[6276.40] RankedReconnect: OnlineGameJoinGame_TA_0::OpeningLoadingScreen.BeginState()
[6276.40] RankedReconnect: LocalPlayer_TA_0.UpdateRankedReconnect() RankedTeamDoubles True 4 False
[6276.40] RankedReconnect: RankedReconnectSave_TA_0.SetRankedReconnect() Server=((Reservation=(ServerName="EU7-0C806EB6D21011C10-Esper3",Playlist=11,Region="EU",ReservationID="C3498B0133FE4D02BE55A3A8ED8DBAA7",DSRToken="eyJ0eXAiOiJKV1QiLCJhbGciOiJIUzUxMiJ9.eyJqdGkiOiJhYjI0YTVlMWMxMzI0OTUxYmRjOTlkNDQxZmQzZGUzOSIsImlzcyI6IlBzeU5ldCIsInBsYXllcl9pZCI6IkVwaWN8ODgxOGI0ZGJhNzlhNDNkMThiOTg2ZjQ2ZTRkMDAzOTJ8MCIsInNlcnZlcl9uYW1lIjoiRVU3LTBDODA2RUI2RDIxMDExQzEwLUVzcGVyMyIsImlhdCI6MTc3NTA0MTcyOCwibmJmIjoxNzc1MDQxNzI4LCJleHAiOjE3NzUwNTYxMjh9.kiC1YaE7-hp-qr-izwz_QhK9XICQBHxtlmzl_c6mKBwq_1zV07AmTFYrd5yLGe-Q7RDvbahBw9ngRN5djXGsAg",JoinName="KYEPC87E7TWE97YF",JoinPassword="PWDJD8SPPSW557NF"),PingURL="18.168.38.216:8059",GameURL="18.168.38.216:8058",JoinCredentials="KYEPC87E7TWE97YF:PWDJD8SPPSW557NF")) EpochNow=(1775041733)
[6276.40] DevNet: Browse: JoinGameTransition?Name=%e6%bc%a2+%e9%be%8d+%e7%8e%8b+%e7%a5%9e+%e9%97%87%e6%bc%a2+%e9%be%8d+%e7%8e%8b+%e7%a5%9e?game=TAGame.GameInfo_Transition_TA
[6276.46] Log: FSaveDataExportTask(0) wrote 1066487 bytes to memory
[6276.46] Log: SaveGameDataAsync game thread time: 8 ms
[6276.46] Log: LoadMap: JoinGameTransition?Name=%e6%bc%a2+%e9%be%8d+%e7%8e%8b+%e7%a5%9e+%e9%97%87%e6%bc%a2+%e9%be%8d+%e7%8e%8b+%e7%a5%9e?game=TAGame.GameInfo_Transition_TA
[6276.46] Spawn: TextChatActor_TA_61 Destroyed
[6276.46] EOSGameClips: ShutDown : Shutting down EOSGameClipsController_TA. Self=(EOSGameClipsController_TA_26) PlayerOwner?.GetUniqueNetId()=(Epic|8818b4dba79a43d18b986f46e4d00392|0)
[6276.46] Spawn: TextChatActor_TA_62 Destroyed
[6276.46] Spawn: TextChatActor_TA_63 Destroyed
[6276.46] Spawn: TextChatActor_TA_64 Destroyed
[6276.46] Spawn: TextChatActor_TA_65 Destroyed
[6276.48] Log: Deleting old save file ..\..\TAGame\SaveDataEpic\DBE_Production\8818b4dba79a43d18b986f46e4d00392_1.save
[6276.48] Log: SaveDataExport(0): Finished - File:[..\..\TAGame\SaveDataEpic\DBE_Production\8818b4dba79a43d18b986f46e4d00392.save] Result:[1]
[6276.48] DevOnline: PsyNet Flush Start TimeoutSeconds=0.250000
[6276.68] DevOnline: PsyNet Flush End
[6276.69] NetComeGo: Close TcpipConnection_13 13.41.12.68:7708 01/04/2026 12:08:55 'Control channel cleanup'
[6276.69] NetComeGo: TcpipConnection_13 Control channel closed, reason=Control channel cleanup
[6276.70] Exit: TcpNetDriver_13 shut down
[6276.71] Log: Fully load package: ..\..\TAGame\CookedPCConsole\GameInfo_Transition_SF.upk
[6276.71] Log: Game class is 'GameInfo_Transition_TA'
[6276.76] Log: Bringing World JoinGameTransition.TheWorld up for play (0) at 2026.04.01-12.08.55
[6276.76] Log: Bringing up level for play took: 0.048144
[6276.76] PartyChallenge: UpdateChallengeProgressForCompetitive bChallengesComplete=(True) ChallengeState=(Challenge_Success) bChallengeSync=(True) bChallengesAreValid=(True) bLegacyPlayer=(False) bGuestAccount=(False) Online_X.UniqueNetIDToString(Manager.Outer.PlayerID)=(Epic|8818b4dba79a43d18b986f46e4d00392|0) Complete
[6276.76] PartyChallenge: InitializeCompetitiveChallenges bGuestAccount=(False) bCompletedChallengesForCompetitive=(True) bLegacyPlayer=(False) Online_X.UniqueNetIDToString(OnlinePlayer.PlayerID)=(Epic|8818b4dba79a43d18b986f46e4d00392|0)
[6276.76] JoinGame: GotoJoinGameState OpeningLoadingScreen -> JoiningNewServer
[6276.76] DevNet: SetProgress, MessageType=1, Title=, Message=Connecting...
[6276.76] Log: ########### Finished loading level: 0.300928 seconds
[6276.76] DevOnline: EOSSDK-LogEOSGameClips: Stop recording requested but recording is not available.
[6276.76] SettingsExport: CreateSnapshot Metadata {"userId":"Epic|8818b4dba79a43d18b986f46e4d00392|0","platformKey":"Epic","schemaVersion":0,"clientVersion":1532151,"timestampUtc":1775041733,"settingsVersion":8019,"checksum":1951031314 Payload Size  97007
[6276.76] SettingsExport: Payload changed. Notifying new Checksum: 1951031314
[6276.76] SettingsExport: Local settings updated, uploading data
[6276.77] DevNet: Browse: 18.168.38.216:8058/MENU_Main_p?Name=%e6%bc%a2+%e9%be%8d+%e7%8e%8b+%e7%a5%9e+%e9%97%87%e6%bc%a2+%e9%be%8d+%e7%8e%8b+%e7%a5%9e
[6276.77] DevNet: Game client on port 8058, rate 15000
[6276.77] NetComeGo: SEND first packet Length=80 CRC=159896784
[6276.78] NetComeGo: TcpipConnection_14 RECV first packet IP=18.168.38.216:8058 Length=15 CRC=1253247845 HandshakeStatus=0 bUseSessionUID=1 InSessionUID=(0 0 0) SessionUID=(0 0 0)
[6276.78] NetComeGo: Client set SessionUID to: 133 240 43
[6276.86] DevNet: Welcomed by server (Level: Outlaw_Oasis_P, Game: TAGame.GameInfo_Soccar_TA, GameTags: )
[6276.87] Log: FSaveDataExportTask(0) wrote 1066487 bytes to memory
[6276.87] Log: SaveGameDataAsync game thread time: 8 ms
[6276.88] Log: Deleting old save file ..\..\TAGame\SaveDataEpic\DBE_Production\8818b4dba79a43d18b986f46e4d00392_2.save
[6276.88] Log: SaveDataExport(0): Finished - File:[..\..\TAGame\SaveDataEpic\DBE_Production\8818b4dba79a43d18b986f46e4d00392_1.save] Result:[1]
[6276.91] Log: Flushing async loaders.
[6276.91] Log: Flushed async loaders.
[6276.91] Log: LoadMap: 18.168.38.216:8058/Outlaw_Oasis_P?Name=%e6%bc%a2+%e9%be%8d+%e7%8e%8b+%e7%a5%9e+%e9%97%87%e6%bc%a2+%e9%be%8d+%e7%8e%8b+%e7%a5%9e?game=TAGame.GameInfo_Soccar_TA
[6276.93] DevOnline: PsyNet Flush Start TimeoutSeconds=0.250000
[6276.94] PsyNet: PsyNetChannel_X_1 party:g2c60JPv receive message MessageID=63
[6276.94] PsyNet: PsyNetChannel_X_1 party:g2c60JPv executing MessageID=63
[6276.96] PsyNet: PsyNetServiceProvider_X_1 ExecuteService Complete, Service=Party/System 
[6277.11] DevOnline: PsyNet Flush End
[6277.12] Log: Fully load package: ..\..\TAGame\CookedPCConsole\GameInfo_Soccar_SF.upk
[6277.16] Log: Fully load package: ..\..\TAGame\CookedPCConsole\GFxSounds_XP_SF.upk
[6277.17] Log: Fully load package: ..\..\TAGame\CookedPCConsole\GFx_XPProgressMenu_SF.upk
[6277.19] Log: Fully load package: ..\..\TAGame\CookedPCConsole\GFX_EndGameMenu_SF.upk
[6277.23] Log: Fully load package: ..\..\TAGame\CookedPCConsole\GFX_WinnerMenu_SF.upk
[6277.25] Log: Fully load package: ..\..\TAGame\CookedPCConsole\GFX_MidGameScoreboard_SF.upk
[6277.25] Log: Fully load package: ..\..\TAGame\CookedPCConsole\GFX_MidGameMenu_SF.upk
[6277.26] Log: Fully load package: ..\..\TAGame\CookedPCConsole\GFX_HudMatchInfo_SF.upk
[6277.27] Log: Fully load package: ..\..\TAGame\CookedPCConsole\GFX_Hud_SF.upk
[6278.36] Warning: Warning, Material boost_toonywater.Materials.Blank_MAT missing bUsedWithStaticLighting=True!
[6278.42] Log: Bringing World Outlaw_Oasis_P.TheWorld up for play (0) at 2026.04.01-12.08.57
[6278.42] Warning: Warning, Material BlackMarketTest_Skin.MAT_BlackMarketTest missing bUsedWithStaticLighting=True!
[6278.42] Log: Bringing up level for play took: 0.330251
[6278.84] RootMenu: [GFx] UIShellInstance - setting the shell instance
[6278.88] PartyChallenge: UpdateChallengeProgressForCompetitive bChallengesComplete=(True) ChallengeState=(Challenge_Success) bChallengeSync=(True) bChallengesAreValid=(True) bLegacyPlayer=(False) bGuestAccount=(False) Online_X.UniqueNetIDToString(Manager.Outer.PlayerID)=(Epic|8818b4dba79a43d18b986f46e4d00392|0) Complete
[6278.88] PartyChallenge: InitializeCompetitiveChallenges bGuestAccount=(False) bCompletedChallengesForCompetitive=(True) bLegacyPlayer=(False) Online_X.UniqueNetIDToString(OnlinePlayer.PlayerID)=(Epic|8818b4dba79a43d18b986f46e4d00392|0)
[6278.88] JoinGame: OnJoinGameComplete bSuccess=(True) FailReason=()
[6278.88] JoinGame: GotoJoinGameState JoiningNewServer -> None
[6278.88] PsyNetBeaconDetail_X: PsyNetBeacon_X_0 Close
[6278.88] PsyNetBeaconDetail_X: PsyNetBeacon_X_0 CloseConnection Connection.ConnectionID=(eyJ0eXAiOiJKV1QiLCJhbGciOiJIUzUxMiJ9.eyJqdGkiOiJhYjI0YTVlMWMxMzI0OTUxYmRjOTlkNDQxZmQzZGUzOSIsImlzcyI6IlBzeU5ldCIsInBsYXllcl9pZCI6IkVwaWN8ODgxOGI0ZGJhNzlhNDNkMThiOTg2ZjQ2ZTRkMDAzOTJ8MCIsInNlcnZlcl9uYW1lIjoiRVU3LTBDODA2RUI2RDIxMDExQzEwLUVzcGVyMyIsImlhdCI6MTc3NTA0MTcyOCwibmJmIjoxNzc1MDQxNzI4LCJleHAiOjE3NzUwNTYxMjh9.kiC1YaE7-hp-qr-izwz_QhK9XICQBHxtlmzl_c6mKBwq_1zV07AmTFYrd5yLGe-Q7RDvbahBw9ngRN5djXGsAg)
[6278.88] Spawn: TextChatActor_TA_66 OnOwnerChanged PlayerController_TA_27
[6278.88] EOSGameClips: Construct Constructed EOSGameClipsController_TA. Self=(EOSGameClipsController_TA_27)
[6278.88] Log: ########### Finished loading level: 1.965848 seconds
[6278.88] MusicPlayer: HandleTrackEnd CurrentTrackPlayingID=(0) PlayingID=(124041)
[6278.88] MusicPlayer: HandleTrackEnd CurrentTrackPlayingID=(0) PlayingID=(124041)
[6278.88] DevOnline: EOSSDK-LogEOSRTC: TickTracker Tick is delayed. TimePeriod=[10.961972s]  TickIntervalThreshold=[0.100000s] MaxTickInterval=[2.023135s] MaxExecutionTime=[0.000061s] TicksCount=[1019] ExpectedTicksCount=[1096]
[6278.89] SettingsExport: Settings content not changed. Will not update the Settings Online
[6278.89] PsyNet: PsyNetChannel_X_1 party:g2c60JPv receive message MessageID=64
[6278.89] PsyNet: PsyNetChannel_X_1 party:g2c60JPv executing MessageID=64
[6278.89] Party: HandleLobbyReceiveBinaryData LobbyUID=PsyNet-g2c60JPv MemberIndex=0 PlayerUID=PS4|785668489479049324|0 Message=PartyMessage_PartyMemberJoinGame_X
[6279.49] PsyNet: PsyNetServiceProvider_X_1 ExecuteService Complete, Service=Party/System 
[6279.50] LTM: SettingsType=(CustomMatchSettingsType_PrivateMatch)
[6279.63] EOSGameClips: ShutDown : Shutting down EOSGameClipsController_TA. Self=(EOSGameClipsController_TA_27) PlayerOwner?.GetUniqueNetId()=(Epic|8818b4dba79a43d18b986f46e4d00392|0)
[6279.63] PartyChallenge: UpdateChallengeProgressForCompetitive bChallengesComplete=(True) ChallengeState=(Challenge_Success) bChallengeSync=(True) bChallengesAreValid=(True) bLegacyPlayer=(False) bGuestAccount=(False) Online_X.UniqueNetIDToString(Manager.Outer.PlayerID)=(Epic|8818b4dba79a43d18b986f46e4d00392|0) Complete
[6279.63] PartyChallenge: InitializeCompetitiveChallenges bGuestAccount=(False) bCompletedChallengesForCompetitive=(True) bLegacyPlayer=(False) Online_X.UniqueNetIDToString(OnlinePlayer.PlayerID)=(Epic|8818b4dba79a43d18b986f46e4d00392|0)
[6279.63] EOSGameClips: Construct Constructed EOSGameClipsController_TA. Self=(EOSGameClipsController_TA_28)
[6279.63] ScriptLog: Client InputRate=60
[6279.63] DevNet: PlayerController_TA_28 setplayer LocalPlayer_TA_0
[6279.63] PsyNetStaticData: UpdateCacheTimerEnabled CacheTimer.bEnabled=(False)
[6279.63] MatchBroadcast: Init bBroadcastMatch=(False) MatchLog=(None)
[6279.68] Spawn: TextChatActor_TA_67 OnOwnerChanged PlayerController_TA_28
[6279.68] ScriptLog: Uncached PlatformId for Epic|8818b4dba79a43d18b986f46e4d00392|0
[6279.75] RootMenu: [GFx] UIShellInstance - setting the shell instance
[6279.81] ScriptLog: MatchGUID: 285BFFE611F12DBBF045378C55A4762F
[6279.82] DevOnline: RemoteUserDataReplicated Name: PRI_TA_56 Role: 1 RemoteRole: 3
[6279.82] DevOnline: RemoteUserDataReplicated Name: PRI_TA_57 Role: 1 RemoteRole: 3
[6279.83] DevOnline: EOSSDK-LogEOSGameClips: Stop recording requested but recording is not available.
[6279.83] Log: Flushing async loaders.
[6279.83] Log: Flushed async loaders.
[6279.98] Eula: RequiresAcceptance? EulaConfig?.bRequiresAcceptance=(True) GetUISave()?.Contains('bAcceptedOfflineEULA')=(True) Eula.SyncState=(LSS_Accepted)
[6279.98] Party: BroadcastMatchmakingAvailabilityDelayed PartyMemberID:'Epic|8818b4dba79a43d18b986f46e4d00392|0' MatchmakeRestrictions=(0)
[6279.98] Party: SetAvailableForMatchmakingForMember PartyMemberID:'Epic|8818b4dba79a43d18b986f46e4d00392|0' MatchmakeRestrictions=(0)
[6280.01] PsyNet: PsyNetChannel_X_1 party:g2c60JPv receive message MessageID=65
[6280.01] PsyNet: PsyNetChannel_X_1 party:g2c60JPv executing MessageID=65
[6280.06] PsyNet: PsyNetServiceProvider_X_1 ExecuteService Complete, Service=Party/System 
[6280.37] PsyNet: PsyNetChannel_X_1 party:g2c60JPv receive message MessageID=66
[6280.37] PsyNet: PsyNetChannel_X_1 party:g2c60JPv executing MessageID=66
[6280.37] PsyNet: PsyNetServiceProvider_X_1 ExecuteService Complete, Service=Party/System 
[6280.76] PsyNet: PsyNetChannel_X_1 party:g2c60JPv receive message MessageID=67
[6280.76] PsyNet: PsyNetChannel_X_1 party:g2c60JPv executing MessageID=67
[6280.76] Party: HandleLobbyReceiveBinaryData LobbyUID=PsyNet-g2c60JPv MemberIndex=0 PlayerUID=PS4|785668489479049324|0 Message=PartyMessage_PartyMemberJoinGame_X
[6280.76] PsyNet: PsyNetServiceProvider_X_1 ExecuteService Complete, Service=Party/System 
[6281.31] PsyNet: PsyNetChannel_X_1 party:g2c60JPv receive message MessageID=68
[6281.31] PsyNet: PsyNetChannel_X_1 party:g2c60JPv executing MessageID=68
[6281.31] Party: HandleLobbyReceiveBinaryData LobbyUID=PsyNet-g2c60JPv MemberIndex=0 PlayerUID=PS4|785668489479049324|0 Message=PartyMessage_SearchStatus_X
[6281.31] Party: HandleSearchStatus StatusMessage.SearchState=(OnlineGameMatchmaking_X) StatusMessage.bIsSearching=(False)
[6281.32] PsyNet: PsyNetServiceProvider_X_1 ExecuteService Complete, Service=Party/System 
[6281.32] PsyNet: PsyNetChannel_X_1 party:g2c60JPv receive message MessageID=69
[6281.32] PsyNet: PsyNetChannel_X_1 party:g2c60JPv executing MessageID=69
[6281.32] Party: HandleLobbyReceiveBinaryData LobbyUID=PsyNet-g2c60JPv MemberIndex=0 PlayerUID=PS4|785668489479049324|0 Message=PartyMessage_MatchmakingAvailability_X
[6281.32] Party: SetAvailableForMatchmakingForMember PartyMemberID:'PS4|785668489479049324|0' MatchmakeRestrictions=(0)
[6281.33] PsyNet: PsyNetServiceProvider_X_1 ExecuteService Complete, Service=Party/System 
[6281.79] EOSVoice: Received full credentials from the server.
[6281.79] PsyNet: PsyNetServiceProvider_X_1 ExecuteService Complete, Service=VoiceChat/MatchToken 
[6283.81] DevOnline: EOSSDK-LogEOSGameClips: Stop recording requested but recording is not available.
[6287.83] DevOnline: EOSSDK-LogEOSGameClips: Stop recording requested but recording is not available.
[6288.89] DevOnline: EOSSDK-LogEOSRTC: TickTracker Tick is delayed. TimePeriod=[10.007254s]  TickIntervalThreshold=[0.100000s] MaxTickInterval=[0.153190s] MaxExecutionTime=[0.000116s] TicksCount=[1059] ExpectedTicksCount=[1000]
[6317.04] DevOnline: EOSSDK-LogEOSGameClips: Stop recording requested but recording is not available.
[6320.58] DevOnline: EOSSDK-LogEOSGameClips: Stop recording requested but recording is not available.
[6320.59] EOSGameClips: EOSGameClips: Currently recording: false
[6328.47] DevOnline: EOSSDK-LogEOSGameClips: Stop recording requested but recording is not available.
[6332.48] DevOnline: EOSSDK-LogEOSGameClips: Stop recording requested but recording is not available.
[6336.93] DevOnline: WebRequest_X_164 SEND: https://datarouter.ol.epicgames.com/datarouter/api/v1/public/data?AppID=RocketLeague.Release&AppVersion=1210528741&AppEnvironment=Prod&UploadType=eteventstream&UserID=|8818b4dba79a43d18b986f46e4d00392|||Epic|8818b4dba79a43d18b986f46e4d00392|0&SessionID=7ED88ADF457E5D0E09C349A06FC64359
[6337.04] DevOnline: WebRequest_X_164 RECV: 204 
[6341.24] DevOnline: EOSSDK-LogEOSGameClips: Stop recording requested but recording is not available.
[6344.80] DevOnline: EOSSDK-LogEOSGameClips: Stop recording requested but recording is not available.
[6344.80] Log: Flushing async loaders.
[6344.80] Log: Flushed async loaders.
[6344.81] EOSGameClips: EOSGameClips: Currently recording: false
[6353.45] DevOnline: EOSSDK-LogEOSGameClips: Stop recording requested but recording is not available.
[6357.44] DevOnline: EOSSDK-LogEOSGameClips: Stop recording requested but recording is not available.
[6396.13] DevOnline: EOSSDK-LogEOSGameClips: Stop recording requested but recording is not available.
[6396.92] DevOnline: WebRequest_X_165 SEND: https://datarouter.ol.epicgames.com/datarouter/api/v1/public/data?AppID=RocketLeague.Release&AppVersion=1210528741&AppEnvironment=Prod&UploadType=eteventstream&UserID=|8818b4dba79a43d18b986f46e4d00392|||Epic|8818b4dba79a43d18b986f46e4d00392|0&SessionID=7ED88ADF457E5D0E09C349A06FC64359
[6397.04] DevOnline: WebRequest_X_165 RECV: 204 
[6399.68] DevOnline: EOSSDK-LogEOSGameClips: Stop recording requested but recording is not available.
[6399.68] Log: Flushing async loaders.
[6399.69] Log: Flushed async loaders.
[6399.69] EOSGameClips: EOSGameClips: Currently recording: false
[6406.77] DevOnline: EOSSDK-LogEOSGameClips: Stop recording requested but recording is not available.
[6410.78] DevOnline: EOSSDK-LogEOSGameClips: Stop recording requested but recording is not available.
[6456.92] DevOnline: WebRequest_X_166 SEND: https://datarouter.ol.epicgames.com/datarouter/api/v1/public/data?AppID=RocketLeague.Release&AppVersion=1210528741&AppEnvironment=Prod&UploadType=eteventstream&UserID=|8818b4dba79a43d18b986f46e4d00392|||Epic|8818b4dba79a43d18b986f46e4d00392|0&SessionID=7ED88ADF457E5D0E09C349A06FC64359
[6457.03] DevOnline: WebRequest_X_166 RECV: 204 
[6491.44] DevOnline: EOSSDK-LogEOSGameClips: Stop recording requested but recording is not available.
[6494.99] DevOnline: EOSSDK-LogEOSGameClips: Stop recording requested but recording is not available.
[6494.99] Log: Flushing async loaders.
[6495.00] Log: Flushed async loaders.
[6495.00] EOSGameClips: EOSGameClips: Currently recording: false
[6495.37] EOSGameClips: EOSGameClips: Currently recording: false
[6498.43] EOSGameClips: EOSGameClips: Currently recording: false
[6504.91] DevOnline: EOSSDK-LogEOSGameClips: Stop recording requested but recording is not available.
[6508.90] DevOnline: EOSSDK-LogEOSGameClips: Stop recording requested but recording is not available.
[6516.91] DevOnline: WebRequest_X_167 SEND: https://datarouter.ol.epicgames.com/datarouter/api/v1/public/data?AppID=RocketLeague.Release&AppVersion=1210528741&AppEnvironment=Prod&UploadType=eteventstream&UserID=|8818b4dba79a43d18b986f46e4d00392|||Epic|8818b4dba79a43d18b986f46e4d00392|0&SessionID=7ED88ADF457E5D0E09C349A06FC64359
[6517.02] DevOnline: WebRequest_X_167 RECV: 204 
[6576.90] DevOnline: WebRequest_X_168 SEND: https://datarouter.ol.epicgames.com/datarouter/api/v1/public/data?AppID=RocketLeague.Release&AppVersion=1210528741&AppEnvironment=Prod&UploadType=eteventstream&UserID=|8818b4dba79a43d18b986f46e4d00392|||Epic|8818b4dba79a43d18b986f46e4d00392|0&SessionID=7ED88ADF457E5D0E09C349A06FC64359
[6577.02] DevOnline: WebRequest_X_168 RECV: 204 
[6636.90] DevOnline: WebRequest_X_169 SEND: https://datarouter.ol.epicgames.com/datarouter/api/v1/public/data?AppID=RocketLeague.Release&AppVersion=1210528741&AppEnvironment=Prod&UploadType=eteventstream&UserID=|8818b4dba79a43d18b986f46e4d00392|||Epic|8818b4dba79a43d18b986f46e4d00392|0&SessionID=7ED88ADF457E5D0E09C349A06FC64359
[6637.02] DevOnline: WebRequest_X_169 RECV: 204 
[6647.05] DevOnline: EOSSDK-LogEOSGameClips: Stop recording requested but recording is not available.
[6650.59] DevOnline: EOSSDK-LogEOSGameClips: Stop recording requested but recording is not available.
[6650.60] EOSGameClips: EOSGameClips: Currently recording: false
[6660.45] DevOnline: EOSSDK-LogEOSGameClips: Stop recording requested but recording is not available.
[6664.43] DevOnline: EOSSDK-LogEOSGameClips: Stop recording requested but recording is not available.
[6685.96] XPProgression: GFxHUD_TA.HandleGameStateChanged Current player match score = 234, UniqueId=(Epic|8818b4dba79a43d18b986f46e4d00392|0), with total match time = 303.8011 seconds, with total net time = 303.8011seconds
[6685.96] Party: Ranked Game Finished, Clear party member server
[6685.96] RankedReconnect: RankedReconnectSave_TA_0.ClearRankedReconnect()
[6685.96] DevOnline: EOSSDK-LogEOSGameClips: Stop recording requested but recording is not available.
[6686.21] XPProgression: SaveData_TA.HandleRewardDropNotification PsyNetService_RewardDropReceived_TA returned Total XP Earned = 2117.0000, in match with ID = 285BFFE611F12DBBF045378C55A4762F , Current player match score = 234, UniqueId=(Epic|8818b4dba79a43d18b986f46e4d00392|0), with total match time = 303.8011 seconds, with total net time = 303.8011seconds
[6686.22] PsyNet: PsyNetServiceProvider_X_1 ExecuteService Complete, Service=Reward/RewardResult 
[6686.73] DevOnline: PlayerDataStorage_WriteFile: Beginning to upload file. User=(8818b4dba79a43d18b986f46e4d00392) FileName=(RLSettingsData)
[6687.91] DevOnline: PlayerDataStorage_WriteFile: File upload complete. User=(8818b4dba79a43d18b986f46e4d00392) FileName=(RLSettingsData) Success=(1)
[6687.91] SettingsExport: Settings data upload complete. Success: True
[6688.95] XPProgression: GFxHUD_TA.HandleGameStateChanged Current player match score = 234, UniqueId=(Epic|8818b4dba79a43d18b986f46e4d00392|0), with total match time = 303.9225 seconds, with total net time = 303.9225seconds
[6688.95] Party: Ranked Game Finished, Clear party member server
[6688.95] RankedReconnect: RankedReconnectSave_TA_0.ClearRankedReconnect()
[6688.96] DevOnline: EOSSDK-LogEOSGameClips: Stop recording requested but recording is not available.
[6691.10] PsyNet: PsyNetChannel_X_1 party:g2c60JPv receive message MessageID=70
[6691.10] PsyNet: PsyNetChannel_X_1 party:g2c60JPv executing MessageID=70
[6691.10] Party: HandleLobbyReceiveBinaryData LobbyUID=PsyNet-g2c60JPv MemberIndex=0 PlayerUID=PS4|785668489479049324|0 Message=PartyMessage_SearchStatus_X
[6691.10] Party: HandleSearchStatus StatusMessage.SearchState=(Searching) StatusMessage.bIsSearching=(True)
[6691.11] PsyNet: PsyNetServiceProvider_X_1 ExecuteService Complete, Service=Party/System 
[6692.71] PsyNet: PsyNetChannel_X_1 party:g2c60JPv receive message MessageID=71
[6692.71] PsyNet: PsyNetChannel_X_1 party:g2c60JPv executing MessageID=71
[6692.71] Party: HandleLobbyReceiveBinaryData LobbyUID=PsyNet-g2c60JPv MemberIndex=0 PlayerUID=PS4|785668489479049324|0 Message=PartyMessage_SearchStatus_X
[6692.71] Party: HandleSearchStatus StatusMessage.SearchState=(Searching) StatusMessage.bIsSearching=(True)
[6692.71] PsyNet: PsyNetServiceProvider_X_1 ExecuteService Complete, Service=Party/System 
[6693.96] PsyNetStaticData: HandleCacheExpired
[6693.96] PsyNetStaticData: UpdateCacheTimerEnabled CacheTimer.bEnabled=(True)
[6693.96] XPProgression: GFxHUD_TA.HandleGameStateChanged Current player match score = 234, UniqueId=(Epic|8818b4dba79a43d18b986f46e4d00392|0), with total match time = 303.9225 seconds, with total net time = 303.9225seconds
[6693.96] Party: Ranked Game Finished, Clear party member server
[6693.96] RankedReconnect: RankedReconnectSave_TA_0.ClearRankedReconnect()
[6693.96] DevOnline: EOSSDK-LogEOSGameClips: Stop recording requested but recording is not available.
[6693.98] Online: TryToPlayOnline ControllerID=(-1)
[6693.98] Online: HandlePrivilegeCheckFinished PrivilegeCheck.bHasRestriction=(False)
[6693.98] Online: HandlePrivilegeCheck PrivilegeCheck.bHasRestriction=(False)
[6693.98] DevOnline: WebRequest_X_170 SEND: https://config.psynet.gg/v2/Config/BattleCars/1210528741/Prod/Epic/INT/
[6694.10] DevOnline: WebRequest_X_170 RECV: 304 
[6695.60] Log: FSaveDataExportTask(0) wrote 1065454 bytes to memory
[6695.60] Log: SaveGameDataAsync game thread time: 8 ms
[6695.62] Log: Deleting old save file ..\..\TAGame\SaveDataEpic\DBE_Production\8818b4dba79a43d18b986f46e4d00392.save
[6695.62] Log: SaveDataExport(0): Finished - File:[..\..\TAGame\SaveDataEpic\DBE_Production\8818b4dba79a43d18b986f46e4d00392_2.save] Result:[1]
[6695.62] SettingsExport: CreateSnapshot Metadata {"userId":"Epic|8818b4dba79a43d18b986f46e4d00392|0","platformKey":"Epic","schemaVersion":0,"clientVersion":1532151,"timestampUtc":1775042152,"settingsVersion":8021,"checksum":-450739925 Payload Size  97007
[6695.62] SettingsExport: Payload changed. Notifying new Checksum: -450739925
[6695.62] SettingsExport: Local settings updated, uploading data
[6696.90] DevOnline: WebRequest_X_171 SEND: https://datarouter.ol.epicgames.com/datarouter/api/v1/public/data?AppID=RocketLeague.Release&AppVersion=1210528741&AppEnvironment=Prod&UploadType=eteventstream&UserID=|8818b4dba79a43d18b986f46e4d00392|||Epic|8818b4dba79a43d18b986f46e4d00392|0&SessionID=7ED88ADF457E5D0E09C349A06FC64359
[6697.01] DevOnline: WebRequest_X_171 RECV: 204 
[6707.83] PsyNetBeaconDetail_X: PsyNetBeacon_X_0 ReserveConnection ReservationID=(31F03E21696B4D018E83A89A5EF70AC3) ConnectionID=(eyJ0eXAiOiJKV1QiLCJhbGciOiJIUzUxMiJ9.eyJqdGkiOiI5OGYzNTBjM2MyNWQ0MGUwYjQxNjIxYjVhODI3ZTY2MiIsImlzcyI6IlBzeU5ldCIsInBsYXllcl9pZCI6IkVwaWN8ODgxOGI0ZGJhNzlhNDNkMThiOTg2ZjQ2ZTRkMDAzOTJ8MCIsInNlcnZlcl9uYW1lIjoiRVU3LTA4QUI4Q0VERkU4OTE2RTBFLUdpem1vMyIsImlhdCI6MTc3NTA0MjE2NCwibmJmIjoxNzc1MDQyMTY0LCJleHAiOjE3NzUwNTY1NjR9.LHZ0l0z_SWfPVz9a4eRxoH7zV3lUqRKFuXzrpvtIXBVtj3IQ2hiiIWNxpSvmPnYBTaTO8lXUtKg0aI5NavFejA)
[6707.83] PsyNetBeaconDetail_X: PsyNetBeacon_X_0 ClientHandleMessage Message.MessageType=(ClientReservationMessage_X) Message.ReservationID=(31F03E21696B4D018E83A89A5EF70AC3)
[6707.83] Party: Received game server from notification (v3) Message.Reservation=((ServerName="EU7-08AB8CEDFE8916E0E-Gizmo3",Playlist=11,Region="EU",ReservationID="31F03E21696B4D018E83A89A5EF70AC3",DSRToken="eyJ0eXAiOiJKV1QiLCJhbGciOiJIUzUxMiJ9.eyJqdGkiOiI5OGYzNTBjM2MyNWQ0MGUwYjQxNjIxYjVhODI3ZTY2MiIsImlzcyI6IlBzeU5ldCIsInBsYXllcl9pZCI6IkVwaWN8ODgxOGI0ZGJhNzlhNDNkMThiOTg2ZjQ2ZTRkMDAzOTJ8MCIsInNlcnZlcl9uYW1lIjoiRVU3LTA4QUI4Q0VERkU4OTE2RTBFLUdpem1vMyIsImlhdCI6MTc3NTA0MjE2NCwibmJmIjoxNzc1MDQyMTY0LCJleHAiOjE3NzUwNTY1NjR9.LHZ0l0z_SWfPVz9a4eRxoH7zV3lUqRKFuXzrpvtIXBVtj3IQ2hiiIWNxpSvmPnYBTaTO8lXUtKg0aI5NavFejA",JoinName="GXTSNL1HHNUFYS6W",JoinPassword="5DE6EDD92AQ4M11S"))
[6707.83] JoinGame: StartJoin Reservation=((ServerName="EU7-08AB8CEDFE8916E0E-Gizmo3",Playlist=11,Region="EU",ReservationID="31F03E21696B4D018E83A89A5EF70AC3",DSRToken="eyJ0eXAiOiJKV1QiLCJhbGciOiJIUzUxMiJ9.eyJqdGkiOiI5OGYzNTBjM2MyNWQ0MGUwYjQxNjIxYjVhODI3ZTY2MiIsImlzcyI6IlBzeU5ldCIsInBsYXllcl9pZCI6IkVwaWN8ODgxOGI0ZGJhNzlhNDNkMThiOTg2ZjQ2ZTRkMDAzOTJ8MCIsInNlcnZlcl9uYW1lIjoiRVU3LTA4QUI4Q0VERkU4OTE2RTBFLUdpem1vMyIsImlhdCI6MTc3NTA0MjE2NCwibmJmIjoxNzc1MDQyMTY0LCJleHAiOjE3NzUwNTY1NjR9.LHZ0l0z_SWfPVz9a4eRxoH7zV3lUqRKFuXzrpvtIXBVtj3IQ2hiiIWNxpSvmPnYBTaTO8lXUtKg0aI5NavFejA",JoinName="GXTSNL1HHNUFYS6W",JoinPassword="5DE6EDD92AQ4M11S")) JoinSettings=((PlaylistId=11,Password="5DE6EDD92AQ4M11S"))
[6707.83] JoinGame: GotoJoinGameState OnlineGameJoinGame_TA -> VerifyPrivileges
[6707.83] Online: TryToPlayOnline ControllerID=(-1)
[6707.83] PsyNet: PsyNetServiceProvider_X_1 ExecuteService Complete, Service=DSR/ClientMessage 
[6707.83] Online: HandlePrivilegeCheckFinished PrivilegeCheck.bHasRestriction=(False)
[6707.83] JoinGame: GotoJoinGameState VerifyPrivileges -> ReservingServerForMatchmaking
[6707.83] PsyNetBeaconDetail_X: PsyNetBeacon_X_0 SendMessageToServer Message=(AddReservationMessagePublic_X_18)
[6708.23] PsyNet: PsyNetChannel_X_1 party:g2c60JPv receive message MessageID=72
[6708.23] PsyNet: PsyNetChannel_X_1 party:g2c60JPv executing MessageID=72
[6708.23] Party: HandleLobbyReceiveBinaryData LobbyUID=PsyNet-g2c60JPv MemberIndex=0 PlayerUID=PS4|785668489479049324|0 Message=PartyMessage_SearchStatus_X
[6708.23] Party: HandleSearchStatus StatusMessage.SearchState=(Joining) StatusMessage.bIsSearching=(True)
[6708.24] PsyNet: PsyNetServiceProvider_X_1 ExecuteService Complete, Service=Party/System 
[6708.63] PsyNet: PsyNetChannel_X_1 party:g2c60JPv receive message MessageID=73
[6708.63] PsyNet: PsyNetChannel_X_1 party:g2c60JPv executing MessageID=73
[6708.63] Party: HandleLobbyReceiveBinaryData LobbyUID=PsyNet-g2c60JPv MemberIndex=0 PlayerUID=PS4|785668489479049324|0 Message=PartyMessage_JoinGame_X
[6708.63] Party: HandlePartyJoinGame MatchSettings=((ServerName="EU7-08AB8CEDFE8916E0E-Gizmo3",PlaylistId=11,CustomPassword="5DE6EDD92AQ4M11S",ReservationID="31F03E21696B4D018E83A89A5EF70AC3",JoinName="GXTSNL1HHNUFYS6W",JoinPassword="5DE6EDD92AQ4M11S"))
[6708.63] PsyNet: PsyNetServiceProvider_X_1 ExecuteService Complete, Service=Party/System 
[6709.29] PsyNetBeaconDetail_X: PsyNetBeacon_X_0 ClientHandleMessage Message.MessageType=(ReservationsReadyMessage_X) Message.ReservationID=(31F03E21696B4D018E83A89A5EF70AC3)
[6709.29] Party: HandleServerReserved (Reservation=(ServerName="EU7-08AB8CEDFE8916E0E-Gizmo3",Playlist=11,Region="EU",ReservationID="31F03E21696B4D018E83A89A5EF70AC3",DSRToken="eyJ0eXAiOiJKV1QiLCJhbGciOiJIUzUxMiJ9.eyJqdGkiOiI5OGYzNTBjM2MyNWQ0MGUwYjQxNjIxYjVhODI3ZTY2MiIsImlzcyI6IlBzeU5ldCIsInBsYXllcl9pZCI6IkVwaWN8ODgxOGI0ZGJhNzlhNDNkMThiOTg2ZjQ2ZTRkMDAzOTJ8MCIsInNlcnZlcl9uYW1lIjoiRVU3LTA4QUI4Q0VERkU4OTE2RTBFLUdpem1vMyIsImlhdCI6MTc3NTA0MjE2NCwibmJmIjoxNzc1MDQyMTY0LCJleHAiOjE3NzUwNTY1NjR9.LHZ0l0z_SWfPVz9a4eRxoH7zV3lUqRKFuXzrpvtIXBVtj3IQ2hiiIWNxpSvmPnYBTaTO8lXUtKg0aI5NavFejA",JoinName="GXTSNL1HHNUFYS6W",JoinPassword="5DE6EDD92AQ4M11S"),PingURL="18.170.209.228:8125",GameURL="18.170.209.228:8124",JoinCredentials="GXTSNL1HHNUFYS6W:5DE6EDD92AQ4M11S")
[6709.29] JoinGame: GotoJoinGameState ReservingServerForMatchmaking -> JoinCountdown
[6709.29] PsyNetBeaconDetail_X: PsyNetBeacon_X_0 SendMessageToServer Message=(PingMessage_X_52)
[6709.30] PsyNet: PsyNetServiceProvider_X_1 ExecuteService Complete, Service=DSR/ClientMessage 
[6709.61] PsyNetBeaconDetail_X: PsyNetBeacon_X_0 ClientHandleMessage Message.MessageType=(PingMessage_X) Message.ReservationID=(31F03E21696B4D018E83A89A5EF70AC3)
[6709.62] PsyNet: PsyNetServiceProvider_X_1 ExecuteService Complete, Service=DSR/ClientMessage 
[6709.63] PsyNet: PsyNetChannel_X_1 party:g2c60JPv receive message MessageID=74
[6709.63] PsyNet: PsyNetChannel_X_1 party:g2c60JPv executing MessageID=74
[6709.63] Party: HandleLobbyReceiveBinaryData LobbyUID=PsyNet-g2c60JPv MemberIndex=0 PlayerUID=PS4|785668489479049324|0 Message=PartyMessage_JoinGame_X
[6709.63] Party: HandlePartyJoinGame MatchSettings=((ServerName="EU7-08AB8CEDFE8916E0E-Gizmo3",PlaylistId=11,CustomPassword="5DE6EDD92AQ4M11S",ReservationID="31F03E21696B4D018E83A89A5EF70AC3",JoinName="GXTSNL1HHNUFYS6W",JoinPassword="5DE6EDD92AQ4M11S"))
[6709.64] PsyNet: PsyNetServiceProvider_X_1 ExecuteService Complete, Service=Party/System 
[6712.29] JoinGame: GotoJoinGameState JoinCountdown -> OpeningLoadingScreen
[6712.29] RankedReconnect: OnlineGameJoinGame_TA_0::OpeningLoadingScreen.BeginState()
[6712.29] RankedReconnect: LocalPlayer_TA_0.UpdateRankedReconnect() RankedTeamDoubles True 4 False
[6712.29] RankedReconnect: RankedReconnectSave_TA_0.SetRankedReconnect() Server=((Reservation=(ServerName="EU7-08AB8CEDFE8916E0E-Gizmo3",Playlist=11,Region="EU",ReservationID="31F03E21696B4D018E83A89A5EF70AC3",DSRToken="eyJ0eXAiOiJKV1QiLCJhbGciOiJIUzUxMiJ9.eyJqdGkiOiI5OGYzNTBjM2MyNWQ0MGUwYjQxNjIxYjVhODI3ZTY2MiIsImlzcyI6IlBzeU5ldCIsInBsYXllcl9pZCI6IkVwaWN8ODgxOGI0ZGJhNzlhNDNkMThiOTg2ZjQ2ZTRkMDAzOTJ8MCIsInNlcnZlcl9uYW1lIjoiRVU3LTA4QUI4Q0VERkU4OTE2RTBFLUdpem1vMyIsImlhdCI6MTc3NTA0MjE2NCwibmJmIjoxNzc1MDQyMTY0LCJleHAiOjE3NzUwNTY1NjR9.LHZ0l0z_SWfPVz9a4eRxoH7zV3lUqRKFuXzrpvtIXBVtj3IQ2hiiIWNxpSvmPnYBTaTO8lXUtKg0aI5NavFejA",JoinName="GXTSNL1HHNUFYS6W",JoinPassword="5DE6EDD92AQ4M11S"),PingURL="18.170.209.228:8125",GameURL="18.170.209.228:8124",JoinCredentials="GXTSNL1HHNUFYS6W:5DE6EDD92AQ4M11S")) EpochNow=(1775042169)
[6712.29] DevNet: Browse: JoinGameTransition?Name=%e6%bc%a2+%e9%be%8d+%e7%8e%8b+%e7%a5%9e+%e9%97%87%e6%bc%a2+%e9%be%8d+%e7%8e%8b+%e7%a5%9e?game=TAGame.GameInfo_Transition_TA
[6712.36] Log: FSaveDataExportTask(0) wrote 1066376 bytes to memory
[6712.36] Log: SaveGameDataAsync game thread time: 8 ms
[6712.36] Log: LoadMap: JoinGameTransition?Name=%e6%bc%a2+%e9%be%8d+%e7%8e%8b+%e7%a5%9e+%e9%97%87%e6%bc%a2+%e9%be%8d+%e7%8e%8b+%e7%a5%9e?game=TAGame.GameInfo_Transition_TA
[6712.36] Spawn: TextChatActor_TA_66 Destroyed
[6712.36] EOSGameClips: ShutDown : Shutting down EOSGameClipsController_TA. Self=(EOSGameClipsController_TA_28) PlayerOwner?.GetUniqueNetId()=(Epic|8818b4dba79a43d18b986f46e4d00392|0)
[6712.36] Spawn: TextChatActor_TA_67 Destroyed
[6712.36] Spawn: TextChatActor_TA_68 Destroyed
[6712.36] Spawn: TextChatActor_TA_69 Destroyed
[6712.36] Spawn: TextChatActor_TA_70 Destroyed
[6712.37] Log: Deleting old save file ..\..\TAGame\SaveDataEpic\DBE_Production\8818b4dba79a43d18b986f46e4d00392_1.save
[6712.37] Log: SaveDataExport(0): Finished - File:[..\..\TAGame\SaveDataEpic\DBE_Production\8818b4dba79a43d18b986f46e4d00392.save] Result:[1]
[6712.38] DevOnline: PsyNet Flush Start TimeoutSeconds=0.250000
[6712.56] DevOnline: PsyNet Flush End
[6712.58] NetComeGo: Close TcpipConnection_14 18.168.38.216:8058 01/04/2026 12:16:11 'Control channel cleanup'
[6712.58] NetComeGo: TcpipConnection_14 Control channel closed, reason=Control channel cleanup
[6712.59] Exit: TcpNetDriver_14 shut down
[6712.60] Log: Fully load package: ..\..\TAGame\CookedPCConsole\GameInfo_Transition_SF.upk
[6712.60] Log: Game class is 'GameInfo_Transition_TA'
[6712.64] Log: Bringing World JoinGameTransition.TheWorld up for play (0) at 2026.04.01-12.16.11
[6712.64] Log: Bringing up level for play took: 0.045558
[6712.64] PartyChallenge: UpdateChallengeProgressForCompetitive bChallengesComplete=(True) ChallengeState=(Challenge_Success) bChallengeSync=(True) bChallengesAreValid=(True) bLegacyPlayer=(False) bGuestAccount=(False) Online_X.UniqueNetIDToString(Manager.Outer.PlayerID)=(Epic|8818b4dba79a43d18b986f46e4d00392|0) Complete
[6712.65] PartyChallenge: InitializeCompetitiveChallenges bGuestAccount=(False) bCompletedChallengesForCompetitive=(True) bLegacyPlayer=(False) Online_X.UniqueNetIDToString(OnlinePlayer.PlayerID)=(Epic|8818b4dba79a43d18b986f46e4d00392|0)
[6712.65] JoinGame: GotoJoinGameState OpeningLoadingScreen -> JoiningNewServer
[6712.65] DevNet: SetProgress, MessageType=1, Title=, Message=Connecting...
[6712.65] Log: ########### Finished loading level: 0.286102 seconds
[6712.65] DevOnline: EOSSDK-LogEOSGameClips: Stop recording requested but recording is not available.
[6712.65] SettingsExport: CreateSnapshot Metadata {"userId":"Epic|8818b4dba79a43d18b986f46e4d00392|0","platformKey":"Epic","schemaVersion":0,"clientVersion":1532151,"timestampUtc":1775042169,"settingsVersion":8022,"checksum":-62448699 Payload Size  97007
[6712.65] SettingsExport: Payload changed. Notifying new Checksum: -62448699
[6712.65] SettingsExport: Local settings updated, uploading data
[6712.65] DevNet: Browse: 18.170.209.228:8124/MENU_Main_p?Name=%e6%bc%a2+%e9%be%8d+%e7%8e%8b+%e7%a5%9e+%e9%97%87%e6%bc%a2+%e9%be%8d+%e7%8e%8b+%e7%a5%9e
[6712.65] DevNet: Game client on port 8124, rate 15000
[6712.65] NetComeGo: SEND first packet Length=80 CRC=490652037
[6712.67] NetComeGo: TcpipConnection_15 RECV first packet IP=18.170.209.228:8124 Length=15 CRC=1938995122 HandshakeStatus=0 bUseSessionUID=1 InSessionUID=(0 0 0) SessionUID=(0 0 0)
[6712.67] NetComeGo: Client set SessionUID to: 32 134 205
[6712.76] DevNet: Welcomed by server (Level: Outlaw_Oasis_P, Game: TAGame.GameInfo_Soccar_TA, GameTags: )
[6712.77] Log: FSaveDataExportTask(0) wrote 1066376 bytes to memory
[6712.77] Log: SaveGameDataAsync game thread time: 8 ms
[6712.78] Log: Deleting old save file ..\..\TAGame\SaveDataEpic\DBE_Production\8818b4dba79a43d18b986f46e4d00392_2.save
[6712.79] Log: SaveDataExport(0): Finished - File:[..\..\TAGame\SaveDataEpic\DBE_Production\8818b4dba79a43d18b986f46e4d00392_1.save] Result:[1]
[6712.84] Log: Flushing async loaders.
[6712.84] Log: Flushed async loaders.
[6712.84] Log: LoadMap: 18.170.209.228:8124/Outlaw_Oasis_P?Name=%e6%bc%a2+%e9%be%8d+%e7%8e%8b+%e7%a5%9e+%e9%97%87%e6%bc%a2+%e9%be%8d+%e7%8e%8b+%e7%a5%9e?game=TAGame.GameInfo_Soccar_TA
[6712.85] DevOnline: PsyNet Flush Start TimeoutSeconds=0.250000
[6712.87] PsyNet: PsyNetChannel_X_1 party:g2c60JPv receive message MessageID=75
[6712.87] PsyNet: PsyNetChannel_X_1 party:g2c60JPv executing MessageID=75
[6712.89] PsyNet: PsyNetServiceProvider_X_1 ExecuteService Complete, Service=Party/System 
[6713.04] DevOnline: PsyNet Flush End
[6713.04] Log: Fully load package: ..\..\TAGame\CookedPCConsole\GameInfo_Soccar_SF.upk
[6713.09] Log: Fully load package: ..\..\TAGame\CookedPCConsole\GFxSounds_XP_SF.upk
[6713.09] Log: Fully load package: ..\..\TAGame\CookedPCConsole\GFx_XPProgressMenu_SF.upk
[6713.11] Log: Fully load package: ..\..\TAGame\CookedPCConsole\GFX_EndGameMenu_SF.upk
[6713.16] Log: Fully load package: ..\..\TAGame\CookedPCConsole\GFX_WinnerMenu_SF.upk
[6713.18] Log: Fully load package: ..\..\TAGame\CookedPCConsole\GFX_MidGameScoreboard_SF.upk
[6713.18] Log: Fully load package: ..\..\TAGame\CookedPCConsole\GFX_MidGameMenu_SF.upk
[6713.19] Log: Fully load package: ..\..\TAGame\CookedPCConsole\GFX_HudMatchInfo_SF.upk
[6713.20] Log: Fully load package: ..\..\TAGame\CookedPCConsole\GFX_Hud_SF.upk
[6714.02] Warning: Warning, Material boost_toonywater.Materials.Blank_MAT missing bUsedWithStaticLighting=True!
[6714.05] Log: Bringing World Outlaw_Oasis_P.TheWorld up for play (0) at 2026.04.01-12.16.12
[6714.05] Warning: Warning, Material BlackMarketTest_Skin.MAT_BlackMarketTest missing bUsedWithStaticLighting=True!
[6714.06] Log: Bringing up level for play took: 0.212585
[6714.28] RootMenu: [GFx] UIShellInstance - setting the shell instance
[6714.31] PartyChallenge: UpdateChallengeProgressForCompetitive bChallengesComplete=(True) ChallengeState=(Challenge_Success) bChallengeSync=(True) bChallengesAreValid=(True) bLegacyPlayer=(False) bGuestAccount=(False) Online_X.UniqueNetIDToString(Manager.Outer.PlayerID)=(Epic|8818b4dba79a43d18b986f46e4d00392|0) Complete
[6714.31] PartyChallenge: InitializeCompetitiveChallenges bGuestAccount=(False) bCompletedChallengesForCompetitive=(True) bLegacyPlayer=(False) Online_X.UniqueNetIDToString(OnlinePlayer.PlayerID)=(Epic|8818b4dba79a43d18b986f46e4d00392|0)
[6714.31] JoinGame: OnJoinGameComplete bSuccess=(True) FailReason=()
[6714.31] JoinGame: GotoJoinGameState JoiningNewServer -> None
[6714.31] PsyNetBeaconDetail_X: PsyNetBeacon_X_0 Close
[6714.31] PsyNetBeaconDetail_X: PsyNetBeacon_X_0 CloseConnection Connection.ConnectionID=(eyJ0eXAiOiJKV1QiLCJhbGciOiJIUzUxMiJ9.eyJqdGkiOiI5OGYzNTBjM2MyNWQ0MGUwYjQxNjIxYjVhODI3ZTY2MiIsImlzcyI6IlBzeU5ldCIsInBsYXllcl9pZCI6IkVwaWN8ODgxOGI0ZGJhNzlhNDNkMThiOTg2ZjQ2ZTRkMDAzOTJ8MCIsInNlcnZlcl9uYW1lIjoiRVU3LTA4QUI4Q0VERkU4OTE2RTBFLUdpem1vMyIsImlhdCI6MTc3NTA0MjE2NCwibmJmIjoxNzc1MDQyMTY0LCJleHAiOjE3NzUwNTY1NjR9.LHZ0l0z_SWfPVz9a4eRxoH7zV3lUqRKFuXzrpvtIXBVtj3IQ2hiiIWNxpSvmPnYBTaTO8lXUtKg0aI5NavFejA)
[6714.31] Spawn: TextChatActor_TA_71 OnOwnerChanged PlayerController_TA_29
[6714.31] EOSGameClips: Construct Constructed EOSGameClipsController_TA. Self=(EOSGameClipsController_TA_29)
[6714.31] Log: ########### Finished loading level: 1.464551 seconds
[6714.31] MusicPlayer: HandleTrackEnd CurrentTrackPlayingID=(0) PlayingID=(133185)
[6714.31] MusicPlayer: HandleTrackEnd CurrentTrackPlayingID=(0) PlayingID=(133185)
[6714.31] SettingsExport: Settings content not changed. Will not update the Settings Online
[6714.31] PsyNet: PsyNetChannel_X_1 party:g2c60JPv receive message MessageID=76
[6714.31] PsyNet: PsyNetChannel_X_1 party:g2c60JPv executing MessageID=76
[6714.31] Party: HandleLobbyReceiveBinaryData LobbyUID=PsyNet-g2c60JPv MemberIndex=0 PlayerUID=PS4|785668489479049324|0 Message=PartyMessage_PartyMemberJoinGame_X
[6714.58] PsyNet: PsyNetServiceProvider_X_1 ExecuteService Complete, Service=Party/System 
[6714.58] LTM: SettingsType=(CustomMatchSettingsType_PrivateMatch)
[6714.88] EOSGameClips: ShutDown : Shutting down EOSGameClipsController_TA. Self=(EOSGameClipsController_TA_29) PlayerOwner?.GetUniqueNetId()=(Epic|8818b4dba79a43d18b986f46e4d00392|0)
[6714.88] PartyChallenge: UpdateChallengeProgressForCompetitive bChallengesComplete=(True) ChallengeState=(Challenge_Success) bChallengeSync=(True) bChallengesAreValid=(True) bLegacyPlayer=(False) bGuestAccount=(False) Online_X.UniqueNetIDToString(Manager.Outer.PlayerID)=(Epic|8818b4dba79a43d18b986f46e4d00392|0) Complete
[6714.88] PartyChallenge: InitializeCompetitiveChallenges bGuestAccount=(False) bCompletedChallengesForCompetitive=(True) bLegacyPlayer=(False) Online_X.UniqueNetIDToString(OnlinePlayer.PlayerID)=(Epic|8818b4dba79a43d18b986f46e4d00392|0)
[6714.88] EOSGameClips: Construct Constructed EOSGameClipsController_TA. Self=(EOSGameClipsController_TA_30)
[6714.88] ScriptLog: Client InputRate=60
[6714.88] DevNet: PlayerController_TA_30 setplayer LocalPlayer_TA_0
[6714.88] PsyNetStaticData: UpdateCacheTimerEnabled CacheTimer.bEnabled=(False)
[6714.88] MatchBroadcast: Init bBroadcastMatch=(False) MatchLog=(None)
[6714.91] Spawn: TextChatActor_TA_73 OnOwnerChanged PlayerController_TA_30
[6714.91] ScriptLog: Uncached PlatformId for Epic|8818b4dba79a43d18b986f46e4d00392|0
[6714.95] RootMenu: [GFx] UIShellInstance - setting the shell instance
[6714.99] ScriptLog: MatchGUID: 2C2AC83611F12DBC95AA0DBAB119D83F
[6714.99] DevOnline: EOSSDK-LogEOSGameClips: Stop recording requested but recording is not available.
[6715.06] Eula: RequiresAcceptance? EulaConfig?.bRequiresAcceptance=(True) GetUISave()?.Contains('bAcceptedOfflineEULA')=(True) Eula.SyncState=(LSS_Accepted)
[6715.06] Party: BroadcastMatchmakingAvailabilityDelayed PartyMemberID:'Epic|8818b4dba79a43d18b986f46e4d00392|0' MatchmakeRestrictions=(0)
[6715.06] Party: SetAvailableForMatchmakingForMember PartyMemberID:'Epic|8818b4dba79a43d18b986f46e4d00392|0' MatchmakeRestrictions=(0)
[6715.21] PsyNet: PsyNetChannel_X_1 party:g2c60JPv receive message MessageID=77
[6715.21] PsyNet: PsyNetChannel_X_1 party:g2c60JPv executing MessageID=77
[6715.21] Party: HandleLobbyReceiveBinaryData LobbyUID=PsyNet-g2c60JPv MemberIndex=0 PlayerUID=PS4|785668489479049324|0 Message=PartyMessage_PartyMemberJoinGame_X
[6715.22] PsyNet: PsyNetServiceProvider_X_1 ExecuteService Complete, Service=Party/System 
[6715.38] PsyNet: PsyNetChannel_X_1 party:g2c60JPv receive message MessageID=78
[6715.38] PsyNet: PsyNetChannel_X_1 party:g2c60JPv executing MessageID=78
[6715.38] PsyNet: PsyNetServiceProvider_X_1 ExecuteService Complete, Service=Party/System 
[6715.69] ScriptLog: Uncached PlatformId for Epic|1e532b964130482a8dea86e7d4bf4a3f|0
[6715.70] Log: Flushing async loaders.
[6715.71] Log: Flushed async loaders.
[6715.81] PsyNet: PsyNetChannel_X_1 party:g2c60JPv receive message MessageID=79
[6715.81] PsyNet: PsyNetChannel_X_1 party:g2c60JPv executing MessageID=79
[6715.81] Party: HandleLobbyReceiveBinaryData LobbyUID=PsyNet-g2c60JPv MemberIndex=0 PlayerUID=PS4|785668489479049324|0 Message=PartyMessage_SearchStatus_X
[6715.81] Party: HandleSearchStatus StatusMessage.SearchState=(OnlineGameMatchmaking_X) StatusMessage.bIsSearching=(False)
[6715.81] PsyNet: PsyNetServiceProvider_X_1 ExecuteService Complete, Service=Party/System 
[6715.81] PsyNet: PsyNetChannel_X_1 party:g2c60JPv receive message MessageID=80
[6715.81] PsyNet: PsyNetChannel_X_1 party:g2c60JPv executing MessageID=80
[6715.81] Party: HandleLobbyReceiveBinaryData LobbyUID=PsyNet-g2c60JPv MemberIndex=0 PlayerUID=PS4|785668489479049324|0 Message=PartyMessage_MatchmakingAvailability_X
[6715.81] Party: SetAvailableForMatchmakingForMember PartyMemberID:'PS4|785668489479049324|0' MatchmakeRestrictions=(0)
[6715.82] PsyNet: PsyNetServiceProvider_X_1 ExecuteService Complete, Service=Party/System 
[6716.06] PsyNet: PsyNetChannel_X_1 party:g2c60JPv receive message MessageID=81
[6716.06] PsyNet: PsyNetChannel_X_1 party:g2c60JPv executing MessageID=81
[6716.07] PsyNet: PsyNetServiceProvider_X_1 ExecuteService Complete, Service=Party/System 
[6717.04] EOSVoice: Received full credentials from the server.
[6717.05] PsyNet: PsyNetServiceProvider_X_1 ExecuteService Complete, Service=VoiceChat/MatchToken 
[6718.69] DevOnline: EOSSDK-LogEOSGameClips: Stop recording requested but recording is not available.
[6719.00] DevOnline: EOSSDK-LogEOSRTC: TickTracker Tick is delayed. TimePeriod=[10.005293s]  TickIntervalThreshold=[0.100000s] MaxTickInterval=[0.118076s] MaxExecutionTime=[0.000223s] TicksCount=[892] ExpectedTicksCount=[1000]
[6722.70] DevOnline: EOSSDK-LogEOSGameClips: Stop recording requested but recording is not available.
[6744.14] DevOnline: EOSSDK-LogEOSGameClips: Stop recording requested but recording is not available.
[6747.69] DevOnline: EOSSDK-LogEOSGameClips: Stop recording requested but recording is not available.
[6747.70] EOSGameClips: EOSGameClips: Currently recording: false
[6755.42] DevOnline: EOSSDK-LogEOSGameClips: Stop recording requested but recording is not available.
[6758.04] DevOnline: WebRequest_X_172 SEND: https://datarouter.ol.epicgames.com/datarouter/api/v1/public/data?AppID=RocketLeague.Release&AppVersion=1210528741&AppEnvironment=Prod&UploadType=eteventstream&UserID=|8818b4dba79a43d18b986f46e4d00392|||Epic|8818b4dba79a43d18b986f46e4d00392|0&SessionID=7ED88ADF457E5D0E09C349A06FC64359
[6758.16] DevOnline: WebRequest_X_172 RECV: 204 
[6759.42] DevOnline: EOSSDK-LogEOSGameClips: Stop recording requested but recording is not available.
[6782.47] PsyNet: PsyNetServiceProvider_X_1 ExecuteService Complete, Service=Players/Status 
[6792.75] DevOnline: EOSSDK-LogEOSGameClips: Stop recording requested but recording is not available.
[6796.30] DevOnline: EOSSDK-LogEOSGameClips: Stop recording requested but recording is not available.
[6796.31] EOSGameClips: EOSGameClips: Currently recording: false
[6806.37] DevOnline: EOSSDK-LogEOSGameClips: Stop recording requested but recording is not available.
[6810.36] DevOnline: EOSSDK-LogEOSGameClips: Stop recording requested but recording is not available.
[6818.03] DevOnline: WebRequest_X_173 SEND: https://datarouter.ol.epicgames.com/datarouter/api/v1/public/data?AppID=RocketLeague.Release&AppVersion=1210528741&AppEnvironment=Prod&UploadType=eteventstream&UserID=|8818b4dba79a43d18b986f46e4d00392|||Epic|8818b4dba79a43d18b986f46e4d00392|0&SessionID=7ED88ADF457E5D0E09C349A06FC64359
[6818.15] DevOnline: WebRequest_X_173 RECV: 204 
[6822.75] DevOnline: EOSSDK-LogEOSGameClips: Stop recording requested but recording is not available.
[6826.30] DevOnline: EOSSDK-LogEOSGameClips: Stop recording requested but recording is not available.
[6826.30] Log: Flushing async loaders.
[6826.31] Log: Flushed async loaders.
[6826.31] EOSGameClips: EOSGameClips: Currently recording: false
[6834.35] DevOnline: EOSSDK-LogEOSGameClips: Stop recording requested but recording is not available.
[6838.35] DevOnline: EOSSDK-LogEOSGameClips: Stop recording requested but recording is not available.
[6853.90] DevOnline: EOSSDK-LogEOSGameClips: Stop recording requested but recording is not available.
[6857.45] DevOnline: EOSSDK-LogEOSGameClips: Stop recording requested but recording is not available.
[6857.45] Log: Flushing async loaders.
[6857.46] Log: Flushed async loaders.
[6857.46] EOSGameClips: EOSGameClips: Currently recording: false
[6864.83] DevOnline: EOSSDK-LogEOSGameClips: Stop recording requested but recording is not available.
[6868.83] DevOnline: EOSSDK-LogEOSGameClips: Stop recording requested but recording is not available.
[6878.03] DevOnline: WebRequest_X_174 SEND: https://datarouter.ol.epicgames.com/datarouter/api/v1/public/data?AppID=RocketLeague.Release&AppVersion=1210528741&AppEnvironment=Prod&UploadType=eteventstream&UserID=|8818b4dba79a43d18b986f46e4d00392|||Epic|8818b4dba79a43d18b986f46e4d00392|0&SessionID=7ED88ADF457E5D0E09C349A06FC64359
[6878.15] DevOnline: WebRequest_X_174 RECV: 204 
[6881.21] DevNet: Bad connection: IP=18.170.209.228:8124 Name=" ç ã ^ «" ç ã ^ State=3 Ping=0.446732 ReceiveTime=0.016663 AckTime=0.233276
[6915.43] DevOnline: EOSSDK-LogEOSGameClips: Stop recording requested but recording is not available.
[6918.97] DevOnline: EOSSDK-LogEOSGameClips: Stop recording requested but recording is not available.
[6918.98] EOSGameClips: EOSGameClips: Currently recording: false
[6929.61] DevOnline: EOSSDK-LogEOSGameClips: Stop recording requested but recording is not available.
[6933.59] DevOnline: EOSSDK-LogEOSGameClips: Stop recording requested but recording is not available.
[6938.03] DevOnline: WebRequest_X_175 SEND: https://datarouter.ol.epicgames.com/datarouter/api/v1/public/data?AppID=RocketLeague.Release&AppVersion=1210528741&AppEnvironment=Prod&UploadType=eteventstream&UserID=|8818b4dba79a43d18b986f46e4d00392|||Epic|8818b4dba79a43d18b986f46e4d00392|0&SessionID=7ED88ADF457E5D0E09C349A06FC64359
[6938.14] DevOnline: WebRequest_X_175 RECV: 204 
[6990.06] DevOnline: EOSSDK-LogEOSGameClips: Stop recording requested but recording is not available.
[6993.60] DevOnline: EOSSDK-LogEOSGameClips: Stop recording requested but recording is not available.
[6993.60] Log: Flushing async loaders.
[6993.60] Log: Flushed async loaders.
[6993.61] EOSGameClips: EOSGameClips: Currently recording: false
[6998.01] DevOnline: WebRequest_X_176 SEND: https://datarouter.ol.epicgames.com/datarouter/api/v1/public/data?AppID=RocketLeague.Release&AppVersion=1210528741&AppEnvironment=Prod&UploadType=eteventstream&UserID=|8818b4dba79a43d18b986f46e4d00392|||Epic|8818b4dba79a43d18b986f46e4d00392|0&SessionID=7ED88ADF457E5D0E09C349A06FC64359
[6998.13] DevOnline: WebRequest_X_176 RECV: 204 
[7004.26] DevOnline: EOSSDK-LogEOSGameClips: Stop recording requested but recording is not available.
[7008.23] DevOnline: EOSSDK-LogEOSGameClips: Stop recording requested but recording is not available.
[7031.63] DevOnline: EOSSDK-LogEOSGameClips: Stop recording requested but recording is not available.
[7035.18] DevOnline: EOSSDK-LogEOSGameClips: Stop recording requested but recording is not available.
[7035.18] Log: Flushing async loaders.
[7035.18] Log: Flushed async loaders.
[7035.19] EOSGameClips: EOSGameClips: Currently recording: false
[7042.68] DevOnline: EOSSDK-LogEOSGameClips: Stop recording requested but recording is not available.
[7046.68] DevOnline: EOSSDK-LogEOSGameClips: Stop recording requested but recording is not available.
[7058.02] DevOnline: WebRequest_X_177 SEND: https://datarouter.ol.epicgames.com/datarouter/api/v1/public/data?AppID=RocketLeague.Release&AppVersion=1210528741&AppEnvironment=Prod&UploadType=eteventstream&UserID=|8818b4dba79a43d18b986f46e4d00392|||Epic|8818b4dba79a43d18b986f46e4d00392|0&SessionID=7ED88ADF457E5D0E09C349A06FC64359
[7058.13] DevOnline: WebRequest_X_177 RECV: 204 
[7076.42] DevOnline: EOSSDK-LogEOSGameClips: Stop recording requested but recording is not available.
[7079.98] DevOnline: EOSSDK-LogEOSGameClips: Stop recording requested but recording is not available.
[7079.99] EOSGameClips: EOSGameClips: Currently recording: false
[7086.89] DevOnline: EOSSDK-LogEOSGameClips: Stop recording requested but recording is not available.
[7090.89] DevOnline: EOSSDK-LogEOSGameClips: Stop recording requested but recording is not available.
[7099.76] DevOnline: EOSSDK-LogEOSGameClips: Stop recording requested but recording is not available.
[7103.31] DevOnline: EOSSDK-LogEOSGameClips: Stop recording requested but recording is not available.
[7103.32] EOSGameClips: EOSGameClips: Currently recording: false
[7109.19] DevOnline: EOSSDK-LogEOSGameClips: Stop recording requested but recording is not available.
[7113.19] DevOnline: EOSSDK-LogEOSGameClips: Stop recording requested but recording is not available.
[7118.01] DevOnline: WebRequest_X_178 SEND: https://datarouter.ol.epicgames.com/datarouter/api/v1/public/data?AppID=RocketLeague.Release&AppVersion=1210528741&AppEnvironment=Prod&UploadType=eteventstream&UserID=|8818b4dba79a43d18b986f46e4d00392|||Epic|8818b4dba79a43d18b986f46e4d00392|0&SessionID=7ED88ADF457E5D0E09C349A06FC64359
[7118.12] DevOnline: WebRequest_X_178 RECV: 204 
[7130.49] DevOnline: EOSSDK-LogEOSGameClips: Stop recording requested but recording is not available.
[7134.06] DevOnline: EOSSDK-LogEOSGameClips: Stop recording requested but recording is not available.
[7134.07] EOSGameClips: EOSGameClips: Currently recording: false
[7142.35] DevOnline: EOSSDK-LogEOSGameClips: Stop recording requested but recording is not available.
[7146.34] DevOnline: EOSSDK-LogEOSGameClips: Stop recording requested but recording is not available.
[7178.01] DevOnline: WebRequest_X_179 SEND: https://datarouter.ol.epicgames.com/datarouter/api/v1/public/data?AppID=RocketLeague.Release&AppVersion=1210528741&AppEnvironment=Prod&UploadType=eteventstream&UserID=|8818b4dba79a43d18b986f46e4d00392|||Epic|8818b4dba79a43d18b986f46e4d00392|0&SessionID=7ED88ADF457E5D0E09C349A06FC64359
[7178.12] DevOnline: WebRequest_X_179 RECV: 204 
[7206.23] XPProgression: GFxHUD_TA.HandleGameStateChanged Current player match score = 391, UniqueId=(Epic|8818b4dba79a43d18b986f46e4d00392|0), with total match time = 300.0286 seconds, with total net time = 300.0286seconds
[7206.23] Party: Ranked Game Finished, Clear party member server
[7206.23] RankedReconnect: RankedReconnectSave_TA_0.ClearRankedReconnect()
[7206.24] DevOnline: EOSSDK-LogEOSGameClips: Stop recording requested but recording is not available.
[7206.27] DevOnline: PlayerDataStorage_WriteFile: Beginning to upload file. User=(8818b4dba79a43d18b986f46e4d00392) FileName=(RLSaveData)
[7206.47] PartyChallenge: UpdateChallengeProgressForCompetitive bChallengesComplete=(True) ChallengeState=(Challenge_Success) bChallengeSync=(True) bChallengesAreValid=(True) bLegacyPlayer=(False) bGuestAccount=(False) Online_X.UniqueNetIDToString(Manager.Outer.PlayerID)=(Epic|8818b4dba79a43d18b986f46e4d00392|0) Complete
[7206.47] PsyNet: PsyNetServiceProvider_X_1 ExecuteService Complete, Service=Challenges/PlayerProgress 
[7206.48] XPProgression: SaveData_TA.HandleRewardDropNotification PsyNetService_RewardDropReceived_TA returned Total XP Earned = 2115.0000, in match with ID = 2C2AC83611F12DBC95AA0DBAB119D83F , Current player match score = 391, UniqueId=(Epic|8818b4dba79a43d18b986f46e4d00392|0), with total match time = 300.9494 seconds, with total net time = 300.9494seconds
[7206.49] PsyNet: PsyNetServiceProvider_X_1 ExecuteService Complete, Service=Reward/RewardResult 
[7207.82] DevOnline: PlayerDataStorage_WriteFile: File upload complete. User=(8818b4dba79a43d18b986f46e4d00392) FileName=(RLSaveData) Success=(1)
[7208.67] EOSVoice: Recording stopped for room: VRT_Party
[7208.77] PsyNet: PsyNetChannel_X_1 party:g2c60JPv receive message MessageID=83
[7208.77] PsyNet: PsyNetChannel_X_1 party:g2c60JPv waiting for 82
[7208.78] PsyNet: PsyNetChannel_X_1 party:g2c60JPv receive message MessageID=82
[7208.78] PsyNet: PsyNetChannel_X_1 party:g2c60JPv executing MessageID=82
[7208.78] Party: HandleLobbyMemberStatusUpdate LobbyUID=PsyNet-g2c60JPv Members=2 MemberIndex=0 MemberID=PS4|785668489479049324|0
[7208.78] Party: OnPartyLeaderChanged NewLeader=Epic|8818b4dba79a43d18b986f46e4d00392|0
[7208.78] Party: UpdatePartyLock NewLockStatus=(False)
[7208.78] PsyNet: PsyNetChannel_X_1 party:g2c60JPv executing MessageID=83
[7208.78] Party: HandleLobbyMemberStatusUpdate LobbyUID=PsyNet-g2c60JPv Members=1 MemberIndex=-1 MemberID= Status=Left
[7208.78] Party: Back down to one player, start party timeout
[7208.78] Party: UpdatePartyLock NewLockStatus=(False)
[7208.79] PsyNet: PsyNetServiceProvider_X_1 ExecuteService Complete, Service=Party/PartyOwnerChanged 
[7208.79] PsyNet: PsyNetServiceProvider_X_1 ExecuteService Complete, Service=Party/UserLeft 
[7208.88] PartyChallenge: UpdateLevelAndChallengesForPlayer InPlayerId=(Epic|8818b4dba79a43d18b986f46e4d00392|0) InXPLevel=(345) bInCompletedChallenges=(True) bInLegacyPlayer=(False) bInGuestAccount=(False)
[7208.88] Eula: RequiresAcceptance? EulaConfig?.bRequiresAcceptance=(True) GetUISave()?.Contains('bAcceptedOfflineEULA')=(True) Eula.SyncState=(LSS_Accepted)
[7208.88] Party: BroadcastMatchmakingAvailabilityDelayed PartyMemberID:'Epic|8818b4dba79a43d18b986f46e4d00392|0' MatchmakeRestrictions=(0)
[7208.88] Party: SetAvailableForMatchmakingForMember PartyMemberID:'Epic|8818b4dba79a43d18b986f46e4d00392|0' MatchmakeRestrictions=(0)
[7209.22] PsyNet: PsyNetChannel_X_1 party:g2c60JPv receive message MessageID=84
[7209.22] PsyNet: PsyNetChannel_X_1 party:g2c60JPv executing MessageID=84
[7209.23] PsyNet: PsyNetServiceProvider_X_1 ExecuteService Complete, Service=Party/System 
[7209.23] XPProgression: GFxHUD_TA.HandleGameStateChanged Current player match score = 391, UniqueId=(Epic|8818b4dba79a43d18b986f46e4d00392|0), with total match time = 300.9494 seconds, with total net time = 300.9494seconds
[7209.23] Party: Ranked Game Finished, Clear party member server
[7209.23] RankedReconnect: RankedReconnectSave_TA_0.ClearRankedReconnect()
[7209.23] DevOnline: EOSSDK-LogEOSGameClips: Stop recording requested but recording is not available.
[7209.25] PsyNet: PsyNetChannel_X_1 party:g2c60JPv receive message MessageID=85
[7209.25] PsyNet: PsyNetChannel_X_1 party:g2c60JPv executing MessageID=85
[7209.25] PsyNet: PsyNetServiceProvider_X_1 ExecuteService Complete, Service=Party/System 
[7209.76] Log: FUniqueNetId::FromString - could not parse ''
[7214.22] PsyNetStaticData: HandleCacheExpired
[7214.22] PsyNetStaticData: UpdateCacheTimerEnabled CacheTimer.bEnabled=(True)
[7214.22] XPProgression: GFxHUD_TA.HandleGameStateChanged Current player match score = 391, UniqueId=(Epic|8818b4dba79a43d18b986f46e4d00392|0), with total match time = 300.9494 seconds, with total net time = 300.9494seconds
[7214.22] Party: Ranked Game Finished, Clear party member server
[7214.22] RankedReconnect: RankedReconnectSave_TA_0.ClearRankedReconnect()
[7214.22] DevOnline: EOSSDK-LogEOSGameClips: Stop recording requested but recording is not available.
[7214.24] Online: TryToPlayOnline ControllerID=(-1)
[7214.24] Online: HandlePrivilegeCheckFinished PrivilegeCheck.bHasRestriction=(False)
[7214.24] Online: HandlePrivilegeCheck PrivilegeCheck.bHasRestriction=(False)
[7214.25] DevOnline: WebRequest_X_180 SEND: https://config.psynet.gg/v2/Config/BattleCars/1210528741/Prod/Epic/INT/
[7214.36] DevOnline: WebRequest_X_180 RECV: 304 
[7214.40] Log: FSaveDataExportTask(0) wrote 1065522 bytes to memory
[7214.40] Log: SaveGameDataAsync game thread time: 8 ms
[7214.42] Log: Deleting old save file ..\..\TAGame\SaveDataEpic\DBE_Production\8818b4dba79a43d18b986f46e4d00392.save
[7214.42] Log: SaveDataExport(0): Finished - File:[..\..\TAGame\SaveDataEpic\DBE_Production\8818b4dba79a43d18b986f46e4d00392_2.save] Result:[1]
[7214.43] SettingsExport: CreateSnapshot Metadata {"userId":"Epic|8818b4dba79a43d18b986f46e4d00392|0","platformKey":"Epic","schemaVersion":0,"clientVersion":1532151,"timestampUtc":1775042671,"settingsVersion":8024,"checksum":-1698315834 Payload Size  97008
[7214.43] SettingsExport: Payload changed. Notifying new Checksum: -1698315834
[7214.43] SettingsExport: Local settings updated, uploading data
[7220.72] ScriptWarning: ScriptWarning, Accessed None 'GameEvent'
	Car_TA Outlaw_Oasis_P.TheWorld:PersistentLevel.Car_TA_1091
	Function TAGame.Car_TA:GetPreviewTeamIndex:0037
Script call stack:
	Function TAGame.Ball_TA:ReplicatedEvent
	Function TAGame.Ball_TA:Explode
	Function TAGame.Ball_TA:InitExplosionFX
	Function TAGame.ProductAsset_GoalExplosion_TA:GetExplosionFXActorForPRI
	Function TAGame.PaintedFXSelector_TA:GetFXActorForPRI
	Function TAGame.Car_TA:GetLoadoutTeamIndex
	Function TAGame.Car_TA:GetPreviewTeamIndex

[7220.72] ScriptWarning: ScriptWarning, Accessed array 'Default__PaintedFXSelector_TA.Loadouts' out of bounds (255/2)
	PaintedFXSelector_TA TAGame.Default__PaintedFXSelector_TA
	Function TAGame.PaintedFXSelector_TA:GetFXActorForPRI:0150
Script call stack:
	Function TAGame.Ball_TA:ReplicatedEvent
	Function TAGame.Ball_TA:Explode
	Function TAGame.Ball_TA:InitExplosionFX
	Function TAGame.ProductAsset_GoalExplosion_TA:GetExplosionFXActorForPRI
	Function TAGame.PaintedFXSelector_TA:GetFXActorForPRI

[7220.72] ScriptWarning: ScriptWarning, Accessed array 'Default__PaintedFXSelector_TA.Loadouts' out of bounds (255/2)
	PaintedFXSelector_TA TAGame.Default__PaintedFXSelector_TA
	Function TAGame.PaintedFXSelector_TA:GetFXActorForPRI:01EA
Script call stack:
	Function TAGame.Ball_TA:ReplicatedEvent
	Function TAGame.Ball_TA:Explode
	Function TAGame.Ball_TA:InitExplosionFX
	Function TAGame.ProductAsset_GoalExplosion_TA:GetExplosionFXActorForPRI
	Function TAGame.PaintedFXSelector_TA:GetFXActorForPRI

[7229.74] RankedReconnect: RankedReconnectSave_TA_0.ClearRankedReconnect()
[7229.74] NetComeGo: TcpipConnection_15 Control channel closed, reason=Disconnect command
[7229.74] DevNet: URL: Adding default option Name=%e6%bc%a2+%e9%be%8d+%e7%8e%8b+%e7%a5%9e+%e9%97%87%e6%bc%a2+%e9%be%8d+%e7%8e%8b+%e7%a5%9e
[7229.74] DevNet: Browse: MENU_Main_p?closed?Name=%e6%bc%a2+%e9%be%8d+%e7%8e%8b+%e7%a5%9e+%e9%97%87%e6%bc%a2+%e9%be%8d+%e7%8e%8b+%e7%a5%9e
[7229.74] Log: Failed; returning to Entry
[7229.80] Log: FSaveDataExportTask(0) wrote 1065522 bytes to memory
[7229.80] Log: SaveGameDataAsync game thread time: 8 ms
[7229.80] Log: LoadMap: MENU_Main_p?closed?Name=%e6%bc%a2+%e9%be%8d+%e7%8e%8b+%e7%a5%9e+%e9%97%87%e6%bc%a2+%e9%be%8d+%e7%8e%8b+%e7%a5%9e
[7229.80] Spawn: TextChatActor_TA_71 Destroyed
[7229.80] EOSGameClips: ShutDown : Shutting down EOSGameClipsController_TA. Self=(EOSGameClipsController_TA_30) PlayerOwner?.GetUniqueNetId()=(Epic|8818b4dba79a43d18b986f46e4d00392|0)
[7229.81] Spawn: TextChatActor_TA_72 Destroyed
[7229.81] Spawn: TextChatActor_TA_73 Destroyed
[7229.81] Spawn: TextChatActor_TA_74 Destroyed
[7229.81] Spawn: TextChatActor_TA_75 Destroyed
[7229.82] Log: Deleting old save file ..\..\TAGame\SaveDataEpic\DBE_Production\8818b4dba79a43d18b986f46e4d00392_1.save
[7229.82] Log: SaveDataExport(0): Finished - File:[..\..\TAGame\SaveDataEpic\DBE_Production\8818b4dba79a43d18b986f46e4d00392.save] Result:[1]
[7229.83] DevOnline: PsyNet Flush Start TimeoutSeconds=0.250000
[7230.03] DevOnline: PsyNet Flush End
[7230.10] NetComeGo: Close TcpipConnection_15 18.170.209.228:8124 01/04/2026 12:24:48 'UNetConnection::CleanUp'
[7230.10] NetComeGo: TcpipConnection_15 Control channel null, Sending unstable close to 18.170.209.228:8124 on temporary Control channel.
[7230.10] Exit: TcpNetDriver_15 shut down
[7230.13] Log: Fully load package: ..\..\TAGame\CookedPCConsole\GameInfo_GFxMenu_SF.upk
[7230.13] Log: Fully load package: ..\..\TAGame\CookedPCConsole\GFxSounds_MainMenu_SF.upk
[7230.14] Log: Fully load package: ..\..\TAGame\CookedPCConsole\GFX_StartMenu_SF.upk
[7230.18] Log: Fully load package: ..\..\TAGame\CookedPCConsole\GFX_MainMenu_SF.upk
[7230.22] Log: Game class is 'GameInfo_GFxMenu_TA'
[7230.24] Log: Bringing World menu_main_p.TheWorld up for play (0) at 2026.04.01-12.24.49
[7230.24] Log: Flushing async loaders.
[7230.39] Log: Flushed async loaders.
[7230.40] Party: UpdatePartyLock NewLockStatus=(False)
[7230.40] Log: Bringing up level for play took: 0.179705
[7230.71] RootMenu: [GFx] UIShellInstance - setting the shell instance
[7230.73] PartyChallenge: UpdateChallengeProgressForCompetitive bChallengesComplete=(True) ChallengeState=(Challenge_Success) bChallengeSync=(True) bChallengesAreValid=(True) bLegacyPlayer=(False) bGuestAccount=(False) Online_X.UniqueNetIDToString(Manager.Outer.PlayerID)=(Epic|8818b4dba79a43d18b986f46e4d00392|0) Complete
[7230.73] PartyChallenge: InitializeCompetitiveChallenges bGuestAccount=(False) bCompletedChallengesForCompetitive=(True) bLegacyPlayer=(False) Online_X.UniqueNetIDToString(OnlinePlayer.PlayerID)=(Epic|8818b4dba79a43d18b986f46e4d00392|0)
[7230.73] Log: ########### Finished loading level: 0.922737 seconds
[7230.74] Eula: RequiresAcceptance? EulaConfig?.bRequiresAcceptance=(True) GetUISave()?.Contains('bAcceptedOfflineEULA')=(True) Eula.SyncState=(LSS_Accepted)
[7230.74] Party: BroadcastMatchmakingAvailabilityDelayed PartyMemberID:'Epic|8818b4dba79a43d18b986f46e4d00392|0' MatchmakeRestrictions=(4)
[7230.74] Party: SetAvailableForMatchmakingForMember PartyMemberID:'Epic|8818b4dba79a43d18b986f46e4d00392|0' MatchmakeRestrictions=(4)
[7230.74] DevOnline: EOSSDK-LogEOSGameClips: Stop recording requested but recording is not available.
[7230.74] SettingsExport: CreateSnapshot Metadata {"userId":"Epic|8818b4dba79a43d18b986f46e4d00392|0","platformKey":"Epic","schemaVersion":0,"clientVersion":1532151,"timestampUtc":1775042687,"settingsVersion":8025,"checksum":-1721197038 Payload Size  97008
[7230.74] SettingsExport: Payload changed. Notifying new Checksum: -1721197038
[7230.74] SettingsExport: Local settings updated, uploading data
[7230.76] Log: Flushing async loaders.
[7230.86] Log: Flushed async loaders.
[7230.89] MusicPlayer: HandleTrackEnd CurrentTrackPlayingID=(0) PlayingID=(142223)
[7230.89] MusicPlayer: HandleTrackEnd CurrentTrackPlayingID=(0) PlayingID=(142223)
[7230.89] MusicPlayer: PlayMusicTrack CurrentTrackPlayingID=(0) Track.Cue=(dragoncat_01)
[7230.89] MusicPlayer: PlayMusicTrack CurrentTrackPlayingID=(152561)
[7230.90] Eula: RequiresAcceptance? EulaConfig?.bRequiresAcceptance=(True) GetUISave()?.Contains('bAcceptedOfflineEULA')=(True) Eula.SyncState=(LSS_Accepted)
[7230.90] AuthEpicVerbose: [GFx] Epic login changed. m_uiState:MainMenu bPromptParentalConsent:false bPromptToChoosePrimaryAccount:false bEpicSaveDataLoaded:false bPlatformLinked:false
[7230.90] FTEDev: Trying to start FTE Group Prime_MatchComplete which is already completed and cannot be restarted CurrentActiveGroup.bCanBeDoneAgain=(False) bIgnoreCompletion=(False)
[7230.90] FTEDev: Group Prime_LegacyUpdate Is not meant for users of type FTESave.LegacyGroupType=(LGT_NewUser)
[7230.90] FTEDev: Trying to start FTE Group Prime_MatchComplete which is already completed and cannot be restarted CurrentActiveGroup.bCanBeDoneAgain=(False) bIgnoreCompletion=(False)
[7230.90] FTEDev: Group Prime_LegacyUpdate Is not meant for users of type FTESave.LegacyGroupType=(LGT_NewUser)
[7231.17] Online: TryToPlayOnline ControllerID=(-1)
[7231.18] Log: Flushing async loaders.
[7231.18] Log: Flushed async loaders.
[7231.24] MusicPlayer: HandleTrackStart CurrentTrackPlayingID=(152561) PlayingID=(152561)
[7231.24] MusicPlayer: HandleTrackStart CurrentTrackPlayingID=(152561) PlayingID=(152561)
[7231.24] Online: HandlePrivilegeCheckFinished PrivilegeCheck.bHasRestriction=(False)
[7231.24] Online: HandlePrivilegeCheck PrivilegeCheck.bHasRestriction=(False)
[7231.56] PsyNet: PsyNetChannel_X_1 party:g2c60JPv receive message MessageID=86
[7231.56] PsyNet: PsyNetChannel_X_1 party:g2c60JPv executing MessageID=86
[7231.57] PsyNet: PsyNetServiceProvider_X_1 ExecuteService Complete, Service=Party/System 
[7232.76] Log: Flushing async loaders.
[7232.81] Log: Flushed async loaders.
[7237.75] DevOnline: PlayerDataStorage_WriteFile: Beginning to upload file. User=(8818b4dba79a43d18b986f46e4d00392) FileName=(RLSaveData)
[7238.60] DevOnline: WebRequest_X_181 SEND: https://datarouter.ol.epicgames.com/datarouter/api/v1/public/data?AppID=RocketLeague.Release&AppVersion=1210528741&AppEnvironment=Prod&UploadType=eteventstream&UserID=|8818b4dba79a43d18b986f46e4d00392|||Epic|8818b4dba79a43d18b986f46e4d00392|0&SessionID=7ED88ADF457E5D0E09C349A06FC64359
[7238.71] DevOnline: WebRequest_X_181 RECV: 204 
[7238.75] DevOnline: PlayerDataStorage_WriteFile: Beginning to upload file. User=(8818b4dba79a43d18b986f46e4d00392) FileName=(RLSettingsData)
[7239.14] DevOnline: EOSSDK-LogEOSRTC: TickTracker Tick is delayed. TimePeriod=[10.004903s]  TickIntervalThreshold=[0.100000s] MaxTickInterval=[0.265647s] MaxExecutionTime=[0.000058s] TicksCount=[996] ExpectedTicksCount=[1000]
[7239.23] DevOnline: PlayerDataStorage_WriteFile: File upload complete. User=(8818b4dba79a43d18b986f46e4d00392) FileName=(RLSaveData) Success=(1)
[7239.61] Log: Closing by request
[7239.61] Log: appRequestExit(0)
[7239.63] Matchmaking: OnlineGameMatchmaking_X_0 OnlineGameMatchmaking_X -> None
[7239.63] Party: UpdatePartyLock NewLockStatus=(False)
[7239.63] Matchmaking: OnlineGameTourMatchmaking_TA_0 OnlineGameTourMatchmaking_TA -> None
[7239.64] Log: FSaveDataExportTask(0) wrote 1065522 bytes to memory
[7239.64] Log: SaveGameDataAsync game thread time: 8 ms
[7239.64] DevOnline: PsyNet Flush Start TimeoutSeconds=0.500000
[7239.86] Log: Deleting old save file ..\..\TAGame\SaveDataEpic\DBE_Production\8818b4dba79a43d18b986f46e4d00392_2.save
[7239.86] Log: SaveDataExport(0): Finished - File:[..\..\TAGame\SaveDataEpic\DBE_Production\8818b4dba79a43d18b986f46e4d00392_1.save] Result:[1]
[7239.86] DevOnline: PsyNet Flush End
[7239.87] Exit: Preparing to exit.
[7240.06] Exit: Game engine shut down
[7241.05] Exit: Windows client shut down
[7241.07] Exit: AK Audio shut down.
[7256.10] Exit: Object subsystem successfully closed.
[7256.11] DevOnline: EOSSDK-LogEOSUI: Social Overlay: browser was closed. Reopening...
[7256.11] DevOnline: EOSSDK-LogEOSRTC: TickTracker Tick is delayed. TimePeriod=[16.963882s]  TickIntervalThreshold=[0.100000s] MaxTickInterval=[16.477651s] MaxExecutionTime=[0.000073s] TicksCount=[58] ExpectedTicksCount=[1696]
[7256.11] DevOnline: EOSSDK-LogHttp: Request cancelled on https://eos-general.s3.amazonaws.com/da32ae9c12ae40e8a112c52e1f17f3ba/private/0002e9db574941508cbacb1e6e3cdf92/RLSettingsData?X-Amz-Algorithm=AWS4-HMAC-SHA256&X-Amz-Date=20260401T112455Z&X-Amz-SignedHeaders=host&X-Amz-Expires=300&X-Amz-Credential=AKIAZ2GSRHL7GKNBPZDB%2F20260401%2Fus-east-1%2Fs3%2Faws4_request&X-Amz-Signature=a5b66b1d899a5a39350d173567117ac2ab977ded69901445b69a0ac22ddfdcc1
[7256.11] DevOnline: EOSSDK-LogEOSPlayerDataStorage: Deleting local scratch file as we failed to upload to cloud storage successfully. Result=[EOS_Canceled] ScratchFilename=[C:/...gue/datastorage/scratch/9773aa1aa54f4f7b80e44bef04986cea/000...f92/RLSettingsData]
[7256.31] DevOnline: EOSSDK-LogEOSOverlay: Overlay not ready to load <Redacted>, WidgetManager=0, TickThread=1, RenderProcess=1, GraphicsReady=0
[7256.31] DevOnline: EOSSDK-LogEOSUI: Social Overlay: Load not ready. will retry in 10.000000s.
[7259.67] Exit: Exiting.
[7259.68] Log: Log file closed, 01/04/2026 12:25:18
